
     Program BANDS v.7.4.1 starts on 13Mar2026 at  3:35:11 

     This program is part of the open-source Quantum ESPRESSO suite
     for quantum simulation of materials; please cite
         "P. Giannozzi et al., J. Phys.:Condens. Matter 21 395502 (2009);
         "P. Giannozzi et al., J. Phys.:Condens. Matter 29 465901 (2017);
         "P. Giannozzi et al., J. Chem. Phys. 152 154105 (2020);
          URL http://www.quantum-espresso.org", 
     in publications or presentations arising from this work. More details at
     http://www.quantum-espresso.org/quote

     Parallel version (MPI), running on     1 processors

     MPI processes distributed on     1 nodes
     1753 MiB available memory on the printing compute node when the environment starts
 

     Reading xml data from directory:

     ./tmp/crsi2n4.save/

     IMPORTANT: XC functional enforced from input :
     Exchange-correlation= PBE
                           (   1   4   3   4   0   0   0)
     Any further DFT definition will be discarded
     Please, verify this is what you really want

 
     G-vector sticks info
     --------------------
     sticks:   dense  smooth     PW     G-vecs:    dense   smooth      PW
     Sum         817     649    199               135261    96835   15679
 
     Using Slab Decomposition
 
 ----2D----2D----2D----2D----2D----2D----2D----2D----2D----2D----2D----2D
  The code is running with the 2D cutoff
  Please refer to:
  Sohier, T., Calandra, M., & Mauri, F. (2017), 
  Density functional perturbation theory for gated two-dimensional heterostructures:
  Theoretical developments and application to flexural phonons in graphene.
  Physical Review B, 96(7), 75448. https://doi.org/10.1103/PhysRevB.96.075448
 ----2D----2D----2D----2D----2D----2D----2D----2D----2D----2D----2D----2D
     Reading collected, re-writing distributed wavefunctions
     high-symmetry point:  0.0000 0.0000 0.0000   x coordinate   0.0000
     high-symmetry point:  0.3333 0.5774 0.0000   x coordinate   0.6667
     high-symmetry point:  0.5000 0.2887 0.0000   x coordinate   1.0000
     high-symmetry point:  0.0000 0.0000 0.0000   x coordinate   1.5774

     Plottable bands (eV) written to file bands.dat.gnu
     Bands written to file bands.dat

 **************************************************************************

                    xk=(   0.00000,   0.00000,   0.00000  )

     point group C_1 (1)    
     there are  1 classes
     the character table:

       E    
A      1.00

     the symmetry operations in each class and the name of the first element:

     E        1
                                                                 

     Band symmetry, C_1 (1)     point group:

     e(  1 -  1) =    -77.76161  eV     1   --> A              
     e(  2 -  3) =    -48.98074  eV     2   -->   2 A              
     e(  4 -  4) =    -48.90335  eV     1   --> A              
     e(  5 -  5) =    -24.25851  eV     1   --> A              
     e(  6 -  6) =    -24.16845  eV     1   --> A              
     e(  7 -  7) =    -21.55570  eV     1   --> A              
     e(  8 -  8) =    -20.15374  eV     1   --> A              
     e(  9 -  9) =    -13.76971  eV     1   --> A              
     e( 10 - 10) =    -11.11139  eV     1   --> A              
     e( 11 - 11) =     -9.21033  eV     1   --> A              
     e( 12 - 12) =     -9.21021  eV     1   --> A              
     e( 13 - 13) =     -9.20422  eV     1   --> A              
     e( 14 - 15) =     -9.15279  eV     2   -->   2 A              
     e( 16 - 16) =     -8.74422  eV     1   --> A              
     e( 17 - 17) =     -8.74402  eV     1   --> A              
     e( 18 - 18) =     -7.45370  eV     1   --> A              
     e( 19 - 19) =     -7.45282  eV     1   --> A              
     e( 20 - 20) =     -7.31603  eV     1   --> A              
     e( 21 - 21) =     -5.26346  eV     1   --> A              
     e( 22 - 22) =     -3.28367  eV     1   --> A              
     e( 23 - 23) =     -3.28250  eV     1   --> A              
     e( 24 - 24) =     -3.09984  eV     1   --> A              
     e( 25 - 25) =     -3.09965  eV     1   --> A              
     e( 26 - 26) =     -1.05879  eV     1   --> A              
     e( 27 - 27) =     -0.76179  eV     1   --> A              
     e( 28 - 28) =      1.71199  eV     1   --> A              
     e( 29 - 29) =      1.93567  eV     1   --> A              
     e( 30 - 30) =      1.97825  eV     1   --> A              
     e( 31 - 31) =      3.00185  eV     1   --> A              
     e( 32 - 32) =      3.00201  eV     1   --> A              
     e( 33 - 33) =      3.08530  eV     1   --> A              
     e( 34 - 34) =      3.08562  eV     1   --> A              
     e( 35 - 35) =      3.40900  eV     1   --> A              

 **************************************************************************

 **************************************************************************

                    xk=(   0.00333,   0.00577,   0.00000  )

     Band symmetry, C_1 (1)     point group:

     e(  1 -  1) =    -77.76160  eV     1   --> A              
     e(  2 -  3) =    -48.98079  eV     2   -->   2 A              
     e(  4 -  4) =    -48.90334  eV     1   --> A              
     e(  5 -  5) =    -24.25795  eV     1   --> A              
     e(  6 -  6) =    -24.16789  eV     1   --> A              
     e(  7 -  7) =    -21.55528  eV     1   --> A              
     e(  8 -  8) =    -20.15351  eV     1   --> A              
     e(  9 -  9) =    -13.76927  eV     1   --> A              
     e( 10 - 10) =    -11.11118  eV     1   --> A              
     e( 11 - 11) =     -9.22741  eV     1   --> A              
     e( 12 - 12) =     -9.21086  eV     1   --> A              
     e( 13 - 13) =     -9.18975  eV     1   --> A              
     e( 14 - 14) =     -9.15501  eV     1   --> A              
     e( 15 - 15) =     -9.15338  eV     1   --> A              
     e( 16 - 16) =     -8.74514  eV     1   --> A              
     e( 17 - 17) =     -8.74389  eV     1   --> A              
     e( 18 - 18) =     -7.45605  eV     1   --> A              
     e( 19 - 19) =     -7.45342  eV     1   --> A              
     e( 20 - 20) =     -7.31375  eV     1   --> A              
     e( 21 - 21) =     -5.26382  eV     1   --> A              
     e( 22 - 23) =     -3.28312  eV     2   -->   2 A              
     e( 24 - 24) =     -3.10069  eV     1   --> A              
     e( 25 - 25) =     -3.10001  eV     1   --> A              
     e( 26 - 26) =     -1.05661  eV     1   --> A              
     e( 27 - 27) =     -0.75990  eV     1   --> A              
     e( 28 - 28) =      1.71369  eV     1   --> A              
     e( 29 - 29) =      1.93643  eV     1   --> A              
     e( 30 - 30) =      1.97873  eV     1   --> A              
     e( 31 - 31) =      2.99699  eV     1   --> A              
     e( 32 - 32) =      3.00349  eV     1   --> A              
     e( 33 - 33) =      3.08065  eV     1   --> A              
     e( 34 - 34) =      3.08678  eV     1   --> A              
     e( 35 - 35) =      3.41503  eV     1   --> A              

 **************************************************************************

 **************************************************************************

                    xk=(   0.00667,   0.01155,   0.00000  )

     Band symmetry, C_1 (1)     point group:

     e(  1 -  1) =    -77.76157  eV     1   --> A              
     e(  2 -  2) =    -48.98104  eV     1   --> A              
     e(  3 -  3) =    -48.98081  eV     1   --> A              
     e(  4 -  4) =    -48.90330  eV     1   --> A              
     e(  5 -  5) =    -24.25627  eV     1   --> A              
     e(  6 -  6) =    -24.16623  eV     1   --> A              
     e(  7 -  7) =    -21.55400  eV     1   --> A              
     e(  8 -  8) =    -20.15282  eV     1   --> A              
     e(  9 -  9) =    -13.76792  eV     1   --> A              
     e( 10 - 10) =    -11.11056  eV     1   --> A              
     e( 11 - 11) =     -9.24974  eV     1   --> A              
     e( 12 - 12) =     -9.21247  eV     1   --> A              
     e( 13 - 13) =     -9.17849  eV     1   --> A              
     e( 14 - 14) =     -9.15893  eV     1   --> A              
     e( 15 - 15) =     -9.15504  eV     1   --> A              
     e( 16 - 16) =     -8.74851  eV     1   --> A              
     e( 17 - 17) =     -8.74289  eV     1   --> A              
     e( 18 - 18) =     -7.46264  eV     1   --> A              
     e( 19 - 19) =     -7.45520  eV     1   --> A              
     e( 20 - 20) =     -7.30735  eV     1   --> A              
     e( 21 - 21) =     -5.26490  eV     1   --> A              
     e( 22 - 22) =     -3.28492  eV     1   --> A              
     e( 23 - 23) =     -3.28134  eV     1   --> A              
     e( 24 - 24) =     -3.10326  eV     1   --> A              
     e( 25 - 25) =     -3.10112  eV     1   --> A              
     e( 26 - 26) =     -1.05011  eV     1   --> A              
     e( 27 - 27) =     -0.75425  eV     1   --> A              
     e( 28 - 28) =      1.71881  eV     1   --> A              
     e( 29 - 29) =      1.93870  eV     1   --> A              
     e( 30 - 30) =      1.98013  eV     1   --> A              
     e( 31 - 31) =      2.98258  eV     1   --> A              
     e( 32 - 32) =      3.00792  eV     1   --> A              
     e( 33 - 33) =      3.06684  eV     1   --> A              
     e( 34 - 34) =      3.09122  eV     1   --> A              
     e( 35 - 35) =      3.43196  eV     1   --> A              

 **************************************************************************

 **************************************************************************

                    xk=(   0.01000,   0.01732,   0.00000  )

     Band symmetry, C_1 (1)     point group:

     e(  1 -  1) =    -77.76152  eV     1   --> A              
     e(  2 -  2) =    -48.98144  eV     1   --> A              
     e(  3 -  3) =    -48.98090  eV     1   --> A              
     e(  4 -  4) =    -48.90322  eV     1   --> A              
     e(  5 -  5) =    -24.25346  eV     1   --> A              
     e(  6 -  6) =    -24.16347  eV     1   --> A              
     e(  7 -  7) =    -21.55187  eV     1   --> A              
     e(  8 -  8) =    -20.15169  eV     1   --> A              
     e(  9 -  9) =    -13.76568  eV     1   --> A              
     e( 10 - 10) =    -11.10952  eV     1   --> A              
     e( 11 - 11) =     -9.27474  eV     1   --> A              
     e( 12 - 12) =     -9.21534  eV     1   --> A              
     e( 13 - 13) =     -9.18467  eV     1   --> A              
     e( 14 - 14) =     -9.15864  eV     1   --> A              
     e( 15 - 15) =     -9.15165  eV     1   --> A              
     e( 16 - 16) =     -8.75407  eV     1   --> A              
     e( 17 - 17) =     -8.74126  eV     1   --> A              
     e( 18 - 18) =     -7.47248  eV     1   --> A              
     e( 19 - 19) =     -7.45817  eV     1   --> A              
     e( 20 - 20) =     -7.29787  eV     1   --> A              
     e( 21 - 21) =     -5.26671  eV     1   --> A              
     e( 22 - 22) =     -3.28789  eV     1   --> A              
     e( 23 - 23) =     -3.27842  eV     1   --> A              
     e( 24 - 24) =     -3.10747  eV     1   --> A              
     e( 25 - 25) =     -3.10297  eV     1   --> A              
     e( 26 - 26) =     -1.03934  eV     1   --> A              
     e( 27 - 27) =     -0.74490  eV     1   --> A              
     e( 28 - 28) =      1.72730  eV     1   --> A              
     e( 29 - 29) =      1.94246  eV     1   --> A              
     e( 30 - 30) =      1.98245  eV     1   --> A              
     e( 31 - 31) =      2.95929  eV     1   --> A              
     e( 32 - 32) =      3.01528  eV     1   --> A              
     e( 33 - 33) =      3.04644  eV     1   --> A              
     e( 34 - 34) =      3.09862  eV     1   --> A              
     e( 35 - 35) =      3.45719  eV     1   --> A              

 **************************************************************************

 **************************************************************************

                    xk=(   0.01333,   0.02309,   0.00000  )

     Band symmetry, C_1 (1)     point group:

     e(  1 -  1) =    -77.76145  eV     1   --> A              
     e(  2 -  2) =    -48.98200  eV     1   --> A              
     e(  3 -  3) =    -48.98103  eV     1   --> A              
     e(  4 -  4) =    -48.90312  eV     1   --> A              
     e(  5 -  5) =    -24.24954  eV     1   --> A              
     e(  6 -  6) =    -24.15960  eV     1   --> A              
     e(  7 -  7) =    -21.54889  eV     1   --> A              
     e(  8 -  8) =    -20.15009  eV     1   --> A              
     e(  9 -  9) =    -13.76256  eV     1   --> A              
     e( 10 - 10) =    -11.10807  eV     1   --> A              
     e( 11 - 11) =     -9.30251  eV     1   --> A              
     e( 12 - 12) =     -9.22034  eV     1   --> A              
     e( 13 - 13) =     -9.20207  eV     1   --> A              
     e( 14 - 14) =     -9.16280  eV     1   --> A              
     e( 15 - 15) =     -9.13968  eV     1   --> A              
     e( 16 - 16) =     -8.76176  eV     1   --> A              
     e( 17 - 17) =     -8.73899  eV     1   --> A              
     e( 18 - 18) =     -7.48457  eV     1   --> A              
     e( 19 - 19) =     -7.46236  eV     1   --> A              
     e( 20 - 20) =     -7.28640  eV     1   --> A              
     e( 21 - 21) =     -5.26928  eV     1   --> A              
     e( 22 - 22) =     -3.29198  eV     1   --> A              
     e( 23 - 23) =     -3.27437  eV     1   --> A              
     e( 24 - 24) =     -3.11325  eV     1   --> A              
     e( 25 - 25) =     -3.10555  eV     1   --> A              
     e( 26 - 26) =     -1.02442  eV     1   --> A              
     e( 27 - 27) =     -0.73191  eV     1   --> A              
     e( 28 - 28) =      1.73912  eV     1   --> A              
     e( 29 - 29) =      1.94766  eV     1   --> A              
     e( 30 - 30) =      1.98564  eV     1   --> A              
     e( 31 - 31) =      2.92835  eV     1   --> A              
     e( 32 - 32) =      3.02006  eV     1   --> A              
     e( 33 - 33) =      3.02667  eV     1   --> A              
     e( 34 - 34) =      3.10897  eV     1   --> A              
     e( 35 - 35) =      3.48808  eV     1   --> A              

 **************************************************************************

 **************************************************************************

                    xk=(   0.01667,   0.02887,   0.00000  )

     Band symmetry, C_1 (1)     point group:

     e(  1 -  1) =    -77.76136  eV     1   --> A              
     e(  2 -  2) =    -48.98272  eV     1   --> A              
     e(  3 -  3) =    -48.98119  eV     1   --> A              
     e(  4 -  4) =    -48.90299  eV     1   --> A              
     e(  5 -  5) =    -24.24450  eV     1   --> A              
     e(  6 -  6) =    -24.15463  eV     1   --> A              
     e(  7 -  7) =    -21.54507  eV     1   --> A              
     e(  8 -  8) =    -20.14805  eV     1   --> A              
     e(  9 -  9) =    -13.75855  eV     1   --> A              
     e( 10 - 10) =    -11.10622  eV     1   --> A              
     e( 11 - 11) =     -9.33318  eV     1   --> A              
     e( 12 - 12) =     -9.23449  eV     1   --> A              
     e( 13 - 13) =     -9.21794  eV     1   --> A              
     e( 14 - 14) =     -9.16841  eV     1   --> A              
     e( 15 - 15) =     -9.12749  eV     1   --> A              
     e( 16 - 16) =     -8.77148  eV     1   --> A              
     e( 17 - 17) =     -8.73612  eV     1   --> A              
     e( 18 - 18) =     -7.49810  eV     1   --> A              
     e( 19 - 19) =     -7.46778  eV     1   --> A              
     e( 20 - 20) =     -7.27376  eV     1   --> A              
     e( 21 - 21) =     -5.27265  eV     1   --> A              
     e( 22 - 22) =     -3.29711  eV     1   --> A              
     e( 23 - 23) =     -3.26919  eV     1   --> A              
     e( 24 - 24) =     -3.12047  eV     1   --> A              
     e( 25 - 25) =     -3.10885  eV     1   --> A              
     e( 26 - 26) =     -1.00550  eV     1   --> A              
     e( 27 - 27) =     -0.71540  eV     1   --> A              
     e( 28 - 28) =      1.75419  eV     1   --> A              
     e( 29 - 29) =      1.95425  eV     1   --> A              
     e( 30 - 30) =      1.98965  eV     1   --> A              
     e( 31 - 31) =      2.89139  eV     1   --> A              
     e( 32 - 32) =      2.99138  eV     1   --> A              
     e( 33 - 33) =      3.03931  eV     1   --> A              
     e( 34 - 34) =      3.12229  eV     1   --> A              
     e( 35 - 35) =      3.52271  eV     1   --> A              

 **************************************************************************

 **************************************************************************

                    xk=(   0.02000,   0.03464,   0.00000  )

     Band symmetry, C_1 (1)     point group:

     e(  1 -  1) =    -77.76125  eV     1   --> A              
     e(  2 -  2) =    -48.98360  eV     1   --> A              
     e(  3 -  3) =    -48.98140  eV     1   --> A              
     e(  4 -  4) =    -48.90284  eV     1   --> A              
     e(  5 -  5) =    -24.23834  eV     1   --> A              
     e(  6 -  6) =    -24.14855  eV     1   --> A              
     e(  7 -  7) =    -21.54041  eV     1   --> A              
     e(  8 -  8) =    -20.14556  eV     1   --> A              
     e(  9 -  9) =    -13.75367  eV     1   --> A              
     e( 10 - 10) =    -11.10397  eV     1   --> A              
     e( 11 - 11) =     -9.36689  eV     1   --> A              
     e( 12 - 12) =     -9.26324  eV     1   --> A              
     e( 13 - 13) =     -9.22586  eV     1   --> A              
     e( 14 - 14) =     -9.17540  eV     1   --> A              
     e( 15 - 15) =     -9.11580  eV     1   --> A              
     e( 16 - 16) =     -8.78311  eV     1   --> A              
     e( 17 - 17) =     -8.73266  eV     1   --> A              
     e( 18 - 18) =     -7.51255  eV     1   --> A              
     e( 19 - 19) =     -7.47446  eV     1   --> A              
     e( 20 - 20) =     -7.26059  eV     1   --> A              
     e( 21 - 21) =     -5.27686  eV     1   --> A              
     e( 22 - 22) =     -3.30318  eV     1   --> A              
     e( 23 - 23) =     -3.26292  eV     1   --> A              
     e( 24 - 24) =     -3.12901  eV     1   --> A              
     e( 25 - 25) =     -3.11286  eV     1   --> A              
     e( 26 - 26) =     -0.98275  eV     1   --> A              
     e( 27 - 27) =     -0.69551  eV     1   --> A              
     e( 28 - 28) =      1.77243  eV     1   --> A              
     e( 29 - 29) =      1.96214  eV     1   --> A              
     e( 30 - 30) =      1.99439  eV     1   --> A              
     e( 31 - 31) =      2.84993  eV     1   --> A              
     e( 32 - 32) =      2.95837  eV     1   --> A              
     e( 33 - 33) =      3.05561  eV     1   --> A              
     e( 34 - 34) =      3.13859  eV     1   --> A              
     e( 35 - 35) =      3.55979  eV     1   --> A              

 **************************************************************************

 **************************************************************************

                    xk=(   0.02333,   0.04041,   0.00000  )

     Band symmetry, C_1 (1)     point group:

     e(  1 -  1) =    -77.76112  eV     1   --> A              
     e(  2 -  2) =    -48.98464  eV     1   --> A              
     e(  3 -  3) =    -48.98164  eV     1   --> A              
     e(  4 -  4) =    -48.90265  eV     1   --> A              
     e(  5 -  5) =    -24.23106  eV     1   --> A              
     e(  6 -  6) =    -24.14138  eV     1   --> A              
     e(  7 -  7) =    -21.53491  eV     1   --> A              
     e(  8 -  8) =    -20.14262  eV     1   --> A              
     e(  9 -  9) =    -13.74792  eV     1   --> A              
     e( 10 - 10) =    -11.10133  eV     1   --> A              
     e( 11 - 11) =     -9.40374  eV     1   --> A              
     e( 12 - 12) =     -9.29898  eV     1   --> A              
     e( 13 - 13) =     -9.23308  eV     1   --> A              
     e( 14 - 14) =     -9.18381  eV     1   --> A              
     e( 15 - 15) =     -9.10463  eV     1   --> A              
     e( 16 - 16) =     -8.79651  eV     1   --> A              
     e( 17 - 17) =     -8.72862  eV     1   --> A              
     e( 18 - 18) =     -7.52759  eV     1   --> A              
     e( 19 - 19) =     -7.48243  eV     1   --> A              
     e( 20 - 20) =     -7.24733  eV     1   --> A              
     e( 21 - 21) =     -5.28195  eV     1   --> A              
     e( 22 - 22) =     -3.31010  eV     1   --> A              
     e( 23 - 23) =     -3.25561  eV     1   --> A              
     e( 24 - 24) =     -3.13869  eV     1   --> A              
     e( 25 - 25) =     -3.11756  eV     1   --> A              
     e( 26 - 26) =     -0.95640  eV     1   --> A              
     e( 27 - 27) =     -0.67240  eV     1   --> A              
     e( 28 - 28) =      1.79373  eV     1   --> A              
     e( 29 - 29) =      1.97122  eV     1   --> A              
     e( 30 - 30) =      1.99977  eV     1   --> A              
     e( 31 - 31) =      2.80519  eV     1   --> A              
     e( 32 - 32) =      2.92199  eV     1   --> A              
     e( 33 - 33) =      3.07491  eV     1   --> A              
     e( 34 - 34) =      3.15789  eV     1   --> A              
     e( 35 - 35) =      3.59851  eV     1   --> A              

 **************************************************************************

 **************************************************************************

                    xk=(   0.02667,   0.04619,   0.00000  )

     Band symmetry, C_1 (1)     point group:

     e(  1 -  1) =    -77.76097  eV     1   --> A              
     e(  2 -  2) =    -48.98583  eV     1   --> A              
     e(  3 -  3) =    -48.98191  eV     1   --> A              
     e(  4 -  4) =    -48.90244  eV     1   --> A              
     e(  5 -  5) =    -24.22268  eV     1   --> A              
     e(  6 -  6) =    -24.13311  eV     1   --> A              
     e(  7 -  7) =    -21.52858  eV     1   --> A              
     e(  8 -  8) =    -20.13924  eV     1   --> A              
     e(  9 -  9) =    -13.74131  eV     1   --> A              
     e( 10 - 10) =    -11.09831  eV     1   --> A              
     e( 11 - 11) =     -9.44379  eV     1   --> A              
     e( 12 - 12) =     -9.33992  eV     1   --> A              
     e( 13 - 13) =     -9.24109  eV     1   --> A              
     e( 14 - 14) =     -9.19369  eV     1   --> A              
     e( 15 - 15) =     -9.09387  eV     1   --> A              
     e( 16 - 16) =     -8.81153  eV     1   --> A              
     e( 17 - 17) =     -8.72399  eV     1   --> A              
     e( 18 - 18) =     -7.54298  eV     1   --> A              
     e( 19 - 19) =     -7.49172  eV     1   --> A              
     e( 20 - 20) =     -7.23426  eV     1   --> A              
     e( 21 - 21) =     -5.28797  eV     1   --> A              
     e( 22 - 22) =     -3.31775  eV     1   --> A              
     e( 23 - 23) =     -3.24734  eV     1   --> A              
     e( 24 - 24) =     -3.14934  eV     1   --> A              
     e( 25 - 25) =     -3.12291  eV     1   --> A              
     e( 26 - 26) =     -0.92665  eV     1   --> A              
     e( 27 - 27) =     -0.64624  eV     1   --> A              
     e( 28 - 28) =      1.81793  eV     1   --> A              
     e( 29 - 29) =      1.98134  eV     1   --> A              
     e( 30 - 30) =      2.00567  eV     1   --> A              
     e( 31 - 31) =      2.75810  eV     1   --> A              
     e( 32 - 32) =      2.88270  eV     1   --> A              
     e( 33 - 33) =      3.09718  eV     1   --> A              
     e( 34 - 34) =      3.18020  eV     1   --> A              
     e( 35 - 35) =      3.63838  eV     1   --> A              

 **************************************************************************

 **************************************************************************

                    xk=(   0.03000,   0.05196,   0.00000  )

     Band symmetry, C_1 (1)     point group:

     e(  1 -  1) =    -77.76080  eV     1   --> A              
     e(  2 -  2) =    -48.98718  eV     1   --> A              
     e(  3 -  3) =    -48.98222  eV     1   --> A              
     e(  4 -  4) =    -48.90220  eV     1   --> A              
     e(  5 -  5) =    -24.21318  eV     1   --> A              
     e(  6 -  6) =    -24.12374  eV     1   --> A              
     e(  7 -  7) =    -21.52142  eV     1   --> A              
     e(  8 -  8) =    -20.13542  eV     1   --> A              
     e(  9 -  9) =    -13.73387  eV     1   --> A              
     e( 10 - 10) =    -11.09491  eV     1   --> A              
     e( 11 - 11) =     -9.48706  eV     1   --> A              
     e( 12 - 12) =     -9.38554  eV     1   --> A              
     e( 13 - 13) =     -9.25017  eV     1   --> A              
     e( 14 - 14) =     -9.20507  eV     1   --> A              
     e( 15 - 15) =     -9.08342  eV     1   --> A              
     e( 16 - 16) =     -8.82800  eV     1   --> A              
     e( 17 - 17) =     -8.71877  eV     1   --> A              
     e( 18 - 18) =     -7.55858  eV     1   --> A              
     e( 19 - 19) =     -7.50237  eV     1   --> A              
     e( 20 - 20) =     -7.22163  eV     1   --> A              
     e( 21 - 21) =     -5.29497  eV     1   --> A              
     e( 22 - 22) =     -3.32599  eV     1   --> A              
     e( 23 - 23) =     -3.23821  eV     1   --> A              
     e( 24 - 24) =     -3.16077  eV     1   --> A              
     e( 25 - 25) =     -3.12881  eV     1   --> A              
     e( 26 - 26) =     -0.89377  eV     1   --> A              
     e( 27 - 27) =     -0.61724  eV     1   --> A              
     e( 28 - 28) =      1.84486  eV     1   --> A              
     e( 29 - 29) =      1.99225  eV     1   --> A              
     e( 30 - 30) =      2.01197  eV     1   --> A              
     e( 31 - 31) =      2.70940  eV     1   --> A              
     e( 32 - 32) =      2.84101  eV     1   --> A              
     e( 33 - 33) =      3.12239  eV     1   --> A              
     e( 34 - 34) =      3.20554  eV     1   --> A              
     e( 35 - 35) =      3.67907  eV     1   --> A              

 **************************************************************************

 **************************************************************************

                    xk=(   0.03333,   0.05774,   0.00000  )

     Band symmetry, C_1 (1)     point group:

     e(  1 -  1) =    -77.76062  eV     1   --> A              
     e(  2 -  2) =    -48.98867  eV     1   --> A              
     e(  3 -  3) =    -48.98257  eV     1   --> A              
     e(  4 -  4) =    -48.90193  eV     1   --> A              
     e(  5 -  5) =    -24.20257  eV     1   --> A              
     e(  6 -  6) =    -24.11328  eV     1   --> A              
     e(  7 -  7) =    -21.51344  eV     1   --> A              
     e(  8 -  8) =    -20.13116  eV     1   --> A              
     e(  9 -  9) =    -13.72559  eV     1   --> A              
     e( 10 - 10) =    -11.09116  eV     1   --> A              
     e( 11 - 11) =     -9.53357  eV     1   --> A              
     e( 12 - 12) =     -9.43549  eV     1   --> A              
     e( 13 - 13) =     -9.26047  eV     1   --> A              
     e( 14 - 14) =     -9.21799  eV     1   --> A              
     e( 15 - 15) =     -9.07322  eV     1   --> A              
     e( 16 - 16) =     -8.84574  eV     1   --> A              
     e( 17 - 17) =     -8.71296  eV     1   --> A              
     e( 18 - 18) =     -7.57431  eV     1   --> A              
     e( 19 - 19) =     -7.51442  eV     1   --> A              
     e( 20 - 20) =     -7.20963  eV     1   --> A              
     e( 21 - 21) =     -5.30299  eV     1   --> A              
     e( 22 - 22) =     -3.33471  eV     1   --> A              
     e( 23 - 23) =     -3.22847  eV     1   --> A              
     e( 24 - 24) =     -3.17276  eV     1   --> A              
     e( 25 - 25) =     -3.13511  eV     1   --> A              
     e( 26 - 26) =     -0.85800  eV     1   --> A              
     e( 27 - 27) =     -0.58561  eV     1   --> A              
     e( 28 - 28) =      1.87426  eV     1   --> A              
     e( 29 - 29) =      2.00361  eV     1   --> A              
     e( 30 - 30) =      2.01857  eV     1   --> A              
     e( 31 - 31) =      2.65974  eV     1   --> A              
     e( 32 - 32) =      2.79757  eV     1   --> A              
     e( 33 - 33) =      3.15051  eV     1   --> A              
     e( 34 - 34) =      3.23393  eV     1   --> A              
     e( 35 - 35) =      3.72040  eV     1   --> A              

 **************************************************************************

 **************************************************************************

                    xk=(   0.03667,   0.06351,   0.00000  )

     Band symmetry, C_1 (1)     point group:

     e(  1 -  1) =    -77.76041  eV     1   --> A              
     e(  2 -  2) =    -48.99031  eV     1   --> A              
     e(  3 -  3) =    -48.98296  eV     1   --> A              
     e(  4 -  4) =    -48.90163  eV     1   --> A              
     e(  5 -  5) =    -24.19086  eV     1   --> A              
     e(  6 -  6) =    -24.10174  eV     1   --> A              
     e(  7 -  7) =    -21.50466  eV     1   --> A              
     e(  8 -  8) =    -20.12648  eV     1   --> A              
     e(  9 -  9) =    -13.71651  eV     1   --> A              
     e( 10 - 10) =    -11.08707  eV     1   --> A              
     e( 11 - 11) =     -9.58326  eV     1   --> A              
     e( 12 - 12) =     -9.48947  eV     1   --> A              
     e( 13 - 13) =     -9.27207  eV     1   --> A              
     e( 14 - 14) =     -9.23248  eV     1   --> A              
     e( 15 - 15) =     -9.06323  eV     1   --> A              
     e( 16 - 16) =     -8.86453  eV     1   --> A              
     e( 17 - 17) =     -8.70653  eV     1   --> A              
     e( 18 - 18) =     -7.59009  eV     1   --> A              
     e( 19 - 19) =     -7.52788  eV     1   --> A              
     e( 20 - 20) =     -7.19839  eV     1   --> A              
     e( 21 - 21) =     -5.31210  eV     1   --> A              
     e( 22 - 22) =     -3.34377  eV     1   --> A              
     e( 23 - 23) =     -3.21865  eV     1   --> A              
     e( 24 - 24) =     -3.18498  eV     1   --> A              
     e( 25 - 25) =     -3.14148  eV     1   --> A              
     e( 26 - 26) =     -0.81961  eV     1   --> A              
     e( 27 - 27) =     -0.55156  eV     1   --> A              
     e( 28 - 28) =      1.90576  eV     1   --> A              
     e( 29 - 29) =      2.01478  eV     1   --> A              
     e( 30 - 30) =      2.02558  eV     1   --> A              
     e( 31 - 31) =      2.60975  eV     1   --> A              
     e( 32 - 32) =      2.75310  eV     1   --> A              
     e( 33 - 33) =      3.18152  eV     1   --> A              
     e( 34 - 34) =      3.26536  eV     1   --> A              
     e( 35 - 35) =      3.76223  eV     1   --> A              

 **************************************************************************

 **************************************************************************

                    xk=(   0.04000,   0.06928,   0.00000  )

     Band symmetry, C_1 (1)     point group:

     e(  1 -  1) =    -77.76019  eV     1   --> A              
     e(  2 -  2) =    -48.99210  eV     1   --> A              
     e(  3 -  3) =    -48.98338  eV     1   --> A              
     e(  4 -  4) =    -48.90131  eV     1   --> A              
     e(  5 -  5) =    -24.17806  eV     1   --> A              
     e(  6 -  6) =    -24.08910  eV     1   --> A              
     e(  7 -  7) =    -21.49507  eV     1   --> A              
     e(  8 -  8) =    -20.12138  eV     1   --> A              
     e(  9 -  9) =    -13.70663  eV     1   --> A              
     e( 10 - 10) =    -11.08267  eV     1   --> A              
     e( 11 - 11) =     -9.63608  eV     1   --> A              
     e( 12 - 12) =     -9.54716  eV     1   --> A              
     e( 13 - 13) =     -9.28508  eV     1   --> A              
     e( 14 - 14) =     -9.24852  eV     1   --> A              
     e( 15 - 15) =     -9.05351  eV     1   --> A              
     e( 16 - 16) =     -8.88410  eV     1   --> A              
     e( 17 - 17) =     -8.69947  eV     1   --> A              
     e( 18 - 18) =     -7.60588  eV     1   --> A              
     e( 19 - 19) =     -7.54281  eV     1   --> A              
     e( 20 - 20) =     -7.18802  eV     1   --> A              
     e( 21 - 21) =     -5.32231  eV     1   --> A              
     e( 22 - 22) =     -3.35304  eV     1   --> A              
     e( 23 - 23) =     -3.21072  eV     1   --> A              
     e( 24 - 24) =     -3.19610  eV     1   --> A              
     e( 25 - 25) =     -3.14713  eV     1   --> A              
     e( 26 - 26) =     -0.77887  eV     1   --> A              
     e( 27 - 27) =     -0.51533  eV     1   --> A              
     e( 28 - 28) =      1.93862  eV     1   --> A              
     e( 29 - 29) =      2.02469  eV     1   --> A              
     e( 30 - 30) =      2.03361  eV     1   --> A              
     e( 31 - 31) =      2.56020  eV     1   --> A              
     e( 32 - 32) =      2.70850  eV     1   --> A              
     e( 33 - 33) =      3.21534  eV     1   --> A              
     e( 34 - 34) =      3.29986  eV     1   --> A              
     e( 35 - 35) =      3.80452  eV     1   --> A              

 **************************************************************************

 **************************************************************************

                    xk=(   0.04333,   0.07506,   0.00000  )

     Band symmetry, C_1 (1)     point group:

     e(  1 -  1) =    -77.75995  eV     1   --> A              
     e(  2 -  2) =    -48.99403  eV     1   --> A              
     e(  3 -  3) =    -48.98384  eV     1   --> A              
     e(  4 -  4) =    -48.90096  eV     1   --> A              
     e(  5 -  5) =    -24.16415  eV     1   --> A              
     e(  6 -  6) =    -24.07539  eV     1   --> A              
     e(  7 -  7) =    -21.48470  eV     1   --> A              
     e(  8 -  8) =    -20.11585  eV     1   --> A              
     e(  9 -  9) =    -13.69599  eV     1   --> A              
     e( 10 - 10) =    -11.07796  eV     1   --> A              
     e( 11 - 11) =     -9.69193  eV     1   --> A              
     e( 12 - 12) =     -9.60828  eV     1   --> A              
     e( 13 - 13) =     -9.29964  eV     1   --> A              
     e( 14 - 14) =     -9.26607  eV     1   --> A              
     e( 15 - 15) =     -9.04422  eV     1   --> A              
     e( 16 - 16) =     -8.90407  eV     1   --> A              
     e( 17 - 17) =     -8.69179  eV     1   --> A              
     e( 18 - 18) =     -7.62166  eV     1   --> A              
     e( 19 - 19) =     -7.55922  eV     1   --> A              
     e( 20 - 20) =     -7.17860  eV     1   --> A              
     e( 21 - 21) =     -5.33367  eV     1   --> A              
     e( 22 - 22) =     -3.36239  eV     1   --> A              
     e( 23 - 23) =     -3.21444  eV     1   --> A              
     e( 24 - 24) =     -3.19807  eV     1   --> A              
     e( 25 - 25) =     -3.15021  eV     1   --> A              
     e( 26 - 26) =     -0.73603  eV     1   --> A              
     e( 27 - 27) =     -0.47715  eV     1   --> A              
     e( 28 - 28) =      1.97088  eV     1   --> A              
     e( 29 - 29) =      2.03350  eV     1   --> A              
     e( 30 - 30) =      2.04280  eV     1   --> A              
     e( 31 - 31) =      2.51202  eV     1   --> A              
     e( 32 - 32) =      2.66478  eV     1   --> A              
     e( 33 - 33) =      3.25189  eV     1   --> A              
     e( 34 - 34) =      3.33741  eV     1   --> A              
     e( 35 - 35) =      3.84721  eV     1   --> A              

 **************************************************************************

 **************************************************************************

                    xk=(   0.04667,   0.08083,   0.00000  )

     Band symmetry, C_1 (1)     point group:

     e(  1 -  1) =    -77.75969  eV     1   --> A              
     e(  2 -  2) =    -48.99610  eV     1   --> A              
     e(  3 -  3) =    -48.98434  eV     1   --> A              
     e(  4 -  4) =    -48.90059  eV     1   --> A              
     e(  5 -  5) =    -24.14916  eV     1   --> A              
     e(  6 -  6) =    -24.06060  eV     1   --> A              
     e(  7 -  7) =    -21.47354  eV     1   --> A              
     e(  8 -  8) =    -20.10992  eV     1   --> A              
     e(  9 -  9) =    -13.68460  eV     1   --> A              
     e( 10 - 10) =    -11.07298  eV     1   --> A              
     e( 11 - 11) =     -9.75071  eV     1   --> A              
     e( 12 - 12) =     -9.67254  eV     1   --> A              
     e( 13 - 13) =     -9.31593  eV     1   --> A              
     e( 14 - 14) =     -9.28503  eV     1   --> A              
     e( 15 - 15) =     -9.03582  eV     1   --> A              
     e( 16 - 16) =     -8.92381  eV     1   --> A              
     e( 17 - 17) =     -8.68346  eV     1   --> A              
     e( 18 - 18) =     -7.63740  eV     1   --> A              
     e( 19 - 19) =     -7.57712  eV     1   --> A              
     e( 20 - 20) =     -7.17020  eV     1   --> A              
     e( 21 - 21) =     -5.34621  eV     1   --> A              
     e( 22 - 22) =     -3.37172  eV     1   --> A              
     e( 23 - 23) =     -3.22634  eV     1   --> A              
     e( 24 - 24) =     -3.19725  eV     1   --> A              
     e( 25 - 25) =     -3.14775  eV     1   --> A              
     e( 26 - 26) =     -0.69137  eV     1   --> A              
     e( 27 - 27) =     -0.43725  eV     1   --> A              
     e( 28 - 28) =      1.99630  eV     1   --> A              
     e( 29 - 29) =      2.04551  eV     1   --> A              
     e( 30 - 30) =      2.05286  eV     1   --> A              
     e( 31 - 31) =      2.46654  eV     1   --> A              
     e( 32 - 32) =      2.62315  eV     1   --> A              
     e( 33 - 33) =      3.29106  eV     1   --> A              
     e( 34 - 34) =      3.37801  eV     1   --> A              
     e( 35 - 35) =      3.89033  eV     1   --> A              

 **************************************************************************

 **************************************************************************

                    xk=(   0.05000,   0.08660,   0.00000  )

     Band symmetry, C_1 (1)     point group:

     e(  1 -  1) =    -77.75941  eV     1   --> A              
     e(  2 -  2) =    -48.99830  eV     1   --> A              
     e(  3 -  3) =    -48.98487  eV     1   --> A              
     e(  4 -  4) =    -48.90019  eV     1   --> A              
     e(  5 -  5) =    -24.13308  eV     1   --> A              
     e(  6 -  6) =    -24.04474  eV     1   --> A              
     e(  7 -  7) =    -21.46161  eV     1   --> A              
     e(  8 -  8) =    -20.10359  eV     1   --> A              
     e(  9 -  9) =    -13.67249  eV     1   --> A              
     e( 10 - 10) =    -11.06777  eV     1   --> A              
     e( 11 - 11) =     -9.81228  eV     1   --> A              
     e( 12 - 12) =     -9.73966  eV     1   --> A              
     e( 13 - 13) =     -9.33420  eV     1   --> A              
     e( 14 - 14) =     -9.30522  eV     1   --> A              
     e( 15 - 15) =     -9.02947  eV     1   --> A              
     e( 16 - 16) =     -8.94202  eV     1   --> A              
     e( 17 - 17) =     -8.67448  eV     1   --> A              
     e( 18 - 18) =     -7.65309  eV     1   --> A              
     e( 19 - 19) =     -7.59652  eV     1   --> A              
     e( 20 - 20) =     -7.16287  eV     1   --> A              
     e( 21 - 21) =     -5.35992  eV     1   --> A              
     e( 22 - 22) =     -3.38090  eV     1   --> A              
     e( 23 - 23) =     -3.23907  eV     1   --> A              
     e( 24 - 24) =     -3.20184  eV     1   --> A              
     e( 25 - 25) =     -3.13879  eV     1   --> A              
     e( 26 - 26) =     -0.64512  eV     1   --> A              
     e( 27 - 27) =     -0.39587  eV     1   --> A              
     e( 28 - 28) =      2.00581  eV     1   --> A              
     e( 29 - 29) =      2.05351  eV     1   --> A              
     e( 30 - 30) =      2.07705  eV     1   --> A              
     e( 31 - 31) =      2.42565  eV     1   --> A              
     e( 32 - 32) =      2.58503  eV     1   --> A              
     e( 33 - 33) =      3.33270  eV     1   --> A              
     e( 34 - 34) =      3.42165  eV     1   --> A              
     e( 35 - 35) =      3.93389  eV     1   --> A              

 **************************************************************************

 **************************************************************************

                    xk=(   0.05333,   0.09238,   0.00000  )

     Band symmetry, C_1 (1)     point group:

     e(  1 -  1) =    -77.75911  eV     1   --> A              
     e(  2 -  2) =    -49.00063  eV     1   --> A              
     e(  3 -  3) =    -48.98545  eV     1   --> A              
     e(  4 -  4) =    -48.89976  eV     1   --> A              
     e(  5 -  5) =    -24.11592  eV     1   --> A              
     e(  6 -  6) =    -24.02781  eV     1   --> A              
     e(  7 -  7) =    -21.44893  eV     1   --> A              
     e(  8 -  8) =    -20.09686  eV     1   --> A              
     e(  9 -  9) =    -13.65969  eV     1   --> A              
     e( 10 - 10) =    -11.06236  eV     1   --> A              
     e( 11 - 11) =     -9.87651  eV     1   --> A              
     e( 12 - 12) =     -9.80936  eV     1   --> A              
     e( 13 - 13) =     -9.35474  eV     1   --> A              
     e( 14 - 14) =     -9.32638  eV     1   --> A              
     e( 15 - 15) =     -9.02777  eV     1   --> A              
     e( 16 - 16) =     -8.95595  eV     1   --> A              
     e( 17 - 17) =     -8.66486  eV     1   --> A              
     e( 18 - 18) =     -7.66877  eV     1   --> A              
     e( 19 - 19) =     -7.61740  eV     1   --> A              
     e( 20 - 20) =     -7.15662  eV     1   --> A              
     e( 21 - 21) =     -5.37483  eV     1   --> A              
     e( 22 - 22) =     -3.38983  eV     1   --> A              
     e( 23 - 23) =     -3.25179  eV     1   --> A              
     e( 24 - 24) =     -3.21045  eV     1   --> A              
     e( 25 - 25) =     -3.12547  eV     1   --> A              
     e( 26 - 26) =     -0.59755  eV     1   --> A              
     e( 27 - 27) =     -0.35324  eV     1   --> A              
     e( 28 - 28) =      2.00209  eV     1   --> A              
     e( 29 - 29) =      2.05254  eV     1   --> A              
     e( 30 - 30) =      2.11383  eV     1   --> A              
     e( 31 - 31) =      2.39181  eV     1   --> A              
     e( 32 - 32) =      2.55194  eV     1   --> A              
     e( 33 - 33) =      3.37663  eV     1   --> A              
     e( 34 - 34) =      3.46829  eV     1   --> A              
     e( 35 - 35) =      3.97795  eV     1   --> A              

 **************************************************************************

 **************************************************************************

                    xk=(   0.05667,   0.09815,   0.00000  )

     Band symmetry, C_1 (1)     point group:

     e(  1 -  1) =    -77.75880  eV     1   --> A              
     e(  2 -  2) =    -49.00310  eV     1   --> A              
     e(  3 -  3) =    -48.98605  eV     1   --> A              
     e(  4 -  4) =    -48.89931  eV     1   --> A              
     e(  5 -  5) =    -24.09768  eV     1   --> A              
     e(  6 -  6) =    -24.00982  eV     1   --> A              
     e(  7 -  7) =    -21.43550  eV     1   --> A              
     e(  8 -  8) =    -20.08974  eV     1   --> A              
     e(  9 -  9) =    -13.64624  eV     1   --> A              
     e( 10 - 10) =    -11.05680  eV     1   --> A              
     e( 11 - 11) =     -9.94324  eV     1   --> A              
     e( 12 - 12) =     -9.88134  eV     1   --> A              
     e( 13 - 13) =     -9.37784  eV     1   --> A              
     e( 14 - 14) =     -9.34832  eV     1   --> A              
     e( 15 - 15) =     -9.03446  eV     1   --> A              
     e( 16 - 16) =     -8.96176  eV     1   --> A              
     e( 17 - 17) =     -8.65459  eV     1   --> A              
     e( 18 - 18) =     -7.68450  eV     1   --> A              
     e( 19 - 19) =     -7.63967  eV     1   --> A              
     e( 20 - 20) =     -7.15148  eV     1   --> A              
     e( 21 - 21) =     -5.39092  eV     1   --> A              
     e( 22 - 22) =     -3.39844  eV     1   --> A              
     e( 23 - 23) =     -3.26429  eV     1   --> A              
     e( 24 - 24) =     -3.22139  eV     1   --> A              
     e( 25 - 25) =     -3.10964  eV     1   --> A              
     e( 26 - 26) =     -0.54888  eV     1   --> A              
     e( 27 - 27) =     -0.30958  eV     1   --> A              
     e( 28 - 28) =      1.98945  eV     1   --> A              
     e( 29 - 29) =      2.04272  eV     1   --> A              
     e( 30 - 30) =      2.15474  eV     1   --> A              
     e( 31 - 31) =      2.36771  eV     1   --> A              
     e( 32 - 32) =      2.52544  eV     1   --> A              
     e( 33 - 33) =      3.42260  eV     1   --> A              
     e( 34 - 34) =      3.51789  eV     1   --> A              
     e( 35 - 35) =      4.02262  eV     1   --> A              

 **************************************************************************

 **************************************************************************

                    xk=(   0.06000,   0.10392,   0.00000  )

     Band symmetry, C_1 (1)     point group:

     e(  1 -  1) =    -77.75848  eV     1   --> A              
     e(  2 -  2) =    -49.00568  eV     1   --> A              
     e(  3 -  3) =    -48.98670  eV     1   --> A              
     e(  4 -  4) =    -48.89884  eV     1   --> A              
     e(  5 -  5) =    -24.07837  eV     1   --> A              
     e(  6 -  6) =    -23.99078  eV     1   --> A              
     e(  7 -  7) =    -21.42134  eV     1   --> A              
     e(  8 -  8) =    -20.08225  eV     1   --> A              
     e(  9 -  9) =    -13.63215  eV     1   --> A              
     e( 10 - 10) =    -11.05116  eV     1   --> A              
     e( 11 - 11) =    -10.01231  eV     1   --> A              
     e( 12 - 12) =     -9.95531  eV     1   --> A              
     e( 13 - 13) =     -9.40357  eV     1   --> A              
     e( 14 - 14) =     -9.37092  eV     1   --> A              
     e( 15 - 15) =     -9.04976  eV     1   --> A              
     e( 16 - 16) =     -8.95913  eV     1   --> A              
     e( 17 - 17) =     -8.64369  eV     1   --> A              
     e( 18 - 18) =     -7.70045  eV     1   --> A              
     e( 19 - 19) =     -7.66313  eV     1   --> A              
     e( 20 - 20) =     -7.14745  eV     1   --> A              
     e( 21 - 21) =     -5.40818  eV     1   --> A              
     e( 22 - 22) =     -3.40662  eV     1   --> A              
     e( 23 - 23) =     -3.27645  eV     1   --> A              
     e( 24 - 24) =     -3.23382  eV     1   --> A              
     e( 25 - 25) =     -3.09217  eV     1   --> A              
     e( 26 - 26) =     -0.49937  eV     1   --> A              
     e( 27 - 27) =     -0.26511  eV     1   --> A              
     e( 28 - 28) =      1.96887  eV     1   --> A              
     e( 29 - 29) =      2.02267  eV     1   --> A              
     e( 30 - 30) =      2.19727  eV     1   --> A              
     e( 31 - 31) =      2.35513  eV     1   --> A              
     e( 32 - 32) =      2.50682  eV     1   --> A              
     e( 33 - 33) =      3.47030  eV     1   --> A              
     e( 34 - 34) =      3.57040  eV     1   --> A              
     e( 35 - 35) =      4.06802  eV     1   --> A              

 **************************************************************************

 **************************************************************************

                    xk=(   0.06333,   0.10970,   0.00000  )

     Band symmetry, C_1 (1)     point group:

     e(  1 -  1) =    -77.75813  eV     1   --> A              
     e(  2 -  2) =    -49.00839  eV     1   --> A              
     e(  3 -  3) =    -48.98738  eV     1   --> A              
     e(  4 -  4) =    -48.89835  eV     1   --> A              
     e(  5 -  5) =    -24.05801  eV     1   --> A              
     e(  6 -  6) =    -23.97068  eV     1   --> A              
     e(  7 -  7) =    -21.40647  eV     1   --> A              
     e(  8 -  8) =    -20.07439  eV     1   --> A              
     e(  9 -  9) =    -13.61748  eV     1   --> A              
     e( 10 - 10) =    -11.04553  eV     1   --> A              
     e( 11 - 11) =    -10.08357  eV     1   --> A              
     e( 12 - 12) =    -10.03097  eV     1   --> A              
     e( 13 - 13) =     -9.43188  eV     1   --> A              
     e( 14 - 14) =     -9.39429  eV     1   --> A              
     e( 15 - 15) =     -9.07026  eV     1   --> A              
     e( 16 - 16) =     -8.95142  eV     1   --> A              
     e( 17 - 17) =     -8.63218  eV     1   --> A              
     e( 18 - 18) =     -7.71716  eV     1   --> A              
     e( 19 - 19) =     -7.68722  eV     1   --> A              
     e( 20 - 20) =     -7.14452  eV     1   --> A              
     e( 21 - 21) =     -5.42658  eV     1   --> A              
     e( 22 - 22) =     -3.41434  eV     1   --> A              
     e( 23 - 23) =     -3.28819  eV     1   --> A              
     e( 24 - 24) =     -3.24737  eV     1   --> A              
     e( 25 - 25) =     -3.07350  eV     1   --> A              
     e( 26 - 26) =     -0.44923  eV     1   --> A              
     e( 27 - 27) =     -0.22004  eV     1   --> A              
     e( 28 - 28) =      1.94071  eV     1   --> A              
     e( 29 - 29) =      1.99282  eV     1   --> A              
     e( 30 - 30) =      2.24010  eV     1   --> A              
     e( 31 - 31) =      2.35388  eV     1   --> A              
     e( 32 - 32) =      2.49694  eV     1   --> A              
     e( 33 - 33) =      3.51939  eV     1   --> A              
     e( 34 - 34) =      3.62573  eV     1   --> A              
     e( 35 - 35) =      4.11434  eV     1   --> A              

 **************************************************************************

 **************************************************************************

                    xk=(   0.06667,   0.11547,   0.00000  )

     Band symmetry, C_1 (1)     point group:

     e(  1 -  1) =    -77.75777  eV     1   --> A              
     e(  2 -  2) =    -49.01120  eV     1   --> A              
     e(  3 -  3) =    -48.98810  eV     1   --> A              
     e(  4 -  4) =    -48.89783  eV     1   --> A              
     e(  5 -  5) =    -24.03659  eV     1   --> A              
     e(  6 -  6) =    -23.94955  eV     1   --> A              
     e(  7 -  7) =    -21.39090  eV     1   --> A              
     e(  8 -  8) =    -20.06617  eV     1   --> A              
     e(  9 -  9) =    -13.60227  eV     1   --> A              
     e( 10 - 10) =    -11.04002  eV     1   --> A              
     e( 11 - 11) =    -10.15685  eV     1   --> A              
     e( 12 - 12) =    -10.10799  eV     1   --> A              
     e( 13 - 13) =     -9.46257  eV     1   --> A              
     e( 14 - 14) =     -9.41859  eV     1   --> A              
     e( 15 - 15) =     -9.09341  eV     1   --> A              
     e( 16 - 16) =     -8.94113  eV     1   --> A              
     e( 17 - 17) =     -8.62007  eV     1   --> A              
     e( 18 - 18) =     -7.73601  eV     1   --> A              
     e( 19 - 19) =     -7.71051  eV     1   --> A              
     e( 20 - 20) =     -7.14268  eV     1   --> A              
     e( 21 - 21) =     -5.44608  eV     1   --> A              
     e( 22 - 22) =     -3.42155  eV     1   --> A              
     e( 23 - 23) =     -3.29945  eV     1   --> A              
     e( 24 - 24) =     -3.26185  eV     1   --> A              
     e( 25 - 25) =     -3.05383  eV     1   --> A              
     e( 26 - 26) =     -0.39868  eV     1   --> A              
     e( 27 - 27) =     -0.17459  eV     1   --> A              
     e( 28 - 28) =      1.90570  eV     1   --> A              
     e( 29 - 29) =      1.95518  eV     1   --> A              
     e( 30 - 30) =      2.28196  eV     1   --> A              
     e( 31 - 31) =      2.36225  eV     1   --> A              
     e( 32 - 32) =      2.49620  eV     1   --> A              
     e( 33 - 33) =      3.56943  eV     1   --> A              
     e( 34 - 34) =      3.68378  eV     1   --> A              
     e( 35 - 35) =      4.16178  eV     1   --> A              

 **************************************************************************

 **************************************************************************

                    xk=(   0.07000,   0.12124,   0.00000  )

     Band symmetry, C_1 (1)     point group:

     e(  1 -  1) =    -77.75740  eV     1   --> A              
     e(  2 -  2) =    -49.01413  eV     1   --> A              
     e(  3 -  3) =    -48.98886  eV     1   --> A              
     e(  4 -  4) =    -48.89729  eV     1   --> A              
     e(  5 -  5) =    -24.01412  eV     1   --> A              
     e(  6 -  6) =    -23.92738  eV     1   --> A              
     e(  7 -  7) =    -21.37465  eV     1   --> A              
     e(  8 -  8) =    -20.05761  eV     1   --> A              
     e(  9 -  9) =    -13.58656  eV     1   --> A              
     e( 10 - 10) =    -11.03478  eV     1   --> A              
     e( 11 - 11) =    -10.23195  eV     1   --> A              
     e( 12 - 12) =    -10.18603  eV     1   --> A              
     e( 13 - 13) =     -9.49547  eV     1   --> A              
     e( 14 - 14) =     -9.44398  eV     1   --> A              
     e( 15 - 15) =     -9.11801  eV     1   --> A              
     e( 16 - 16) =     -8.92943  eV     1   --> A              
     e( 17 - 17) =     -8.60738  eV     1   --> A              
     e( 18 - 18) =     -7.75922  eV     1   --> A              
     e( 19 - 19) =     -7.73074  eV     1   --> A              
     e( 20 - 20) =     -7.14192  eV     1   --> A              
     e( 21 - 21) =     -5.46663  eV     1   --> A              
     e( 22 - 22) =     -3.42821  eV     1   --> A              
     e( 23 - 23) =     -3.31019  eV     1   --> A              
     e( 24 - 24) =     -3.27711  eV     1   --> A              
     e( 25 - 25) =     -3.03329  eV     1   --> A              
     e( 26 - 26) =     -0.34793  eV     1   --> A              
     e( 27 - 27) =     -0.12894  eV     1   --> A              
     e( 28 - 28) =      1.86500  eV     1   --> A              
     e( 29 - 29) =      1.91207  eV     1   --> A              
     e( 30 - 30) =      2.32126  eV     1   --> A              
     e( 31 - 31) =      2.37825  eV     1   --> A              
     e( 32 - 32) =      2.50481  eV     1   --> A              
     e( 33 - 33) =      3.61995  eV     1   --> A              
     e( 34 - 34) =      3.74440  eV     1   --> A              
     e( 35 - 35) =      4.21064  eV     1   --> A              

 **************************************************************************

 **************************************************************************

                    xk=(   0.07333,   0.12702,   0.00000  )

     Band symmetry, C_1 (1)     point group:

     e(  1 -  1) =    -77.75701  eV     1   --> A              
     e(  2 -  2) =    -49.01717  eV     1   --> A              
     e(  3 -  3) =    -48.98966  eV     1   --> A              
     e(  4 -  4) =    -48.89673  eV     1   --> A              
     e(  5 -  5) =    -23.99061  eV     1   --> A              
     e(  6 -  6) =    -23.90419  eV     1   --> A              
     e(  7 -  7) =    -21.35773  eV     1   --> A              
     e(  8 -  8) =    -20.04871  eV     1   --> A              
     e(  9 -  9) =    -13.57039  eV     1   --> A              
     e( 10 - 10) =    -11.03006  eV     1   --> A              
     e( 11 - 11) =    -10.30866  eV     1   --> A              
     e( 12 - 12) =    -10.26473  eV     1   --> A              
     e( 13 - 13) =     -9.53042  eV     1   --> A              
     e( 14 - 14) =     -9.47057  eV     1   --> A              
     e( 15 - 15) =     -9.14356  eV     1   --> A              
     e( 16 - 16) =     -8.91681  eV     1   --> A              
     e( 17 - 17) =     -8.59415  eV     1   --> A              
     e( 18 - 18) =     -7.78707  eV     1   --> A              
     e( 19 - 19) =     -7.74758  eV     1   --> A              
     e( 20 - 20) =     -7.14219  eV     1   --> A              
     e( 21 - 21) =     -5.48818  eV     1   --> A              
     e( 22 - 22) =     -3.43434  eV     1   --> A              
     e( 23 - 23) =     -3.32041  eV     1   --> A              
     e( 24 - 24) =     -3.29304  eV     1   --> A              
     e( 25 - 25) =     -3.01200  eV     1   --> A              
     e( 26 - 26) =     -0.29721  eV     1   --> A              
     e( 27 - 27) =     -0.08329  eV     1   --> A              
     e( 28 - 28) =      1.81998  eV     1   --> A              
     e( 29 - 29) =      1.86537  eV     1   --> A              
     e( 30 - 30) =      2.35639  eV     1   --> A              
     e( 31 - 31) =      2.40022  eV     1   --> A              
     e( 32 - 32) =      2.52289  eV     1   --> A              
     e( 33 - 33) =      3.67039  eV     1   --> A              
     e( 34 - 34) =      3.80739  eV     1   --> A              
     e( 35 - 35) =      4.26122  eV     1   --> A              

 **************************************************************************

 **************************************************************************

                    xk=(   0.07667,   0.13279,   0.00000  )

     Band symmetry, C_1 (1)     point group:

     e(  1 -  1) =    -77.75660  eV     1   --> A              
     e(  2 -  2) =    -49.02030  eV     1   --> A              
     e(  3 -  3) =    -48.99049  eV     1   --> A              
     e(  4 -  4) =    -48.89615  eV     1   --> A              
     e(  5 -  5) =    -23.96608  eV     1   --> A              
     e(  6 -  6) =    -23.87998  eV     1   --> A              
     e(  7 -  7) =    -21.34017  eV     1   --> A              
     e(  8 -  8) =    -20.03949  eV     1   --> A              
     e(  9 -  9) =    -13.55383  eV     1   --> A              
     e( 10 - 10) =    -11.02618  eV     1   --> A              
     e( 11 - 11) =    -10.38669  eV     1   --> A              
     e( 12 - 12) =    -10.34369  eV     1   --> A              
     e( 13 - 13) =     -9.56727  eV     1   --> A              
     e( 14 - 14) =     -9.49846  eV     1   --> A              
     e( 15 - 15) =     -9.16980  eV     1   --> A              
     e( 16 - 16) =     -8.90354  eV     1   --> A              
     e( 17 - 17) =     -8.58041  eV     1   --> A              
     e( 18 - 18) =     -7.81809  eV     1   --> A              
     e( 19 - 19) =     -7.76241  eV     1   --> A              
     e( 20 - 20) =     -7.14348  eV     1   --> A              
     e( 21 - 21) =     -5.51067  eV     1   --> A              
     e( 22 - 22) =     -3.43995  eV     1   --> A              
     e( 23 - 23) =     -3.33013  eV     1   --> A              
     e( 24 - 24) =     -3.30947  eV     1   --> A              
     e( 25 - 25) =     -2.99003  eV     1   --> A              
     e( 26 - 26) =     -0.24671  eV     1   --> A              
     e( 27 - 27) =     -0.03783  eV     1   --> A              
     e( 28 - 28) =      1.77200  eV     1   --> A              
     e( 29 - 29) =      1.81644  eV     1   --> A              
     e( 30 - 30) =      2.38699  eV     1   --> A              
     e( 31 - 31) =      2.42615  eV     1   --> A              
     e( 32 - 32) =      2.55027  eV     1   --> A              
     e( 33 - 33) =      3.72019  eV     1   --> A              
     e( 34 - 34) =      3.87253  eV     1   --> A              
     e( 35 - 35) =      4.31388  eV     1   --> A              

 **************************************************************************

 **************************************************************************

                    xk=(   0.08000,   0.13856,   0.00000  )

     Band symmetry, C_1 (1)     point group:

     e(  1 -  1) =    -77.75619  eV     1   --> A              
     e(  2 -  2) =    -49.02353  eV     1   --> A              
     e(  3 -  3) =    -48.99136  eV     1   --> A              
     e(  4 -  4) =    -48.89555  eV     1   --> A              
     e(  5 -  5) =    -23.94052  eV     1   --> A              
     e(  6 -  6) =    -23.85476  eV     1   --> A              
     e(  7 -  7) =    -21.32198  eV     1   --> A              
     e(  8 -  8) =    -20.02996  eV     1   --> A              
     e(  9 -  9) =    -13.53695  eV     1   --> A              
     e( 10 - 10) =    -11.02367  eV     1   --> A              
     e( 11 - 11) =    -10.46566  eV     1   --> A              
     e( 12 - 12) =    -10.42240  eV     1   --> A              
     e( 13 - 13) =     -9.60590  eV     1   --> A              
     e( 14 - 14) =     -9.52769  eV     1   --> A              
     e( 15 - 15) =     -9.19660  eV     1   --> A              
     e( 16 - 16) =     -8.88974  eV     1   --> A              
     e( 17 - 17) =     -8.56619  eV     1   --> A              
     e( 18 - 18) =     -7.85133  eV     1   --> A              
     e( 19 - 19) =     -7.77611  eV     1   --> A              
     e( 20 - 20) =     -7.14576  eV     1   --> A              
     e( 21 - 21) =     -5.53402  eV     1   --> A              
     e( 22 - 22) =     -3.44512  eV     1   --> A              
     e( 23 - 23) =     -3.33964  eV     1   --> A              
     e( 24 - 24) =     -3.32599  eV     1   --> A              
     e( 25 - 25) =     -2.96745  eV     1   --> A              
     e( 26 - 26) =     -0.19664  eV     1   --> A              
     e( 27 - 27) =      0.00726  eV     1   --> A              
     e( 28 - 28) =      1.72218  eV     1   --> A              
     e( 29 - 29) =      1.76625  eV     1   --> A              
     e( 30 - 30) =      2.41446  eV     1   --> A              
     e( 31 - 31) =      2.45376  eV     1   --> A              
     e( 32 - 32) =      2.58582  eV     1   --> A              
     e( 33 - 33) =      3.76877  eV     1   --> A              
     e( 34 - 34) =      3.93951  eV     1   --> A              
     e( 35 - 35) =      4.36898  eV     1   --> A              

 **************************************************************************

 **************************************************************************

                    xk=(   0.08333,   0.14434,   0.00000  )

     Band symmetry, C_1 (1)     point group:

     e(  1 -  1) =    -77.75576  eV     1   --> A              
     e(  2 -  2) =    -49.02684  eV     1   --> A              
     e(  3 -  3) =    -48.99227  eV     1   --> A              
     e(  4 -  4) =    -48.89493  eV     1   --> A              
     e(  5 -  5) =    -23.91395  eV     1   --> A              
     e(  6 -  6) =    -23.82854  eV     1   --> A              
     e(  7 -  7) =    -21.30319  eV     1   --> A              
     e(  8 -  8) =    -20.02013  eV     1   --> A              
     e(  9 -  9) =    -13.51979  eV     1   --> A              
     e( 10 - 10) =    -11.02339  eV     1   --> A              
     e( 11 - 11) =    -10.54511  eV     1   --> A              
     e( 12 - 12) =    -10.50015  eV     1   --> A              
     e( 13 - 13) =     -9.64622  eV     1   --> A              
     e( 14 - 14) =     -9.55830  eV     1   --> A              
     e( 15 - 15) =     -9.22390  eV     1   --> A              
     e( 16 - 16) =     -8.87552  eV     1   --> A              
     e( 17 - 17) =     -8.55156  eV     1   --> A              
     e( 18 - 18) =     -7.88639  eV     1   --> A              
     e( 19 - 19) =     -7.78900  eV     1   --> A              
     e( 20 - 20) =     -7.14899  eV     1   --> A              
     e( 21 - 21) =     -5.55815  eV     1   --> A              
     e( 22 - 22) =     -3.44994  eV     1   --> A              
     e( 23 - 23) =     -3.35055  eV     1   --> A              
     e( 24 - 24) =     -3.34085  eV     1   --> A              
     e( 25 - 25) =     -2.94433  eV     1   --> A              
     e( 26 - 26) =     -0.14722  eV     1   --> A              
     e( 27 - 27) =      0.05180  eV     1   --> A              
     e( 28 - 28) =      1.67145  eV     1   --> A              
     e( 29 - 29) =      1.71554  eV     1   --> A              
     e( 30 - 30) =      2.44028  eV     1   --> A              
     e( 31 - 31) =      2.48200  eV     1   --> A              
     e( 32 - 32) =      2.62762  eV     1   --> A              
     e( 33 - 33) =      3.81557  eV     1   --> A              
     e( 34 - 34) =      4.00798  eV     1   --> A              
     e( 35 - 35) =      4.42684  eV     1   --> A              

 **************************************************************************

 **************************************************************************

                    xk=(   0.08667,   0.15011,   0.00000  )

     Band symmetry, C_1 (1)     point group:

     e(  1 -  1) =    -77.75532  eV     1   --> A              
     e(  2 -  2) =    -49.03024  eV     1   --> A              
     e(  3 -  3) =    -48.99321  eV     1   --> A              
     e(  4 -  4) =    -48.89430  eV     1   --> A              
     e(  5 -  5) =    -23.88638  eV     1   --> A              
     e(  6 -  6) =    -23.80134  eV     1   --> A              
     e(  7 -  7) =    -21.28381  eV     1   --> A              
     e(  8 -  8) =    -20.01002  eV     1   --> A              
     e(  9 -  9) =    -13.50244  eV     1   --> A              
     e( 10 - 10) =    -11.02675  eV     1   --> A              
     e( 11 - 11) =    -10.62449  eV     1   --> A              
     e( 12 - 12) =    -10.57574  eV     1   --> A              
     e( 13 - 13) =     -9.68811  eV     1   --> A              
     e( 14 - 14) =     -9.59032  eV     1   --> A              
     e( 15 - 15) =     -9.25165  eV     1   --> A              
     e( 16 - 16) =     -8.86094  eV     1   --> A              
     e( 17 - 17) =     -8.53655  eV     1   --> A              
     e( 18 - 18) =     -7.92303  eV     1   --> A              
     e( 19 - 19) =     -7.80120  eV     1   --> A              
     e( 20 - 20) =     -7.15315  eV     1   --> A              
     e( 21 - 21) =     -5.58300  eV     1   --> A              
     e( 22 - 22) =     -3.45460  eV     1   --> A              
     e( 23 - 23) =     -3.36582  eV     1   --> A              
     e( 24 - 24) =     -3.35089  eV     1   --> A              
     e( 25 - 25) =     -2.92072  eV     1   --> A              
     e( 26 - 26) =     -0.09866  eV     1   --> A              
     e( 27 - 27) =      0.09559  eV     1   --> A              
     e( 28 - 28) =      1.62055  eV     1   --> A              
     e( 29 - 29) =      1.66491  eV     1   --> A              
     e( 30 - 30) =      2.46514  eV     1   --> A              
     e( 31 - 31) =      2.51096  eV     1   --> A              
     e( 32 - 32) =      2.67368  eV     1   --> A              
     e( 33 - 33) =      3.86010  eV     1   --> A              
     e( 34 - 34) =      4.07749  eV     1   --> A              
     e( 35 - 35) =      4.48772  eV     1   --> A              

 **************************************************************************

 **************************************************************************

                    xk=(   0.09000,   0.15588,   0.00000  )

     Band symmetry, C_1 (1)     point group:

     e(  1 -  1) =    -77.75486  eV     1   --> A              
     e(  2 -  2) =    -49.03372  eV     1   --> A              
     e(  3 -  3) =    -48.99419  eV     1   --> A              
     e(  4 -  4) =    -48.89364  eV     1   --> A              
     e(  5 -  5) =    -23.85782  eV     1   --> A              
     e(  6 -  6) =    -23.77315  eV     1   --> A              
     e(  7 -  7) =    -21.26387  eV     1   --> A              
     e(  8 -  8) =    -19.99964  eV     1   --> A              
     e(  9 -  9) =    -13.48498  eV     1   --> A              
     e( 10 - 10) =    -11.03608  eV     1   --> A              
     e( 11 - 11) =    -10.70336  eV     1   --> A              
     e( 12 - 12) =    -10.64696  eV     1   --> A              
     e( 13 - 13) =     -9.73148  eV     1   --> A              
     e( 14 - 14) =     -9.62376  eV     1   --> A              
     e( 15 - 15) =     -9.27983  eV     1   --> A              
     e( 16 - 16) =     -8.84603  eV     1   --> A              
     e( 17 - 17) =     -8.52123  eV     1   --> A              
     e( 18 - 18) =     -7.96111  eV     1   --> A              
     e( 19 - 19) =     -7.81274  eV     1   --> A              
     e( 20 - 20) =     -7.15819  eV     1   --> A              
     e( 21 - 21) =     -5.60847  eV     1   --> A              
     e( 22 - 22) =     -3.45935  eV     1   --> A              
     e( 23 - 23) =     -3.38332  eV     1   --> A              
     e( 24 - 24) =     -3.35794  eV     1   --> A              
     e( 25 - 25) =     -2.89670  eV     1   --> A              
     e( 26 - 26) =     -0.05119  eV     1   --> A              
     e( 27 - 27) =      0.13846  eV     1   --> A              
     e( 28 - 28) =      1.57009  eV     1   --> A              
     e( 29 - 29) =      1.61487  eV     1   --> A              
     e( 30 - 30) =      2.48928  eV     1   --> A              
     e( 31 - 31) =      2.54098  eV     1   --> A              
     e( 32 - 32) =      2.72254  eV     1   --> A              
     e( 33 - 33) =      3.90198  eV     1   --> A              
     e( 34 - 34) =      4.14756  eV     1   --> A              
     e( 35 - 35) =      4.55181  eV     1   --> A              

 **************************************************************************

 **************************************************************************

                    xk=(   0.09333,   0.16166,   0.00000  )

     Band symmetry, C_1 (1)     point group:

     e(  1 -  1) =    -77.75440  eV     1   --> A              
     e(  2 -  2) =    -49.03727  eV     1   --> A              
     e(  3 -  3) =    -48.99521  eV     1   --> A              
     e(  4 -  4) =    -48.89297  eV     1   --> A              
     e(  5 -  5) =    -23.82828  eV     1   --> A              
     e(  6 -  6) =    -23.74400  eV     1   --> A              
     e(  7 -  7) =    -21.24339  eV     1   --> A              
     e(  8 -  8) =    -19.98901  eV     1   --> A              
     e(  9 -  9) =    -13.46749  eV     1   --> A              
     e( 10 - 10) =    -11.05493  eV     1   --> A              
     e( 11 - 11) =    -10.78167  eV     1   --> A              
     e( 12 - 12) =    -10.71000  eV     1   --> A              
     e( 13 - 13) =     -9.77624  eV     1   --> A              
     e( 14 - 14) =     -9.65861  eV     1   --> A              
     e( 15 - 15) =     -9.30842  eV     1   --> A              
     e( 16 - 16) =     -8.83085  eV     1   --> A              
     e( 17 - 17) =     -8.50568  eV     1   --> A              
     e( 18 - 18) =     -8.00048  eV     1   --> A              
     e( 19 - 19) =     -7.82363  eV     1   --> A              
     e( 20 - 20) =     -7.16408  eV     1   --> A              
     e( 21 - 21) =     -5.63447  eV     1   --> A              
     e( 22 - 22) =     -3.46465  eV     1   --> A              
     e( 23 - 23) =     -3.40113  eV     1   --> A              
     e( 24 - 24) =     -3.36350  eV     1   --> A              
     e( 25 - 25) =     -2.87231  eV     1   --> A              
     e( 26 - 26) =     -0.00507  eV     1   --> A              
     e( 27 - 27) =      0.18020  eV     1   --> A              
     e( 28 - 28) =      1.52061  eV     1   --> A              
     e( 29 - 29) =      1.56587  eV     1   --> A              
     e( 30 - 30) =      2.51281  eV     1   --> A              
     e( 31 - 31) =      2.57217  eV     1   --> A              
     e( 32 - 32) =      2.77319  eV     1   --> A              
     e( 33 - 33) =      3.94094  eV     1   --> A              
     e( 34 - 34) =      4.21761  eV     1   --> A              
     e( 35 - 35) =      4.61913  eV     1   --> A              

 **************************************************************************

 **************************************************************************

                    xk=(   0.09667,   0.16743,   0.00000  )

     Band symmetry, C_1 (1)     point group:

     e(  1 -  1) =    -77.75392  eV     1   --> A              
     e(  2 -  2) =    -49.04088  eV     1   --> A              
     e(  3 -  3) =    -48.99627  eV     1   --> A              
     e(  4 -  4) =    -48.89229  eV     1   --> A              
     e(  5 -  5) =    -23.79777  eV     1   --> A              
     e(  6 -  6) =    -23.71389  eV     1   --> A              
     e(  7 -  7) =    -21.22240  eV     1   --> A              
     e(  8 -  8) =    -19.97814  eV     1   --> A              
     e(  9 -  9) =    -13.45008  eV     1   --> A              
     e( 10 - 10) =    -11.08743  eV     1   --> A              
     e( 11 - 11) =    -10.85978  eV     1   --> A              
     e( 12 - 12) =    -10.76003  eV     1   --> A              
     e( 13 - 13) =     -9.82230  eV     1   --> A              
     e( 14 - 14) =     -9.69489  eV     1   --> A              
     e( 15 - 15) =     -9.33741  eV     1   --> A              
     e( 16 - 16) =     -8.81544  eV     1   --> A              
     e( 17 - 17) =     -8.48999  eV     1   --> A              
     e( 18 - 18) =     -8.04102  eV     1   --> A              
     e( 19 - 19) =     -7.83384  eV     1   --> A              
     e( 20 - 20) =     -7.17081  eV     1   --> A              
     e( 21 - 21) =     -5.66093  eV     1   --> A              
     e( 22 - 22) =     -3.47122  eV     1   --> A              
     e( 23 - 23) =     -3.41827  eV     1   --> A              
     e( 24 - 24) =     -3.36779  eV     1   --> A              
     e( 25 - 25) =     -2.84764  eV     1   --> A              
     e( 26 - 26) =      0.03944  eV     1   --> A              
     e( 27 - 27) =      0.22058  eV     1   --> A              
     e( 28 - 28) =      1.47260  eV     1   --> A              
     e( 29 - 29) =      1.51833  eV     1   --> A              
     e( 30 - 30) =      2.53578  eV     1   --> A              
     e( 31 - 31) =      2.60448  eV     1   --> A              
     e( 32 - 32) =      2.82504  eV     1   --> A              
     e( 33 - 33) =      3.97687  eV     1   --> A              
     e( 34 - 34) =      4.28703  eV     1   --> A              
     e( 35 - 35) =      4.68960  eV     1   --> A              

 **************************************************************************

 **************************************************************************

                    xk=(   0.10000,   0.17321,   0.00000  )

     Band symmetry, C_1 (1)     point group:

     e(  1 -  1) =    -77.75343  eV     1   --> A              
     e(  2 -  2) =    -49.04456  eV     1   --> A              
     e(  3 -  3) =    -48.99736  eV     1   --> A              
     e(  4 -  4) =    -48.89159  eV     1   --> A              
     e(  5 -  5) =    -23.76631  eV     1   --> A              
     e(  6 -  6) =    -23.68283  eV     1   --> A              
     e(  7 -  7) =    -21.20091  eV     1   --> A              
     e(  8 -  8) =    -19.96705  eV     1   --> A              
     e(  9 -  9) =    -13.43286  eV     1   --> A              
     e( 10 - 10) =    -11.13574  eV     1   --> A              
     e( 11 - 11) =    -10.93808  eV     1   --> A              
     e( 12 - 12) =    -10.79421  eV     1   --> A              
     e( 13 - 13) =     -9.86958  eV     1   --> A              
     e( 14 - 14) =     -9.73258  eV     1   --> A              
     e( 15 - 15) =     -9.36678  eV     1   --> A              
     e( 16 - 16) =     -8.79983  eV     1   --> A              
     e( 17 - 17) =     -8.47429  eV     1   --> A              
     e( 18 - 18) =     -8.08256  eV     1   --> A              
     e( 19 - 19) =     -7.84336  eV     1   --> A              
     e( 20 - 20) =     -7.17833  eV     1   --> A              
     e( 21 - 21) =     -5.68774  eV     1   --> A              
     e( 22 - 22) =     -3.48020  eV     1   --> A              
     e( 23 - 23) =     -3.43364  eV     1   --> A              
     e( 24 - 24) =     -3.37080  eV     1   --> A              
     e( 25 - 25) =     -2.82273  eV     1   --> A              
     e( 26 - 26) =      0.08204  eV     1   --> A              
     e( 27 - 27) =      0.25938  eV     1   --> A              
     e( 28 - 28) =      1.42651  eV     1   --> A              
     e( 29 - 29) =      1.47264  eV     1   --> A              
     e( 30 - 30) =      2.55819  eV     1   --> A              
     e( 31 - 31) =      2.63781  eV     1   --> A              
     e( 32 - 32) =      2.87769  eV     1   --> A              
     e( 33 - 33) =      4.00977  eV     1   --> A              
     e( 34 - 34) =      4.35516  eV     1   --> A              
     e( 35 - 35) =      4.76299  eV     1   --> A              

 **************************************************************************

 **************************************************************************

                    xk=(   0.10333,   0.17898,   0.00000  )

     Band symmetry, C_1 (1)     point group:

     e(  1 -  1) =    -77.75294  eV     1   --> A              
     e(  2 -  2) =    -49.04829  eV     1   --> A              
     e(  3 -  3) =    -48.99850  eV     1   --> A              
     e(  4 -  4) =    -48.89088  eV     1   --> A              
     e(  5 -  5) =    -23.73391  eV     1   --> A              
     e(  6 -  6) =    -23.65085  eV     1   --> A              
     e(  7 -  7) =    -21.17897  eV     1   --> A              
     e(  8 -  8) =    -19.95575  eV     1   --> A              
     e(  9 -  9) =    -13.41595  eV     1   --> A              
     e( 10 - 10) =    -11.19809  eV     1   --> A              
     e( 11 - 11) =    -11.01653  eV     1   --> A              
     e( 12 - 12) =    -10.81402  eV     1   --> A              
     e( 13 - 13) =     -9.91800  eV     1   --> A              
     e( 14 - 14) =     -9.77167  eV     1   --> A              
     e( 15 - 15) =     -9.39651  eV     1   --> A              
     e( 16 - 16) =     -8.78408  eV     1   --> A              
     e( 17 - 17) =     -8.45876  eV     1   --> A              
     e( 18 - 18) =     -8.12488  eV     1   --> A              
     e( 19 - 19) =     -7.85216  eV     1   --> A              
     e( 20 - 20) =     -7.18662  eV     1   --> A              
     e( 21 - 21) =     -5.71482  eV     1   --> A              
     e( 22 - 22) =     -3.49271  eV     1   --> A              
     e( 23 - 23) =     -3.44620  eV     1   --> A              
     e( 24 - 24) =     -3.37248  eV     1   --> A              
     e( 25 - 25) =     -2.79765  eV     1   --> A              
     e( 26 - 26) =      0.12239  eV     1   --> A              
     e( 27 - 27) =      0.29630  eV     1   --> A              
     e( 28 - 28) =      1.38283  eV     1   --> A              
     e( 29 - 29) =      1.42921  eV     1   --> A              
     e( 30 - 30) =      2.57999  eV     1   --> A              
     e( 31 - 31) =      2.67200  eV     1   --> A              
     e( 32 - 32) =      2.93089  eV     1   --> A              
     e( 33 - 33) =      4.03975  eV     1   --> A              
     e( 34 - 34) =      4.42133  eV     1   --> A              
     e( 35 - 35) =      4.83894  eV     1   --> A              

 **************************************************************************

 **************************************************************************

                    xk=(   0.10667,   0.18475,   0.00000  )

     Band symmetry, C_1 (1)     point group:

     e(  1 -  1) =    -77.75243  eV     1   --> A              
     e(  2 -  2) =    -49.05207  eV     1   --> A              
     e(  3 -  3) =    -48.99967  eV     1   --> A              
     e(  4 -  4) =    -48.89015  eV     1   --> A              
     e(  5 -  5) =    -23.70058  eV     1   --> A              
     e(  6 -  6) =    -23.61795  eV     1   --> A              
     e(  7 -  7) =    -21.15658  eV     1   --> A              
     e(  8 -  8) =    -19.94427  eV     1   --> A              
     e(  9 -  9) =    -13.39950  eV     1   --> A              
     e( 10 - 10) =    -11.27044  eV     1   --> A              
     e( 11 - 11) =    -11.09486  eV     1   --> A              
     e( 12 - 12) =    -10.82349  eV     1   --> A              
     e( 13 - 13) =     -9.96750  eV     1   --> A              
     e( 14 - 14) =     -9.81212  eV     1   --> A              
     e( 15 - 15) =     -9.42659  eV     1   --> A              
     e( 16 - 16) =     -8.76822  eV     1   --> A              
     e( 17 - 17) =     -8.44368  eV     1   --> A              
     e( 18 - 18) =     -8.16766  eV     1   --> A              
     e( 19 - 19) =     -7.86020  eV     1   --> A              
     e( 20 - 20) =     -7.19565  eV     1   --> A              
     e( 21 - 21) =     -5.74207  eV     1   --> A              
     e( 22 - 22) =     -3.50882  eV     1   --> A              
     e( 23 - 23) =     -3.45591  eV     1   --> A              
     e( 24 - 24) =     -3.37279  eV     1   --> A              
     e( 25 - 25) =     -2.77247  eV     1   --> A              
     e( 26 - 26) =      0.16012  eV     1   --> A              
     e( 27 - 27) =      0.33105  eV     1   --> A              
     e( 28 - 28) =      1.34206  eV     1   --> A              
     e( 29 - 29) =      1.38847  eV     1   --> A              
     e( 30 - 30) =      2.60108  eV     1   --> A              
     e( 31 - 31) =      2.70690  eV     1   --> A              
     e( 32 - 32) =      2.98448  eV     1   --> A              
     e( 33 - 33) =      4.06702  eV     1   --> A              
     e( 34 - 34) =      4.48495  eV     1   --> A              
     e( 35 - 35) =      4.91700  eV     1   --> A              

 **************************************************************************

 **************************************************************************

                    xk=(   0.11000,   0.19053,   0.00000  )

     Band symmetry, C_1 (1)     point group:

     e(  1 -  1) =    -77.75192  eV     1   --> A              
     e(  2 -  2) =    -49.05589  eV     1   --> A              
     e(  3 -  3) =    -49.00087  eV     1   --> A              
     e(  4 -  4) =    -48.88941  eV     1   --> A              
     e(  5 -  5) =    -23.66633  eV     1   --> A              
     e(  6 -  6) =    -23.58414  eV     1   --> A              
     e(  7 -  7) =    -21.13379  eV     1   --> A              
     e(  8 -  8) =    -19.93262  eV     1   --> A              
     e(  9 -  9) =    -13.38366  eV     1   --> A              
     e( 10 - 10) =    -11.34913  eV     1   --> A              
     e( 11 - 11) =    -11.17270  eV     1   --> A              
     e( 12 - 12) =    -10.82630  eV     1   --> A              
     e( 13 - 13) =    -10.01799  eV     1   --> A              
     e( 14 - 14) =     -9.85393  eV     1   --> A              
     e( 15 - 15) =     -9.45699  eV     1   --> A              
     e( 16 - 16) =     -8.75231  eV     1   --> A              
     e( 17 - 17) =     -8.42961  eV     1   --> A              
     e( 18 - 18) =     -8.21032  eV     1   --> A              
     e( 19 - 19) =     -7.86746  eV     1   --> A              
     e( 20 - 20) =     -7.20540  eV     1   --> A              
     e( 21 - 21) =     -5.76942  eV     1   --> A              
     e( 22 - 22) =     -3.52754  eV     1   --> A              
     e( 23 - 23) =     -3.46380  eV     1   --> A              
     e( 24 - 24) =     -3.37172  eV     1   --> A              
     e( 25 - 25) =     -2.74725  eV     1   --> A              
     e( 26 - 26) =      0.19479  eV     1   --> A              
     e( 27 - 27) =      0.36325  eV     1   --> A              
     e( 28 - 28) =      1.30470  eV     1   --> A              
     e( 29 - 29) =      1.35087  eV     1   --> A              
     e( 30 - 30) =      2.62136  eV     1   --> A              
     e( 31 - 31) =      2.74240  eV     1   --> A              
     e( 32 - 32) =      3.03837  eV     1   --> A              
     e( 33 - 33) =      4.09186  eV     1   --> A              
     e( 34 - 34) =      4.54552  eV     1   --> A              
     e( 35 - 35) =      4.99667  eV     1   --> A              

 **************************************************************************

 **************************************************************************

                    xk=(   0.11333,   0.19630,   0.00000  )

     Band symmetry, C_1 (1)     point group:

     e(  1 -  1) =    -77.75140  eV     1   --> A              
     e(  2 -  2) =    -49.05975  eV     1   --> A              
     e(  3 -  3) =    -49.00212  eV     1   --> A              
     e(  4 -  4) =    -48.88866  eV     1   --> A              
     e(  5 -  5) =    -23.63119  eV     1   --> A              
     e(  6 -  6) =    -23.54945  eV     1   --> A              
     e(  7 -  7) =    -21.11062  eV     1   --> A              
     e(  8 -  8) =    -19.92082  eV     1   --> A              
     e(  9 -  9) =    -13.36859  eV     1   --> A              
     e( 10 - 10) =    -11.43169  eV     1   --> A              
     e( 11 - 11) =    -11.24971  eV     1   --> A              
     e( 12 - 12) =    -10.82494  eV     1   --> A              
     e( 13 - 13) =    -10.06942  eV     1   --> A              
     e( 14 - 14) =     -9.89704  eV     1   --> A              
     e( 15 - 15) =     -9.48769  eV     1   --> A              
     e( 16 - 16) =     -8.73640  eV     1   --> A              
     e( 17 - 17) =     -8.41770  eV     1   --> A              
     e( 18 - 18) =     -8.25164  eV     1   --> A              
     e( 19 - 19) =     -7.87389  eV     1   --> A              
     e( 20 - 20) =     -7.21584  eV     1   --> A              
     e( 21 - 21) =     -5.79676  eV     1   --> A              
     e( 22 - 22) =     -3.54784  eV     1   --> A              
     e( 23 - 23) =     -3.47088  eV     1   --> A              
     e( 24 - 24) =     -3.36932  eV     1   --> A              
     e( 25 - 25) =     -2.72205  eV     1   --> A              
     e( 26 - 26) =      0.22597  eV     1   --> A              
     e( 27 - 27) =      0.39252  eV     1   --> A              
     e( 28 - 28) =      1.27129  eV     1   --> A              
     e( 29 - 29) =      1.31690  eV     1   --> A              
     e( 30 - 30) =      2.64073  eV     1   --> A              
     e( 31 - 31) =      2.77834  eV     1   --> A              
     e( 32 - 32) =      3.09250  eV     1   --> A              
     e( 33 - 33) =      4.11458  eV     1   --> A              
     e( 34 - 34) =      4.60274  eV     1   --> A              
     e( 35 - 35) =      5.07735  eV     1   --> A              

 **************************************************************************

 **************************************************************************

                    xk=(   0.11667,   0.20207,   0.00000  )

     Band symmetry, C_1 (1)     point group:

     e(  1 -  1) =    -77.75087  eV     1   --> A              
     e(  2 -  2) =    -49.06363  eV     1   --> A              
     e(  3 -  3) =    -49.00340  eV     1   --> A              
     e(  4 -  4) =    -48.88790  eV     1   --> A              
     e(  5 -  5) =    -23.59517  eV     1   --> A              
     e(  6 -  6) =    -23.51388  eV     1   --> A              
     e(  7 -  7) =    -21.08710  eV     1   --> A              
     e(  8 -  8) =    -19.90888  eV     1   --> A              
     e(  9 -  9) =    -13.35451  eV     1   --> A              
     e( 10 - 10) =    -11.51662  eV     1   --> A              
     e( 11 - 11) =    -11.32554  eV     1   --> A              
     e( 12 - 12) =    -10.82095  eV     1   --> A              
     e( 13 - 13) =    -10.12171  eV     1   --> A              
     e( 14 - 14) =     -9.94141  eV     1   --> A              
     e( 15 - 15) =     -9.51865  eV     1   --> A              
     e( 16 - 16) =     -8.72060  eV     1   --> A              
     e( 17 - 17) =     -8.41095  eV     1   --> A              
     e( 18 - 18) =     -8.28857  eV     1   --> A              
     e( 19 - 19) =     -7.87947  eV     1   --> A              
     e( 20 - 20) =     -7.22696  eV     1   --> A              
     e( 21 - 21) =     -5.82403  eV     1   --> A              
     e( 22 - 22) =     -3.56908  eV     1   --> A              
     e( 23 - 23) =     -3.47775  eV     1   --> A              
     e( 24 - 24) =     -3.36565  eV     1   --> A              
     e( 25 - 25) =     -2.69693  eV     1   --> A              
     e( 26 - 26) =      0.25316  eV     1   --> A              
     e( 27 - 27) =      0.41839  eV     1   --> A              
     e( 28 - 28) =      1.24237  eV     1   --> A              
     e( 29 - 29) =      1.28710  eV     1   --> A              
     e( 30 - 30) =      2.65907  eV     1   --> A              
     e( 31 - 31) =      2.81461  eV     1   --> A              
     e( 32 - 32) =      3.14687  eV     1   --> A              
     e( 33 - 33) =      4.13552  eV     1   --> A              
     e( 34 - 34) =      4.65647  eV     1   --> A              
     e( 35 - 35) =      5.15843  eV     1   --> A              

 **************************************************************************

 **************************************************************************

                    xk=(   0.12000,   0.20785,   0.00000  )

     Band symmetry, C_1 (1)     point group:

     e(  1 -  1) =    -77.75033  eV     1   --> A              
     e(  2 -  2) =    -49.06754  eV     1   --> A              
     e(  3 -  3) =    -49.00472  eV     1   --> A              
     e(  4 -  4) =    -48.88713  eV     1   --> A              
     e(  5 -  5) =    -23.55828  eV     1   --> A              
     e(  6 -  6) =    -23.47746  eV     1   --> A              
     e(  7 -  7) =    -21.06326  eV     1   --> A              
     e(  8 -  8) =    -19.89684  eV     1   --> A              
     e(  9 -  9) =    -13.34162  eV     1   --> A              
     e( 10 - 10) =    -11.60297  eV     1   --> A              
     e( 11 - 11) =    -11.39986  eV     1   --> A              
     e( 12 - 12) =    -10.81524  eV     1   --> A              
     e( 13 - 13) =    -10.17482  eV     1   --> A              
     e( 14 - 14) =     -9.98698  eV     1   --> A              
     e( 15 - 15) =     -9.54984  eV     1   --> A              
     e( 16 - 16) =     -8.70502  eV     1   --> A              
     e( 17 - 17) =     -8.41641  eV     1   --> A              
     e( 18 - 18) =     -8.31396  eV     1   --> A              
     e( 19 - 19) =     -7.88417  eV     1   --> A              
     e( 20 - 20) =     -7.23874  eV     1   --> A              
     e( 21 - 21) =     -5.85112  eV     1   --> A              
     e( 22 - 22) =     -3.59087  eV     1   --> A              
     e( 23 - 23) =     -3.48469  eV     1   --> A              
     e( 24 - 24) =     -3.36081  eV     1   --> A              
     e( 25 - 25) =     -2.67198  eV     1   --> A              
     e( 26 - 26) =      0.27591  eV     1   --> A              
     e( 27 - 27) =      0.44040  eV     1   --> A              
     e( 28 - 28) =      1.21845  eV     1   --> A              
     e( 29 - 29) =      1.26200  eV     1   --> A              
     e( 30 - 30) =      2.67628  eV     1   --> A              
     e( 31 - 31) =      2.85106  eV     1   --> A              
     e( 32 - 32) =      3.20149  eV     1   --> A              
     e( 33 - 33) =      4.15504  eV     1   --> A              
     e( 34 - 34) =      4.70678  eV     1   --> A              
     e( 35 - 35) =      5.23922  eV     1   --> A              

 **************************************************************************

 **************************************************************************

                    xk=(   0.12333,   0.21362,   0.00000  )

     Band symmetry, C_1 (1)     point group:

     e(  1 -  1) =    -77.74979  eV     1   --> A              
     e(  2 -  2) =    -49.07147  eV     1   --> A              
     e(  3 -  3) =    -49.00607  eV     1   --> A              
     e(  4 -  4) =    -48.88635  eV     1   --> A              
     e(  5 -  5) =    -23.52055  eV     1   --> A              
     e(  6 -  6) =    -23.44020  eV     1   --> A              
     e(  7 -  7) =    -21.03913  eV     1   --> A              
     e(  8 -  8) =    -19.88471  eV     1   --> A              
     e(  9 -  9) =    -13.33019  eV     1   --> A              
     e( 10 - 10) =    -11.69013  eV     1   --> A              
     e( 11 - 11) =    -11.47235  eV     1   --> A              
     e( 12 - 12) =    -10.80842  eV     1   --> A              
     e( 13 - 13) =    -10.22870  eV     1   --> A              
     e( 14 - 14) =    -10.03369  eV     1   --> A              
     e( 15 - 15) =     -9.58122  eV     1   --> A              
     e( 16 - 16) =     -8.68990  eV     1   --> A              
     e( 17 - 17) =     -8.44039  eV     1   --> A              
     e( 18 - 18) =     -8.32130  eV     1   --> A              
     e( 19 - 19) =     -7.88794  eV     1   --> A              
     e( 20 - 20) =     -7.25115  eV     1   --> A              
     e( 21 - 21) =     -5.87795  eV     1   --> A              
     e( 22 - 22) =     -3.61300  eV     1   --> A              
     e( 23 - 23) =     -3.49186  eV     1   --> A              
     e( 24 - 24) =     -3.35489  eV     1   --> A              
     e( 25 - 25) =     -2.64724  eV     1   --> A              
     e( 26 - 26) =      0.29381  eV     1   --> A              
     e( 27 - 27) =      0.45810  eV     1   --> A              
     e( 28 - 28) =      1.19996  eV     1   --> A              
     e( 29 - 29) =      1.24213  eV     1   --> A              
     e( 30 - 30) =      2.69229  eV     1   --> A              
     e( 31 - 31) =      2.88755  eV     1   --> A              
     e( 32 - 32) =      3.25636  eV     1   --> A              
     e( 33 - 33) =      4.17353  eV     1   --> A              
     e( 34 - 34) =      4.75390  eV     1   --> A              
     e( 35 - 35) =      5.31905  eV     1   --> A              

 **************************************************************************

 **************************************************************************

                    xk=(   0.12667,   0.21939,   0.00000  )

     Band symmetry, C_1 (1)     point group:

     e(  1 -  1) =    -77.74925  eV     1   --> A              
     e(  2 -  2) =    -49.07540  eV     1   --> A              
     e(  3 -  3) =    -49.00747  eV     1   --> A              
     e(  4 -  4) =    -48.88557  eV     1   --> A              
     e(  5 -  5) =    -23.48199  eV     1   --> A              
     e(  6 -  6) =    -23.40213  eV     1   --> A              
     e(  7 -  7) =    -21.01475  eV     1   --> A              
     e(  8 -  8) =    -19.87251  eV     1   --> A              
     e(  9 -  9) =    -13.32046  eV     1   --> A              
     e( 10 - 10) =    -11.77771  eV     1   --> A              
     e( 11 - 11) =    -11.54264  eV     1   --> A              
     e( 12 - 12) =    -10.80091  eV     1   --> A              
     e( 13 - 13) =    -10.28328  eV     1   --> A              
     e( 14 - 14) =    -10.08144  eV     1   --> A              
     e( 15 - 15) =     -9.61275  eV     1   --> A              
     e( 16 - 16) =     -8.67569  eV     1   --> A              
     e( 17 - 17) =     -8.47691  eV     1   --> A              
     e( 18 - 18) =     -8.31617  eV     1   --> A              
     e( 19 - 19) =     -7.89077  eV     1   --> A              
     e( 20 - 20) =     -7.26418  eV     1   --> A              
     e( 21 - 21) =     -5.90445  eV     1   --> A              
     e( 22 - 22) =     -3.63531  eV     1   --> A              
     e( 23 - 23) =     -3.49932  eV     1   --> A              
     e( 24 - 24) =     -3.34799  eV     1   --> A              
     e( 25 - 25) =     -2.62280  eV     1   --> A              
     e( 26 - 26) =      0.30658  eV     1   --> A              
     e( 27 - 27) =      0.47112  eV     1   --> A              
     e( 28 - 28) =      1.18721  eV     1   --> A              
     e( 29 - 29) =      1.22794  eV     1   --> A              
     e( 30 - 30) =      2.70704  eV     1   --> A              
     e( 31 - 31) =      2.92395  eV     1   --> A              
     e( 32 - 32) =      3.31154  eV     1   --> A              
     e( 33 - 33) =      4.19136  eV     1   --> A              
     e( 34 - 34) =      4.79813  eV     1   --> A              
     e( 35 - 35) =      5.39718  eV     1   --> A              

 **************************************************************************

 **************************************************************************

                    xk=(   0.13000,   0.22517,   0.00000  )

     Band symmetry, C_1 (1)     point group:

     e(  1 -  1) =    -77.74870  eV     1   --> A              
     e(  2 -  2) =    -49.07934  eV     1   --> A              
     e(  3 -  3) =    -49.00890  eV     1   --> A              
     e(  4 -  4) =    -48.88478  eV     1   --> A              
     e(  5 -  5) =    -23.44261  eV     1   --> A              
     e(  6 -  6) =    -23.36325  eV     1   --> A              
     e(  7 -  7) =    -20.99015  eV     1   --> A              
     e(  8 -  8) =    -19.86026  eV     1   --> A              
     e(  9 -  9) =    -13.31275  eV     1   --> A              
     e( 10 - 10) =    -11.86540  eV     1   --> A              
     e( 11 - 11) =    -11.61037  eV     1   --> A              
     e( 12 - 12) =    -10.79302  eV     1   --> A              
     e( 13 - 13) =    -10.33851  eV     1   --> A              
     e( 14 - 14) =    -10.13012  eV     1   --> A              
     e( 15 - 15) =     -9.64438  eV     1   --> A              
     e( 16 - 16) =     -8.66352  eV     1   --> A              
     e( 17 - 17) =     -8.51741  eV     1   --> A              
     e( 18 - 18) =     -8.30604  eV     1   --> A              
     e( 19 - 19) =     -7.89261  eV     1   --> A              
     e( 20 - 20) =     -7.27780  eV     1   --> A              
     e( 21 - 21) =     -5.93054  eV     1   --> A              
     e( 22 - 22) =     -3.65768  eV     1   --> A              
     e( 23 - 23) =     -3.50711  eV     1   --> A              
     e( 24 - 24) =     -3.34020  eV     1   --> A              
     e( 25 - 25) =     -2.59870  eV     1   --> A              
     e( 26 - 26) =      0.31411  eV     1   --> A              
     e( 27 - 27) =      0.47922  eV     1   --> A              
     e( 28 - 28) =      1.18032  eV     1   --> A              
     e( 29 - 29) =      1.21973  eV     1   --> A              
     e( 30 - 30) =      2.72052  eV     1   --> A              
     e( 31 - 31) =      2.96011  eV     1   --> A              
     e( 32 - 32) =      3.36706  eV     1   --> A              
     e( 33 - 33) =      4.20894  eV     1   --> A              
     e( 34 - 34) =      4.83979  eV     1   --> A              
     e( 35 - 35) =      5.47287  eV     1   --> A              

 **************************************************************************

 **************************************************************************

                    xk=(   0.13333,   0.23094,   0.00000  )

     Band symmetry, C_1 (1)     point group:

     e(  1 -  1) =    -77.74814  eV     1   --> A              
     e(  2 -  2) =    -49.08328  eV     1   --> A              
     e(  3 -  3) =    -49.01036  eV     1   --> A              
     e(  4 -  4) =    -48.88398  eV     1   --> A              
     e(  5 -  5) =    -23.40245  eV     1   --> A              
     e(  6 -  6) =    -23.32358  eV     1   --> A              
     e(  7 -  7) =    -20.96536  eV     1   --> A              
     e(  8 -  8) =    -19.84798  eV     1   --> A              
     e(  9 -  9) =    -13.30739  eV     1   --> A              
     e( 10 - 10) =    -11.95297  eV     1   --> A              
     e( 11 - 11) =    -11.67516  eV     1   --> A              
     e( 12 - 12) =    -10.78505  eV     1   --> A              
     e( 13 - 13) =    -10.39436  eV     1   --> A              
     e( 14 - 14) =    -10.17957  eV     1   --> A              
     e( 15 - 15) =     -9.67607  eV     1   --> A              
     e( 16 - 16) =     -8.65687  eV     1   --> A              
     e( 17 - 17) =     -8.55519  eV     1   --> A              
     e( 18 - 18) =     -8.29420  eV     1   --> A              
     e( 19 - 19) =     -7.89344  eV     1   --> A              
     e( 20 - 20) =     -7.29199  eV     1   --> A              
     e( 21 - 21) =     -5.95613  eV     1   --> A              
     e( 22 - 22) =     -3.68001  eV     1   --> A              
     e( 23 - 23) =     -3.51525  eV     1   --> A              
     e( 24 - 24) =     -3.33161  eV     1   --> A              
     e( 25 - 25) =     -2.57503  eV     1   --> A              
     e( 26 - 26) =      0.31652  eV     1   --> A              
     e( 27 - 27) =      0.48239  eV     1   --> A              
     e( 28 - 28) =      1.17919  eV     1   --> A              
     e( 29 - 29) =      1.21756  eV     1   --> A              
     e( 30 - 30) =      2.73272  eV     1   --> A              
     e( 31 - 31) =      2.99587  eV     1   --> A              
     e( 32 - 32) =      3.42296  eV     1   --> A              
     e( 33 - 33) =      4.22663  eV     1   --> A              
     e( 34 - 34) =      4.87911  eV     1   --> A              
     e( 35 - 35) =      5.54535  eV     1   --> A              

 **************************************************************************

 **************************************************************************

                    xk=(   0.13667,   0.23671,   0.00000  )

     Band symmetry, C_1 (1)     point group:

     e(  1 -  1) =    -77.74759  eV     1   --> A              
     e(  2 -  2) =    -49.08721  eV     1   --> A              
     e(  3 -  3) =    -49.01186  eV     1   --> A              
     e(  4 -  4) =    -48.88318  eV     1   --> A              
     e(  5 -  5) =    -23.36152  eV     1   --> A              
     e(  6 -  6) =    -23.28316  eV     1   --> A              
     e(  7 -  7) =    -20.94042  eV     1   --> A              
     e(  8 -  8) =    -19.83570  eV     1   --> A              
     e(  9 -  9) =    -13.30469  eV     1   --> A              
     e( 10 - 10) =    -12.04024  eV     1   --> A              
     e( 11 - 11) =    -11.73661  eV     1   --> A              
     e( 12 - 12) =    -10.77728  eV     1   --> A              
     e( 13 - 13) =    -10.45074  eV     1   --> A              
     e( 14 - 14) =    -10.22958  eV     1   --> A              
     e( 15 - 15) =     -9.70777  eV     1   --> A              
     e( 16 - 16) =     -8.66562  eV     1   --> A              
     e( 17 - 17) =     -8.57910  eV     1   --> A              
     e( 18 - 18) =     -8.28197  eV     1   --> A              
     e( 19 - 19) =     -7.89323  eV     1   --> A              
     e( 20 - 20) =     -7.30674  eV     1   --> A              
     e( 21 - 21) =     -5.98115  eV     1   --> A              
     e( 22 - 22) =     -3.70223  eV     1   --> A              
     e( 23 - 23) =     -3.52375  eV     1   --> A              
     e( 24 - 24) =     -3.32230  eV     1   --> A              
     e( 25 - 25) =     -2.55185  eV     1   --> A              
     e( 26 - 26) =      0.31415  eV     1   --> A              
     e( 27 - 27) =      0.48081  eV     1   --> A              
     e( 28 - 28) =      1.18353  eV     1   --> A              
     e( 29 - 29) =      1.22125  eV     1   --> A              
     e( 30 - 30) =      2.74369  eV     1   --> A              
     e( 31 - 31) =      3.03108  eV     1   --> A              
     e( 32 - 32) =      3.47928  eV     1   --> A              
     e( 33 - 33) =      4.24484  eV     1   --> A              
     e( 34 - 34) =      4.91629  eV     1   --> A              
     e( 35 - 35) =      5.61381  eV     1   --> A              

 **************************************************************************

 **************************************************************************

                    xk=(   0.14000,   0.24249,   0.00000  )

     Band symmetry, C_1 (1)     point group:

     e(  1 -  1) =    -77.74703  eV     1   --> A              
     e(  2 -  2) =    -49.09112  eV     1   --> A              
     e(  3 -  3) =    -49.01340  eV     1   --> A              
     e(  4 -  4) =    -48.88237  eV     1   --> A              
     e(  5 -  5) =    -23.31985  eV     1   --> A              
     e(  6 -  6) =    -23.24200  eV     1   --> A              
     e(  7 -  7) =    -20.91536  eV     1   --> A              
     e(  8 -  8) =    -19.82344  eV     1   --> A              
     e(  9 -  9) =    -13.30503  eV     1   --> A              
     e( 10 - 10) =    -12.12706  eV     1   --> A              
     e( 11 - 11) =    -11.79432  eV     1   --> A              
     e( 12 - 12) =    -10.77008  eV     1   --> A              
     e( 13 - 13) =    -10.50762  eV     1   --> A              
     e( 14 - 14) =    -10.27986  eV     1   --> A              
     e( 15 - 15) =     -9.73942  eV     1   --> A              
     e( 16 - 16) =     -8.69665  eV     1   --> A              
     e( 17 - 17) =     -8.58172  eV     1   --> A              
     e( 18 - 18) =     -8.26996  eV     1   --> A              
     e( 19 - 19) =     -7.89194  eV     1   --> A              
     e( 20 - 20) =     -7.32203  eV     1   --> A              
     e( 21 - 21) =     -6.00553  eV     1   --> A              
     e( 22 - 22) =     -3.72425  eV     1   --> A              
     e( 23 - 23) =     -3.53261  eV     1   --> A              
     e( 24 - 24) =     -3.31232  eV     1   --> A              
     e( 25 - 25) =     -2.52921  eV     1   --> A              
     e( 26 - 26) =      0.30751  eV     1   --> A              
     e( 27 - 27) =      0.47490  eV     1   --> A              
     e( 28 - 28) =      1.19288  eV     1   --> A              
     e( 29 - 29) =      1.23037  eV     1   --> A              
     e( 30 - 30) =      2.75350  eV     1   --> A              
     e( 31 - 31) =      3.06556  eV     1   --> A              
     e( 32 - 32) =      3.53604  eV     1   --> A              
     e( 33 - 33) =      4.26395  eV     1   --> A              
     e( 34 - 34) =      4.95135  eV     1   --> A              
     e( 35 - 35) =      5.67741  eV     1   --> A              

 **************************************************************************

 **************************************************************************

                    xk=(   0.14333,   0.24826,   0.00000  )

     Band symmetry, C_1 (1)     point group:

     e(  1 -  1) =    -77.74646  eV     1   --> A              
     e(  2 -  2) =    -49.09501  eV     1   --> A              
     e(  3 -  3) =    -49.01498  eV     1   --> A              
     e(  4 -  4) =    -48.88157  eV     1   --> A              
     e(  5 -  5) =    -23.27745  eV     1   --> A              
     e(  6 -  6) =    -23.20013  eV     1   --> A              
     e(  7 -  7) =    -20.89022  eV     1   --> A              
     e(  8 -  8) =    -19.81123  eV     1   --> A              
     e(  9 -  9) =    -13.30875  eV     1   --> A              
     e( 10 - 10) =    -12.21331  eV     1   --> A              
     e( 11 - 11) =    -11.84790  eV     1   --> A              
     e( 12 - 12) =    -10.76397  eV     1   --> A              
     e( 13 - 13) =    -10.56487  eV     1   --> A              
     e( 14 - 14) =    -10.32997  eV     1   --> A              
     e( 15 - 15) =     -9.77097  eV     1   --> A              
     e( 16 - 16) =     -8.73954  eV     1   --> A              
     e( 17 - 17) =     -8.57316  eV     1   --> A              
     e( 18 - 18) =     -8.25854  eV     1   --> A              
     e( 19 - 19) =     -7.88957  eV     1   --> A              
     e( 20 - 20) =     -7.33781  eV     1   --> A              
     e( 21 - 21) =     -6.02919  eV     1   --> A              
     e( 22 - 22) =     -3.74602  eV     1   --> A              
     e( 23 - 23) =     -3.54183  eV     1   --> A              
     e( 24 - 24) =     -3.30175  eV     1   --> A              
     e( 25 - 25) =     -2.50718  eV     1   --> A              
     e( 26 - 26) =      0.29723  eV     1   --> A              
     e( 27 - 27) =      0.46523  eV     1   --> A              
     e( 28 - 28) =      1.20665  eV     1   --> A              
     e( 29 - 29) =      1.24433  eV     1   --> A              
     e( 30 - 30) =      2.76226  eV     1   --> A              
     e( 31 - 31) =      3.09918  eV     1   --> A              
     e( 32 - 32) =      3.59326  eV     1   --> A              
     e( 33 - 33) =      4.28432  eV     1   --> A              
     e( 34 - 34) =      4.98423  eV     1   --> A              
     e( 35 - 35) =      5.73522  eV     1   --> A              

 **************************************************************************

 **************************************************************************

                    xk=(   0.14667,   0.25403,   0.00000  )

     Band symmetry, C_1 (1)     point group:

     e(  1 -  1) =    -77.74590  eV     1   --> A              
     e(  2 -  2) =    -49.09888  eV     1   --> A              
     e(  3 -  3) =    -49.01659  eV     1   --> A              
     e(  4 -  4) =    -48.88076  eV     1   --> A              
     e(  5 -  5) =    -23.23436  eV     1   --> A              
     e(  6 -  6) =    -23.15757  eV     1   --> A              
     e(  7 -  7) =    -20.86505  eV     1   --> A              
     e(  8 -  8) =    -19.79908  eV     1   --> A              
     e(  9 -  9) =    -13.31617  eV     1   --> A              
     e( 10 - 10) =    -12.29886  eV     1   --> A              
     e( 11 - 11) =    -11.89697  eV     1   --> A              
     e( 12 - 12) =    -10.75977  eV     1   --> A              
     e( 13 - 13) =    -10.62232  eV     1   --> A              
     e( 14 - 14) =    -10.37925  eV     1   --> A              
     e( 15 - 15) =     -9.80237  eV     1   --> A              
     e( 16 - 16) =     -8.78663  eV     1   --> A              
     e( 17 - 17) =     -8.56092  eV     1   --> A              
     e( 18 - 18) =     -8.24795  eV     1   --> A              
     e( 19 - 19) =     -7.88611  eV     1   --> A              
     e( 20 - 20) =     -7.35407  eV     1   --> A              
     e( 21 - 21) =     -6.05206  eV     1   --> A              
     e( 22 - 22) =     -3.76746  eV     1   --> A              
     e( 23 - 23) =     -3.55141  eV     1   --> A              
     e( 24 - 24) =     -3.29064  eV     1   --> A              
     e( 25 - 25) =     -2.48583  eV     1   --> A              
     e( 26 - 26) =      0.28400  eV     1   --> A              
     e( 27 - 27) =      0.45244  eV     1   --> A              
     e( 28 - 28) =      1.22424  eV     1   --> A              
     e( 29 - 29) =      1.26244  eV     1   --> A              
     e( 30 - 30) =      2.77009  eV     1   --> A              
     e( 31 - 31) =      3.13178  eV     1   --> A              
     e( 32 - 32) =      3.65091  eV     1   --> A              
     e( 33 - 33) =      4.30631  eV     1   --> A              
     e( 34 - 34) =      5.01474  eV     1   --> A              
     e( 35 - 35) =      5.78621  eV     1   --> A              

 **************************************************************************

 **************************************************************************

                    xk=(   0.15000,   0.25981,   0.00000  )

     Band symmetry, C_1 (1)     point group:

     e(  1 -  1) =    -77.74534  eV     1   --> A              
     e(  2 -  2) =    -49.10271  eV     1   --> A              
     e(  3 -  3) =    -49.01823  eV     1   --> A              
     e(  4 -  4) =    -48.87995  eV     1   --> A              
     e(  5 -  5) =    -23.19060  eV     1   --> A              
     e(  6 -  6) =    -23.11434  eV     1   --> A              
     e(  7 -  7) =    -20.83987  eV     1   --> A              
     e(  8 -  8) =    -19.78702  eV     1   --> A              
     e(  9 -  9) =    -13.32758  eV     1   --> A              
     e( 10 - 10) =    -12.38362  eV     1   --> A              
     e( 11 - 11) =    -11.94123  eV     1   --> A              
     e( 12 - 12) =    -10.75914  eV     1   --> A              
     e( 13 - 13) =    -10.67933  eV     1   --> A              
     e( 14 - 14) =    -10.42662  eV     1   --> A              
     e( 15 - 15) =     -9.83356  eV     1   --> A              
     e( 16 - 16) =     -8.83537  eV     1   --> A              
     e( 17 - 17) =     -8.54741  eV     1   --> A              
     e( 18 - 18) =     -8.23837  eV     1   --> A              
     e( 19 - 19) =     -7.88155  eV     1   --> A              
     e( 20 - 20) =     -7.37077  eV     1   --> A              
     e( 21 - 21) =     -6.07407  eV     1   --> A              
     e( 22 - 22) =     -3.78852  eV     1   --> A              
     e( 23 - 23) =     -3.56134  eV     1   --> A              
     e( 24 - 24) =     -3.27905  eV     1   --> A              
     e( 25 - 25) =     -2.46520  eV     1   --> A              
     e( 26 - 26) =      0.26848  eV     1   --> A              
     e( 27 - 27) =      0.43718  eV     1   --> A              
     e( 28 - 28) =      1.24504  eV     1   --> A              
     e( 29 - 29) =      1.28398  eV     1   --> A              
     e( 30 - 30) =      2.77714  eV     1   --> A              
     e( 31 - 31) =      3.16322  eV     1   --> A              
     e( 32 - 32) =      3.70898  eV     1   --> A              
     e( 33 - 33) =      4.33025  eV     1   --> A              
     e( 34 - 34) =      5.04258  eV     1   --> A              
     e( 35 - 35) =      5.82918  eV     1   --> A              

 **************************************************************************

 **************************************************************************

                    xk=(   0.15333,   0.26558,   0.00000  )

     Band symmetry, C_1 (1)     point group:

     e(  1 -  1) =    -77.74478  eV     1   --> A              
     e(  2 -  2) =    -49.10651  eV     1   --> A              
     e(  3 -  3) =    -49.01992  eV     1   --> A              
     e(  4 -  4) =    -48.87914  eV     1   --> A              
     e(  5 -  5) =    -23.14619  eV     1   --> A              
     e(  6 -  6) =    -23.07047  eV     1   --> A              
     e(  7 -  7) =    -20.81472  eV     1   --> A              
     e(  8 -  8) =    -19.77508  eV     1   --> A              
     e(  9 -  9) =    -13.34317  eV     1   --> A              
     e( 10 - 10) =    -12.46749  eV     1   --> A              
     e( 11 - 11) =    -11.98042  eV     1   --> A              
     e( 12 - 12) =    -10.76779  eV     1   --> A              
     e( 13 - 13) =    -10.73181  eV     1   --> A              
     e( 14 - 14) =    -10.47043  eV     1   --> A              
     e( 15 - 15) =     -9.86449  eV     1   --> A              
     e( 16 - 16) =     -8.88484  eV     1   --> A              
     e( 17 - 17) =     -8.53347  eV     1   --> A              
     e( 18 - 18) =     -8.22997  eV     1   --> A              
     e( 19 - 19) =     -7.87592  eV     1   --> A              
     e( 20 - 20) =     -7.38787  eV     1   --> A              
     e( 21 - 21) =     -6.09515  eV     1   --> A              
     e( 22 - 22) =     -3.80916  eV     1   --> A              
     e( 23 - 23) =     -3.57160  eV     1   --> A              
     e( 24 - 24) =     -3.26703  eV     1   --> A              
     e( 25 - 25) =     -2.44537  eV     1   --> A              
     e( 26 - 26) =      0.25130  eV     1   --> A              
     e( 27 - 27) =      0.42004  eV     1   --> A              
     e( 28 - 28) =      1.26847  eV     1   --> A              
     e( 29 - 29) =      1.30830  eV     1   --> A              
     e( 30 - 30) =      2.78359  eV     1   --> A              
     e( 31 - 31) =      3.19340  eV     1   --> A              
     e( 32 - 32) =      3.76739  eV     1   --> A              
     e( 33 - 33) =      4.35643  eV     1   --> A              
     e( 34 - 34) =      5.06738  eV     1   --> A              
     e( 35 - 35) =      5.86258  eV     1   --> A              

 **************************************************************************

 **************************************************************************

                    xk=(   0.15667,   0.27135,   0.00000  )

     Band symmetry, C_1 (1)     point group:

     e(  1 -  1) =    -77.74421  eV     1   --> A              
     e(  2 -  2) =    -49.11026  eV     1   --> A              
     e(  3 -  3) =    -49.02163  eV     1   --> A              
     e(  4 -  4) =    -48.87833  eV     1   --> A              
     e(  5 -  5) =    -23.10116  eV     1   --> A              
     e(  6 -  6) =    -23.02599  eV     1   --> A              
     e(  7 -  7) =    -20.78966  eV     1   --> A              
     e(  8 -  8) =    -19.76328  eV     1   --> A              
     e(  9 -  9) =    -13.36306  eV     1   --> A              
     e( 10 - 10) =    -12.55038  eV     1   --> A              
     e( 11 - 11) =    -12.01440  eV     1   --> A              
     e( 12 - 12) =    -10.80714  eV     1   --> A              
     e( 13 - 13) =    -10.76070  eV     1   --> A              
     e( 14 - 14) =    -10.50826  eV     1   --> A              
     e( 15 - 15) =     -9.89511  eV     1   --> A              
     e( 16 - 16) =     -8.93461  eV     1   --> A              
     e( 17 - 17) =     -8.51945  eV     1   --> A              
     e( 18 - 18) =     -8.22285  eV     1   --> A              
     e( 19 - 19) =     -7.86924  eV     1   --> A              
     e( 20 - 20) =     -7.40532  eV     1   --> A              
     e( 21 - 21) =     -6.11523  eV     1   --> A              
     e( 22 - 22) =     -3.82934  eV     1   --> A              
     e( 23 - 23) =     -3.58219  eV     1   --> A              
     e( 24 - 24) =     -3.25462  eV     1   --> A              
     e( 25 - 25) =     -2.42637  eV     1   --> A              
     e( 26 - 26) =      0.23300  eV     1   --> A              
     e( 27 - 27) =      0.40156  eV     1   --> A              
     e( 28 - 28) =      1.29403  eV     1   --> A              
     e( 29 - 29) =      1.33479  eV     1   --> A              
     e( 30 - 30) =      2.78963  eV     1   --> A              
     e( 31 - 31) =      3.22222  eV     1   --> A              
     e( 32 - 32) =      3.82603  eV     1   --> A              
     e( 33 - 33) =      4.38511  eV     1   --> A              
     e( 34 - 34) =      5.08875  eV     1   --> A              
     e( 35 - 35) =      5.88437  eV     1   --> A              

 **************************************************************************

 **************************************************************************

                    xk=(   0.16000,   0.27713,   0.00000  )

     Band symmetry, C_1 (1)     point group:

     e(  1 -  1) =    -77.74365  eV     1   --> A              
     e(  2 -  2) =    -49.11395  eV     1   --> A              
     e(  3 -  3) =    -49.02338  eV     1   --> A              
     e(  4 -  4) =    -48.87752  eV     1   --> A              
     e(  5 -  5) =    -23.05554  eV     1   --> A              
     e(  6 -  6) =    -22.98093  eV     1   --> A              
     e(  7 -  7) =    -20.76471  eV     1   --> A              
     e(  8 -  8) =    -19.75164  eV     1   --> A              
     e(  9 -  9) =    -13.38724  eV     1   --> A              
     e( 10 - 10) =    -12.63221  eV     1   --> A              
     e( 11 - 11) =    -12.04314  eV     1   --> A              
     e( 12 - 12) =    -10.86358  eV     1   --> A              
     e( 13 - 13) =    -10.78226  eV     1   --> A              
     e( 14 - 14) =    -10.53738  eV     1   --> A              
     e( 15 - 15) =     -9.92537  eV     1   --> A              
     e( 16 - 16) =     -8.98441  eV     1   --> A              
     e( 17 - 17) =     -8.50554  eV     1   --> A              
     e( 18 - 18) =     -8.21713  eV     1   --> A              
     e( 19 - 19) =     -7.86158  eV     1   --> A              
     e( 20 - 20) =     -7.42308  eV     1   --> A              
     e( 21 - 21) =     -6.13426  eV     1   --> A              
     e( 22 - 22) =     -3.84902  eV     1   --> A              
     e( 23 - 23) =     -3.59307  eV     1   --> A              
     e( 24 - 24) =     -3.24187  eV     1   --> A              
     e( 25 - 25) =     -2.40827  eV     1   --> A              
     e( 26 - 26) =      0.21404  eV     1   --> A              
     e( 27 - 27) =      0.38220  eV     1   --> A              
     e( 28 - 28) =      1.32128  eV     1   --> A              
     e( 29 - 29) =      1.36295  eV     1   --> A              
     e( 30 - 30) =      2.79545  eV     1   --> A              
     e( 31 - 31) =      3.24963  eV     1   --> A              
     e( 32 - 32) =      3.88476  eV     1   --> A              
     e( 33 - 33) =      4.41650  eV     1   --> A              
     e( 34 - 34) =      5.10632  eV     1   --> A              
     e( 35 - 35) =      5.89193  eV     1   --> A              

 **************************************************************************

 **************************************************************************

                    xk=(   0.16333,   0.28290,   0.00000  )

     Band symmetry, C_1 (1)     point group:

     e(  1 -  1) =    -77.74309  eV     1   --> A              
     e(  2 -  2) =    -49.11759  eV     1   --> A              
     e(  3 -  3) =    -49.02517  eV     1   --> A              
     e(  4 -  4) =    -48.87672  eV     1   --> A              
     e(  5 -  5) =    -23.00937  eV     1   --> A              
     e(  6 -  6) =    -22.93531  eV     1   --> A              
     e(  7 -  7) =    -20.73992  eV     1   --> A              
     e(  8 -  8) =    -19.74020  eV     1   --> A              
     e(  9 -  9) =    -13.41561  eV     1   --> A              
     e( 10 - 10) =    -12.71289  eV     1   --> A              
     e( 11 - 11) =    -12.06670  eV     1   --> A              
     e( 12 - 12) =    -10.92252  eV     1   --> A              
     e( 13 - 13) =    -10.81256  eV     1   --> A              
     e( 14 - 14) =    -10.55629  eV     1   --> A              
     e( 15 - 15) =     -9.95522  eV     1   --> A              
     e( 16 - 16) =     -9.03406  eV     1   --> A              
     e( 17 - 17) =     -8.49187  eV     1   --> A              
     e( 18 - 18) =     -8.21288  eV     1   --> A              
     e( 19 - 19) =     -7.85303  eV     1   --> A              
     e( 20 - 20) =     -7.44106  eV     1   --> A              
     e( 21 - 21) =     -6.15217  eV     1   --> A              
     e( 22 - 22) =     -3.86818  eV     1   --> A              
     e( 23 - 23) =     -3.60421  eV     1   --> A              
     e( 24 - 24) =     -3.22882  eV     1   --> A              
     e( 25 - 25) =     -2.39110  eV     1   --> A              
     e( 26 - 26) =      0.19481  eV     1   --> A              
     e( 27 - 27) =      0.36232  eV     1   --> A              
     e( 28 - 28) =      1.34984  eV     1   --> A              
     e( 29 - 29) =      1.39234  eV     1   --> A              
     e( 30 - 30) =      2.80126  eV     1   --> A              
     e( 31 - 31) =      3.27561  eV     1   --> A              
     e( 32 - 32) =      3.94336  eV     1   --> A              
     e( 33 - 33) =      4.45077  eV     1   --> A              
     e( 34 - 34) =      5.11982  eV     1   --> A              
     e( 35 - 35) =      5.88307  eV     1   --> A              

 **************************************************************************

 **************************************************************************

                    xk=(   0.16667,   0.28868,   0.00000  )

     Band symmetry, C_1 (1)     point group:

     e(  1 -  1) =    -77.74254  eV     1   --> A              
     e(  2 -  2) =    -49.12117  eV     1   --> A              
     e(  3 -  3) =    -49.02699  eV     1   --> A              
     e(  4 -  4) =    -48.87592  eV     1   --> A              
     e(  5 -  5) =    -22.96268  eV     1   --> A              
     e(  6 -  6) =    -22.88918  eV     1   --> A              
     e(  7 -  7) =    -20.71533  eV     1   --> A              
     e(  8 -  8) =    -19.72897  eV     1   --> A              
     e(  9 -  9) =    -13.44793  eV     1   --> A              
     e( 10 - 10) =    -12.79235  eV     1   --> A              
     e( 11 - 11) =    -12.08529  eV     1   --> A              
     e( 12 - 12) =    -10.98225  eV     1   --> A              
     e( 13 - 13) =    -10.85241  eV     1   --> A              
     e( 14 - 14) =    -10.56581  eV     1   --> A              
     e( 15 - 15) =     -9.98460  eV     1   --> A              
     e( 16 - 16) =     -9.08341  eV     1   --> A              
     e( 17 - 17) =     -8.47853  eV     1   --> A              
     e( 18 - 18) =     -8.21017  eV     1   --> A              
     e( 19 - 19) =     -7.84367  eV     1   --> A              
     e( 20 - 20) =     -7.45918  eV     1   --> A              
     e( 21 - 21) =     -6.16889  eV     1   --> A              
     e( 22 - 22) =     -3.88681  eV     1   --> A              
     e( 23 - 23) =     -3.61557  eV     1   --> A              
     e( 24 - 24) =     -3.21550  eV     1   --> A              
     e( 25 - 25) =     -2.37492  eV     1   --> A              
     e( 26 - 26) =      0.17564  eV     1   --> A              
     e( 27 - 27) =      0.34223  eV     1   --> A              
     e( 28 - 28) =      1.37939  eV     1   --> A              
     e( 29 - 29) =      1.42261  eV     1   --> A              
     e( 30 - 30) =      2.80727  eV     1   --> A              
     e( 31 - 31) =      3.30017  eV     1   --> A              
     e( 32 - 32) =      4.00154  eV     1   --> A              
     e( 33 - 33) =      4.48804  eV     1   --> A              
     e( 34 - 34) =      5.12922  eV     1   --> A              
     e( 35 - 35) =      5.85817  eV     1   --> A              

 **************************************************************************

 **************************************************************************

                    xk=(   0.17000,   0.29445,   0.00000  )

     Band symmetry, C_1 (1)     point group:

     e(  1 -  1) =    -77.74199  eV     1   --> A              
     e(  2 -  2) =    -49.12469  eV     1   --> A              
     e(  3 -  3) =    -49.02884  eV     1   --> A              
     e(  4 -  4) =    -48.87512  eV     1   --> A              
     e(  5 -  5) =    -22.91549  eV     1   --> A              
     e(  6 -  6) =    -22.84256  eV     1   --> A              
     e(  7 -  7) =    -20.69098  eV     1   --> A              
     e(  8 -  8) =    -19.71798  eV     1   --> A              
     e(  9 -  9) =    -13.48387  eV     1   --> A              
     e( 10 - 10) =    -12.87052  eV     1   --> A              
     e( 11 - 11) =    -12.09921  eV     1   --> A              
     e( 12 - 12) =    -11.04241  eV     1   --> A              
     e( 13 - 13) =    -10.89972  eV     1   --> A              
     e( 14 - 14) =    -10.56834  eV     1   --> A              
     e( 15 - 15) =    -10.01348  eV     1   --> A              
     e( 16 - 16) =     -9.13235  eV     1   --> A              
     e( 17 - 17) =     -8.46559  eV     1   --> A              
     e( 18 - 18) =     -8.20906  eV     1   --> A              
     e( 19 - 19) =     -7.83364  eV     1   --> A              
     e( 20 - 20) =     -7.47735  eV     1   --> A              
     e( 21 - 21) =     -6.18437  eV     1   --> A              
     e( 22 - 22) =     -3.90492  eV     1   --> A              
     e( 23 - 23) =     -3.62710  eV     1   --> A              
     e( 24 - 24) =     -3.20197  eV     1   --> A              
     e( 25 - 25) =     -2.35975  eV     1   --> A              
     e( 26 - 26) =      0.15677  eV     1   --> A              
     e( 27 - 27) =      0.32217  eV     1   --> A              
     e( 28 - 28) =      1.40964  eV     1   --> A              
     e( 29 - 29) =      1.45348  eV     1   --> A              
     e( 30 - 30) =      2.81369  eV     1   --> A              
     e( 31 - 31) =      3.32337  eV     1   --> A              
     e( 32 - 32) =      4.05890  eV     1   --> A              
     e( 33 - 33) =      4.52836  eV     1   --> A              
     e( 34 - 34) =      5.13475  eV     1   --> A              
     e( 35 - 35) =      5.82047  eV     1   --> A              

 **************************************************************************

 **************************************************************************

                    xk=(   0.17333,   0.30022,   0.00000  )

     Band symmetry, C_1 (1)     point group:

     e(  1 -  1) =    -77.74144  eV     1   --> A              
     e(  2 -  2) =    -49.12812  eV     1   --> A              
     e(  3 -  3) =    -49.03072  eV     1   --> A              
     e(  4 -  4) =    -48.87433  eV     1   --> A              
     e(  5 -  5) =    -22.86785  eV     1   --> A              
     e(  6 -  6) =    -22.79549  eV     1   --> A              
     e(  7 -  7) =    -20.66691  eV     1   --> A              
     e(  8 -  8) =    -19.70726  eV     1   --> A              
     e(  9 -  9) =    -13.52305  eV     1   --> A              
     e( 10 - 10) =    -12.94732  eV     1   --> A              
     e( 11 - 11) =    -12.10883  eV     1   --> A              
     e( 12 - 12) =    -11.10284  eV     1   --> A              
     e( 13 - 13) =    -10.95223  eV     1   --> A              
     e( 14 - 14) =    -10.56623  eV     1   --> A              
     e( 15 - 15) =    -10.04181  eV     1   --> A              
     e( 16 - 16) =     -9.18073  eV     1   --> A              
     e( 17 - 17) =     -8.45314  eV     1   --> A              
     e( 18 - 18) =     -8.20955  eV     1   --> A              
     e( 19 - 19) =     -7.82312  eV     1   --> A              
     e( 20 - 20) =     -7.49543  eV     1   --> A              
     e( 21 - 21) =     -6.19856  eV     1   --> A              
     e( 22 - 22) =     -3.92252  eV     1   --> A              
     e( 23 - 23) =     -3.63872  eV     1   --> A              
     e( 24 - 24) =     -3.18824  eV     1   --> A              
     e( 25 - 25) =     -2.34564  eV     1   --> A              
     e( 26 - 26) =      0.13841  eV     1   --> A              
     e( 27 - 27) =      0.30234  eV     1   --> A              
     e( 28 - 28) =      1.44031  eV     1   --> A              
     e( 29 - 29) =      1.48473  eV     1   --> A              
     e( 30 - 30) =      2.82071  eV     1   --> A              
     e( 31 - 31) =      3.34529  eV     1   --> A              
     e( 32 - 32) =      4.11494  eV     1   --> A              
     e( 33 - 33) =      4.57176  eV     1   --> A              
     e( 34 - 34) =      5.13704  eV     1   --> A              
     e( 35 - 35) =      5.77378  eV     1   --> A              

 **************************************************************************

 **************************************************************************

                    xk=(   0.17667,   0.30600,   0.00000  )

     Band symmetry, C_1 (1)     point group:

     e(  1 -  1) =    -77.74089  eV     1   --> A              
     e(  2 -  2) =    -49.13148  eV     1   --> A              
     e(  3 -  3) =    -49.03264  eV     1   --> A              
     e(  4 -  4) =    -48.87355  eV     1   --> A              
     e(  5 -  5) =    -22.81978  eV     1   --> A              
     e(  6 -  6) =    -22.74801  eV     1   --> A              
     e(  7 -  7) =    -20.64316  eV     1   --> A              
     e(  8 -  8) =    -19.69682  eV     1   --> A              
     e(  9 -  9) =    -13.56501  eV     1   --> A              
     e( 10 - 10) =    -13.02268  eV     1   --> A              
     e( 11 - 11) =    -12.11455  eV     1   --> A              
     e( 12 - 12) =    -11.16346  eV     1   --> A              
     e( 13 - 13) =    -11.00826  eV     1   --> A              
     e( 14 - 14) =    -10.56120  eV     1   --> A              
     e( 15 - 15) =    -10.06956  eV     1   --> A              
     e( 16 - 16) =     -9.22845  eV     1   --> A              
     e( 17 - 17) =     -8.44126  eV     1   --> A              
     e( 18 - 18) =     -8.21166  eV     1   --> A              
     e( 19 - 19) =     -7.81229  eV     1   --> A              
     e( 20 - 20) =     -7.51324  eV     1   --> A              
     e( 21 - 21) =     -6.21140  eV     1   --> A              
     e( 22 - 22) =     -3.93965  eV     1   --> A              
     e( 23 - 23) =     -3.65037  eV     1   --> A              
     e( 24 - 24) =     -3.17436  eV     1   --> A              
     e( 25 - 25) =     -2.33260  eV     1   --> A              
     e( 26 - 26) =      0.12072  eV     1   --> A              
     e( 27 - 27) =      0.28290  eV     1   --> A              
     e( 28 - 28) =      1.47116  eV     1   --> A              
     e( 29 - 29) =      1.51623  eV     1   --> A              
     e( 30 - 30) =      2.82854  eV     1   --> A              
     e( 31 - 31) =      3.36605  eV     1   --> A              
     e( 32 - 32) =      4.16899  eV     1   --> A              
     e( 33 - 33) =      4.61821  eV     1   --> A              
     e( 34 - 34) =      5.13708  eV     1   --> A              
     e( 35 - 35) =      5.72106  eV     1   --> A              

 **************************************************************************

 **************************************************************************

                    xk=(   0.18000,   0.31177,   0.00000  )

     Band symmetry, C_1 (1)     point group:

     e(  1 -  1) =    -77.74035  eV     1   --> A              
     e(  2 -  2) =    -49.13476  eV     1   --> A              
     e(  3 -  3) =    -49.03459  eV     1   --> A              
     e(  4 -  4) =    -48.87278  eV     1   --> A              
     e(  5 -  5) =    -22.77134  eV     1   --> A              
     e(  6 -  6) =    -22.70015  eV     1   --> A              
     e(  7 -  7) =    -20.61978  eV     1   --> A              
     e(  8 -  8) =    -19.68671  eV     1   --> A              
     e(  9 -  9) =    -13.60930  eV     1   --> A              
     e( 10 - 10) =    -13.09652  eV     1   --> A              
     e( 11 - 11) =    -12.11683  eV     1   --> A              
     e( 12 - 12) =    -11.22418  eV     1   --> A              
     e( 13 - 13) =    -11.06672  eV     1   --> A              
     e( 14 - 14) =    -10.55434  eV     1   --> A              
     e( 15 - 15) =    -10.09668  eV     1   --> A              
     e( 16 - 16) =     -9.27537  eV     1   --> A              
     e( 17 - 17) =     -8.43006  eV     1   --> A              
     e( 18 - 18) =     -8.21538  eV     1   --> A              
     e( 19 - 19) =     -7.80142  eV     1   --> A              
     e( 20 - 20) =     -7.53053  eV     1   --> A              
     e( 21 - 21) =     -6.22287  eV     1   --> A              
     e( 22 - 22) =     -3.95635  eV     1   --> A              
     e( 23 - 23) =     -3.66194  eV     1   --> A              
     e( 24 - 24) =     -3.16035  eV     1   --> A              
     e( 25 - 25) =     -2.32067  eV     1   --> A              
     e( 26 - 26) =      0.10383  eV     1   --> A              
     e( 27 - 27) =      0.26397  eV     1   --> A              
     e( 28 - 28) =      1.50192  eV     1   --> A              
     e( 29 - 29) =      1.54789  eV     1   --> A              
     e( 30 - 30) =      2.83735  eV     1   --> A              
     e( 31 - 31) =      3.38579  eV     1   --> A              
     e( 32 - 32) =      4.22020  eV     1   --> A              
     e( 33 - 33) =      4.66764  eV     1   --> A              
     e( 34 - 34) =      5.13627  eV     1   --> A              
     e( 35 - 35) =      5.66438  eV     1   --> A              

 **************************************************************************

 **************************************************************************

                    xk=(   0.18333,   0.31754,   0.00000  )

     Band symmetry, C_1 (1)     point group:

     e(  1 -  1) =    -77.73982  eV     1   --> A              
     e(  2 -  2) =    -49.13795  eV     1   --> A              
     e(  3 -  3) =    -49.03657  eV     1   --> A              
     e(  4 -  4) =    -48.87201  eV     1   --> A              
     e(  5 -  5) =    -22.72256  eV     1   --> A              
     e(  6 -  6) =    -22.65195  eV     1   --> A              
     e(  7 -  7) =    -20.59681  eV     1   --> A              
     e(  8 -  8) =    -19.67692  eV     1   --> A              
     e(  9 -  9) =    -13.65545  eV     1   --> A              
     e( 10 - 10) =    -13.16880  eV     1   --> A              
     e( 11 - 11) =    -12.11610  eV     1   --> A              
     e( 12 - 12) =    -11.28492  eV     1   --> A              
     e( 13 - 13) =    -11.12693  eV     1   --> A              
     e( 14 - 14) =    -10.54640  eV     1   --> A              
     e( 15 - 15) =    -10.12316  eV     1   --> A              
     e( 16 - 16) =     -9.32137  eV     1   --> A              
     e( 17 - 17) =     -8.41969  eV     1   --> A              
     e( 18 - 18) =     -8.22064  eV     1   --> A              
     e( 19 - 19) =     -7.79086  eV     1   --> A              
     e( 20 - 20) =     -7.54701  eV     1   --> A              
     e( 21 - 21) =     -6.23291  eV     1   --> A              
     e( 22 - 22) =     -3.97270  eV     1   --> A              
     e( 23 - 23) =     -3.67336  eV     1   --> A              
     e( 24 - 24) =     -3.14625  eV     1   --> A              
     e( 25 - 25) =     -2.30986  eV     1   --> A              
     e( 26 - 26) =      0.08782  eV     1   --> A              
     e( 27 - 27) =      0.24565  eV     1   --> A              
     e( 28 - 28) =      1.53231  eV     1   --> A              
     e( 29 - 29) =      1.57970  eV     1   --> A              
     e( 30 - 30) =      2.84730  eV     1   --> A              
     e( 31 - 31) =      3.40464  eV     1   --> A              
     e( 32 - 32) =      4.26753  eV     1   --> A              
     e( 33 - 33) =      4.71996  eV     1   --> A              
     e( 34 - 34) =      5.13628  eV     1   --> A              
     e( 35 - 35) =      5.60519  eV     1   --> A              

 **************************************************************************

 **************************************************************************

                    xk=(   0.18667,   0.32332,   0.00000  )

     Band symmetry, C_1 (1)     point group:

     e(  1 -  1) =    -77.73929  eV     1   --> A              
     e(  2 -  2) =    -49.14105  eV     1   --> A              
     e(  3 -  3) =    -49.03858  eV     1   --> A              
     e(  4 -  4) =    -48.87125  eV     1   --> A              
     e(  5 -  5) =    -22.67348  eV     1   --> A              
     e(  6 -  6) =    -22.60346  eV     1   --> A              
     e(  7 -  7) =    -20.57428  eV     1   --> A              
     e(  8 -  8) =    -19.66750  eV     1   --> A              
     e(  9 -  9) =    -13.70303  eV     1   --> A              
     e( 10 - 10) =    -13.23943  eV     1   --> A              
     e( 11 - 11) =    -12.11283  eV     1   --> A              
     e( 12 - 12) =    -11.34559  eV     1   --> A              
     e( 13 - 13) =    -11.18842  eV     1   --> A              
     e( 14 - 14) =    -10.53784  eV     1   --> A              
     e( 15 - 15) =    -10.14894  eV     1   --> A              
     e( 16 - 16) =     -9.36631  eV     1   --> A              
     e( 17 - 17) =     -8.41034  eV     1   --> A              
     e( 18 - 18) =     -8.22733  eV     1   --> A              
     e( 19 - 19) =     -7.78105  eV     1   --> A              
     e( 20 - 20) =     -7.56220  eV     1   --> A              
     e( 21 - 21) =     -6.24150  eV     1   --> A              
     e( 22 - 22) =     -3.98877  eV     1   --> A              
     e( 23 - 23) =     -3.68448  eV     1   --> A              
     e( 24 - 24) =     -3.13209  eV     1   --> A              
     e( 25 - 25) =     -2.30018  eV     1   --> A              
     e( 26 - 26) =      0.07275  eV     1   --> A              
     e( 27 - 27) =      0.22802  eV     1   --> A              
     e( 28 - 28) =      1.56206  eV     1   --> A              
     e( 29 - 29) =      1.61170  eV     1   --> A              
     e( 30 - 30) =      2.85857  eV     1   --> A              
     e( 31 - 31) =      3.42277  eV     1   --> A              
     e( 32 - 32) =      4.30980  eV     1   --> A              
     e( 33 - 33) =      4.77504  eV     1   --> A              
     e( 34 - 34) =      5.13897  eV     1   --> A              
     e( 35 - 35) =      5.54465  eV     1   --> A              

 **************************************************************************

 **************************************************************************

                    xk=(   0.19000,   0.32909,   0.00000  )

     Band symmetry, C_1 (1)     point group:

     e(  1 -  1) =    -77.73877  eV     1   --> A              
     e(  2 -  2) =    -49.14405  eV     1   --> A              
     e(  3 -  3) =    -49.04063  eV     1   --> A              
     e(  4 -  4) =    -48.87050  eV     1   --> A              
     e(  5 -  5) =    -22.62414  eV     1   --> A              
     e(  6 -  6) =    -22.55472  eV     1   --> A              
     e(  7 -  7) =    -20.55225  eV     1   --> A              
     e(  8 -  8) =    -19.65847  eV     1   --> A              
     e(  9 -  9) =    -13.75162  eV     1   --> A              
     e( 10 - 10) =    -13.30835  eV     1   --> A              
     e( 11 - 11) =    -12.10746  eV     1   --> A              
     e( 12 - 12) =    -11.40606  eV     1   --> A              
     e( 13 - 13) =    -11.25087  eV     1   --> A              
     e( 14 - 14) =    -10.52903  eV     1   --> A              
     e( 15 - 15) =    -10.17402  eV     1   --> A              
     e( 16 - 16) =     -9.41003  eV     1   --> A              
     e( 17 - 17) =     -8.40231  eV     1   --> A              
     e( 18 - 18) =     -8.23523  eV     1   --> A              
     e( 19 - 19) =     -7.77263  eV     1   --> A              
     e( 20 - 20) =     -7.57551  eV     1   --> A              
     e( 21 - 21) =     -6.24861  eV     1   --> A              
     e( 22 - 22) =     -4.00466  eV     1   --> A              
     e( 23 - 23) =     -3.69520  eV     1   --> A              
     e( 24 - 24) =     -3.11789  eV     1   --> A              
     e( 25 - 25) =     -2.29163  eV     1   --> A              
     e( 26 - 26) =      0.05868  eV     1   --> A              
     e( 27 - 27) =      0.21115  eV     1   --> A              
     e( 28 - 28) =      1.59089  eV     1   --> A              
     e( 29 - 29) =      1.64395  eV     1   --> A              
     e( 30 - 30) =      2.87126  eV     1   --> A              
     e( 31 - 31) =      3.44033  eV     1   --> A              
     e( 32 - 32) =      4.34578  eV     1   --> A              
     e( 33 - 33) =      4.83269  eV     1   --> A              
     e( 34 - 34) =      5.14615  eV     1   --> A              
     e( 35 - 35) =      5.48374  eV     1   --> A              

 **************************************************************************

 **************************************************************************

                    xk=(   0.19333,   0.33486,   0.00000  )

     Band symmetry, C_1 (1)     point group:

     e(  1 -  1) =    -77.73826  eV     1   --> A              
     e(  2 -  2) =    -49.14695  eV     1   --> A              
     e(  3 -  3) =    -49.04270  eV     1   --> A              
     e(  4 -  4) =    -48.86976  eV     1   --> A              
     e(  5 -  5) =    -22.57459  eV     1   --> A              
     e(  6 -  6) =    -22.50577  eV     1   --> A              
     e(  7 -  7) =    -20.53074  eV     1   --> A              
     e(  8 -  8) =    -19.64983  eV     1   --> A              
     e(  9 -  9) =    -13.80084  eV     1   --> A              
     e( 10 - 10) =    -13.37549  eV     1   --> A              
     e( 11 - 11) =    -12.10043  eV     1   --> A              
     e( 12 - 12) =    -11.46616  eV     1   --> A              
     e( 13 - 13) =    -11.31407  eV     1   --> A              
     e( 14 - 14) =    -10.52027  eV     1   --> A              
     e( 15 - 15) =    -10.19836  eV     1   --> A              
     e( 16 - 16) =     -9.45237  eV     1   --> A              
     e( 17 - 17) =     -8.39599  eV     1   --> A              
     e( 18 - 18) =     -8.24402  eV     1   --> A              
     e( 19 - 19) =     -7.76635  eV     1   --> A              
     e( 20 - 20) =     -7.58612  eV     1   --> A              
     e( 21 - 21) =     -6.25423  eV     1   --> A              
     e( 22 - 22) =     -4.02049  eV     1   --> A              
     e( 23 - 23) =     -3.70536  eV     1   --> A              
     e( 24 - 24) =     -3.10367  eV     1   --> A              
     e( 25 - 25) =     -2.28421  eV     1   --> A              
     e( 26 - 26) =      0.04562  eV     1   --> A              
     e( 27 - 27) =      0.19510  eV     1   --> A              
     e( 28 - 28) =      1.61857  eV     1   --> A              
     e( 29 - 29) =      1.67651  eV     1   --> A              
     e( 30 - 30) =      2.88550  eV     1   --> A              
     e( 31 - 31) =      3.45747  eV     1   --> A              
     e( 32 - 32) =      4.37438  eV     1   --> A              
     e( 33 - 33) =      4.89264  eV     1   --> A              
     e( 34 - 34) =      5.15916  eV     1   --> A              
     e( 35 - 35) =      5.42358  eV     1   --> A              

 **************************************************************************

 **************************************************************************

                    xk=(   0.19667,   0.34064,   0.00000  )

     Band symmetry, C_1 (1)     point group:

     e(  1 -  1) =    -77.73775  eV     1   --> A              
     e(  2 -  2) =    -49.14974  eV     1   --> A              
     e(  3 -  3) =    -49.04480  eV     1   --> A              
     e(  4 -  4) =    -48.86904  eV     1   --> A              
     e(  5 -  5) =    -22.52489  eV     1   --> A              
     e(  6 -  6) =    -22.45667  eV     1   --> A              
     e(  7 -  7) =    -20.50981  eV     1   --> A              
     e(  8 -  8) =    -19.64162  eV     1   --> A              
     e(  9 -  9) =    -13.85033  eV     1   --> A              
     e( 10 - 10) =    -13.44079  eV     1   --> A              
     e( 11 - 11) =    -12.09223  eV     1   --> A              
     e( 12 - 12) =    -11.52566  eV     1   --> A              
     e( 13 - 13) =    -11.37784  eV     1   --> A              
     e( 14 - 14) =    -10.51180  eV     1   --> A              
     e( 15 - 15) =    -10.22193  eV     1   --> A              
     e( 16 - 16) =     -9.49316  eV     1   --> A              
     e( 17 - 17) =     -8.39199  eV     1   --> A              
     e( 18 - 18) =     -8.25320  eV     1   --> A              
     e( 19 - 19) =     -7.76309  eV     1   --> A              
     e( 20 - 20) =     -7.59318  eV     1   --> A              
     e( 21 - 21) =     -6.25836  eV     1   --> A              
     e( 22 - 22) =     -4.03639  eV     1   --> A              
     e( 23 - 23) =     -3.71484  eV     1   --> A              
     e( 24 - 24) =     -3.08946  eV     1   --> A              
     e( 25 - 25) =     -2.27791  eV     1   --> A              
     e( 26 - 26) =      0.03358  eV     1   --> A              
     e( 27 - 27) =      0.17991  eV     1   --> A              
     e( 28 - 28) =      1.64492  eV     1   --> A              
     e( 29 - 29) =      1.70941  eV     1   --> A              
     e( 30 - 30) =      2.90136  eV     1   --> A              
     e( 31 - 31) =      3.47434  eV     1   --> A              
     e( 32 - 32) =      4.39491  eV     1   --> A              
     e( 33 - 33) =      4.95445  eV     1   --> A              
     e( 34 - 34) =      5.17807  eV     1   --> A              
     e( 35 - 35) =      5.36613  eV     1   --> A              

 **************************************************************************

 **************************************************************************

                    xk=(   0.20000,   0.34641,   0.00000  )

     Band symmetry, C_1 (1)     point group:

     e(  1 -  1) =    -77.73726  eV     1   --> A              
     e(  2 -  2) =    -49.15242  eV     1   --> A              
     e(  3 -  3) =    -49.04693  eV     1   --> A              
     e(  4 -  4) =    -48.86832  eV     1   --> A              
     e(  5 -  5) =    -22.47507  eV     1   --> A              
     e(  6 -  6) =    -22.40745  eV     1   --> A              
     e(  7 -  7) =    -20.48948  eV     1   --> A              
     e(  8 -  8) =    -19.63386  eV     1   --> A              
     e(  9 -  9) =    -13.89978  eV     1   --> A              
     e( 10 - 10) =    -13.50419  eV     1   --> A              
     e( 11 - 11) =    -12.08344  eV     1   --> A              
     e( 12 - 12) =    -11.58420  eV     1   --> A              
     e( 13 - 13) =    -11.44205  eV     1   --> A              
     e( 14 - 14) =    -10.50387  eV     1   --> A              
     e( 15 - 15) =    -10.24472  eV     1   --> A              
     e( 16 - 16) =     -9.53219  eV     1   --> A              
     e( 17 - 17) =     -8.39110  eV     1   --> A              
     e( 18 - 18) =     -8.26203  eV     1   --> A              
     e( 19 - 19) =     -7.76349  eV     1   --> A              
     e( 20 - 20) =     -7.59597  eV     1   --> A              
     e( 21 - 21) =     -6.26100  eV     1   --> A              
     e( 22 - 22) =     -4.05247  eV     1   --> A              
     e( 23 - 23) =     -3.72348  eV     1   --> A              
     e( 24 - 24) =     -3.07528  eV     1   --> A              
     e( 25 - 25) =     -2.27273  eV     1   --> A              
     e( 26 - 26) =      0.02254  eV     1   --> A              
     e( 27 - 27) =      0.16562  eV     1   --> A              
     e( 28 - 28) =      1.66984  eV     1   --> A              
     e( 29 - 29) =      1.74263  eV     1   --> A              
     e( 30 - 30) =      2.91890  eV     1   --> A              
     e( 31 - 31) =      3.49105  eV     1   --> A              
     e( 32 - 32) =      4.40731  eV     1   --> A              
     e( 33 - 33) =      5.01715  eV     1   --> A              
     e( 34 - 34) =      5.19863  eV     1   --> A              
     e( 35 - 35) =      5.31729  eV     1   --> A              

 **************************************************************************

 **************************************************************************

                    xk=(   0.20333,   0.35218,   0.00000  )

     Band symmetry, C_1 (1)     point group:

     e(  1 -  1) =    -77.73677  eV     1   --> A              
     e(  2 -  2) =    -49.15499  eV     1   --> A              
     e(  3 -  3) =    -49.04909  eV     1   --> A              
     e(  4 -  4) =    -48.86762  eV     1   --> A              
     e(  5 -  5) =    -22.42520  eV     1   --> A              
     e(  6 -  6) =    -22.35818  eV     1   --> A              
     e(  7 -  7) =    -20.46979  eV     1   --> A              
     e(  8 -  8) =    -19.62655  eV     1   --> A              
     e(  9 -  9) =    -13.94891  eV     1   --> A              
     e( 10 - 10) =    -13.56562  eV     1   --> A              
     e( 11 - 11) =    -12.07478  eV     1   --> A              
     e( 12 - 12) =    -11.64124  eV     1   --> A              
     e( 13 - 13) =    -11.50659  eV     1   --> A              
     e( 14 - 14) =    -10.49673  eV     1   --> A              
     e( 15 - 15) =    -10.26667  eV     1   --> A              
     e( 16 - 16) =     -9.56926  eV     1   --> A              
     e( 17 - 17) =     -8.39425  eV     1   --> A              
     e( 18 - 18) =     -8.26967  eV     1   --> A              
     e( 19 - 19) =     -7.76772  eV     1   --> A              
     e( 20 - 20) =     -7.59428  eV     1   --> A              
     e( 21 - 21) =     -6.26217  eV     1   --> A              
     e( 22 - 22) =     -4.06887  eV     1   --> A              
     e( 23 - 23) =     -3.73114  eV     1   --> A              
     e( 24 - 24) =     -3.06116  eV     1   --> A              
     e( 25 - 25) =     -2.26864  eV     1   --> A              
     e( 26 - 26) =      0.01250  eV     1   --> A              
     e( 27 - 27) =      0.15228  eV     1   --> A              
     e( 28 - 28) =      1.69329  eV     1   --> A              
     e( 29 - 29) =      1.77613  eV     1   --> A              
     e( 30 - 30) =      2.93815  eV     1   --> A              
     e( 31 - 31) =      3.50773  eV     1   --> A              
     e( 32 - 32) =      4.41213  eV     1   --> A              
     e( 33 - 33) =      5.07747  eV     1   --> A              
     e( 34 - 34) =      5.20160  eV     1   --> A              
     e( 35 - 35) =      5.29941  eV     1   --> A              

 **************************************************************************

 **************************************************************************

                    xk=(   0.20667,   0.35796,   0.00000  )

     Band symmetry, C_1 (1)     point group:

     e(  1 -  1) =    -77.73629  eV     1   --> A              
     e(  2 -  2) =    -49.15745  eV     1   --> A              
     e(  3 -  3) =    -49.05127  eV     1   --> A              
     e(  4 -  4) =    -48.86693  eV     1   --> A              
     e(  5 -  5) =    -22.37532  eV     1   --> A              
     e(  6 -  6) =    -22.30891  eV     1   --> A              
     e(  7 -  7) =    -20.45078  eV     1   --> A              
     e(  8 -  8) =    -19.61972  eV     1   --> A              
     e(  9 -  9) =    -13.99746  eV     1   --> A              
     e( 10 - 10) =    -13.62502  eV     1   --> A              
     e( 11 - 11) =    -12.06733  eV     1   --> A              
     e( 12 - 12) =    -11.69584  eV     1   --> A              
     e( 13 - 13) =    -11.57135  eV     1   --> A              
     e( 14 - 14) =    -10.49064  eV     1   --> A              
     e( 15 - 15) =    -10.28776  eV     1   --> A              
     e( 16 - 16) =     -9.60413  eV     1   --> A              
     e( 17 - 17) =     -8.40222  eV     1   --> A              
     e( 18 - 18) =     -8.27544  eV     1   --> A              
     e( 19 - 19) =     -7.77528  eV     1   --> A              
     e( 20 - 20) =     -7.58854  eV     1   --> A              
     e( 21 - 21) =     -6.26188  eV     1   --> A              
     e( 22 - 22) =     -4.08572  eV     1   --> A              
     e( 23 - 23) =     -3.73770  eV     1   --> A              
     e( 24 - 24) =     -3.04710  eV     1   --> A              
     e( 25 - 25) =     -2.26562  eV     1   --> A              
     e( 26 - 26) =      0.00340  eV     1   --> A              
     e( 27 - 27) =      0.13992  eV     1   --> A              
     e( 28 - 28) =      1.71526  eV     1   --> A              
     e( 29 - 29) =      1.80983  eV     1   --> A              
     e( 30 - 30) =      2.95912  eV     1   --> A              
     e( 31 - 31) =      3.52448  eV     1   --> A              
     e( 32 - 32) =      4.41043  eV     1   --> A              
     e( 33 - 33) =      5.11344  eV     1   --> A              
     e( 34 - 34) =      5.19314  eV     1   --> A              
     e( 35 - 35) =      5.32729  eV     1   --> A              

 **************************************************************************

 **************************************************************************

                    xk=(   0.21000,   0.36373,   0.00000  )

     Band symmetry, C_1 (1)     point group:

     e(  1 -  1) =    -77.73582  eV     1   --> A              
     e(  2 -  2) =    -49.15978  eV     1   --> A              
     e(  3 -  3) =    -49.05348  eV     1   --> A              
     e(  4 -  4) =    -48.86626  eV     1   --> A              
     e(  5 -  5) =    -22.32549  eV     1   --> A              
     e(  6 -  6) =    -22.25969  eV     1   --> A              
     e(  7 -  7) =    -20.43249  eV     1   --> A              
     e(  8 -  8) =    -19.61338  eV     1   --> A              
     e(  9 -  9) =    -14.04521  eV     1   --> A              
     e( 10 - 10) =    -13.68234  eV     1   --> A              
     e( 11 - 11) =    -12.06279  eV     1   --> A              
     e( 12 - 12) =    -11.74645  eV     1   --> A              
     e( 13 - 13) =    -11.63625  eV     1   --> A              
     e( 14 - 14) =    -10.48590  eV     1   --> A              
     e( 15 - 15) =    -10.30792  eV     1   --> A              
     e( 16 - 16) =     -9.63655  eV     1   --> A              
     e( 17 - 17) =     -8.41526  eV     1   --> A              
     e( 18 - 18) =     -8.27920  eV     1   --> A              
     e( 19 - 19) =     -7.78529  eV     1   --> A              
     e( 20 - 20) =     -7.57954  eV     1   --> A              
     e( 21 - 21) =     -6.26017  eV     1   --> A              
     e( 22 - 22) =     -4.10311  eV     1   --> A              
     e( 23 - 23) =     -3.74305  eV     1   --> A              
     e( 24 - 24) =     -3.03313  eV     1   --> A              
     e( 25 - 25) =     -2.26365  eV     1   --> A              
     e( 26 - 26) =     -0.00480  eV     1   --> A              
     e( 27 - 27) =      0.12857  eV     1   --> A              
     e( 28 - 28) =      1.73577  eV     1   --> A              
     e( 29 - 29) =      1.84363  eV     1   --> A              
     e( 30 - 30) =      2.98177  eV     1   --> A              
     e( 31 - 31) =      3.54136  eV     1   --> A              
     e( 32 - 32) =      4.40348  eV     1   --> A              
     e( 33 - 33) =      5.08513  eV     1   --> A              
     e( 34 - 34) =      5.23627  eV     1   --> A              
     e( 35 - 35) =      5.37611  eV     1   --> A              

 **************************************************************************

 **************************************************************************

                    xk=(   0.21333,   0.36950,   0.00000  )

     Band symmetry, C_1 (1)     point group:

     e(  1 -  1) =    -77.73536  eV     1   --> A              
     e(  2 -  2) =    -49.16199  eV     1   --> A              
     e(  3 -  3) =    -49.05571  eV     1   --> A              
     e(  4 -  4) =    -48.86560  eV     1   --> A              
     e(  5 -  5) =    -22.27577  eV     1   --> A              
     e(  6 -  6) =    -22.21058  eV     1   --> A              
     e(  7 -  7) =    -20.41493  eV     1   --> A              
     e(  8 -  8) =    -19.60754  eV     1   --> A              
     e(  9 -  9) =    -14.09195  eV     1   --> A              
     e( 10 - 10) =    -13.73750  eV     1   --> A              
     e( 11 - 11) =    -12.06385  eV     1   --> A              
     e( 12 - 12) =    -11.79049  eV     1   --> A              
     e( 13 - 13) =    -11.70116  eV     1   --> A              
     e( 14 - 14) =    -10.48282  eV     1   --> A              
     e( 15 - 15) =    -10.32708  eV     1   --> A              
     e( 16 - 16) =     -9.66627  eV     1   --> A              
     e( 17 - 17) =     -8.43304  eV     1   --> A              
     e( 18 - 18) =     -8.28136  eV     1   --> A              
     e( 19 - 19) =     -7.79680  eV     1   --> A              
     e( 20 - 20) =     -7.56811  eV     1   --> A              
     e( 21 - 21) =     -6.25708  eV     1   --> A              
     e( 22 - 22) =     -4.12115  eV     1   --> A              
     e( 23 - 23) =     -3.74708  eV     1   --> A              
     e( 24 - 24) =     -3.01926  eV     1   --> A              
     e( 25 - 25) =     -2.26268  eV     1   --> A              
     e( 26 - 26) =     -0.01213  eV     1   --> A              
     e( 27 - 27) =      0.11827  eV     1   --> A              
     e( 28 - 28) =      1.75488  eV     1   --> A              
     e( 29 - 29) =      1.87743  eV     1   --> A              
     e( 30 - 30) =      3.00608  eV     1   --> A              
     e( 31 - 31) =      3.55844  eV     1   --> A              
     e( 32 - 32) =      4.39263  eV     1   --> A              
     e( 33 - 33) =      5.03623  eV     1   --> A              
     e( 34 - 34) =      5.29602  eV     1   --> A              
     e( 35 - 35) =      5.43467  eV     1   --> A              

 **************************************************************************

 **************************************************************************

                    xk=(   0.21667,   0.37528,   0.00000  )

     Band symmetry, C_1 (1)     point group:

     e(  1 -  1) =    -77.73491  eV     1   --> A              
     e(  2 -  2) =    -49.16407  eV     1   --> A              
     e(  3 -  3) =    -49.05797  eV     1   --> A              
     e(  4 -  4) =    -48.86495  eV     1   --> A              
     e(  5 -  5) =    -22.22623  eV     1   --> A              
     e(  6 -  6) =    -22.16165  eV     1   --> A              
     e(  7 -  7) =    -20.39815  eV     1   --> A              
     e(  8 -  8) =    -19.60221  eV     1   --> A              
     e(  9 -  9) =    -14.13749  eV     1   --> A              
     e( 10 - 10) =    -13.79045  eV     1   --> A              
     e( 11 - 11) =    -12.07425  eV     1   --> A              
     e( 12 - 12) =    -11.82452  eV     1   --> A              
     e( 13 - 13) =    -11.76581  eV     1   --> A              
     e( 14 - 14) =    -10.48173  eV     1   --> A              
     e( 15 - 15) =    -10.34515  eV     1   --> A              
     e( 16 - 16) =     -9.69304  eV     1   --> A              
     e( 17 - 17) =     -8.45493  eV     1   --> A              
     e( 18 - 18) =     -8.28270  eV     1   --> A              
     e( 19 - 19) =     -7.80900  eV     1   --> A              
     e( 20 - 20) =     -7.55493  eV     1   --> A              
     e( 21 - 21) =     -6.25267  eV     1   --> A              
     e( 22 - 22) =     -4.13989  eV     1   --> A              
     e( 23 - 23) =     -3.74975  eV     1   --> A              
     e( 24 - 24) =     -3.00550  eV     1   --> A              
     e( 25 - 25) =     -2.26269  eV     1   --> A              
     e( 26 - 26) =     -0.01865  eV     1   --> A              
     e( 27 - 27) =      0.10905  eV     1   --> A              
     e( 28 - 28) =      1.77264  eV     1   --> A              
     e( 29 - 29) =      1.91114  eV     1   --> A              
     e( 30 - 30) =      3.03198  eV     1   --> A              
     e( 31 - 31) =      3.57576  eV     1   --> A              
     e( 32 - 32) =      4.37905  eV     1   --> A              
     e( 33 - 33) =      4.98491  eV     1   --> A              
     e( 34 - 34) =      5.35375  eV     1   --> A              
     e( 35 - 35) =      5.49986  eV     1   --> A              

 **************************************************************************

 **************************************************************************

                    xk=(   0.22000,   0.38105,   0.00000  )

     Band symmetry, C_1 (1)     point group:

     e(  1 -  1) =    -77.73447  eV     1   --> A              
     e(  2 -  2) =    -49.16603  eV     1   --> A              
     e(  3 -  3) =    -49.06025  eV     1   --> A              
     e(  4 -  4) =    -48.86432  eV     1   --> A              
     e(  5 -  5) =    -22.17692  eV     1   --> A              
     e(  6 -  6) =    -22.11295  eV     1   --> A              
     e(  7 -  7) =    -20.38217  eV     1   --> A              
     e(  8 -  8) =    -19.59740  eV     1   --> A              
     e(  9 -  9) =    -14.18167  eV     1   --> A              
     e( 10 - 10) =    -13.84113  eV     1   --> A              
     e( 11 - 11) =    -12.09717  eV     1   --> A              
     e( 12 - 12) =    -11.84807  eV     1   --> A              
     e( 13 - 13) =    -11.82748  eV     1   --> A              
     e( 14 - 14) =    -10.48296  eV     1   --> A              
     e( 15 - 15) =    -10.36202  eV     1   --> A              
     e( 16 - 16) =     -9.71661  eV     1   --> A              
     e( 17 - 17) =     -8.48025  eV     1   --> A              
     e( 18 - 18) =     -8.28399  eV     1   --> A              
     e( 19 - 19) =     -7.82121  eV     1   --> A              
     e( 20 - 20) =     -7.54053  eV     1   --> A              
     e( 21 - 21) =     -6.24699  eV     1   --> A              
     e( 22 - 22) =     -4.15938  eV     1   --> A              
     e( 23 - 23) =     -3.75102  eV     1   --> A              
     e( 24 - 24) =     -2.99188  eV     1   --> A              
     e( 25 - 25) =     -2.26365  eV     1   --> A              
     e( 26 - 26) =     -0.02445  eV     1   --> A              
     e( 27 - 27) =      0.10092  eV     1   --> A              
     e( 28 - 28) =      1.78912  eV     1   --> A              
     e( 29 - 29) =      1.94463  eV     1   --> A              
     e( 30 - 30) =      3.05937  eV     1   --> A              
     e( 31 - 31) =      3.59331  eV     1   --> A              
     e( 32 - 32) =      4.36376  eV     1   --> A              
     e( 33 - 33) =      4.93432  eV     1   --> A              
     e( 34 - 34) =      5.40250  eV     1   --> A              
     e( 35 - 35) =      5.57019  eV     1   --> A              

 **************************************************************************

 **************************************************************************

                    xk=(   0.22333,   0.38682,   0.00000  )

     Band symmetry, C_1 (1)     point group:

     e(  1 -  1) =    -77.73405  eV     1   --> A              
     e(  2 -  2) =    -49.16786  eV     1   --> A              
     e(  3 -  3) =    -49.06256  eV     1   --> A              
     e(  4 -  4) =    -48.86371  eV     1   --> A              
     e(  5 -  5) =    -22.12791  eV     1   --> A              
     e(  6 -  6) =    -22.06454  eV     1   --> A              
     e(  7 -  7) =    -20.36701  eV     1   --> A              
     e(  8 -  8) =    -19.59311  eV     1   --> A              
     e(  9 -  9) =    -14.22434  eV     1   --> A              
     e( 10 - 10) =    -13.88948  eV     1   --> A              
     e( 11 - 11) =    -12.13255  eV     1   --> A              
     e( 12 - 12) =    -11.89878  eV     1   --> A              
     e( 13 - 13) =    -11.84854  eV     1   --> A              
     e( 14 - 14) =    -10.48678  eV     1   --> A              
     e( 15 - 15) =    -10.37762  eV     1   --> A              
     e( 16 - 16) =     -9.73677  eV     1   --> A              
     e( 17 - 17) =     -8.50849  eV     1   --> A              
     e( 18 - 18) =     -8.28591  eV     1   --> A              
     e( 19 - 19) =     -7.83291  eV     1   --> A              
     e( 20 - 20) =     -7.52527  eV     1   --> A              
     e( 21 - 21) =     -6.24010  eV     1   --> A              
     e( 22 - 22) =     -4.17963  eV     1   --> A              
     e( 23 - 23) =     -3.75086  eV     1   --> A              
     e( 24 - 24) =     -2.97839  eV     1   --> A              
     e( 25 - 25) =     -2.26550  eV     1   --> A              
     e( 26 - 26) =     -0.02956  eV     1   --> A              
     e( 27 - 27) =      0.09393  eV     1   --> A              
     e( 28 - 28) =      1.80439  eV     1   --> A              
     e( 29 - 29) =      1.97781  eV     1   --> A              
     e( 30 - 30) =      3.08817  eV     1   --> A              
     e( 31 - 31) =      3.61112  eV     1   --> A              
     e( 32 - 32) =      4.34759  eV     1   --> A              
     e( 33 - 33) =      4.88557  eV     1   --> A              
     e( 34 - 34) =      5.43588  eV     1   --> A              
     e( 35 - 35) =      5.64448  eV     1   --> A              

 **************************************************************************

 **************************************************************************

                    xk=(   0.22667,   0.39260,   0.00000  )

     Band symmetry, C_1 (1)     point group:

     e(  1 -  1) =    -77.73363  eV     1   --> A              
     e(  2 -  2) =    -49.16955  eV     1   --> A              
     e(  3 -  3) =    -49.06488  eV     1   --> A              
     e(  4 -  4) =    -48.86311  eV     1   --> A              
     e(  5 -  5) =    -22.07927  eV     1   --> A              
     e(  6 -  6) =    -22.01651  eV     1   --> A              
     e(  7 -  7) =    -20.35269  eV     1   --> A              
     e(  8 -  8) =    -19.58934  eV     1   --> A              
     e(  9 -  9) =    -14.26535  eV     1   --> A              
     e( 10 - 10) =    -13.93545  eV     1   --> A              
     e( 11 - 11) =    -12.17732  eV     1   --> A              
     e( 12 - 12) =    -11.96281  eV     1   --> A              
     e( 13 - 13) =    -11.84591  eV     1   --> A              
     e( 14 - 14) =    -10.49334  eV     1   --> A              
     e( 15 - 15) =    -10.39194  eV     1   --> A              
     e( 16 - 16) =     -9.75337  eV     1   --> A              
     e( 17 - 17) =     -8.53921  eV     1   --> A              
     e( 18 - 18) =     -8.28899  eV     1   --> A              
     e( 19 - 19) =     -7.84365  eV     1   --> A              
     e( 20 - 20) =     -7.50944  eV     1   --> A              
     e( 21 - 21) =     -6.23207  eV     1   --> A              
     e( 22 - 22) =     -4.20064  eV     1   --> A              
     e( 23 - 23) =     -3.74931  eV     1   --> A              
     e( 24 - 24) =     -2.96504  eV     1   --> A              
     e( 25 - 25) =     -2.26822  eV     1   --> A              
     e( 26 - 26) =     -0.03405  eV     1   --> A              
     e( 27 - 27) =      0.08808  eV     1   --> A              
     e( 28 - 28) =      1.81853  eV     1   --> A              
     e( 29 - 29) =      2.01054  eV     1   --> A              
     e( 30 - 30) =      3.11827  eV     1   --> A              
     e( 31 - 31) =      3.62915  eV     1   --> A              
     e( 32 - 32) =      4.33120  eV     1   --> A              
     e( 33 - 33) =      4.83924  eV     1   --> A              
     e( 34 - 34) =      5.45015  eV     1   --> A              
     e( 35 - 35) =      5.72120  eV     1   --> A              

 **************************************************************************

 **************************************************************************

                    xk=(   0.23000,   0.39837,   0.00000  )

     Band symmetry, C_1 (1)     point group:

     e(  1 -  1) =    -77.73323  eV     1   --> A              
     e(  2 -  2) =    -49.17111  eV     1   --> A              
     e(  3 -  3) =    -49.06722  eV     1   --> A              
     e(  4 -  4) =    -48.86253  eV     1   --> A              
     e(  5 -  5) =    -22.03107  eV     1   --> A              
     e(  6 -  6) =    -21.96891  eV     1   --> A              
     e(  7 -  7) =    -20.33923  eV     1   --> A              
     e(  8 -  8) =    -19.58609  eV     1   --> A              
     e(  9 -  9) =    -14.30458  eV     1   --> A              
     e( 10 - 10) =    -13.97899  eV     1   --> A              
     e( 11 - 11) =    -12.22803  eV     1   --> A              
     e( 12 - 12) =    -12.02734  eV     1   --> A              
     e( 13 - 13) =    -11.83579  eV     1   --> A              
     e( 14 - 14) =    -10.50259  eV     1   --> A              
     e( 15 - 15) =    -10.40511  eV     1   --> A              
     e( 16 - 16) =     -9.76630  eV     1   --> A              
     e( 17 - 17) =     -8.57210  eV     1   --> A              
     e( 18 - 18) =     -8.29366  eV     1   --> A              
     e( 19 - 19) =     -7.85309  eV     1   --> A              
     e( 20 - 20) =     -7.49323  eV     1   --> A              
     e( 21 - 21) =     -6.22299  eV     1   --> A              
     e( 22 - 22) =     -4.22239  eV     1   --> A              
     e( 23 - 23) =     -3.74639  eV     1   --> A              
     e( 24 - 24) =     -2.95185  eV     1   --> A              
     e( 25 - 25) =     -2.27176  eV     1   --> A              
     e( 26 - 26) =     -0.03796  eV     1   --> A              
     e( 27 - 27) =      0.08340  eV     1   --> A              
     e( 28 - 28) =      1.83161  eV     1   --> A              
     e( 29 - 29) =      2.04269  eV     1   --> A              
     e( 30 - 30) =      3.14956  eV     1   --> A              
     e( 31 - 31) =      3.64735  eV     1   --> A              
     e( 32 - 32) =      4.31512  eV     1   --> A              
     e( 33 - 33) =      4.79575  eV     1   --> A              
     e( 34 - 34) =      5.44725  eV     1   --> A              
     e( 35 - 35) =      5.79785  eV     1   --> A              

 **************************************************************************

 **************************************************************************

                    xk=(   0.23333,   0.40415,   0.00000  )

     Band symmetry, C_1 (1)     point group:

     e(  1 -  1) =    -77.73284  eV     1   --> A              
     e(  2 -  2) =    -49.17253  eV     1   --> A              
     e(  3 -  3) =    -49.06959  eV     1   --> A              
     e(  4 -  4) =    -48.86197  eV     1   --> A              
     e(  5 -  5) =    -21.98338  eV     1   --> A              
     e(  6 -  6) =    -21.92182  eV     1   --> A              
     e(  7 -  7) =    -20.32664  eV     1   --> A              
     e(  8 -  8) =    -19.58336  eV     1   --> A              
     e(  9 -  9) =    -14.34191  eV     1   --> A              
     e( 10 - 10) =    -14.02004  eV     1   --> A              
     e( 11 - 11) =    -12.28227  eV     1   --> A              
     e( 12 - 12) =    -12.09180  eV     1   --> A              
     e( 13 - 13) =    -11.82110  eV     1   --> A              
     e( 14 - 14) =    -10.51429  eV     1   --> A              
     e( 15 - 15) =    -10.41737  eV     1   --> A              
     e( 16 - 16) =     -9.77556  eV     1   --> A              
     e( 17 - 17) =     -8.60691  eV     1   --> A              
     e( 18 - 18) =     -8.30022  eV     1   --> A              
     e( 19 - 19) =     -7.86096  eV     1   --> A              
     e( 20 - 20) =     -7.47678  eV     1   --> A              
     e( 21 - 21) =     -6.21292  eV     1   --> A              
     e( 22 - 22) =     -4.24482  eV     1   --> A              
     e( 23 - 23) =     -3.74215  eV     1   --> A              
     e( 24 - 24) =     -2.93881  eV     1   --> A              
     e( 25 - 25) =     -2.27607  eV     1   --> A              
     e( 26 - 26) =     -0.04135  eV     1   --> A              
     e( 27 - 27) =      0.07988  eV     1   --> A              
     e( 28 - 28) =      1.84372  eV     1   --> A              
     e( 29 - 29) =      2.07412  eV     1   --> A              
     e( 30 - 30) =      3.18191  eV     1   --> A              
     e( 31 - 31) =      3.66568  eV     1   --> A              
     e( 32 - 32) =      4.29977  eV     1   --> A              
     e( 33 - 33) =      4.75546  eV     1   --> A              
     e( 34 - 34) =      5.43234  eV     1   --> A              
     e( 35 - 35) =      5.87069  eV     1   --> A              

 **************************************************************************

 **************************************************************************

                    xk=(   0.23667,   0.40992,   0.00000  )

     Band symmetry, C_1 (1)     point group:

     e(  1 -  1) =    -77.73246  eV     1   --> A              
     e(  2 -  2) =    -49.17381  eV     1   --> A              
     e(  3 -  3) =    -49.07197  eV     1   --> A              
     e(  4 -  4) =    -48.86142  eV     1   --> A              
     e(  5 -  5) =    -21.93629  eV     1   --> A              
     e(  6 -  6) =    -21.87530  eV     1   --> A              
     e(  7 -  7) =    -20.31494  eV     1   --> A              
     e(  8 -  8) =    -19.58113  eV     1   --> A              
     e(  9 -  9) =    -14.37725  eV     1   --> A              
     e( 10 - 10) =    -14.05854  eV     1   --> A              
     e( 11 - 11) =    -12.33859  eV     1   --> A              
     e( 12 - 12) =    -12.15609  eV     1   --> A              
     e( 13 - 13) =    -11.80338  eV     1   --> A              
     e( 14 - 14) =    -10.52806  eV     1   --> A              
     e( 15 - 15) =    -10.42902  eV     1   --> A              
     e( 16 - 16) =     -9.78123  eV     1   --> A              
     e( 17 - 17) =     -8.64340  eV     1   --> A              
     e( 18 - 18) =     -8.30889  eV     1   --> A              
     e( 19 - 19) =     -7.86708  eV     1   --> A              
     e( 20 - 20) =     -7.46024  eV     1   --> A              
     e( 21 - 21) =     -6.20194  eV     1   --> A              
     e( 22 - 22) =     -4.26788  eV     1   --> A              
     e( 23 - 23) =     -3.73666  eV     1   --> A              
     e( 24 - 24) =     -2.92594  eV     1   --> A              
     e( 25 - 25) =     -2.28112  eV     1   --> A              
     e( 26 - 26) =     -0.04423  eV     1   --> A              
     e( 27 - 27) =      0.07752  eV     1   --> A              
     e( 28 - 28) =      1.85493  eV     1   --> A              
     e( 29 - 29) =      2.10469  eV     1   --> A              
     e( 30 - 30) =      3.21523  eV     1   --> A              
     e( 31 - 31) =      3.68405  eV     1   --> A              
     e( 32 - 32) =      4.28549  eV     1   --> A              
     e( 33 - 33) =      4.71868  eV     1   --> A              
     e( 34 - 34) =      5.41002  eV     1   --> A              
     e( 35 - 35) =      5.93628  eV     1   --> A              

 **************************************************************************

 **************************************************************************

                    xk=(   0.24000,   0.41569,   0.00000  )

     Band symmetry, C_1 (1)     point group:

     e(  1 -  1) =    -77.73209  eV     1   --> A              
     e(  2 -  2) =    -49.17496  eV     1   --> A              
     e(  3 -  3) =    -49.07437  eV     1   --> A              
     e(  4 -  4) =    -48.86089  eV     1   --> A              
     e(  5 -  5) =    -21.88986  eV     1   --> A              
     e(  6 -  6) =    -21.82945  eV     1   --> A              
     e(  7 -  7) =    -20.30411  eV     1   --> A              
     e(  8 -  8) =    -19.57939  eV     1   --> A              
     e(  9 -  9) =    -14.41049  eV     1   --> A              
     e( 10 - 10) =    -14.09446  eV     1   --> A              
     e( 11 - 11) =    -12.39612  eV     1   --> A              
     e( 12 - 12) =    -12.22012  eV     1   --> A              
     e( 13 - 13) =    -11.78349  eV     1   --> A              
     e( 14 - 14) =    -10.54351  eV     1   --> A              
     e( 15 - 15) =    -10.44029  eV     1   --> A              
     e( 16 - 16) =     -9.78346  eV     1   --> A              
     e( 17 - 17) =     -8.68139  eV     1   --> A              
     e( 18 - 18) =     -8.31980  eV     1   --> A              
     e( 19 - 19) =     -7.87137  eV     1   --> A              
     e( 20 - 20) =     -7.44369  eV     1   --> A              
     e( 21 - 21) =     -6.19014  eV     1   --> A              
     e( 22 - 22) =     -4.29150  eV     1   --> A              
     e( 23 - 23) =     -3.73000  eV     1   --> A              
     e( 24 - 24) =     -2.91323  eV     1   --> A              
     e( 25 - 25) =     -2.28687  eV     1   --> A              
     e( 26 - 26) =     -0.04665  eV     1   --> A              
     e( 27 - 27) =      0.07630  eV     1   --> A              
     e( 28 - 28) =      1.86530  eV     1   --> A              
     e( 29 - 29) =      2.13420  eV     1   --> A              
     e( 30 - 30) =      3.24937  eV     1   --> A              
     e( 31 - 31) =      3.70236  eV     1   --> A              
     e( 32 - 32) =      4.27257  eV     1   --> A              
     e( 33 - 33) =      4.68567  eV     1   --> A              
     e( 34 - 34) =      5.38326  eV     1   --> A              
     e( 35 - 35) =      5.99109  eV     1   --> A              

 **************************************************************************

 **************************************************************************

                    xk=(   0.24333,   0.42147,   0.00000  )

     Band symmetry, C_1 (1)     point group:

     e(  1 -  1) =    -77.73174  eV     1   --> A              
     e(  2 -  2) =    -49.17597  eV     1   --> A              
     e(  3 -  3) =    -49.07678  eV     1   --> A              
     e(  4 -  4) =    -48.86039  eV     1   --> A              
     e(  5 -  5) =    -21.84418  eV     1   --> A              
     e(  6 -  6) =    -21.78432  eV     1   --> A              
     e(  7 -  7) =    -20.29417  eV     1   --> A              
     e(  8 -  8) =    -19.57813  eV     1   --> A              
     e(  9 -  9) =    -14.44155  eV     1   --> A              
     e( 10 - 10) =    -14.12774  eV     1   --> A              
     e( 11 - 11) =    -12.45434  eV     1   --> A              
     e( 12 - 12) =    -12.28386  eV     1   --> A              
     e( 13 - 13) =    -11.76197  eV     1   --> A              
     e( 14 - 14) =    -10.56027  eV     1   --> A              
     e( 15 - 15) =    -10.45133  eV     1   --> A              
     e( 16 - 16) =     -9.78248  eV     1   --> A              
     e( 17 - 17) =     -8.72069  eV     1   --> A              
     e( 18 - 18) =     -8.33296  eV     1   --> A              
     e( 19 - 19) =     -7.87380  eV     1   --> A              
     e( 20 - 20) =     -7.42723  eV     1   --> A              
     e( 21 - 21) =     -6.17760  eV     1   --> A              
     e( 22 - 22) =     -4.31561  eV     1   --> A              
     e( 23 - 23) =     -3.72224  eV     1   --> A              
     e( 24 - 24) =     -2.90069  eV     1   --> A              
     e( 25 - 25) =     -2.29327  eV     1   --> A              
     e( 26 - 26) =     -0.04860  eV     1   --> A              
     e( 27 - 27) =      0.07620  eV     1   --> A              
     e( 28 - 28) =      1.87490  eV     1   --> A              
     e( 29 - 29) =      2.16250  eV     1   --> A              
     e( 30 - 30) =      3.28426  eV     1   --> A              
     e( 31 - 31) =      3.72051  eV     1   --> A              
     e( 32 - 32) =      4.26128  eV     1   --> A              
     e( 33 - 33) =      4.65664  eV     1   --> A              
     e( 34 - 34) =      5.35384  eV     1   --> A              
     e( 35 - 35) =      6.02971  eV     1   --> A              

 **************************************************************************

 **************************************************************************

                    xk=(   0.24667,   0.42724,   0.00000  )

     Band symmetry, C_1 (1)     point group:

     e(  1 -  1) =    -77.73140  eV     1   --> A              
     e(  2 -  2) =    -49.17683  eV     1   --> A              
     e(  3 -  3) =    -49.07920  eV     1   --> A              
     e(  4 -  4) =    -48.85990  eV     1   --> A              
     e(  5 -  5) =    -21.79934  eV     1   --> A              
     e(  6 -  6) =    -21.74001  eV     1   --> A              
     e(  7 -  7) =    -20.28512  eV     1   --> A              
     e(  8 -  8) =    -19.57733  eV     1   --> A              
     e(  9 -  9) =    -14.47036  eV     1   --> A              
     e( 10 - 10) =    -14.15834  eV     1   --> A              
     e( 11 - 11) =    -12.51288  eV     1   --> A              
     e( 12 - 12) =    -12.34726  eV     1   --> A              
     e( 13 - 13) =    -11.73913  eV     1   --> A              
     e( 14 - 14) =    -10.57804  eV     1   --> A              
     e( 15 - 15) =    -10.46214  eV     1   --> A              
     e( 16 - 16) =     -9.77859  eV     1   --> A              
     e( 17 - 17) =     -8.76113  eV     1   --> A              
     e( 18 - 18) =     -8.34832  eV     1   --> A              
     e( 19 - 19) =     -7.87448  eV     1   --> A              
     e( 20 - 20) =     -7.41091  eV     1   --> A              
     e( 21 - 21) =     -6.16441  eV     1   --> A              
     e( 22 - 22) =     -4.34013  eV     1   --> A              
     e( 23 - 23) =     -3.71348  eV     1   --> A              
     e( 24 - 24) =     -2.88833  eV     1   --> A              
     e( 25 - 25) =     -2.30030  eV     1   --> A              
     e( 26 - 26) =     -0.05010  eV     1   --> A              
     e( 27 - 27) =      0.07717  eV     1   --> A              
     e( 28 - 28) =      1.88381  eV     1   --> A              
     e( 29 - 29) =      2.18939  eV     1   --> A              
     e( 30 - 30) =      3.31978  eV     1   --> A              
     e( 31 - 31) =      3.73839  eV     1   --> A              
     e( 32 - 32) =      4.25189  eV     1   --> A              
     e( 33 - 33) =      4.63175  eV     1   --> A              
     e( 34 - 34) =      5.32288  eV     1   --> A              
     e( 35 - 35) =      6.04872  eV     1   --> A              

 **************************************************************************

 **************************************************************************

                    xk=(   0.25000,   0.43301,   0.00000  )

     Band symmetry, C_1 (1)     point group:

     e(  1 -  1) =    -77.73107  eV     1   --> A              
     e(  2 -  2) =    -49.17756  eV     1   --> A              
     e(  3 -  3) =    -49.08164  eV     1   --> A              
     e(  4 -  4) =    -48.85943  eV     1   --> A              
     e(  5 -  5) =    -21.75540  eV     1   --> A              
     e(  6 -  6) =    -21.69659  eV     1   --> A              
     e(  7 -  7) =    -20.27693  eV     1   --> A              
     e(  8 -  8) =    -19.57696  eV     1   --> A              
     e(  9 -  9) =    -14.49683  eV     1   --> A              
     e( 10 - 10) =    -14.18622  eV     1   --> A              
     e( 11 - 11) =    -12.57153  eV     1   --> A              
     e( 12 - 12) =    -12.41029  eV     1   --> A              
     e( 13 - 13) =    -11.71522  eV     1   --> A              
     e( 14 - 14) =    -10.59657  eV     1   --> A              
     e( 15 - 15) =    -10.47267  eV     1   --> A              
     e( 16 - 16) =     -9.77211  eV     1   --> A              
     e( 17 - 17) =     -8.80252  eV     1   --> A              
     e( 18 - 18) =     -8.36576  eV     1   --> A              
     e( 19 - 19) =     -7.87352  eV     1   --> A              
     e( 20 - 20) =     -7.39482  eV     1   --> A              
     e( 21 - 21) =     -6.15065  eV     1   --> A              
     e( 22 - 22) =     -4.36497  eV     1   --> A              
     e( 23 - 23) =     -3.70379  eV     1   --> A              
     e( 24 - 24) =     -2.87613  eV     1   --> A              
     e( 25 - 25) =     -2.30790  eV     1   --> A              
     e( 26 - 26) =     -0.05112  eV     1   --> A              
     e( 27 - 27) =      0.07917  eV     1   --> A              
     e( 28 - 28) =      1.89207  eV     1   --> A              
     e( 29 - 29) =      2.21468  eV     1   --> A              
     e( 30 - 30) =      3.35584  eV     1   --> A              
     e( 31 - 31) =      3.75590  eV     1   --> A              
     e( 32 - 32) =      4.24465  eV     1   --> A              
     e( 33 - 33) =      4.61107  eV     1   --> A              
     e( 34 - 34) =      5.29108  eV     1   --> A              
     e( 35 - 35) =      6.05085  eV     1   --> A              

 **************************************************************************

 **************************************************************************

                    xk=(   0.25333,   0.43879,   0.00000  )

     Band symmetry, C_1 (1)     point group:

     e(  1 -  1) =    -77.73075  eV     1   --> A              
     e(  2 -  2) =    -49.17815  eV     1   --> A              
     e(  3 -  3) =    -49.08409  eV     1   --> A              
     e(  4 -  4) =    -48.85897  eV     1   --> A              
     e(  5 -  5) =    -21.71247  eV     1   --> A              
     e(  6 -  6) =    -21.65414  eV     1   --> A              
     e(  7 -  7) =    -20.26959  eV     1   --> A              
     e(  8 -  8) =    -19.57700  eV     1   --> A              
     e(  9 -  9) =    -14.52091  eV     1   --> A              
     e( 10 - 10) =    -14.21135  eV     1   --> A              
     e( 11 - 11) =    -12.63010  eV     1   --> A              
     e( 12 - 12) =    -12.47291  eV     1   --> A              
     e( 13 - 13) =    -11.69037  eV     1   --> A              
     e( 14 - 14) =    -10.61566  eV     1   --> A              
     e( 15 - 15) =    -10.48281  eV     1   --> A              
     e( 16 - 16) =     -9.76340  eV     1   --> A              
     e( 17 - 17) =     -8.84467  eV     1   --> A              
     e( 18 - 18) =     -8.38511  eV     1   --> A              
     e( 19 - 19) =     -7.87112  eV     1   --> A              
     e( 20 - 20) =     -7.37901  eV     1   --> A              
     e( 21 - 21) =     -6.13640  eV     1   --> A              
     e( 22 - 22) =     -4.39003  eV     1   --> A              
     e( 23 - 23) =     -3.69329  eV     1   --> A              
     e( 24 - 24) =     -2.86411  eV     1   --> A              
     e( 25 - 25) =     -2.31604  eV     1   --> A              
     e( 26 - 26) =     -0.05167  eV     1   --> A              
     e( 27 - 27) =      0.08214  eV     1   --> A              
     e( 28 - 28) =      1.89973  eV     1   --> A              
     e( 29 - 29) =      2.23815  eV     1   --> A              
     e( 30 - 30) =      3.39235  eV     1   --> A              
     e( 31 - 31) =      3.77295  eV     1   --> A              
     e( 32 - 32) =      4.23982  eV     1   --> A              
     e( 33 - 33) =      4.59462  eV     1   --> A              
     e( 34 - 34) =      5.25895  eV     1   --> A              
     e( 35 - 35) =      6.04148  eV     1   --> A              

 **************************************************************************

 **************************************************************************

                    xk=(   0.25667,   0.44456,   0.00000  )

     Band symmetry, C_1 (1)     point group:

     e(  1 -  1) =    -77.73045  eV     1   --> A              
     e(  2 -  2) =    -49.17860  eV     1   --> A              
     e(  3 -  3) =    -49.08654  eV     1   --> A              
     e(  4 -  4) =    -48.85854  eV     1   --> A              
     e(  5 -  5) =    -21.67063  eV     1   --> A              
     e(  6 -  6) =    -21.61274  eV     1   --> A              
     e(  7 -  7) =    -20.26309  eV     1   --> A              
     e(  8 -  8) =    -19.57741  eV     1   --> A              
     e(  9 -  9) =    -14.54256  eV     1   --> A              
     e( 10 - 10) =    -14.23369  eV     1   --> A              
     e( 11 - 11) =    -12.68847  eV     1   --> A              
     e( 12 - 12) =    -12.53509  eV     1   --> A              
     e( 13 - 13) =    -11.66473  eV     1   --> A              
     e( 14 - 14) =    -10.63512  eV     1   --> A              
     e( 15 - 15) =    -10.49242  eV     1   --> A              
     e( 16 - 16) =     -9.75284  eV     1   --> A              
     e( 17 - 17) =     -8.88737  eV     1   --> A              
     e( 18 - 18) =     -8.40620  eV     1   --> A              
     e( 19 - 19) =     -7.86747  eV     1   --> A              
     e( 20 - 20) =     -7.36353  eV     1   --> A              
     e( 21 - 21) =     -6.12175  eV     1   --> A              
     e( 22 - 22) =     -4.41524  eV     1   --> A              
     e( 23 - 23) =     -3.68205  eV     1   --> A              
     e( 24 - 24) =     -2.85226  eV     1   --> A              
     e( 25 - 25) =     -2.32468  eV     1   --> A              
     e( 26 - 26) =     -0.05172  eV     1   --> A              
     e( 27 - 27) =      0.08604  eV     1   --> A              
     e( 28 - 28) =      1.90684  eV     1   --> A              
     e( 29 - 29) =      2.25962  eV     1   --> A              
     e( 30 - 30) =      3.42925  eV     1   --> A              
     e( 31 - 31) =      3.78950  eV     1   --> A              
     e( 32 - 32) =      4.23765  eV     1   --> A              
     e( 33 - 33) =      4.58229  eV     1   --> A              
     e( 34 - 34) =      5.22685  eV     1   --> A              
     e( 35 - 35) =      6.02472  eV     1   --> A              

 **************************************************************************

 **************************************************************************

                    xk=(   0.26000,   0.45033,   0.00000  )

     Band symmetry, C_1 (1)     point group:

     e(  1 -  1) =    -77.73017  eV     1   --> A              
     e(  2 -  2) =    -49.17891  eV     1   --> A              
     e(  3 -  3) =    -49.08900  eV     1   --> A              
     e(  4 -  4) =    -48.85813  eV     1   --> A              
     e(  5 -  5) =    -21.62997  eV     1   --> A              
     e(  6 -  6) =    -21.57248  eV     1   --> A              
     e(  7 -  7) =    -20.25740  eV     1   --> A              
     e(  8 -  8) =    -19.57817  eV     1   --> A              
     e(  9 -  9) =    -14.56171  eV     1   --> A              
     e( 10 - 10) =    -14.25320  eV     1   --> A              
     e( 11 - 11) =    -12.74652  eV     1   --> A              
     e( 12 - 12) =    -12.59679  eV     1   --> A              
     e( 13 - 13) =    -11.63841  eV     1   --> A              
     e( 14 - 14) =    -10.65478  eV     1   --> A              
     e( 15 - 15) =    -10.50136  eV     1   --> A              
     e( 16 - 16) =     -9.74080  eV     1   --> A              
     e( 17 - 17) =     -8.93037  eV     1   --> A              
     e( 18 - 18) =     -8.42881  eV     1   --> A              
     e( 19 - 19) =     -7.86280  eV     1   --> A              
     e( 20 - 20) =     -7.34843  eV     1   --> A              
     e( 21 - 21) =     -6.10678  eV     1   --> A              
     e( 22 - 22) =     -4.44049  eV     1   --> A              
     e( 23 - 23) =     -3.67017  eV     1   --> A              
     e( 24 - 24) =     -2.84059  eV     1   --> A              
     e( 25 - 25) =     -2.33379  eV     1   --> A              
     e( 26 - 26) =     -0.05126  eV     1   --> A              
     e( 27 - 27) =      0.09079  eV     1   --> A              
     e( 28 - 28) =      1.91344  eV     1   --> A              
     e( 29 - 29) =      2.27889  eV     1   --> A              
     e( 30 - 30) =      3.46648  eV     1   --> A              
     e( 31 - 31) =      3.80558  eV     1   --> A              
     e( 32 - 32) =      4.23834  eV     1   --> A              
     e( 33 - 33) =      4.57393  eV     1   --> A              
     e( 34 - 34) =      5.19509  eV     1   --> A              
     e( 35 - 35) =      6.00295  eV     1   --> A              

 **************************************************************************

 **************************************************************************

                    xk=(   0.26333,   0.45611,   0.00000  )

     Band symmetry, C_1 (1)     point group:

     e(  1 -  1) =    -77.72989  eV     1   --> A              
     e(  2 -  2) =    -49.17908  eV     1   --> A              
     e(  3 -  3) =    -49.09147  eV     1   --> A              
     e(  4 -  4) =    -48.85774  eV     1   --> A              
     e(  5 -  5) =    -21.59057  eV     1   --> A              
     e(  6 -  6) =    -21.53343  eV     1   --> A              
     e(  7 -  7) =    -20.25249  eV     1   --> A              
     e(  8 -  8) =    -19.57923  eV     1   --> A              
     e(  9 -  9) =    -14.57835  eV     1   --> A              
     e( 10 - 10) =    -14.26987  eV     1   --> A              
     e( 11 - 11) =    -12.80415  eV     1   --> A              
     e( 12 - 12) =    -12.65797  eV     1   --> A              
     e( 13 - 13) =    -11.61150  eV     1   --> A              
     e( 14 - 14) =    -10.67447  eV     1   --> A              
     e( 15 - 15) =    -10.50947  eV     1   --> A              
     e( 16 - 16) =     -9.72772  eV     1   --> A              
     e( 17 - 17) =     -8.97340  eV     1   --> A              
     e( 18 - 18) =     -8.45276  eV     1   --> A              
     e( 19 - 19) =     -7.85730  eV     1   --> A              
     e( 20 - 20) =     -7.33376  eV     1   --> A              
     e( 21 - 21) =     -6.09158  eV     1   --> A              
     e( 22 - 22) =     -4.46569  eV     1   --> A              
     e( 23 - 23) =     -3.65774  eV     1   --> A              
     e( 24 - 24) =     -2.82909  eV     1   --> A              
     e( 25 - 25) =     -2.34333  eV     1   --> A              
     e( 26 - 26) =     -0.05027  eV     1   --> A              
     e( 27 - 27) =      0.09635  eV     1   --> A              
     e( 28 - 28) =      1.91955  eV     1   --> A              
     e( 29 - 29) =      2.29581  eV     1   --> A              
     e( 30 - 30) =      3.50397  eV     1   --> A              
     e( 31 - 31) =      3.82126  eV     1   --> A              
     e( 32 - 32) =      4.24204  eV     1   --> A              
     e( 33 - 33) =      4.56927  eV     1   --> A              
     e( 34 - 34) =      5.16392  eV     1   --> A              
     e( 35 - 35) =      5.97746  eV     1   --> A              

 **************************************************************************

 **************************************************************************

                    xk=(   0.26667,   0.46188,   0.00000  )

     Band symmetry, C_1 (1)     point group:

     e(  1 -  1) =    -77.72964  eV     1   --> A              
     e(  2 -  2) =    -49.17912  eV     1   --> A              
     e(  3 -  3) =    -49.09394  eV     1   --> A              
     e(  4 -  4) =    -48.85737  eV     1   --> A              
     e(  5 -  5) =    -21.55253  eV     1   --> A              
     e(  6 -  6) =    -21.49568  eV     1   --> A              
     e(  7 -  7) =    -20.24831  eV     1   --> A              
     e(  8 -  8) =    -19.58055  eV     1   --> A              
     e(  9 -  9) =    -14.59244  eV     1   --> A              
     e( 10 - 10) =    -14.28367  eV     1   --> A              
     e( 11 - 11) =    -12.86128  eV     1   --> A              
     e( 12 - 12) =    -12.71861  eV     1   --> A              
     e( 13 - 13) =    -11.58412  eV     1   --> A              
     e( 14 - 14) =    -10.69404  eV     1   --> A              
     e( 15 - 15) =    -10.51663  eV     1   --> A              
     e( 16 - 16) =     -9.71406  eV     1   --> A              
     e( 17 - 17) =     -9.01611  eV     1   --> A              
     e( 18 - 18) =     -8.47787  eV     1   --> A              
     e( 19 - 19) =     -7.85118  eV     1   --> A              
     e( 20 - 20) =     -7.31957  eV     1   --> A              
     e( 21 - 21) =     -6.07623  eV     1   --> A              
     e( 22 - 22) =     -4.49074  eV     1   --> A              
     e( 23 - 23) =     -3.64486  eV     1   --> A              
     e( 24 - 24) =     -2.81777  eV     1   --> A              
     e( 25 - 25) =     -2.35326  eV     1   --> A              
     e( 26 - 26) =     -0.04873  eV     1   --> A              
     e( 27 - 27) =      0.10265  eV     1   --> A              
     e( 28 - 28) =      1.92520  eV     1   --> A              
     e( 29 - 29) =      2.31021  eV     1   --> A              
     e( 30 - 30) =      3.54169  eV     1   --> A              
     e( 31 - 31) =      3.83672  eV     1   --> A              
     e( 32 - 32) =      4.24879  eV     1   --> A              
     e( 33 - 33) =      4.56803  eV     1   --> A              
     e( 34 - 34) =      5.13355  eV     1   --> A              
     e( 35 - 35) =      5.94895  eV     1   --> A              

 **************************************************************************

 **************************************************************************

                    xk=(   0.27000,   0.46765,   0.00000  )

     Band symmetry, C_1 (1)     point group:

     e(  1 -  1) =    -77.72939  eV     1   --> A              
     e(  2 -  2) =    -49.17903  eV     1   --> A              
     e(  3 -  3) =    -49.09640  eV     1   --> A              
     e(  4 -  4) =    -48.85701  eV     1   --> A              
     e(  5 -  5) =    -21.51593  eV     1   --> A              
     e(  6 -  6) =    -21.45932  eV     1   --> A              
     e(  7 -  7) =    -20.24483  eV     1   --> A              
     e(  8 -  8) =    -19.58210  eV     1   --> A              
     e(  9 -  9) =    -14.60397  eV     1   --> A              
     e( 10 - 10) =    -14.29459  eV     1   --> A              
     e( 11 - 11) =    -12.91782  eV     1   --> A              
     e( 12 - 12) =    -12.77865  eV     1   --> A              
     e( 13 - 13) =    -11.55639  eV     1   --> A              
     e( 14 - 14) =    -10.71336  eV     1   --> A              
     e( 15 - 15) =    -10.52267  eV     1   --> A              
     e( 16 - 16) =     -9.70036  eV     1   --> A              
     e( 17 - 17) =     -9.05807  eV     1   --> A              
     e( 18 - 18) =     -8.50396  eV     1   --> A              
     e( 19 - 19) =     -7.84461  eV     1   --> A              
     e( 20 - 20) =     -7.30588  eV     1   --> A              
     e( 21 - 21) =     -6.06082  eV     1   --> A              
     e( 22 - 22) =     -4.51555  eV     1   --> A              
     e( 23 - 23) =     -3.63162  eV     1   --> A              
     e( 24 - 24) =     -2.80664  eV     1   --> A              
     e( 25 - 25) =     -2.36354  eV     1   --> A              
     e( 26 - 26) =     -0.04664  eV     1   --> A              
     e( 27 - 27) =      0.10962  eV     1   --> A              
     e( 28 - 28) =      1.93042  eV     1   --> A              
     e( 29 - 29) =      2.32199  eV     1   --> A              
     e( 30 - 30) =      3.57958  eV     1   --> A              
     e( 31 - 31) =      3.85218  eV     1   --> A              
     e( 32 - 32) =      4.25857  eV     1   --> A              
     e( 33 - 33) =      4.56986  eV     1   --> A              
     e( 34 - 34) =      5.10418  eV     1   --> A              
     e( 35 - 35) =      5.91785  eV     1   --> A              

 **************************************************************************

 **************************************************************************

                    xk=(   0.27333,   0.47343,   0.00000  )

     Band symmetry, C_1 (1)     point group:

     e(  1 -  1) =    -77.72916  eV     1   --> A              
     e(  2 -  2) =    -49.17880  eV     1   --> A              
     e(  3 -  3) =    -49.09887  eV     1   --> A              
     e(  4 -  4) =    -48.85668  eV     1   --> A              
     e(  5 -  5) =    -21.48086  eV     1   --> A              
     e(  6 -  6) =    -21.42441  eV     1   --> A              
     e(  7 -  7) =    -20.24200  eV     1   --> A              
     e(  8 -  8) =    -19.58383  eV     1   --> A              
     e(  9 -  9) =    -14.61294  eV     1   --> A              
     e( 10 - 10) =    -14.30263  eV     1   --> A              
     e( 11 - 11) =    -12.97368  eV     1   --> A              
     e( 12 - 12) =    -12.83808  eV     1   --> A              
     e( 13 - 13) =    -11.52844  eV     1   --> A              
     e( 14 - 14) =    -10.73229  eV     1   --> A              
     e( 15 - 15) =    -10.52746  eV     1   --> A              
     e( 16 - 16) =     -9.68728  eV     1   --> A              
     e( 17 - 17) =     -9.09870  eV     1   --> A              
     e( 18 - 18) =     -8.53088  eV     1   --> A              
     e( 19 - 19) =     -7.83776  eV     1   --> A              
     e( 20 - 20) =     -7.29274  eV     1   --> A              
     e( 21 - 21) =     -6.04542  eV     1   --> A              
     e( 22 - 22) =     -4.54000  eV     1   --> A              
     e( 23 - 23) =     -3.61813  eV     1   --> A              
     e( 24 - 24) =     -2.79569  eV     1   --> A              
     e( 25 - 25) =     -2.37412  eV     1   --> A              
     e( 26 - 26) =     -0.04399  eV     1   --> A              
     e( 27 - 27) =      0.11720  eV     1   --> A              
     e( 28 - 28) =      1.93520  eV     1   --> A              
     e( 29 - 29) =      2.33109  eV     1   --> A              
     e( 30 - 30) =      3.61760  eV     1   --> A              
     e( 31 - 31) =      3.86792  eV     1   --> A              
     e( 32 - 32) =      4.27122  eV     1   --> A              
     e( 33 - 33) =      4.57441  eV     1   --> A              
     e( 34 - 34) =      5.07595  eV     1   --> A              
     e( 35 - 35) =      5.88438  eV     1   --> A              

 **************************************************************************

 **************************************************************************

                    xk=(   0.27667,   0.47920,   0.00000  )

     Band symmetry, C_1 (1)     point group:

     e(  1 -  1) =    -77.72894  eV     1   --> A              
     e(  2 -  2) =    -49.17845  eV     1   --> A              
     e(  3 -  3) =    -49.10132  eV     1   --> A              
     e(  4 -  4) =    -48.85637  eV     1   --> A              
     e(  5 -  5) =    -21.44741  eV     1   --> A              
     e(  6 -  6) =    -21.39105  eV     1   --> A              
     e(  7 -  7) =    -20.23977  eV     1   --> A              
     e(  8 -  8) =    -19.58570  eV     1   --> A              
     e(  9 -  9) =    -14.61937  eV     1   --> A              
     e( 10 - 10) =    -14.30777  eV     1   --> A              
     e( 11 - 11) =    -13.02878  eV     1   --> A              
     e( 12 - 12) =    -12.89683  eV     1   --> A              
     e( 13 - 13) =    -11.50041  eV     1   --> A              
     e( 14 - 14) =    -10.75073  eV     1   --> A              
     e( 15 - 15) =    -10.53081  eV     1   --> A              
     e( 16 - 16) =     -9.67561  eV     1   --> A              
     e( 17 - 17) =     -9.13727  eV     1   --> A              
     e( 18 - 18) =     -8.55849  eV     1   --> A              
     e( 19 - 19) =     -7.83078  eV     1   --> A              
     e( 20 - 20) =     -7.28018  eV     1   --> A              
     e( 21 - 21) =     -6.03013  eV     1   --> A              
     e( 22 - 22) =     -4.56399  eV     1   --> A              
     e( 23 - 23) =     -3.60447  eV     1   --> A              
     e( 24 - 24) =     -2.78494  eV     1   --> A              
     e( 25 - 25) =     -2.38497  eV     1   --> A              
     e( 26 - 26) =     -0.04077  eV     1   --> A              
     e( 27 - 27) =      0.12532  eV     1   --> A              
     e( 28 - 28) =      1.93955  eV     1   --> A              
     e( 29 - 29) =      2.33751  eV     1   --> A              
     e( 30 - 30) =      3.65570  eV     1   --> A              
     e( 31 - 31) =      3.88421  eV     1   --> A              
     e( 32 - 32) =      4.28653  eV     1   --> A              
     e( 33 - 33) =      4.58134  eV     1   --> A              
     e( 34 - 34) =      5.04901  eV     1   --> A              
     e( 35 - 35) =      5.84869  eV     1   --> A              

 **************************************************************************

 **************************************************************************

                    xk=(   0.28000,   0.48497,   0.00000  )

     Band symmetry, C_1 (1)     point group:

     e(  1 -  1) =    -77.72874  eV     1   --> A              
     e(  2 -  2) =    -49.17798  eV     1   --> A              
     e(  3 -  3) =    -49.10377  eV     1   --> A              
     e(  4 -  4) =    -48.85608  eV     1   --> A              
     e(  5 -  5) =    -21.41565  eV     1   --> A              
     e(  6 -  6) =    -21.35930  eV     1   --> A              
     e(  7 -  7) =    -20.23808  eV     1   --> A              
     e(  8 -  8) =    -19.58766  eV     1   --> A              
     e(  9 -  9) =    -14.62329  eV     1   --> A              
     e( 10 - 10) =    -14.31004  eV     1   --> A              
     e( 11 - 11) =    -13.08302  eV     1   --> A              
     e( 12 - 12) =    -12.95486  eV     1   --> A              
     e( 13 - 13) =    -11.47248  eV     1   --> A              
     e( 14 - 14) =    -10.76856  eV     1   --> A              
     e( 15 - 15) =    -10.53256  eV     1   --> A              
     e( 16 - 16) =     -9.66639  eV     1   --> A              
     e( 17 - 17) =     -9.17281  eV     1   --> A              
     e( 18 - 18) =     -8.58666  eV     1   --> A              
     e( 19 - 19) =     -7.82379  eV     1   --> A              
     e( 20 - 20) =     -7.26822  eV     1   --> A              
     e( 21 - 21) =     -6.01503  eV     1   --> A              
     e( 22 - 22) =     -4.58742  eV     1   --> A              
     e( 23 - 23) =     -3.59075  eV     1   --> A              
     e( 24 - 24) =     -2.77438  eV     1   --> A              
     e( 25 - 25) =     -2.39602  eV     1   --> A              
     e( 26 - 26) =     -0.03699  eV     1   --> A              
     e( 27 - 27) =      0.13392  eV     1   --> A              
     e( 28 - 28) =      1.94347  eV     1   --> A              
     e( 29 - 29) =      2.34128  eV     1   --> A              
     e( 30 - 30) =      3.69380  eV     1   --> A              
     e( 31 - 31) =      3.90134  eV     1   --> A              
     e( 32 - 32) =      4.30423  eV     1   --> A              
     e( 33 - 33) =      4.59032  eV     1   --> A              
     e( 34 - 34) =      5.02345  eV     1   --> A              
     e( 35 - 35) =      5.81086  eV     1   --> A              

 **************************************************************************

 **************************************************************************

                    xk=(   0.28333,   0.49075,   0.00000  )

     Band symmetry, C_1 (1)     point group:

     e(  1 -  1) =    -77.72855  eV     1   --> A              
     e(  2 -  2) =    -49.17739  eV     1   --> A              
     e(  3 -  3) =    -49.10621  eV     1   --> A              
     e(  4 -  4) =    -48.85580  eV     1   --> A              
     e(  5 -  5) =    -21.38566  eV     1   --> A              
     e(  6 -  6) =    -21.32923  eV     1   --> A              
     e(  7 -  7) =    -20.23688  eV     1   --> A              
     e(  8 -  8) =    -19.58968  eV     1   --> A              
     e(  9 -  9) =    -14.62473  eV     1   --> A              
     e( 10 - 10) =    -14.30945  eV     1   --> A              
     e( 11 - 11) =    -13.13629  eV     1   --> A              
     e( 12 - 12) =    -13.01212  eV     1   --> A              
     e( 13 - 13) =    -11.44485  eV     1   --> A              
     e( 14 - 14) =    -10.78570  eV     1   --> A              
     e( 15 - 15) =    -10.53252  eV     1   --> A              
     e( 16 - 16) =     -9.66088  eV     1   --> A              
     e( 17 - 17) =     -9.20410  eV     1   --> A              
     e( 18 - 18) =     -8.61528  eV     1   --> A              
     e( 19 - 19) =     -7.81691  eV     1   --> A              
     e( 20 - 20) =     -7.25691  eV     1   --> A              
     e( 21 - 21) =     -6.00021  eV     1   --> A              
     e( 22 - 22) =     -4.61017  eV     1   --> A              
     e( 23 - 23) =     -3.57707  eV     1   --> A              
     e( 24 - 24) =     -2.76403  eV     1   --> A              
     e( 25 - 25) =     -2.40724  eV     1   --> A              
     e( 26 - 26) =     -0.03266  eV     1   --> A              
     e( 27 - 27) =      0.14291  eV     1   --> A              
     e( 28 - 28) =      1.94696  eV     1   --> A              
     e( 29 - 29) =      2.34251  eV     1   --> A              
     e( 30 - 30) =      3.73182  eV     1   --> A              
     e( 31 - 31) =      3.91951  eV     1   --> A              
     e( 32 - 32) =      4.32397  eV     1   --> A              
     e( 33 - 33) =      4.60109  eV     1   --> A              
     e( 34 - 34) =      4.99930  eV     1   --> A              
     e( 35 - 35) =      5.77093  eV     1   --> A              

 **************************************************************************

 **************************************************************************

                    xk=(   0.28667,   0.49652,   0.00000  )

     Band symmetry, C_1 (1)     point group:

     e(  1 -  1) =    -77.72837  eV     1   --> A              
     e(  2 -  2) =    -49.17668  eV     1   --> A              
     e(  3 -  3) =    -49.10862  eV     1   --> A              
     e(  4 -  4) =    -48.85555  eV     1   --> A              
     e(  5 -  5) =    -21.35751  eV     1   --> A              
     e(  6 -  6) =    -21.30093  eV     1   --> A              
     e(  7 -  7) =    -20.23609  eV     1   --> A              
     e(  8 -  8) =    -19.59169  eV     1   --> A              
     e(  9 -  9) =    -14.62378  eV     1   --> A              
     e( 10 - 10) =    -14.30602  eV     1   --> A              
     e( 11 - 11) =    -13.18849  eV     1   --> A              
     e( 12 - 12) =    -13.06854  eV     1   --> A              
     e( 13 - 13) =    -11.41772  eV     1   --> A              
     e( 14 - 14) =    -10.80207  eV     1   --> A              
     e( 15 - 15) =    -10.53048  eV     1   --> A              
     e( 16 - 16) =     -9.66050  eV     1   --> A              
     e( 17 - 17) =     -9.22977  eV     1   --> A              
     e( 18 - 18) =     -8.64423  eV     1   --> A              
     e( 19 - 19) =     -7.81023  eV     1   --> A              
     e( 20 - 20) =     -7.24626  eV     1   --> A              
     e( 21 - 21) =     -5.98577  eV     1   --> A              
     e( 22 - 22) =     -4.63214  eV     1   --> A              
     e( 23 - 23) =     -3.56354  eV     1   --> A              
     e( 24 - 24) =     -2.75390  eV     1   --> A              
     e( 25 - 25) =     -2.41855  eV     1   --> A              
     e( 26 - 26) =     -0.02779  eV     1   --> A              
     e( 27 - 27) =      0.15222  eV     1   --> A              
     e( 28 - 28) =      1.95000  eV     1   --> A              
     e( 29 - 29) =      2.34137  eV     1   --> A              
     e( 30 - 30) =      3.76963  eV     1   --> A              
     e( 31 - 31) =      3.93888  eV     1   --> A              
     e( 32 - 32) =      4.34547  eV     1   --> A              
     e( 33 - 33) =      4.61343  eV     1   --> A              
     e( 34 - 34) =      4.97658  eV     1   --> A              
     e( 35 - 35) =      5.72894  eV     1   --> A              

 **************************************************************************

 **************************************************************************

                    xk=(   0.29000,   0.50229,   0.00000  )

     Band symmetry, C_1 (1)     point group:

     e(  1 -  1) =    -77.72821  eV     1   --> A              
     e(  2 -  2) =    -49.17587  eV     1   --> A              
     e(  3 -  3) =    -49.11102  eV     1   --> A              
     e(  4 -  4) =    -48.85532  eV     1   --> A              
     e(  5 -  5) =    -21.33126  eV     1   --> A              
     e(  6 -  6) =    -21.27445  eV     1   --> A              
     e(  7 -  7) =    -20.23567  eV     1   --> A              
     e(  8 -  8) =    -19.59367  eV     1   --> A              
     e(  9 -  9) =    -14.62053  eV     1   --> A              
     e( 10 - 10) =    -14.29982  eV     1   --> A              
     e( 11 - 11) =    -13.23948  eV     1   --> A              
     e( 12 - 12) =    -13.12405  eV     1   --> A              
     e( 13 - 13) =    -11.39134  eV     1   --> A              
     e( 14 - 14) =    -10.81759  eV     1   --> A              
     e( 15 - 15) =    -10.52622  eV     1   --> A              
     e( 16 - 16) =     -9.66658  eV     1   --> A              
     e( 17 - 17) =     -9.24848  eV     1   --> A              
     e( 18 - 18) =     -8.67343  eV     1   --> A              
     e( 19 - 19) =     -7.80383  eV     1   --> A              
     e( 20 - 20) =     -7.23631  eV     1   --> A              
     e( 21 - 21) =     -5.97178  eV     1   --> A              
     e( 22 - 22) =     -4.65321  eV     1   --> A              
     e( 23 - 23) =     -3.55026  eV     1   --> A              
     e( 24 - 24) =     -2.74401  eV     1   --> A              
     e( 25 - 25) =     -2.42990  eV     1   --> A              
     e( 26 - 26) =     -0.02243  eV     1   --> A              
     e( 27 - 27) =      0.16175  eV     1   --> A              
     e( 28 - 28) =      1.95258  eV     1   --> A              
     e( 29 - 29) =      2.33807  eV     1   --> A              
     e( 30 - 30) =      3.80706  eV     1   --> A              
     e( 31 - 31) =      3.95953  eV     1   --> A              
     e( 32 - 32) =      4.36840  eV     1   --> A              
     e( 33 - 33) =      4.62722  eV     1   --> A              
     e( 34 - 34) =      4.95519  eV     1   --> A              
     e( 35 - 35) =      5.68490  eV     1   --> A              

 **************************************************************************

 **************************************************************************

                    xk=(   0.29333,   0.50807,   0.00000  )

     Band symmetry, C_1 (1)     point group:

     e(  1 -  1) =    -77.72806  eV     1   --> A              
     e(  2 -  2) =    -49.17495  eV     1   --> A              
     e(  3 -  3) =    -49.11338  eV     1   --> A              
     e(  4 -  4) =    -48.85510  eV     1   --> A              
     e(  5 -  5) =    -21.30696  eV     1   --> A              
     e(  6 -  6) =    -21.24986  eV     1   --> A              
     e(  7 -  7) =    -20.23553  eV     1   --> A              
     e(  8 -  8) =    -19.59558  eV     1   --> A              
     e(  9 -  9) =    -14.61508  eV     1   --> A              
     e( 10 - 10) =    -14.29091  eV     1   --> A              
     e( 11 - 11) =    -13.28911  eV     1   --> A              
     e( 12 - 12) =    -13.17855  eV     1   --> A              
     e( 13 - 13) =    -11.36596  eV     1   --> A              
     e( 14 - 14) =    -10.83221  eV     1   --> A              
     e( 15 - 15) =    -10.51951  eV     1   --> A              
     e( 16 - 16) =     -9.68000  eV     1   --> A              
     e( 17 - 17) =     -9.25941  eV     1   --> A              
     e( 18 - 18) =     -8.70277  eV     1   --> A              
     e( 19 - 19) =     -7.79780  eV     1   --> A              
     e( 20 - 20) =     -7.22706  eV     1   --> A              
     e( 21 - 21) =     -5.95835  eV     1   --> A              
     e( 22 - 22) =     -4.67327  eV     1   --> A              
     e( 23 - 23) =     -3.53735  eV     1   --> A              
     e( 24 - 24) =     -2.73437  eV     1   --> A              
     e( 25 - 25) =     -2.44122  eV     1   --> A              
     e( 26 - 26) =     -0.01659  eV     1   --> A              
     e( 27 - 27) =      0.17142  eV     1   --> A              
     e( 28 - 28) =      1.95469  eV     1   --> A              
     e( 29 - 29) =      2.33287  eV     1   --> A              
     e( 30 - 30) =      3.84393  eV     1   --> A              
     e( 31 - 31) =      3.98147  eV     1   --> A              
     e( 32 - 32) =      4.39247  eV     1   --> A              
     e( 33 - 33) =      4.64243  eV     1   --> A              
     e( 34 - 34) =      4.93499  eV     1   --> A              
     e( 35 - 35) =      5.63882  eV     1   --> A              

 **************************************************************************

 **************************************************************************

                    xk=(   0.29667,   0.51384,   0.00000  )

     Band symmetry, C_1 (1)     point group:

     e(  1 -  1) =    -77.72792  eV     1   --> A              
     e(  2 -  2) =    -49.17395  eV     1   --> A              
     e(  3 -  3) =    -49.11570  eV     1   --> A              
     e(  4 -  4) =    -48.85491  eV     1   --> A              
     e(  5 -  5) =    -21.28466  eV     1   --> A              
     e(  6 -  6) =    -21.22720  eV     1   --> A              
     e(  7 -  7) =    -20.23563  eV     1   --> A              
     e(  8 -  8) =    -19.59739  eV     1   --> A              
     e(  9 -  9) =    -14.60762  eV     1   --> A              
     e( 10 - 10) =    -14.27938  eV     1   --> A              
     e( 11 - 11) =    -13.33721  eV     1   --> A              
     e( 12 - 12) =    -13.23192  eV     1   --> A              
     e( 13 - 13) =    -11.34185  eV     1   --> A              
     e( 14 - 14) =    -10.84585  eV     1   --> A              
     e( 15 - 15) =    -10.51015  eV     1   --> A              
     e( 16 - 16) =     -9.70080  eV     1   --> A              
     e( 17 - 17) =     -9.26252  eV     1   --> A              
     e( 18 - 18) =     -8.73219  eV     1   --> A              
     e( 19 - 19) =     -7.79218  eV     1   --> A              
     e( 20 - 20) =     -7.21854  eV     1   --> A              
     e( 21 - 21) =     -5.94557  eV     1   --> A              
     e( 22 - 22) =     -4.69220  eV     1   --> A              
     e( 23 - 23) =     -3.52491  eV     1   --> A              
     e( 24 - 24) =     -2.72502  eV     1   --> A              
     e( 25 - 25) =     -2.45242  eV     1   --> A              
     e( 26 - 26) =     -0.01034  eV     1   --> A              
     e( 27 - 27) =      0.18111  eV     1   --> A              
     e( 28 - 28) =      1.95631  eV     1   --> A              
     e( 29 - 29) =      2.32607  eV     1   --> A              
     e( 30 - 30) =      3.87997  eV     1   --> A              
     e( 31 - 31) =      4.00463  eV     1   --> A              
     e( 32 - 32) =      4.41740  eV     1   --> A              
     e( 33 - 33) =      4.65908  eV     1   --> A              
     e( 34 - 34) =      4.91574  eV     1   --> A              
     e( 35 - 35) =      5.59070  eV     1   --> A              

 **************************************************************************

 **************************************************************************

                    xk=(   0.30000,   0.51962,   0.00000  )

     Band symmetry, C_1 (1)     point group:

     e(  1 -  1) =    -77.72780  eV     1   --> A              
     e(  2 -  2) =    -49.17287  eV     1   --> A              
     e(  3 -  3) =    -49.11798  eV     1   --> A              
     e(  4 -  4) =    -48.85473  eV     1   --> A              
     e(  5 -  5) =    -21.26439  eV     1   --> A              
     e(  6 -  6) =    -21.20652  eV     1   --> A              
     e(  7 -  7) =    -20.23589  eV     1   --> A              
     e(  8 -  8) =    -19.59906  eV     1   --> A              
     e(  9 -  9) =    -14.59834  eV     1   --> A              
     e( 10 - 10) =    -14.26535  eV     1   --> A              
     e( 11 - 11) =    -13.38358  eV     1   --> A              
     e( 12 - 12) =    -13.28402  eV     1   --> A              
     e( 13 - 13) =    -11.31927  eV     1   --> A              
     e( 14 - 14) =    -10.85847  eV     1   --> A              
     e( 15 - 15) =    -10.49793  eV     1   --> A              
     e( 16 - 16) =     -9.72820  eV     1   --> A              
     e( 17 - 17) =     -9.25857  eV     1   --> A              
     e( 18 - 18) =     -8.76158  eV     1   --> A              
     e( 19 - 19) =     -7.78701  eV     1   --> A              
     e( 20 - 20) =     -7.21076  eV     1   --> A              
     e( 21 - 21) =     -5.93353  eV     1   --> A              
     e( 22 - 22) =     -4.70990  eV     1   --> A              
     e( 23 - 23) =     -3.51305  eV     1   --> A              
     e( 24 - 24) =     -2.71598  eV     1   --> A              
     e( 25 - 25) =     -2.46342  eV     1   --> A              
     e( 26 - 26) =     -0.00374  eV     1   --> A              
     e( 27 - 27) =      0.19071  eV     1   --> A              
     e( 28 - 28) =      1.95744  eV     1   --> A              
     e( 29 - 29) =      2.31799  eV     1   --> A              
     e( 30 - 30) =      3.91487  eV     1   --> A              
     e( 31 - 31) =      4.02888  eV     1   --> A              
     e( 32 - 32) =      4.44299  eV     1   --> A              
     e( 33 - 33) =      4.67733  eV     1   --> A              
     e( 34 - 34) =      4.89717  eV     1   --> A              
     e( 35 - 35) =      5.54057  eV     1   --> A              

 **************************************************************************

 **************************************************************************

                    xk=(   0.30333,   0.52539,   0.00000  )

     Band symmetry, C_1 (1)     point group:

     e(  1 -  1) =    -77.72769  eV     1   --> A              
     e(  2 -  2) =    -49.17172  eV     1   --> A              
     e(  3 -  3) =    -49.12019  eV     1   --> A              
     e(  4 -  4) =    -48.85457  eV     1   --> A              
     e(  5 -  5) =    -21.24617  eV     1   --> A              
     e(  6 -  6) =    -21.18787  eV     1   --> A              
     e(  7 -  7) =    -20.23627  eV     1   --> A              
     e(  8 -  8) =    -19.60058  eV     1   --> A              
     e(  9 -  9) =    -14.58749  eV     1   --> A              
     e( 10 - 10) =    -14.24900  eV     1   --> A              
     e( 11 - 11) =    -13.42798  eV     1   --> A              
     e( 12 - 12) =    -13.33465  eV     1   --> A              
     e( 13 - 13) =    -11.29847  eV     1   --> A              
     e( 14 - 14) =    -10.87001  eV     1   --> A              
     e( 15 - 15) =    -10.48267  eV     1   --> A              
     e( 16 - 16) =     -9.76098  eV     1   --> A              
     e( 17 - 17) =     -9.24881  eV     1   --> A              
     e( 18 - 18) =     -8.79086  eV     1   --> A              
     e( 19 - 19) =     -7.78234  eV     1   --> A              
     e( 20 - 20) =     -7.20373  eV     1   --> A              
     e( 21 - 21) =     -5.92234  eV     1   --> A              
     e( 22 - 22) =     -4.72625  eV     1   --> A              
     e( 23 - 23) =     -3.50189  eV     1   --> A              
     e( 24 - 24) =     -2.70731  eV     1   --> A              
     e( 25 - 25) =     -2.47412  eV     1   --> A              
     e( 26 - 26) =      0.00313  eV     1   --> A              
     e( 27 - 27) =      0.20010  eV     1   --> A              
     e( 28 - 28) =      1.95808  eV     1   --> A              
     e( 29 - 29) =      2.30900  eV     1   --> A              
     e( 30 - 30) =      3.94831  eV     1   --> A              
     e( 31 - 31) =      4.05400  eV     1   --> A              
     e( 32 - 32) =      4.46908  eV     1   --> A              
     e( 33 - 33) =      4.69732  eV     1   --> A              
     e( 34 - 34) =      4.87896  eV     1   --> A              
     e( 35 - 35) =      5.48847  eV     1   --> A              

 **************************************************************************

 **************************************************************************

                    xk=(   0.30667,   0.53116,   0.00000  )

     Band symmetry, C_1 (1)     point group:

     e(  1 -  1) =    -77.72759  eV     1   --> A              
     e(  2 -  2) =    -49.17053  eV     1   --> A              
     e(  3 -  3) =    -49.12233  eV     1   --> A              
     e(  4 -  4) =    -48.85443  eV     1   --> A              
     e(  5 -  5) =    -21.23001  eV     1   --> A              
     e(  6 -  6) =    -21.17126  eV     1   --> A              
     e(  7 -  7) =    -20.23671  eV     1   --> A              
     e(  8 -  8) =    -19.60193  eV     1   --> A              
     e(  9 -  9) =    -14.57538  eV     1   --> A              
     e( 10 - 10) =    -14.23057  eV     1   --> A              
     e( 11 - 11) =    -13.47012  eV     1   --> A              
     e( 12 - 12) =    -13.38354  eV     1   --> A              
     e( 13 - 13) =    -11.27968  eV     1   --> A              
     e( 14 - 14) =    -10.88042  eV     1   --> A              
     e( 15 - 15) =    -10.46429  eV     1   --> A              
     e( 16 - 16) =     -9.79778  eV     1   --> A              
     e( 17 - 17) =     -9.23453  eV     1   --> A              
     e( 18 - 18) =     -8.81996  eV     1   --> A              
     e( 19 - 19) =     -7.77819  eV     1   --> A              
     e( 20 - 20) =     -7.19747  eV     1   --> A              
     e( 21 - 21) =     -5.91206  eV     1   --> A              
     e( 22 - 22) =     -4.74115  eV     1   --> A              
     e( 23 - 23) =     -3.49154  eV     1   --> A              
     e( 24 - 24) =     -2.69904  eV     1   --> A              
     e( 25 - 25) =     -2.48439  eV     1   --> A              
     e( 26 - 26) =      0.01017  eV     1   --> A              
     e( 27 - 27) =      0.20913  eV     1   --> A              
     e( 28 - 28) =      1.95824  eV     1   --> A              
     e( 29 - 29) =      2.29945  eV     1   --> A              
     e( 30 - 30) =      3.97999  eV     1   --> A              
     e( 31 - 31) =      4.07963  eV     1   --> A              
     e( 32 - 32) =      4.49556  eV     1   --> A              
     e( 33 - 33) =      4.71922  eV     1   --> A              
     e( 34 - 34) =      4.86080  eV     1   --> A              
     e( 35 - 35) =      5.43444  eV     1   --> A              

 **************************************************************************

 **************************************************************************

                    xk=(   0.31000,   0.53694,   0.00000  )

     Band symmetry, C_1 (1)     point group:

     e(  1 -  1) =    -77.72751  eV     1   --> A              
     e(  2 -  2) =    -49.16931  eV     1   --> A              
     e(  3 -  3) =    -49.12437  eV     1   --> A              
     e(  4 -  4) =    -48.85431  eV     1   --> A              
     e(  5 -  5) =    -21.21590  eV     1   --> A              
     e(  6 -  6) =    -21.15671  eV     1   --> A              
     e(  7 -  7) =    -20.23716  eV     1   --> A              
     e(  8 -  8) =    -19.60308  eV     1   --> A              
     e(  9 -  9) =    -14.56240  eV     1   --> A              
     e( 10 - 10) =    -14.21037  eV     1   --> A              
     e( 11 - 11) =    -13.50970  eV     1   --> A              
     e( 12 - 12) =    -13.43032  eV     1   --> A              
     e( 13 - 13) =    -11.26308  eV     1   --> A              
     e( 14 - 14) =    -10.88966  eV     1   --> A              
     e( 15 - 15) =    -10.44274  eV     1   --> A              
     e( 16 - 16) =     -9.83742  eV     1   --> A              
     e( 17 - 17) =     -9.21689  eV     1   --> A              
     e( 18 - 18) =     -8.84878  eV     1   --> A              
     e( 19 - 19) =     -7.77457  eV     1   --> A              
     e( 20 - 20) =     -7.19197  eV     1   --> A              
     e( 21 - 21) =     -5.90281  eV     1   --> A              
     e( 22 - 22) =     -4.75449  eV     1   --> A              
     e( 23 - 23) =     -3.48211  eV     1   --> A              
     e( 24 - 24) =     -2.69127  eV     1   --> A              
     e( 25 - 25) =     -2.49411  eV     1   --> A              
     e( 26 - 26) =      0.01723  eV     1   --> A              
     e( 27 - 27) =      0.21768  eV     1   --> A              
     e( 28 - 28) =      1.95796  eV     1   --> A              
     e( 29 - 29) =      2.28971  eV     1   --> A              
     e( 30 - 30) =      4.00964  eV     1   --> A              
     e( 31 - 31) =      4.10524  eV     1   --> A              
     e( 32 - 32) =      4.52239  eV     1   --> A              
     e( 33 - 33) =      4.74311  eV     1   --> A              
     e( 34 - 34) =      4.84254  eV     1   --> A              
     e( 35 - 35) =      5.37857  eV     1   --> A              

 **************************************************************************

 **************************************************************************

                    xk=(   0.31333,   0.54271,   0.00000  )

     Band symmetry, C_1 (1)     point group:

     e(  1 -  1) =    -77.72744  eV     1   --> A              
     e(  2 -  2) =    -49.16810  eV     1   --> A              
     e(  3 -  3) =    -49.12630  eV     1   --> A              
     e(  4 -  4) =    -48.85421  eV     1   --> A              
     e(  5 -  5) =    -21.20383  eV     1   --> A              
     e(  6 -  6) =    -21.14423  eV     1   --> A              
     e(  7 -  7) =    -20.23759  eV     1   --> A              
     e(  8 -  8) =    -19.60405  eV     1   --> A              
     e(  9 -  9) =    -14.54901  eV     1   --> A              
     e( 10 - 10) =    -14.18886  eV     1   --> A              
     e( 11 - 11) =    -13.54633  eV     1   --> A              
     e( 12 - 12) =    -13.47447  eV     1   --> A              
     e( 13 - 13) =    -11.24879  eV     1   --> A              
     e( 14 - 14) =    -10.89768  eV     1   --> A              
     e( 15 - 15) =    -10.41811  eV     1   --> A              
     e( 16 - 16) =     -9.87885  eV     1   --> A              
     e( 17 - 17) =     -9.19685  eV     1   --> A              
     e( 18 - 18) =     -8.87721  eV     1   --> A              
     e( 19 - 19) =     -7.77147  eV     1   --> A              
     e( 20 - 20) =     -7.18723  eV     1   --> A              
     e( 21 - 21) =     -5.89464  eV     1   --> A              
     e( 22 - 22) =     -4.76620  eV     1   --> A              
     e( 23 - 23) =     -3.47369  eV     1   --> A              
     e( 24 - 24) =     -2.68408  eV     1   --> A              
     e( 25 - 25) =     -2.50313  eV     1   --> A              
     e( 26 - 26) =      0.02418  eV     1   --> A              
     e( 27 - 27) =      0.22557  eV     1   --> A              
     e( 28 - 28) =      1.95728  eV     1   --> A              
     e( 29 - 29) =      2.28016  eV     1   --> A              
     e( 30 - 30) =      4.03713  eV     1   --> A              
     e( 31 - 31) =      4.13003  eV     1   --> A              
     e( 32 - 32) =      4.54955  eV     1   --> A              
     e( 33 - 33) =      4.76871  eV     1   --> A              
     e( 34 - 34) =      4.82446  eV     1   --> A              
     e( 35 - 35) =      5.32102  eV     1   --> A              

 **************************************************************************

 **************************************************************************

                    xk=(   0.31667,   0.54848,   0.00000  )

     Band symmetry, C_1 (1)     point group:

     e(  1 -  1) =    -77.72737  eV     1   --> A              
     e(  2 -  2) =    -49.16692  eV     1   --> A              
     e(  3 -  3) =    -49.12806  eV     1   --> A              
     e(  4 -  4) =    -48.85412  eV     1   --> A              
     e(  5 -  5) =    -21.19377  eV     1   --> A              
     e(  6 -  6) =    -21.13379  eV     1   --> A              
     e(  7 -  7) =    -20.23797  eV     1   --> A              
     e(  8 -  8) =    -19.60483  eV     1   --> A              
     e(  9 -  9) =    -14.53577  eV     1   --> A              
     e( 10 - 10) =    -14.16668  eV     1   --> A              
     e( 11 - 11) =    -13.57962  eV     1   --> A              
     e( 12 - 12) =    -13.51522  eV     1   --> A              
     e( 13 - 13) =    -11.23690  eV     1   --> A              
     e( 14 - 14) =    -10.90445  eV     1   --> A              
     e( 15 - 15) =    -10.39067  eV     1   --> A              
     e( 16 - 16) =     -9.92117  eV     1   --> A              
     e( 17 - 17) =     -9.17516  eV     1   --> A              
     e( 18 - 18) =     -8.90513  eV     1   --> A              
     e( 19 - 19) =     -7.76892  eV     1   --> A              
     e( 20 - 20) =     -7.18327  eV     1   --> A              
     e( 21 - 21) =     -5.88764  eV     1   --> A              
     e( 22 - 22) =     -4.77620  eV     1   --> A              
     e( 23 - 23) =     -3.46638  eV     1   --> A              
     e( 24 - 24) =     -2.67760  eV     1   --> A              
     e( 25 - 25) =     -2.51127  eV     1   --> A              
     e( 26 - 26) =      0.03082  eV     1   --> A              
     e( 27 - 27) =      0.23267  eV     1   --> A              
     e( 28 - 28) =      1.95628  eV     1   --> A              
     e( 29 - 29) =      2.27116  eV     1   --> A              
     e( 30 - 30) =      4.06243  eV     1   --> A              
     e( 31 - 31) =      4.15297  eV     1   --> A              
     e( 32 - 32) =      4.57695  eV     1   --> A              
     e( 33 - 33) =      4.79138  eV     1   --> A              
     e( 34 - 34) =      4.81134  eV     1   --> A              
     e( 35 - 35) =      5.26202  eV     1   --> A              

 **************************************************************************

 **************************************************************************

                    xk=(   0.32000,   0.55426,   0.00000  )

     Band symmetry, C_1 (1)     point group:

     e(  1 -  1) =    -77.72733  eV     1   --> A              
     e(  2 -  2) =    -49.16582  eV     1   --> A              
     e(  3 -  3) =    -49.12963  eV     1   --> A              
     e(  4 -  4) =    -48.85405  eV     1   --> A              
     e(  5 -  5) =    -21.18568  eV     1   --> A              
     e(  6 -  6) =    -21.12538  eV     1   --> A              
     e(  7 -  7) =    -20.23828  eV     1   --> A              
     e(  8 -  8) =    -19.60543  eV     1   --> A              
     e(  9 -  9) =    -14.52332  eV     1   --> A              
     e( 10 - 10) =    -14.14474  eV     1   --> A              
     e( 11 - 11) =    -13.60911  eV     1   --> A              
     e( 12 - 12) =    -13.55154  eV     1   --> A              
     e( 13 - 13) =    -11.22740  eV     1   --> A              
     e( 14 - 14) =    -10.90994  eV     1   --> A              
     e( 15 - 15) =    -10.36092  eV     1   --> A              
     e( 16 - 16) =     -9.96339  eV     1   --> A              
     e( 17 - 17) =     -9.15249  eV     1   --> A              
     e( 18 - 18) =     -8.93231  eV     1   --> A              
     e( 19 - 19) =     -7.76688  eV     1   --> A              
     e( 20 - 20) =     -7.18004  eV     1   --> A              
     e( 21 - 21) =     -5.88185  eV     1   --> A              
     e( 22 - 22) =     -4.78442  eV     1   --> A              
     e( 23 - 23) =     -3.46027  eV     1   --> A              
     e( 24 - 24) =     -2.67197  eV     1   --> A              
     e( 25 - 25) =     -2.51832  eV     1   --> A              
     e( 26 - 26) =      0.03695  eV     1   --> A              
     e( 27 - 27) =      0.23882  eV     1   --> A              
     e( 28 - 28) =      1.95507  eV     1   --> A              
     e( 29 - 29) =      2.26308  eV     1   --> A              
     e( 30 - 30) =      4.08556  eV     1   --> A              
     e( 31 - 31) =      4.17275  eV     1   --> A              
     e( 32 - 32) =      4.60438  eV     1   --> A              
     e( 33 - 33) =      4.78297  eV     1   --> A              
     e( 34 - 34) =      4.83183  eV     1   --> A              
     e( 35 - 35) =      5.20202  eV     1   --> A              

 **************************************************************************

 **************************************************************************

                    xk=(   0.32333,   0.56003,   0.00000  )

     Band symmetry, C_1 (1)     point group:

     e(  1 -  1) =    -77.72729  eV     1   --> A              
     e(  2 -  2) =    -49.16487  eV     1   --> A              
     e(  3 -  3) =    -49.13095  eV     1   --> A              
     e(  4 -  4) =    -48.85400  eV     1   --> A              
     e(  5 -  5) =    -21.17950  eV     1   --> A              
     e(  6 -  6) =    -21.11894  eV     1   --> A              
     e(  7 -  7) =    -20.23851  eV     1   --> A              
     e(  8 -  8) =    -19.60586  eV     1   --> A              
     e(  9 -  9) =    -14.51237  eV     1   --> A              
     e( 10 - 10) =    -14.12433  eV     1   --> A              
     e( 11 - 11) =    -13.63423  eV     1   --> A              
     e( 12 - 12) =    -13.58205  eV     1   --> A              
     e( 13 - 13) =    -11.22025  eV     1   --> A              
     e( 14 - 14) =    -10.91416  eV     1   --> A              
     e( 15 - 15) =    -10.32989  eV     1   --> A              
     e( 16 - 16) =    -10.00424  eV     1   --> A              
     e( 17 - 17) =     -9.12954  eV     1   --> A              
     e( 18 - 18) =     -8.95841  eV     1   --> A              
     e( 19 - 19) =     -7.76534  eV     1   --> A              
     e( 20 - 20) =     -7.17757  eV     1   --> A              
     e( 21 - 21) =     -5.87733  eV     1   --> A              
     e( 22 - 22) =     -4.79082  eV     1   --> A              
     e( 23 - 23) =     -3.45543  eV     1   --> A              
     e( 24 - 24) =     -2.66737  eV     1   --> A              
     e( 25 - 25) =     -2.52409  eV     1   --> A              
     e( 26 - 26) =      0.04228  eV     1   --> A              
     e( 27 - 27) =      0.24386  eV     1   --> A              
     e( 28 - 28) =      1.95377  eV     1   --> A              
     e( 29 - 29) =      2.25625  eV     1   --> A              
     e( 30 - 30) =      4.10651  eV     1   --> A              
     e( 31 - 31) =      4.18788  eV     1   --> A              
     e( 32 - 32) =      4.63119  eV     1   --> A              
     e( 33 - 33) =      4.76665  eV     1   --> A              
     e( 34 - 34) =      4.86346  eV     1   --> A              
     e( 35 - 35) =      5.14182  eV     1   --> A              

 **************************************************************************

 **************************************************************************

                    xk=(   0.32667,   0.56580,   0.00000  )

     Band symmetry, C_1 (1)     point group:

     e(  1 -  1) =    -77.72726  eV     1   --> A              
     e(  2 -  2) =    -49.16411  eV     1   --> A              
     e(  3 -  3) =    -49.13196  eV     1   --> A              
     e(  4 -  4) =    -48.85396  eV     1   --> A              
     e(  5 -  5) =    -21.17518  eV     1   --> A              
     e(  6 -  6) =    -21.11444  eV     1   --> A              
     e(  7 -  7) =    -20.23866  eV     1   --> A              
     e(  8 -  8) =    -19.60613  eV     1   --> A              
     e(  9 -  9) =    -14.50370  eV     1   --> A              
     e( 10 - 10) =    -14.10720  eV     1   --> A              
     e( 11 - 11) =    -13.65412  eV     1   --> A              
     e( 12 - 12) =    -13.60520  eV     1   --> A              
     e( 13 - 13) =    -11.21534  eV     1   --> A              
     e( 14 - 14) =    -10.91711  eV     1   --> A              
     e( 15 - 15) =    -10.29969  eV     1   --> A              
     e( 16 - 16) =    -10.04147  eV     1   --> A              
     e( 17 - 17) =     -9.10739  eV     1   --> A              
     e( 18 - 18) =     -8.98262  eV     1   --> A              
     e( 19 - 19) =     -7.76429  eV     1   --> A              
     e( 20 - 20) =     -7.17583  eV     1   --> A              
     e( 21 - 21) =     -5.87411  eV     1   --> A              
     e( 22 - 22) =     -4.79539  eV     1   --> A              
     e( 23 - 23) =     -3.45193  eV     1   --> A              
     e( 24 - 24) =     -2.66395  eV     1   --> A              
     e( 25 - 25) =     -2.52836  eV     1   --> A              
     e( 26 - 26) =      0.04652  eV     1   --> A              
     e( 27 - 27) =      0.24763  eV     1   --> A              
     e( 28 - 28) =      1.95257  eV     1   --> A              
     e( 29 - 29) =      2.25100  eV     1   --> A              
     e( 30 - 30) =      4.12503  eV     1   --> A              
     e( 31 - 31) =      4.19693  eV     1   --> A              
     e( 32 - 32) =      4.65590  eV     1   --> A              
     e( 33 - 33) =      4.75244  eV     1   --> A              
     e( 34 - 34) =      4.89721  eV     1   --> A              
     e( 35 - 35) =      5.08312  eV     1   --> A              

 **************************************************************************

 **************************************************************************

                    xk=(   0.33000,   0.57158,   0.00000  )

     Band symmetry, C_1 (1)     point group:

     e(  1 -  1) =    -77.72725  eV     1   --> A              
     e(  2 -  2) =    -49.16362  eV     1   --> A              
     e(  3 -  3) =    -49.13261  eV     1   --> A              
     e(  4 -  4) =    -48.85394  eV     1   --> A              
     e(  5 -  5) =    -21.17265  eV     1   --> A              
     e(  6 -  6) =    -21.11179  eV     1   --> A              
     e(  7 -  7) =    -20.23874  eV     1   --> A              
     e(  8 -  8) =    -19.60628  eV     1   --> A              
     e(  9 -  9) =    -14.49804  eV     1   --> A              
     e( 10 - 10) =    -14.09545  eV     1   --> A              
     e( 11 - 11) =    -13.66732  eV     1   --> A              
     e( 12 - 12) =    -13.61966  eV     1   --> A              
     e( 13 - 13) =    -11.21253  eV     1   --> A              
     e( 14 - 14) =    -10.91884  eV     1   --> A              
     e( 15 - 15) =    -10.27498  eV     1   --> A              
     e( 16 - 16) =    -10.07038  eV     1   --> A              
     e( 17 - 17) =     -9.08855  eV     1   --> A              
     e( 18 - 18) =     -9.00259  eV     1   --> A              
     e( 19 - 19) =     -7.76368  eV     1   --> A              
     e( 20 - 20) =     -7.17480  eV     1   --> A              
     e( 21 - 21) =     -5.87218  eV     1   --> A              
     e( 22 - 22) =     -4.79811  eV     1   --> A              
     e( 23 - 23) =     -3.44980  eV     1   --> A              
     e( 24 - 24) =     -2.66186  eV     1   --> A              
     e( 25 - 25) =     -2.53099  eV     1   --> A              
     e( 26 - 26) =      0.04934  eV     1   --> A              
     e( 27 - 27) =      0.24999  eV     1   --> A              
     e( 28 - 28) =      1.95166  eV     1   --> A              
     e( 29 - 29) =      2.24765  eV     1   --> A              
     e( 30 - 30) =      4.13999  eV     1   --> A              
     e( 31 - 31) =      4.19939  eV     1   --> A              
     e( 32 - 32) =      4.67524  eV     1   --> A              
     e( 33 - 33) =      4.74295  eV     1   --> A              
     e( 34 - 34) =      4.93081  eV     1   --> A              
     e( 35 - 35) =      5.03026  eV     1   --> A              

 **************************************************************************

 **************************************************************************

                    xk=(   0.33333,   0.57735,   0.00000  )

     Band symmetry, C_1 (1)     point group:

     e(  1 -  1) =    -77.72724  eV     1   --> A              
     e(  2 -  2) =    -49.16345  eV     1   --> A              
     e(  3 -  3) =    -49.13283  eV     1   --> A              
     e(  4 -  4) =    -48.85393  eV     1   --> A              
     e(  5 -  5) =    -21.17183  eV     1   --> A              
     e(  6 -  6) =    -21.11093  eV     1   --> A              
     e(  7 -  7) =    -20.23876  eV     1   --> A              
     e(  8 -  8) =    -19.60632  eV     1   --> A              
     e(  9 -  9) =    -14.49604  eV     1   --> A              
     e( 10 - 10) =    -14.09118  eV     1   --> A              
     e( 11 - 11) =    -13.67206  eV     1   --> A              
     e( 12 - 12) =    -13.62459  eV     1   --> A              
     e( 13 - 13) =    -11.21163  eV     1   --> A              
     e( 14 - 14) =    -10.91940  eV     1   --> A              
     e( 15 - 15) =    -10.26458  eV     1   --> A              
     e( 16 - 16) =    -10.08216  eV     1   --> A              
     e( 17 - 17) =     -9.07996  eV     1   --> A              
     e( 18 - 18) =     -9.01152  eV     1   --> A              
     e( 19 - 19) =     -7.76349  eV     1   --> A              
     e( 20 - 20) =     -7.17446  eV     1   --> A              
     e( 21 - 21) =     -5.87154  eV     1   --> A              
     e( 22 - 22) =     -4.79900  eV     1   --> A              
     e( 23 - 23) =     -3.44909  eV     1   --> A              
     e( 24 - 24) =     -2.66114  eV     1   --> A              
     e( 25 - 25) =     -2.53189  eV     1   --> A              
     e( 26 - 26) =      0.05038  eV     1   --> A              
     e( 27 - 27) =      0.25081  eV     1   --> A              
     e( 28 - 28) =      1.95130  eV     1   --> A              
     e( 29 - 29) =      2.24647  eV     1   --> A              
     e( 30 - 30) =      4.14698  eV     1   --> A              
     e( 31 - 31) =      4.19839  eV     1   --> A              
     e( 32 - 32) =      4.68317  eV     1   --> A              
     e( 33 - 33) =      4.74002  eV     1   --> A              
     e( 34 - 34) =      4.95122  eV     1   --> A              
     e( 35 - 35) =      5.00155  eV     1   --> A              

 **************************************************************************

 **************************************************************************

                    xk=(   0.33611,   0.57254,   0.00000  )

     Band symmetry, C_1 (1)     point group:

     e(  1 -  1) =    -77.72725  eV     1   --> A              
     e(  2 -  2) =    -49.16357  eV     1   --> A              
     e(  3 -  3) =    -49.13267  eV     1   --> A              
     e(  4 -  4) =    -48.85393  eV     1   --> A              
     e(  5 -  5) =    -21.17238  eV     1   --> A              
     e(  6 -  6) =    -21.11151  eV     1   --> A              
     e(  7 -  7) =    -20.23875  eV     1   --> A              
     e(  8 -  8) =    -19.60630  eV     1   --> A              
     e(  9 -  9) =    -14.49751  eV     1   --> A              
     e( 10 - 10) =    -14.09430  eV     1   --> A              
     e( 11 - 11) =    -13.66863  eV     1   --> A              
     e( 12 - 12) =    -13.62110  eV     1   --> A              
     e( 13 - 13) =    -11.21222  eV     1   --> A              
     e( 14 - 14) =    -10.91904  eV     1   --> A              
     e( 15 - 15) =    -10.27229  eV     1   --> A              
     e( 16 - 16) =    -10.07351  eV     1   --> A              
     e( 17 - 17) =     -9.08597  eV     1   --> A              
     e( 18 - 18) =     -9.00529  eV     1   --> A              
     e( 19 - 19) =     -7.76362  eV     1   --> A              
     e( 20 - 20) =     -7.17469  eV     1   --> A              
     e( 21 - 21) =     -5.87197  eV     1   --> A              
     e( 22 - 22) =     -4.79839  eV     1   --> A              
     e( 23 - 23) =     -3.44959  eV     1   --> A              
     e( 24 - 24) =     -2.66160  eV     1   --> A              
     e( 25 - 25) =     -2.53130  eV     1   --> A              
     e( 26 - 26) =      0.04958  eV     1   --> A              
     e( 27 - 27) =      0.25021  eV     1   --> A              
     e( 28 - 28) =      1.95161  eV     1   --> A              
     e( 29 - 29) =      2.24734  eV     1   --> A              
     e( 30 - 30) =      4.14007  eV     1   --> A              
     e( 31 - 31) =      4.20111  eV     1   --> A              
     e( 32 - 32) =      4.67644  eV     1   --> A              
     e( 33 - 33) =      4.74117  eV     1   --> A              
     e( 34 - 34) =      4.94153  eV     1   --> A              
     e( 35 - 35) =      5.01912  eV     1   --> A              

 **************************************************************************

 **************************************************************************

                    xk=(   0.33889,   0.56773,   0.00000  )

     Band symmetry, C_1 (1)     point group:

     e(  1 -  1) =    -77.72726  eV     1   --> A              
     e(  2 -  2) =    -49.16394  eV     1   --> A              
     e(  3 -  3) =    -49.13220  eV     1   --> A              
     e(  4 -  4) =    -48.85395  eV     1   --> A              
     e(  5 -  5) =    -21.17401  eV     1   --> A              
     e(  6 -  6) =    -21.11321  eV     1   --> A              
     e(  7 -  7) =    -20.23873  eV     1   --> A              
     e(  8 -  8) =    -19.60624  eV     1   --> A              
     e(  9 -  9) =    -14.50198  eV     1   --> A              
     e( 10 - 10) =    -14.10356  eV     1   --> A              
     e( 11 - 11) =    -13.65850  eV     1   --> A              
     e( 12 - 12) =    -13.61057  eV     1   --> A              
     e( 13 - 13) =    -11.21388  eV     1   --> A              
     e( 14 - 14) =    -10.91797  eV     1   --> A              
     e( 15 - 15) =    -10.29261  eV     1   --> A              
     e( 16 - 16) =    -10.05040  eV     1   --> A              
     e( 17 - 17) =     -9.09975  eV     1   --> A              
     e( 18 - 18) =     -8.99085  eV     1   --> A              
     e( 19 - 19) =     -7.76399  eV     1   --> A              
     e( 20 - 20) =     -7.17537  eV     1   --> A              
     e( 21 - 21) =     -5.87326  eV     1   --> A              
     e( 22 - 22) =     -4.79657  eV     1   --> A              
     e( 23 - 23) =     -3.45107  eV     1   --> A              
     e( 24 - 24) =     -2.66290  eV     1   --> A              
     e( 25 - 25) =     -2.52963  eV     1   --> A              
     e( 26 - 26) =      0.04703  eV     1   --> A              
     e( 27 - 27) =      0.24835  eV     1   --> A              
     e( 28 - 28) =      1.95268  eV     1   --> A              
     e( 29 - 29) =      2.25002  eV     1   --> A              
     e( 30 - 30) =      4.11965  eV     1   --> A              
     e( 31 - 31) =      4.20919  eV     1   --> A              
     e( 32 - 32) =      4.65436  eV     1   --> A              
     e( 33 - 33) =      4.74407  eV     1   --> A              
     e( 34 - 34) =      4.93640  eV     1   --> A              
     e( 35 - 35) =      5.05018  eV     1   --> A              

 **************************************************************************

 **************************************************************************

                    xk=(   0.34167,   0.56292,   0.00000  )

     Band symmetry, C_1 (1)     point group:

     e(  1 -  1) =    -77.72727  eV     1   --> A              
     e(  2 -  2) =    -49.16454  eV     1   --> A              
     e(  3 -  3) =    -49.13144  eV     1   --> A              
     e(  4 -  4) =    -48.85397  eV     1   --> A              
     e(  5 -  5) =    -21.17666  eV     1   --> A              
     e(  6 -  6) =    -21.11597  eV     1   --> A              
     e(  7 -  7) =    -20.23872  eV     1   --> A              
     e(  8 -  8) =    -19.60616  eV     1   --> A              
     e(  9 -  9) =    -14.50947  eV     1   --> A              
     e( 10 - 10) =    -14.11832  eV     1   --> A              
     e( 11 - 11) =    -13.64232  eV     1   --> A              
     e( 12 - 12) =    -13.59302  eV     1   --> A              
     e( 13 - 13) =    -11.21652  eV     1   --> A              
     e( 14 - 14) =    -10.91627  eV     1   --> A              
     e( 15 - 15) =    -10.32024  eV     1   --> A              
     e( 16 - 16) =    -10.01818  eV     1   --> A              
     e( 17 - 17) =     -9.11643  eV     1   --> A              
     e( 18 - 18) =     -8.97311  eV     1   --> A              
     e( 19 - 19) =     -7.76457  eV     1   --> A              
     e( 20 - 20) =     -7.17648  eV     1   --> A              
     e( 21 - 21) =     -5.87537  eV     1   --> A              
     e( 22 - 22) =     -4.79359  eV     1   --> A              
     e( 23 - 23) =     -3.45353  eV     1   --> A              
     e( 24 - 24) =     -2.66492  eV     1   --> A              
     e( 25 - 25) =     -2.52700  eV     1   --> A              
     e( 26 - 26) =      0.04252  eV     1   --> A              
     e( 27 - 27) =      0.24514  eV     1   --> A              
     e( 28 - 28) =      1.95468  eV     1   --> A              
     e( 29 - 29) =      2.25463  eV     1   --> A              
     e( 30 - 30) =      4.08885  eV     1   --> A              
     e( 31 - 31) =      4.22004  eV     1   --> A              
     e( 32 - 32) =      4.61661  eV     1   --> A              
     e( 33 - 33) =      4.74968  eV     1   --> A              
     e( 34 - 34) =      4.94499  eV     1   --> A              
     e( 35 - 35) =      5.08442  eV     1   --> A              

 **************************************************************************

 **************************************************************************

                    xk=(   0.34444,   0.55811,   0.00000  )

     Band symmetry, C_1 (1)     point group:

     e(  1 -  1) =    -77.72730  eV     1   --> A              
     e(  2 -  2) =    -49.16535  eV     1   --> A              
     e(  3 -  3) =    -49.13040  eV     1   --> A              
     e(  4 -  4) =    -48.85401  eV     1   --> A              
     e(  5 -  5) =    -21.18028  eV     1   --> A              
     e(  6 -  6) =    -21.11974  eV     1   --> A              
     e(  7 -  7) =    -20.23873  eV     1   --> A              
     e(  8 -  8) =    -19.60607  eV     1   --> A              
     e(  9 -  9) =    -14.51987  eV     1   --> A              
     e( 10 - 10) =    -14.13760  eV     1   --> A              
     e( 11 - 11) =    -13.62096  eV     1   --> A              
     e( 12 - 12) =    -13.56876  eV     1   --> A              
     e( 13 - 13) =    -11.22002  eV     1   --> A              
     e( 14 - 14) =    -10.91401  eV     1   --> A              
     e( 15 - 15) =    -10.35154  eV     1   --> A              
     e( 16 - 16) =     -9.98057  eV     1   --> A              
     e( 17 - 17) =     -9.13394  eV     1   --> A              
     e( 18 - 18) =     -8.95414  eV     1   --> A              
     e( 19 - 19) =     -7.76536  eV     1   --> A              
     e( 20 - 20) =     -7.17800  eV     1   --> A              
     e( 21 - 21) =     -5.87825  eV     1   --> A              
     e( 22 - 22) =     -4.78949  eV     1   --> A              
     e( 23 - 23) =     -3.45695  eV     1   --> A              
     e( 24 - 24) =     -2.66750  eV     1   --> A              
     e( 25 - 25) =     -2.52357  eV     1   --> A              
     e( 26 - 26) =      0.03582  eV     1   --> A              
     e( 27 - 27) =      0.24048  eV     1   --> A              
     e( 28 - 28) =      1.95781  eV     1   --> A              
     e( 29 - 29) =      2.26125  eV     1   --> A              
     e( 30 - 30) =      4.05015  eV     1   --> A              
     e( 31 - 31) =      4.23195  eV     1   --> A              
     e( 32 - 32) =      4.56693  eV     1   --> A              
     e( 33 - 33) =      4.75853  eV     1   --> A              
     e( 34 - 34) =      4.96407  eV     1   --> A              
     e( 35 - 35) =      5.12018  eV     1   --> A              

 **************************************************************************

 **************************************************************************

                    xk=(   0.34722,   0.55329,   0.00000  )

     Band symmetry, C_1 (1)     point group:

     e(  1 -  1) =    -77.72732  eV     1   --> A              
     e(  2 -  2) =    -49.16634  eV     1   --> A              
     e(  3 -  3) =    -49.12913  eV     1   --> A              
     e(  4 -  4) =    -48.85405  eV     1   --> A              
     e(  5 -  5) =    -21.18481  eV     1   --> A              
     e(  6 -  6) =    -21.12445  eV     1   --> A              
     e(  7 -  7) =    -20.23879  eV     1   --> A              
     e(  8 -  8) =    -19.60601  eV     1   --> A              
     e(  9 -  9) =    -14.53296  eV     1   --> A              
     e( 10 - 10) =    -14.16037  eV     1   --> A              
     e( 11 - 11) =    -13.59513  eV     1   --> A              
     e( 12 - 12) =    -13.53844  eV     1   --> A              
     e( 13 - 13) =    -11.22428  eV     1   --> A              
     e( 14 - 14) =    -10.91126  eV     1   --> A              
     e( 15 - 15) =    -10.38456  eV     1   --> A              
     e( 16 - 16) =     -9.93958  eV     1   --> A              
     e( 17 - 17) =     -9.15148  eV     1   --> A              
     e( 18 - 18) =     -8.93475  eV     1   --> A              
     e( 19 - 19) =     -7.76632  eV     1   --> A              
     e( 20 - 20) =     -7.17992  eV     1   --> A              
     e( 21 - 21) =     -5.88187  eV     1   --> A              
     e( 22 - 22) =     -4.78433  eV     1   --> A              
     e( 23 - 23) =     -3.46132  eV     1   --> A              
     e( 24 - 24) =     -2.67053  eV     1   --> A              
     e( 25 - 25) =     -2.51949  eV     1   --> A              
     e( 26 - 26) =      0.02675  eV     1   --> A              
     e( 27 - 27) =      0.23423  eV     1   --> A              
     e( 28 - 28) =      1.96229  eV     1   --> A              
     e( 29 - 29) =      2.26996  eV     1   --> A              
     e( 30 - 30) =      4.00509  eV     1   --> A              
     e( 31 - 31) =      4.24423  eV     1   --> A              
     e( 32 - 32) =      4.50954  eV     1   --> A              
     e( 33 - 33) =      4.77007  eV     1   --> A              
     e( 34 - 34) =      4.98972  eV     1   --> A              
     e( 35 - 35) =      5.15695  eV     1   --> A              

 **************************************************************************

 **************************************************************************

                    xk=(   0.35000,   0.54848,   0.00000  )

     Band symmetry, C_1 (1)     point group:

     e(  1 -  1) =    -77.72736  eV     1   --> A              
     e(  2 -  2) =    -49.16747  eV     1   --> A              
     e(  3 -  3) =    -49.12765  eV     1   --> A              
     e(  4 -  4) =    -48.85410  eV     1   --> A              
     e(  5 -  5) =    -21.19019  eV     1   --> A              
     e(  6 -  6) =    -21.13003  eV     1   --> A              
     e(  7 -  7) =    -20.23891  eV     1   --> A              
     e(  8 -  8) =    -19.60597  eV     1   --> A              
     e(  9 -  9) =    -14.54850  eV     1   --> A              
     e( 10 - 10) =    -14.18570  eV     1   --> A              
     e( 11 - 11) =    -13.56526  eV     1   --> A              
     e( 12 - 12) =    -13.50290  eV     1   --> A              
     e( 13 - 13) =    -11.22922  eV     1   --> A              
     e( 14 - 14) =    -10.90810  eV     1   --> A              
     e( 15 - 15) =    -10.41828  eV     1   --> A              
     e( 16 - 16) =     -9.89631  eV     1   --> A              
     e( 17 - 17) =     -9.16864  eV     1   --> A              
     e( 18 - 18) =     -8.91532  eV     1   --> A              
     e( 19 - 19) =     -7.76742  eV     1   --> A              
     e( 20 - 20) =     -7.18222  eV     1   --> A              
     e( 21 - 21) =     -5.88618  eV     1   --> A              
     e( 22 - 22) =     -4.77818  eV     1   --> A              
     e( 23 - 23) =     -3.46659  eV     1   --> A              
     e( 24 - 24) =     -2.67385  eV     1   --> A              
     e( 25 - 25) =     -2.51490  eV     1   --> A              
     e( 26 - 26) =      0.01516  eV     1   --> A              
     e( 27 - 27) =      0.22628  eV     1   --> A              
     e( 28 - 28) =      1.96832  eV     1   --> A              
     e( 29 - 29) =      2.28082  eV     1   --> A              
     e( 30 - 30) =      3.95483  eV     1   --> A              
     e( 31 - 31) =      4.25641  eV     1   --> A              
     e( 32 - 32) =      4.44742  eV     1   --> A              
     e( 33 - 33) =      4.78362  eV     1   --> A              
     e( 34 - 34) =      5.01944  eV     1   --> A              
     e( 35 - 35) =      5.19449  eV     1   --> A              

 **************************************************************************

 **************************************************************************

                    xk=(   0.35278,   0.54367,   0.00000  )

     Band symmetry, C_1 (1)     point group:

     e(  1 -  1) =    -77.72740  eV     1   --> A              
     e(  2 -  2) =    -49.16872  eV     1   --> A              
     e(  3 -  3) =    -49.12600  eV     1   --> A              
     e(  4 -  4) =    -48.85416  eV     1   --> A              
     e(  5 -  5) =    -21.19636  eV     1   --> A              
     e(  6 -  6) =    -21.13643  eV     1   --> A              
     e(  7 -  7) =    -20.23910  eV     1   --> A              
     e(  8 -  8) =    -19.60597  eV     1   --> A              
     e(  9 -  9) =    -14.56616  eV     1   --> A              
     e( 10 - 10) =    -14.21284  eV     1   --> A              
     e( 11 - 11) =    -13.53167  eV     1   --> A              
     e( 12 - 12) =    -13.46298  eV     1   --> A              
     e( 13 - 13) =    -11.23474  eV     1   --> A              
     e( 14 - 14) =    -10.90464  eV     1   --> A              
     e( 15 - 15) =    -10.45210  eV     1   --> A              
     e( 16 - 16) =     -9.85144  eV     1   --> A              
     e( 17 - 17) =     -9.18520  eV     1   --> A              
     e( 18 - 18) =     -8.89601  eV     1   --> A              
     e( 19 - 19) =     -7.76865  eV     1   --> A              
     e( 20 - 20) =     -7.18487  eV     1   --> A              
     e( 21 - 21) =     -5.89111  eV     1   --> A              
     e( 22 - 22) =     -4.77110  eV     1   --> A              
     e( 23 - 23) =     -3.47274  eV     1   --> A              
     e( 24 - 24) =     -2.67737  eV     1   --> A              
     e( 25 - 25) =     -2.50993  eV     1   --> A              
     e( 26 - 26) =      0.00092  eV     1   --> A              
     e( 27 - 27) =      0.21646  eV     1   --> A              
     e( 28 - 28) =      1.97608  eV     1   --> A              
     e( 29 - 29) =      2.29387  eV     1   --> A              
     e( 30 - 30) =      3.90029  eV     1   --> A              
     e( 31 - 31) =      4.26761  eV     1   --> A              
     e( 32 - 32) =      4.38302  eV     1   --> A              
     e( 33 - 33) =      4.79854  eV     1   --> A              
     e( 34 - 34) =      5.05176  eV     1   --> A              
     e( 35 - 35) =      5.23261  eV     1   --> A              

 **************************************************************************

 **************************************************************************

                    xk=(   0.35556,   0.53886,   0.00000  )

     Band symmetry, C_1 (1)     point group:

     e(  1 -  1) =    -77.72745  eV     1   --> A              
     e(  2 -  2) =    -49.17006  eV     1   --> A              
     e(  3 -  3) =    -49.12421  eV     1   --> A              
     e(  4 -  4) =    -48.85422  eV     1   --> A              
     e(  5 -  5) =    -21.20327  eV     1   --> A              
     e(  6 -  6) =    -21.14358  eV     1   --> A              
     e(  7 -  7) =    -20.23939  eV     1   --> A              
     e(  8 -  8) =    -19.60604  eV     1   --> A              
     e(  9 -  9) =    -14.58563  eV     1   --> A              
     e( 10 - 10) =    -14.24123  eV     1   --> A              
     e( 11 - 11) =    -13.49463  eV     1   --> A              
     e( 12 - 12) =    -13.41939  eV     1   --> A              
     e( 13 - 13) =    -11.24078  eV     1   --> A              
     e( 14 - 14) =    -10.90098  eV     1   --> A              
     e( 15 - 15) =    -10.48563  eV     1   --> A              
     e( 16 - 16) =     -9.80545  eV     1   --> A              
     e( 17 - 17) =     -9.20096  eV     1   --> A              
     e( 18 - 18) =     -8.87697  eV     1   --> A              
     e( 19 - 19) =     -7.76999  eV     1   --> A              
     e( 20 - 20) =     -7.18787  eV     1   --> A              
     e( 21 - 21) =     -5.89662  eV     1   --> A              
     e( 22 - 22) =     -4.76316  eV     1   --> A              
     e( 23 - 23) =     -3.47972  eV     1   --> A              
     e( 24 - 24) =     -2.68100  eV     1   --> A              
     e( 25 - 25) =     -2.50470  eV     1   --> A              
     e( 26 - 26) =     -0.01606  eV     1   --> A              
     e( 27 - 27) =      0.20461  eV     1   --> A              
     e( 28 - 28) =      1.98578  eV     1   --> A              
     e( 29 - 29) =      2.30909  eV     1   --> A              
     e( 30 - 30) =      3.84222  eV     1   --> A              
     e( 31 - 31) =      4.27161  eV     1   --> A              
     e( 32 - 32) =      4.32344  eV     1   --> A              
     e( 33 - 33) =      4.81434  eV     1   --> A              
     e( 34 - 34) =      5.08580  eV     1   --> A              
     e( 35 - 35) =      5.27117  eV     1   --> A              

 **************************************************************************

 **************************************************************************

                    xk=(   0.35833,   0.53405,   0.00000  )

     Band symmetry, C_1 (1)     point group:

     e(  1 -  1) =    -77.72750  eV     1   --> A              
     e(  2 -  2) =    -49.17148  eV     1   --> A              
     e(  3 -  3) =    -49.12229  eV     1   --> A              
     e(  4 -  4) =    -48.85430  eV     1   --> A              
     e(  5 -  5) =    -21.21087  eV     1   --> A              
     e(  6 -  6) =    -21.15143  eV     1   --> A              
     e(  7 -  7) =    -20.23979  eV     1   --> A              
     e(  8 -  8) =    -19.60618  eV     1   --> A              
     e(  9 -  9) =    -14.60663  eV     1   --> A              
     e( 10 - 10) =    -14.27045  eV     1   --> A              
     e( 11 - 11) =    -13.45440  eV     1   --> A              
     e( 12 - 12) =    -13.37272  eV     1   --> A              
     e( 13 - 13) =    -11.24726  eV     1   --> A              
     e( 14 - 14) =    -10.89725  eV     1   --> A              
     e( 15 - 15) =    -10.51856  eV     1   --> A              
     e( 16 - 16) =     -9.75874  eV     1   --> A              
     e( 17 - 17) =     -9.21575  eV     1   --> A              
     e( 18 - 18) =     -8.85824  eV     1   --> A              
     e( 19 - 19) =     -7.77142  eV     1   --> A              
     e( 20 - 20) =     -7.19119  eV     1   --> A              
     e( 21 - 21) =     -5.90265  eV     1   --> A              
     e( 22 - 22) =     -4.75442  eV     1   --> A              
     e( 23 - 23) =     -3.48750  eV     1   --> A              
     e( 24 - 24) =     -2.68463  eV     1   --> A              
     e( 25 - 25) =     -2.49930  eV     1   --> A              
     e( 26 - 26) =     -0.03584  eV     1   --> A              
     e( 27 - 27) =      0.19056  eV     1   --> A              
     e( 28 - 28) =      1.99757  eV     1   --> A              
     e( 29 - 29) =      2.32650  eV     1   --> A              
     e( 30 - 30) =      3.78131  eV     1   --> A              
     e( 31 - 31) =      4.23084  eV     1   --> A              
     e( 32 - 32) =      4.30694  eV     1   --> A              
     e( 33 - 33) =      4.83065  eV     1   --> A              
     e( 34 - 34) =      5.12103  eV     1   --> A              
     e( 35 - 35) =      5.31002  eV     1   --> A              

 **************************************************************************

 **************************************************************************

                    xk=(   0.36111,   0.52924,   0.00000  )

     Band symmetry, C_1 (1)     point group:

     e(  1 -  1) =    -77.72755  eV     1   --> A              
     e(  2 -  2) =    -49.17294  eV     1   --> A              
     e(  3 -  3) =    -49.12028  eV     1   --> A              
     e(  4 -  4) =    -48.85438  eV     1   --> A              
     e(  5 -  5) =    -21.21909  eV     1   --> A              
     e(  6 -  6) =    -21.15990  eV     1   --> A              
     e(  7 -  7) =    -20.24030  eV     1   --> A              
     e(  8 -  8) =    -19.60640  eV     1   --> A              
     e(  9 -  9) =    -14.62886  eV     1   --> A              
     e( 10 - 10) =    -14.30017  eV     1   --> A              
     e( 11 - 11) =    -13.41126  eV     1   --> A              
     e( 12 - 12) =    -13.32340  eV     1   --> A              
     e( 13 - 13) =    -11.25412  eV     1   --> A              
     e( 14 - 14) =    -10.89362  eV     1   --> A              
     e( 15 - 15) =    -10.55061  eV     1   --> A              
     e( 16 - 16) =     -9.71170  eV     1   --> A              
     e( 17 - 17) =     -9.22935  eV     1   --> A              
     e( 18 - 18) =     -8.83987  eV     1   --> A              
     e( 19 - 19) =     -7.77291  eV     1   --> A              
     e( 20 - 20) =     -7.19481  eV     1   --> A              
     e( 21 - 21) =     -5.90913  eV     1   --> A              
     e( 22 - 22) =     -4.74497  eV     1   --> A              
     e( 23 - 23) =     -3.49603  eV     1   --> A              
     e( 24 - 24) =     -2.68822  eV     1   --> A              
     e( 25 - 25) =     -2.49383  eV     1   --> A              
     e( 26 - 26) =     -0.05841  eV     1   --> A              
     e( 27 - 27) =      0.17414  eV     1   --> A              
     e( 28 - 28) =      2.01160  eV     1   --> A              
     e( 29 - 29) =      2.34607  eV     1   --> A              
     e( 30 - 30) =      3.71814  eV     1   --> A              
     e( 31 - 31) =      4.16303  eV     1   --> A              
     e( 32 - 32) =      4.31621  eV     1   --> A              
     e( 33 - 33) =      4.84717  eV     1   --> A              
     e( 34 - 34) =      5.15708  eV     1   --> A              
     e( 35 - 35) =      5.34903  eV     1   --> A              

 **************************************************************************

 **************************************************************************

                    xk=(   0.36389,   0.52443,   0.00000  )

     Band symmetry, C_1 (1)     point group:

     e(  1 -  1) =    -77.72761  eV     1   --> A              
     e(  2 -  2) =    -49.17445  eV     1   --> A              
     e(  3 -  3) =    -49.11817  eV     1   --> A              
     e(  4 -  4) =    -48.85446  eV     1   --> A              
     e(  5 -  5) =    -21.22788  eV     1   --> A              
     e(  6 -  6) =    -21.16895  eV     1   --> A              
     e(  7 -  7) =    -20.24095  eV     1   --> A              
     e(  8 -  8) =    -19.60672  eV     1   --> A              
     e(  9 -  9) =    -14.65208  eV     1   --> A              
     e( 10 - 10) =    -14.33015  eV     1   --> A              
     e( 11 - 11) =    -13.36547  eV     1   --> A              
     e( 12 - 12) =    -13.27179  eV     1   --> A              
     e( 13 - 13) =    -11.26132  eV     1   --> A              
     e( 14 - 14) =    -10.89027  eV     1   --> A              
     e( 15 - 15) =    -10.58152  eV     1   --> A              
     e( 16 - 16) =     -9.66477  eV     1   --> A              
     e( 17 - 17) =     -9.24147  eV     1   --> A              
     e( 18 - 18) =     -8.82186  eV     1   --> A              
     e( 19 - 19) =     -7.77445  eV     1   --> A              
     e( 20 - 20) =     -7.19872  eV     1   --> A              
     e( 21 - 21) =     -5.91603  eV     1   --> A              
     e( 22 - 22) =     -4.73487  eV     1   --> A              
     e( 23 - 23) =     -3.50527  eV     1   --> A              
     e( 24 - 24) =     -2.69170  eV     1   --> A              
     e( 25 - 25) =     -2.48835  eV     1   --> A              
     e( 26 - 26) =     -0.08379  eV     1   --> A              
     e( 27 - 27) =      0.15520  eV     1   --> A              
     e( 28 - 28) =      2.02798  eV     1   --> A              
     e( 29 - 29) =      2.36775  eV     1   --> A              
     e( 30 - 30) =      3.65321  eV     1   --> A              
     e( 31 - 31) =      4.09131  eV     1   --> A              
     e( 32 - 32) =      4.32847  eV     1   --> A              
     e( 33 - 33) =      4.86370  eV     1   --> A              
     e( 34 - 34) =      5.19365  eV     1   --> A              
     e( 35 - 35) =      5.38806  eV     1   --> A              

 **************************************************************************

 **************************************************************************

                    xk=(   0.36667,   0.51962,   0.00000  )

     Band symmetry, C_1 (1)     point group:

     e(  1 -  1) =    -77.72768  eV     1   --> A              
     e(  2 -  2) =    -49.17599  eV     1   --> A              
     e(  3 -  3) =    -49.11600  eV     1   --> A              
     e(  4 -  4) =    -48.85456  eV     1   --> A              
     e(  5 -  5) =    -21.23719  eV     1   --> A              
     e(  6 -  6) =    -21.17851  eV     1   --> A              
     e(  7 -  7) =    -20.24175  eV     1   --> A              
     e(  8 -  8) =    -19.60714  eV     1   --> A              
     e(  9 -  9) =    -14.67607  eV     1   --> A              
     e( 10 - 10) =    -14.36022  eV     1   --> A              
     e( 11 - 11) =    -13.31729  eV     1   --> A              
     e( 12 - 12) =    -13.21818  eV     1   --> A              
     e( 13 - 13) =    -11.26881  eV     1   --> A              
     e( 14 - 14) =    -10.88749  eV     1   --> A              
     e( 15 - 15) =    -10.61096  eV     1   --> A              
     e( 16 - 16) =     -9.61853  eV     1   --> A              
     e( 17 - 17) =     -9.25170  eV     1   --> A              
     e( 18 - 18) =     -8.80420  eV     1   --> A              
     e( 19 - 19) =     -7.77604  eV     1   --> A              
     e( 20 - 20) =     -7.20289  eV     1   --> A              
     e( 21 - 21) =     -5.92327  eV     1   --> A              
     e( 22 - 22) =     -4.72420  eV     1   --> A              
     e( 23 - 23) =     -3.51517  eV     1   --> A              
     e( 24 - 24) =     -2.69502  eV     1   --> A              
     e( 25 - 25) =     -2.48295  eV     1   --> A              
     e( 26 - 26) =     -0.11194  eV     1   --> A              
     e( 27 - 27) =      0.13360  eV     1   --> A              
     e( 28 - 28) =      2.04678  eV     1   --> A              
     e( 29 - 29) =      2.39148  eV     1   --> A              
     e( 30 - 30) =      3.58699  eV     1   --> A              
     e( 31 - 31) =      4.01826  eV     1   --> A              
     e( 32 - 32) =      4.34145  eV     1   --> A              
     e( 33 - 33) =      4.88009  eV     1   --> A              
     e( 34 - 34) =      5.23052  eV     1   --> A              
     e( 35 - 35) =      5.42697  eV     1   --> A              

 **************************************************************************

 **************************************************************************

                    xk=(   0.36944,   0.51480,   0.00000  )

     Band symmetry, C_1 (1)     point group:

     e(  1 -  1) =    -77.72775  eV     1   --> A              
     e(  2 -  2) =    -49.17754  eV     1   --> A              
     e(  3 -  3) =    -49.11377  eV     1   --> A              
     e(  4 -  4) =    -48.85466  eV     1   --> A              
     e(  5 -  5) =    -21.24697  eV     1   --> A              
     e(  6 -  6) =    -21.18853  eV     1   --> A              
     e(  7 -  7) =    -20.24269  eV     1   --> A              
     e(  8 -  8) =    -19.60768  eV     1   --> A              
     e(  9 -  9) =    -14.70064  eV     1   --> A              
     e( 10 - 10) =    -14.39023  eV     1   --> A              
     e( 11 - 11) =    -13.26697  eV     1   --> A              
     e( 12 - 12) =    -13.16278  eV     1   --> A              
     e( 13 - 13) =    -11.27653  eV     1   --> A              
     e( 14 - 14) =    -10.88562  eV     1   --> A              
     e( 15 - 15) =    -10.63854  eV     1   --> A              
     e( 16 - 16) =     -9.57373  eV     1   --> A              
     e( 17 - 17) =     -9.25940  eV     1   --> A              
     e( 18 - 18) =     -8.78687  eV     1   --> A              
     e( 19 - 19) =     -7.77765  eV     1   --> A              
     e( 20 - 20) =     -7.20732  eV     1   --> A              
     e( 21 - 21) =     -5.93080  eV     1   --> A              
     e( 22 - 22) =     -4.71301  eV     1   --> A              
     e( 23 - 23) =     -3.52569  eV     1   --> A              
     e( 24 - 24) =     -2.69814  eV     1   --> A              
     e( 25 - 25) =     -2.47768  eV     1   --> A              
     e( 26 - 26) =     -0.14280  eV     1   --> A              
     e( 27 - 27) =      0.10924  eV     1   --> A              
     e( 28 - 28) =      2.06802  eV     1   --> A              
     e( 29 - 29) =      2.41718  eV     1   --> A              
     e( 30 - 30) =      3.51991  eV     1   --> A              
     e( 31 - 31) =      3.94458  eV     1   --> A              
     e( 32 - 32) =      4.35470  eV     1   --> A              
     e( 33 - 33) =      4.89623  eV     1   --> A              
     e( 34 - 34) =      5.26754  eV     1   --> A              
     e( 35 - 35) =      5.46561  eV     1   --> A              

 **************************************************************************

 **************************************************************************

                    xk=(   0.37222,   0.50999,   0.00000  )

     Band symmetry, C_1 (1)     point group:

     e(  1 -  1) =    -77.72782  eV     1   --> A              
     e(  2 -  2) =    -49.17911  eV     1   --> A              
     e(  3 -  3) =    -49.11148  eV     1   --> A              
     e(  4 -  4) =    -48.85476  eV     1   --> A              
     e(  5 -  5) =    -21.25716  eV     1   --> A              
     e(  6 -  6) =    -21.19896  eV     1   --> A              
     e(  7 -  7) =    -20.24378  eV     1   --> A              
     e(  8 -  8) =    -19.60833  eV     1   --> A              
     e(  9 -  9) =    -14.72562  eV     1   --> A              
     e( 10 - 10) =    -14.42007  eV     1   --> A              
     e( 11 - 11) =    -13.21473  eV     1   --> A              
     e( 12 - 12) =    -13.10581  eV     1   --> A              
     e( 13 - 13) =    -11.28445  eV     1   --> A              
     e( 14 - 14) =    -10.88513  eV     1   --> A              
     e( 15 - 15) =    -10.66376  eV     1   --> A              
     e( 16 - 16) =     -9.53157  eV     1   --> A              
     e( 17 - 17) =     -9.26355  eV     1   --> A              
     e( 18 - 18) =     -8.76982  eV     1   --> A              
     e( 19 - 19) =     -7.77928  eV     1   --> A              
     e( 20 - 20) =     -7.21198  eV     1   --> A              
     e( 21 - 21) =     -5.93858  eV     1   --> A              
     e( 22 - 22) =     -4.70138  eV     1   --> A              
     e( 23 - 23) =     -3.53679  eV     1   --> A              
     e( 24 - 24) =     -2.70103  eV     1   --> A              
     e( 25 - 25) =     -2.47258  eV     1   --> A              
     e( 26 - 26) =     -0.17632  eV     1   --> A              
     e( 27 - 27) =      0.08204  eV     1   --> A              
     e( 28 - 28) =      2.09169  eV     1   --> A              
     e( 29 - 29) =      2.44478  eV     1   --> A              
     e( 30 - 30) =      3.45237  eV     1   --> A              
     e( 31 - 31) =      3.87066  eV     1   --> A              
     e( 32 - 32) =      4.36806  eV     1   --> A              
     e( 33 - 33) =      4.91205  eV     1   --> A              
     e( 34 - 34) =      5.30452  eV     1   --> A              
     e( 35 - 35) =      5.50385  eV     1   --> A              

 **************************************************************************

 **************************************************************************

                    xk=(   0.37500,   0.50518,   0.00000  )

     Band symmetry, C_1 (1)     point group:

     e(  1 -  1) =    -77.72790  eV     1   --> A              
     e(  2 -  2) =    -49.18068  eV     1   --> A              
     e(  3 -  3) =    -49.10916  eV     1   --> A              
     e(  4 -  4) =    -48.85487  eV     1   --> A              
     e(  5 -  5) =    -21.26771  eV     1   --> A              
     e(  6 -  6) =    -21.20974  eV     1   --> A              
     e(  7 -  7) =    -20.24503  eV     1   --> A              
     e(  8 -  8) =    -19.60910  eV     1   --> A              
     e(  9 -  9) =    -14.75086  eV     1   --> A              
     e( 10 - 10) =    -14.44967  eV     1   --> A              
     e( 11 - 11) =    -13.16078  eV     1   --> A              
     e( 12 - 12) =    -13.04742  eV     1   --> A              
     e( 13 - 13) =    -11.29252  eV     1   --> A              
     e( 14 - 14) =    -10.88660  eV     1   --> A              
     e( 15 - 15) =    -10.68602  eV     1   --> A              
     e( 16 - 16) =     -9.49377  eV     1   --> A              
     e( 17 - 17) =     -9.26259  eV     1   --> A              
     e( 18 - 18) =     -8.75296  eV     1   --> A              
     e( 19 - 19) =     -7.78092  eV     1   --> A              
     e( 20 - 20) =     -7.21687  eV     1   --> A              
     e( 21 - 21) =     -5.94655  eV     1   --> A              
     e( 22 - 22) =     -4.68938  eV     1   --> A              
     e( 23 - 23) =     -3.54841  eV     1   --> A              
     e( 24 - 24) =     -2.70364  eV     1   --> A              
     e( 25 - 25) =     -2.46772  eV     1   --> A              
     e( 26 - 26) =     -0.21241  eV     1   --> A              
     e( 27 - 27) =      0.05197  eV     1   --> A              
     e( 28 - 28) =      2.11769  eV     1   --> A              
     e( 29 - 29) =      2.47418  eV     1   --> A              
     e( 30 - 30) =      3.38476  eV     1   --> A              
     e( 31 - 31) =      3.79679  eV     1   --> A              
     e( 32 - 32) =      4.38145  eV     1   --> A              
     e( 33 - 33) =      4.92752  eV     1   --> A              
     e( 34 - 34) =      5.34135  eV     1   --> A              
     e( 35 - 35) =      5.54153  eV     1   --> A              

 **************************************************************************

 **************************************************************************

                    xk=(   0.37778,   0.50037,   0.00000  )

     Band symmetry, C_1 (1)     point group:

     e(  1 -  1) =    -77.72798  eV     1   --> A              
     e(  2 -  2) =    -49.18224  eV     1   --> A              
     e(  3 -  3) =    -49.10681  eV     1   --> A              
     e(  4 -  4) =    -48.85498  eV     1   --> A              
     e(  5 -  5) =    -21.27859  eV     1   --> A              
     e(  6 -  6) =    -21.22083  eV     1   --> A              
     e(  7 -  7) =    -20.24645  eV     1   --> A              
     e(  8 -  8) =    -19.61000  eV     1   --> A              
     e(  9 -  9) =    -14.77625  eV     1   --> A              
     e( 10 - 10) =    -14.47895  eV     1   --> A              
     e( 11 - 11) =    -13.10535  eV     1   --> A              
     e( 12 - 12) =    -12.98777  eV     1   --> A              
     e( 13 - 13) =    -11.30070  eV     1   --> A              
     e( 14 - 14) =    -10.89064  eV     1   --> A              
     e( 15 - 15) =    -10.70467  eV     1   --> A              
     e( 16 - 16) =     -9.46259  eV     1   --> A              
     e( 17 - 17) =     -9.25444  eV     1   --> A              
     e( 18 - 18) =     -8.73618  eV     1   --> A              
     e( 19 - 19) =     -7.78257  eV     1   --> A              
     e( 20 - 20) =     -7.22197  eV     1   --> A              
     e( 21 - 21) =     -5.95468  eV     1   --> A              
     e( 22 - 22) =     -4.67705  eV     1   --> A              
     e( 23 - 23) =     -3.56052  eV     1   --> A              
     e( 24 - 24) =     -2.70594  eV     1   --> A              
     e( 25 - 25) =     -2.46314  eV     1   --> A              
     e( 26 - 26) =     -0.25099  eV     1   --> A              
     e( 27 - 27) =      0.01902  eV     1   --> A              
     e( 28 - 28) =      2.14588  eV     1   --> A              
     e( 29 - 29) =      2.50527  eV     1   --> A              
     e( 30 - 30) =      3.31748  eV     1   --> A              
     e( 31 - 31) =      3.72322  eV     1   --> A              
     e( 32 - 32) =      4.39481  eV     1   --> A              
     e( 33 - 33) =      4.94259  eV     1   --> A              
     e( 34 - 34) =      5.37791  eV     1   --> A              
     e( 35 - 35) =      5.57847  eV     1   --> A              

 **************************************************************************

 **************************************************************************

                    xk=(   0.38056,   0.49556,   0.00000  )

     Band symmetry, C_1 (1)     point group:

     e(  1 -  1) =    -77.72806  eV     1   --> A              
     e(  2 -  2) =    -49.18381  eV     1   --> A              
     e(  3 -  3) =    -49.10443  eV     1   --> A              
     e(  4 -  4) =    -48.85510  eV     1   --> A              
     e(  5 -  5) =    -21.28974  eV     1   --> A              
     e(  6 -  6) =    -21.23219  eV     1   --> A              
     e(  7 -  7) =    -20.24802  eV     1   --> A              
     e(  8 -  8) =    -19.61103  eV     1   --> A              
     e(  9 -  9) =    -14.80168  eV     1   --> A              
     e( 10 - 10) =    -14.50786  eV     1   --> A              
     e( 11 - 11) =    -13.04861  eV     1   --> A              
     e( 12 - 12) =    -12.92702  eV     1   --> A              
     e( 13 - 13) =    -11.30895  eV     1   --> A              
     e( 14 - 14) =    -10.89777  eV     1   --> A              
     e( 15 - 15) =    -10.71917  eV     1   --> A              
     e( 16 - 16) =     -9.43997  eV     1   --> A              
     e( 17 - 17) =     -9.23738  eV     1   --> A              
     e( 18 - 18) =     -8.71934  eV     1   --> A              
     e( 19 - 19) =     -7.78422  eV     1   --> A              
     e( 20 - 20) =     -7.22725  eV     1   --> A              
     e( 21 - 21) =     -5.96291  eV     1   --> A              
     e( 22 - 22) =     -4.66446  eV     1   --> A              
     e( 23 - 23) =     -3.57308  eV     1   --> A              
     e( 24 - 24) =     -2.70792  eV     1   --> A              
     e( 25 - 25) =     -2.45886  eV     1   --> A              
     e( 26 - 26) =     -0.29198  eV     1   --> A              
     e( 27 - 27) =     -0.01676  eV     1   --> A              
     e( 28 - 28) =      2.17601  eV     1   --> A              
     e( 29 - 29) =      2.53794  eV     1   --> A              
     e( 30 - 30) =      3.25097  eV     1   --> A              
     e( 31 - 31) =      3.65019  eV     1   --> A              
     e( 32 - 32) =      4.40813  eV     1   --> A              
     e( 33 - 33) =      4.95726  eV     1   --> A              
     e( 34 - 34) =      5.41407  eV     1   --> A              
     e( 35 - 35) =      5.61452  eV     1   --> A              

 **************************************************************************

 **************************************************************************

                    xk=(   0.38333,   0.49075,   0.00000  )

     Band symmetry, C_1 (1)     point group:

     e(  1 -  1) =    -77.72815  eV     1   --> A              
     e(  2 -  2) =    -49.18536  eV     1   --> A              
     e(  3 -  3) =    -49.10203  eV     1   --> A              
     e(  4 -  4) =    -48.85523  eV     1   --> A              
     e(  5 -  5) =    -21.30112  eV     1   --> A              
     e(  6 -  6) =    -21.24376  eV     1   --> A              
     e(  7 -  7) =    -20.24974  eV     1   --> A              
     e(  8 -  8) =    -19.61218  eV     1   --> A              
     e(  9 -  9) =    -14.82707  eV     1   --> A              
     e( 10 - 10) =    -14.53635  eV     1   --> A              
     e( 11 - 11) =    -12.99078  eV     1   --> A              
     e( 12 - 12) =    -12.86530  eV     1   --> A              
     e( 13 - 13) =    -11.31721  eV     1   --> A              
     e( 14 - 14) =    -10.90816  eV     1   --> A              
     e( 15 - 15) =    -10.72935  eV     1   --> A              
     e( 16 - 16) =     -9.42605  eV     1   --> A              
     e( 17 - 17) =     -9.21151  eV     1   --> A              
     e( 18 - 18) =     -8.70226  eV     1   --> A              
     e( 19 - 19) =     -7.78588  eV     1   --> A              
     e( 20 - 20) =     -7.23272  eV     1   --> A              
     e( 21 - 21) =     -5.97120  eV     1   --> A              
     e( 22 - 22) =     -4.65166  eV     1   --> A              
     e( 23 - 23) =     -3.58605  eV     1   --> A              
     e( 24 - 24) =     -2.70954  eV     1   --> A              
     e( 25 - 25) =     -2.45494  eV     1   --> A              
     e( 26 - 26) =     -0.33529  eV     1   --> A              
     e( 27 - 27) =     -0.05532  eV     1   --> A              
     e( 28 - 28) =      2.20775  eV     1   --> A              
     e( 29 - 29) =      2.57207  eV     1   --> A              
     e( 30 - 30) =      3.18569  eV     1   --> A              
     e( 31 - 31) =      3.57790  eV     1   --> A              
     e( 32 - 32) =      4.42135  eV     1   --> A              
     e( 33 - 33) =      4.97154  eV     1   --> A              
     e( 34 - 34) =      5.44973  eV     1   --> A              
     e( 35 - 35) =      5.64945  eV     1   --> A              

 **************************************************************************

 **************************************************************************

                    xk=(   0.38611,   0.48594,   0.00000  )

     Band symmetry, C_1 (1)     point group:

     e(  1 -  1) =    -77.72823  eV     1   --> A              
     e(  2 -  2) =    -49.18690  eV     1   --> A              
     e(  3 -  3) =    -49.09962  eV     1   --> A              
     e(  4 -  4) =    -48.85535  eV     1   --> A              
     e(  5 -  5) =    -21.31268  eV     1   --> A              
     e(  6 -  6) =    -21.25550  eV     1   --> A              
     e(  7 -  7) =    -20.25162  eV     1   --> A              
     e(  8 -  8) =    -19.61345  eV     1   --> A              
     e(  9 -  9) =    -14.85232  eV     1   --> A              
     e( 10 - 10) =    -14.56439  eV     1   --> A              
     e( 11 - 11) =    -12.93203  eV     1   --> A              
     e( 12 - 12) =    -12.80273  eV     1   --> A              
     e( 13 - 13) =    -11.32543  eV     1   --> A              
     e( 14 - 14) =    -10.92148  eV     1   --> A              
     e( 15 - 15) =    -10.73551  eV     1   --> A              
     e( 16 - 16) =     -9.41897  eV     1   --> A              
     e( 17 - 17) =     -9.17899  eV     1   --> A              
     e( 18 - 18) =     -8.68470  eV     1   --> A              
     e( 19 - 19) =     -7.78756  eV     1   --> A              
     e( 20 - 20) =     -7.23837  eV     1   --> A              
     e( 21 - 21) =     -5.97952  eV     1   --> A              
     e( 22 - 22) =     -4.63871  eV     1   --> A              
     e( 23 - 23) =     -3.59940  eV     1   --> A              
     e( 24 - 24) =     -2.71079  eV     1   --> A              
     e( 25 - 25) =     -2.45139  eV     1   --> A              
     e( 26 - 26) =     -0.38081  eV     1   --> A              
     e( 27 - 27) =     -0.09655  eV     1   --> A              
     e( 28 - 28) =      2.24060  eV     1   --> A              
     e( 29 - 29) =      2.60753  eV     1   --> A              
     e( 30 - 30) =      3.12221  eV     1   --> A              
     e( 31 - 31) =      3.50657  eV     1   --> A              
     e( 32 - 32) =      4.43448  eV     1   --> A              
     e( 33 - 33) =      4.98542  eV     1   --> A              
     e( 34 - 34) =      5.48480  eV     1   --> A              
     e( 35 - 35) =      5.68309  eV     1   --> A              

 **************************************************************************

 **************************************************************************

                    xk=(   0.38889,   0.48113,   0.00000  )

     Band symmetry, C_1 (1)     point group:

     e(  1 -  1) =    -77.72832  eV     1   --> A              
     e(  2 -  2) =    -49.18843  eV     1   --> A              
     e(  3 -  3) =    -49.09721  eV     1   --> A              
     e(  4 -  4) =    -48.85548  eV     1   --> A              
     e(  5 -  5) =    -21.32440  eV     1   --> A              
     e(  6 -  6) =    -21.26738  eV     1   --> A              
     e(  7 -  7) =    -20.25365  eV     1   --> A              
     e(  8 -  8) =    -19.61485  eV     1   --> A              
     e(  9 -  9) =    -14.87739  eV     1   --> A              
     e( 10 - 10) =    -14.59194  eV     1   --> A              
     e( 11 - 11) =    -12.87257  eV     1   --> A              
     e( 12 - 12) =    -12.73947  eV     1   --> A              
     e( 13 - 13) =    -11.33354  eV     1   --> A              
     e( 14 - 14) =    -10.93704  eV     1   --> A              
     e( 15 - 15) =    -10.73833  eV     1   --> A              
     e( 16 - 16) =     -9.41625  eV     1   --> A              
     e( 17 - 17) =     -9.14263  eV     1   --> A              
     e( 18 - 18) =     -8.66639  eV     1   --> A              
     e( 19 - 19) =     -7.78924  eV     1   --> A              
     e( 20 - 20) =     -7.24419  eV     1   --> A              
     e( 21 - 21) =     -5.98784  eV     1   --> A              
     e( 22 - 22) =     -4.62565  eV     1   --> A              
     e( 23 - 23) =     -3.61308  eV     1   --> A              
     e( 24 - 24) =     -2.71166  eV     1   --> A              
     e( 25 - 25) =     -2.44825  eV     1   --> A              
     e( 26 - 26) =     -0.42846  eV     1   --> A              
     e( 27 - 27) =     -0.14032  eV     1   --> A              
     e( 28 - 28) =      2.27387  eV     1   --> A              
     e( 29 - 29) =      2.64419  eV     1   --> A              
     e( 30 - 30) =      3.06127  eV     1   --> A              
     e( 31 - 31) =      3.43639  eV     1   --> A              
     e( 32 - 32) =      4.44749  eV     1   --> A              
     e( 33 - 33) =      4.99894  eV     1   --> A              
     e( 34 - 34) =      5.51920  eV     1   --> A              
     e( 35 - 35) =      5.71521  eV     1   --> A              

 **************************************************************************

 **************************************************************************

                    xk=(   0.39167,   0.47631,   0.00000  )

     Band symmetry, C_1 (1)     point group:

     e(  1 -  1) =    -77.72842  eV     1   --> A              
     e(  2 -  2) =    -49.18994  eV     1   --> A              
     e(  3 -  3) =    -49.09479  eV     1   --> A              
     e(  4 -  4) =    -48.85561  eV     1   --> A              
     e(  5 -  5) =    -21.33623  eV     1   --> A              
     e(  6 -  6) =    -21.27936  eV     1   --> A              
     e(  7 -  7) =    -20.25582  eV     1   --> A              
     e(  8 -  8) =    -19.61636  eV     1   --> A              
     e(  9 -  9) =    -14.90220  eV     1   --> A              
     e( 10 - 10) =    -14.61898  eV     1   --> A              
     e( 11 - 11) =    -12.81259  eV     1   --> A              
     e( 12 - 12) =    -12.67565  eV     1   --> A              
     e( 13 - 13) =    -11.34146  eV     1   --> A              
     e( 14 - 14) =    -10.95403  eV     1   --> A              
     e( 15 - 15) =    -10.73859  eV     1   --> A              
     e( 16 - 16) =     -9.41596  eV     1   --> A              
     e( 17 - 17) =     -9.10473  eV     1   --> A              
     e( 18 - 18) =     -8.64698  eV     1   --> A              
     e( 19 - 19) =     -7.79094  eV     1   --> A              
     e( 20 - 20) =     -7.25016  eV     1   --> A              
     e( 21 - 21) =     -5.99613  eV     1   --> A              
     e( 22 - 22) =     -4.61252  eV     1   --> A              
     e( 23 - 23) =     -3.62708  eV     1   --> A              
     e( 24 - 24) =     -2.71214  eV     1   --> A              
     e( 25 - 25) =     -2.44553  eV     1   --> A              
     e( 26 - 26) =     -0.47812  eV     1   --> A              
     e( 27 - 27) =     -0.18649  eV     1   --> A              
     e( 28 - 28) =      2.30655  eV     1   --> A              
     e( 29 - 29) =      2.68188  eV     1   --> A              
     e( 30 - 30) =      3.00387  eV     1   --> A              
     e( 31 - 31) =      3.36757  eV     1   --> A              
     e( 32 - 32) =      4.46037  eV     1   --> A              
     e( 33 - 33) =      5.01210  eV     1   --> A              
     e( 34 - 34) =      5.55285  eV     1   --> A              
     e( 35 - 35) =      5.74556  eV     1   --> A              

 **************************************************************************

 **************************************************************************

                    xk=(   0.39444,   0.47150,   0.00000  )

     Band symmetry, C_1 (1)     point group:

     e(  1 -  1) =    -77.72851  eV     1   --> A              
     e(  2 -  2) =    -49.19143  eV     1   --> A              
     e(  3 -  3) =    -49.09237  eV     1   --> A              
     e(  4 -  4) =    -48.85575  eV     1   --> A              
     e(  5 -  5) =    -21.34812  eV     1   --> A              
     e(  6 -  6) =    -21.29140  eV     1   --> A              
     e(  7 -  7) =    -20.25812  eV     1   --> A              
     e(  8 -  8) =    -19.61799  eV     1   --> A              
     e(  9 -  9) =    -14.92670  eV     1   --> A              
     e( 10 - 10) =    -14.64549  eV     1   --> A              
     e( 11 - 11) =    -12.75229  eV     1   --> A              
     e( 12 - 12) =    -12.61141  eV     1   --> A              
     e( 13 - 13) =    -11.34908  eV     1   --> A              
     e( 14 - 14) =    -10.97171  eV     1   --> A              
     e( 15 - 15) =    -10.73701  eV     1   --> A              
     e( 16 - 16) =     -9.41686  eV     1   --> A              
     e( 17 - 17) =     -9.06698  eV     1   --> A              
     e( 18 - 18) =     -8.62612  eV     1   --> A              
     e( 19 - 19) =     -7.79267  eV     1   --> A              
     e( 20 - 20) =     -7.25629  eV     1   --> A              
     e( 21 - 21) =     -6.00435  eV     1   --> A              
     e( 22 - 22) =     -4.59937  eV     1   --> A              
     e( 23 - 23) =     -3.64135  eV     1   --> A              
     e( 24 - 24) =     -2.71222  eV     1   --> A              
     e( 25 - 25) =     -2.44325  eV     1   --> A              
     e( 26 - 26) =     -0.52969  eV     1   --> A              
     e( 27 - 27) =     -0.23487  eV     1   --> A              
     e( 28 - 28) =      2.33716  eV     1   --> A              
     e( 29 - 29) =      2.72045  eV     1   --> A              
     e( 30 - 30) =      2.95144  eV     1   --> A              
     e( 31 - 31) =      3.30037  eV     1   --> A              
     e( 32 - 32) =      4.47315  eV     1   --> A              
     e( 33 - 33) =      5.02495  eV     1   --> A              
     e( 34 - 34) =      5.58568  eV     1   --> A              
     e( 35 - 35) =      5.77388  eV     1   --> A              

 **************************************************************************

 **************************************************************************

                    xk=(   0.39722,   0.46669,   0.00000  )

     Band symmetry, C_1 (1)     point group:

     e(  1 -  1) =    -77.72861  eV     1   --> A              
     e(  2 -  2) =    -49.19289  eV     1   --> A              
     e(  3 -  3) =    -49.08996  eV     1   --> A              
     e(  4 -  4) =    -48.85588  eV     1   --> A              
     e(  5 -  5) =    -21.36006  eV     1   --> A              
     e(  6 -  6) =    -21.30346  eV     1   --> A              
     e(  7 -  7) =    -20.26055  eV     1   --> A              
     e(  8 -  8) =    -19.61973  eV     1   --> A              
     e(  9 -  9) =    -14.95086  eV     1   --> A              
     e( 10 - 10) =    -14.67144  eV     1   --> A              
     e( 11 - 11) =    -12.69190  eV     1   --> A              
     e( 12 - 12) =    -12.54691  eV     1   --> A              
     e( 13 - 13) =    -11.35631  eV     1   --> A              
     e( 14 - 14) =    -10.98951  eV     1   --> A              
     e( 15 - 15) =    -10.73415  eV     1   --> A              
     e( 16 - 16) =     -9.41818  eV     1   --> A              
     e( 17 - 17) =     -9.03057  eV     1   --> A              
     e( 18 - 18) =     -8.60340  eV     1   --> A              
     e( 19 - 19) =     -7.79443  eV     1   --> A              
     e( 20 - 20) =     -7.26257  eV     1   --> A              
     e( 21 - 21) =     -6.01249  eV     1   --> A              
     e( 22 - 22) =     -4.58624  eV     1   --> A              
     e( 23 - 23) =     -3.65587  eV     1   --> A              
     e( 24 - 24) =     -2.71193  eV     1   --> A              
     e( 25 - 25) =     -2.44141  eV     1   --> A              
     e( 26 - 26) =     -0.58305  eV     1   --> A              
     e( 27 - 27) =     -0.28528  eV     1   --> A              
     e( 28 - 28) =      2.36356  eV     1   --> A              
     e( 29 - 29) =      2.75965  eV     1   --> A              
     e( 30 - 30) =      2.90600  eV     1   --> A              
     e( 31 - 31) =      3.23507  eV     1   --> A              
     e( 32 - 32) =      4.48580  eV     1   --> A              
     e( 33 - 33) =      5.03751  eV     1   --> A              
     e( 34 - 34) =      5.61761  eV     1   --> A              
     e( 35 - 35) =      5.79988  eV     1   --> A              

 **************************************************************************

 **************************************************************************

                    xk=(   0.40000,   0.46188,   0.00000  )

     Band symmetry, C_1 (1)     point group:

     e(  1 -  1) =    -77.72870  eV     1   --> A              
     e(  2 -  2) =    -49.19434  eV     1   --> A              
     e(  3 -  3) =    -49.08757  eV     1   --> A              
     e(  4 -  4) =    -48.85602  eV     1   --> A              
     e(  5 -  5) =    -21.37201  eV     1   --> A              
     e(  6 -  6) =    -21.31552  eV     1   --> A              
     e(  7 -  7) =    -20.26310  eV     1   --> A              
     e(  8 -  8) =    -19.62156  eV     1   --> A              
     e(  9 -  9) =    -14.97463  eV     1   --> A              
     e( 10 - 10) =    -14.69681  eV     1   --> A              
     e( 11 - 11) =    -12.63164  eV     1   --> A              
     e( 12 - 12) =    -12.48229  eV     1   --> A              
     e( 13 - 13) =    -11.36298  eV     1   --> A              
     e( 14 - 14) =    -11.00697  eV     1   --> A              
     e( 15 - 15) =    -10.73043  eV     1   --> A              
     e( 16 - 16) =     -9.41946  eV     1   --> A              
     e( 17 - 17) =     -8.99638  eV     1   --> A              
     e( 18 - 18) =     -8.57845  eV     1   --> A              
     e( 19 - 19) =     -7.79623  eV     1   --> A              
     e( 20 - 20) =     -7.26899  eV     1   --> A              
     e( 21 - 21) =     -6.02052  eV     1   --> A              
     e( 22 - 22) =     -4.57316  eV     1   --> A              
     e( 23 - 23) =     -3.67061  eV     1   --> A              
     e( 24 - 24) =     -2.71126  eV     1   --> A              
     e( 25 - 25) =     -2.44003  eV     1   --> A              
     e( 26 - 26) =     -0.63809  eV     1   --> A              
     e( 27 - 27) =     -0.33750  eV     1   --> A              
     e( 28 - 28) =      2.38281  eV     1   --> A              
     e( 29 - 29) =      2.79910  eV     1   --> A              
     e( 30 - 30) =      2.87031  eV     1   --> A              
     e( 31 - 31) =      3.17218  eV     1   --> A              
     e( 32 - 32) =      4.49836  eV     1   --> A              
     e( 33 - 33) =      5.04981  eV     1   --> A              
     e( 34 - 34) =      5.64861  eV     1   --> A              
     e( 35 - 35) =      5.82330  eV     1   --> A              

 **************************************************************************

 **************************************************************************

                    xk=(   0.40278,   0.45707,   0.00000  )

     Band symmetry, C_1 (1)     point group:

     e(  1 -  1) =    -77.72880  eV     1   --> A              
     e(  2 -  2) =    -49.19575  eV     1   --> A              
     e(  3 -  3) =    -49.08519  eV     1   --> A              
     e(  4 -  4) =    -48.85616  eV     1   --> A              
     e(  5 -  5) =    -21.38393  eV     1   --> A              
     e(  6 -  6) =    -21.32754  eV     1   --> A              
     e(  7 -  7) =    -20.26575  eV     1   --> A              
     e(  8 -  8) =    -19.62350  eV     1   --> A              
     e(  9 -  9) =    -14.99799  eV     1   --> A              
     e( 10 - 10) =    -14.72160  eV     1   --> A              
     e( 11 - 11) =    -12.57178  eV     1   --> A              
     e( 12 - 12) =    -12.41773  eV     1   --> A              
     e( 13 - 13) =    -11.36891  eV     1   --> A              
     e( 14 - 14) =    -11.02376  eV     1   --> A              
     e( 15 - 15) =    -10.72616  eV     1   --> A              
     e( 16 - 16) =     -9.42041  eV     1   --> A              
     e( 17 - 17) =     -8.96507  eV     1   --> A              
     e( 18 - 18) =     -8.55098  eV     1   --> A              
     e( 19 - 19) =     -7.79808  eV     1   --> A              
     e( 20 - 20) =     -7.27554  eV     1   --> A              
     e( 21 - 21) =     -6.02843  eV     1   --> A              
     e( 22 - 22) =     -4.56017  eV     1   --> A              
     e( 23 - 23) =     -3.68554  eV     1   --> A              
     e( 24 - 24) =     -2.71026  eV     1   --> A              
     e( 25 - 25) =     -2.43909  eV     1   --> A              
     e( 26 - 26) =     -0.69469  eV     1   --> A              
     e( 27 - 27) =     -0.39132  eV     1   --> A              
     e( 28 - 28) =      2.39154  eV     1   --> A              
     e( 29 - 29) =      2.83783  eV     1   --> A              
     e( 30 - 30) =      2.84766  eV     1   --> A              
     e( 31 - 31) =      3.11267  eV     1   --> A              
     e( 32 - 32) =      4.51085  eV     1   --> A              
     e( 33 - 33) =      5.06190  eV     1   --> A              
     e( 34 - 34) =      5.67863  eV     1   --> A              
     e( 35 - 35) =      5.84383  eV     1   --> A              

 **************************************************************************

 **************************************************************************

                    xk=(   0.40556,   0.45226,   0.00000  )

     Band symmetry, C_1 (1)     point group:

     e(  1 -  1) =    -77.72890  eV     1   --> A              
     e(  2 -  2) =    -49.19714  eV     1   --> A              
     e(  3 -  3) =    -49.08283  eV     1   --> A              
     e(  4 -  4) =    -48.85630  eV     1   --> A              
     e(  5 -  5) =    -21.39579  eV     1   --> A              
     e(  6 -  6) =    -21.33950  eV     1   --> A              
     e(  7 -  7) =    -20.26850  eV     1   --> A              
     e(  8 -  8) =    -19.62552  eV     1   --> A              
     e(  9 -  9) =    -15.02089  eV     1   --> A              
     e( 10 - 10) =    -14.74579  eV     1   --> A              
     e( 11 - 11) =    -12.51261  eV     1   --> A              
     e( 12 - 12) =    -12.35342  eV     1   --> A              
     e( 13 - 13) =    -11.37390  eV     1   --> A              
     e( 14 - 14) =    -11.03964  eV     1   --> A              
     e( 15 - 15) =    -10.72155  eV     1   --> A              
     e( 16 - 16) =     -9.42084  eV     1   --> A              
     e( 17 - 17) =     -8.93702  eV     1   --> A              
     e( 18 - 18) =     -8.52083  eV     1   --> A              
     e( 19 - 19) =     -7.79996  eV     1   --> A              
     e( 20 - 20) =     -7.28223  eV     1   --> A              
     e( 21 - 21) =     -6.03619  eV     1   --> A              
     e( 22 - 22) =     -4.54729  eV     1   --> A              
     e( 23 - 23) =     -3.70064  eV     1   --> A              
     e( 24 - 24) =     -2.70897  eV     1   --> A              
     e( 25 - 25) =     -2.43857  eV     1   --> A              
     e( 26 - 26) =     -0.75271  eV     1   --> A              
     e( 27 - 27) =     -0.44649  eV     1   --> A              
     e( 28 - 28) =      2.38716  eV     1   --> A              
     e( 29 - 29) =      2.83897  eV     1   --> A              
     e( 30 - 30) =      2.87474  eV     1   --> A              
     e( 31 - 31) =      3.05912  eV     1   --> A              
     e( 32 - 32) =      4.52329  eV     1   --> A              
     e( 33 - 33) =      5.07381  eV     1   --> A              
     e( 34 - 34) =      5.70761  eV     1   --> A              
     e( 35 - 35) =      5.86124  eV     1   --> A              

 **************************************************************************

 **************************************************************************

                    xk=(   0.40833,   0.44745,   0.00000  )

     Band symmetry, C_1 (1)     point group:

     e(  1 -  1) =    -77.72900  eV     1   --> A              
     e(  2 -  2) =    -49.19851  eV     1   --> A              
     e(  3 -  3) =    -49.08049  eV     1   --> A              
     e(  4 -  4) =    -48.85644  eV     1   --> A              
     e(  5 -  5) =    -21.40757  eV     1   --> A              
     e(  6 -  6) =    -21.35137  eV     1   --> A              
     e(  7 -  7) =    -20.27134  eV     1   --> A              
     e(  8 -  8) =    -19.62762  eV     1   --> A              
     e(  9 -  9) =    -15.04331  eV     1   --> A              
     e( 10 - 10) =    -14.76936  eV     1   --> A              
     e( 11 - 11) =    -12.45444  eV     1   --> A              
     e( 12 - 12) =    -12.28956  eV     1   --> A              
     e( 13 - 13) =    -11.37767  eV     1   --> A              
     e( 14 - 14) =    -11.05440  eV     1   --> A              
     e( 15 - 15) =    -10.71677  eV     1   --> A              
     e( 16 - 16) =     -9.42066  eV     1   --> A              
     e( 17 - 17) =     -8.91241  eV     1   --> A              
     e( 18 - 18) =     -8.48801  eV     1   --> A              
     e( 19 - 19) =     -7.80189  eV     1   --> A              
     e( 20 - 20) =     -7.28904  eV     1   --> A              
     e( 21 - 21) =     -6.04380  eV     1   --> A              
     e( 22 - 22) =     -4.53456  eV     1   --> A              
     e( 23 - 23) =     -3.71588  eV     1   --> A              
     e( 24 - 24) =     -2.70743  eV     1   --> A              
     e( 25 - 25) =     -2.43845  eV     1   --> A              
     e( 26 - 26) =     -0.81203  eV     1   --> A              
     e( 27 - 27) =     -0.50280  eV     1   --> A              
     e( 28 - 28) =      2.36951  eV     1   --> A              
     e( 29 - 29) =      2.84342  eV     1   --> A              
     e( 30 - 30) =      2.90190  eV     1   --> A              
     e( 31 - 31) =      3.02030  eV     1   --> A              
     e( 32 - 32) =      4.53571  eV     1   --> A              
     e( 33 - 33) =      5.08558  eV     1   --> A              
     e( 34 - 34) =      5.73553  eV     1   --> A              
     e( 35 - 35) =      5.87528  eV     1   --> A              

 **************************************************************************

 **************************************************************************

                    xk=(   0.41111,   0.44264,   0.00000  )

     Band symmetry, C_1 (1)     point group:

     e(  1 -  1) =    -77.72909  eV     1   --> A              
     e(  2 -  2) =    -49.19984  eV     1   --> A              
     e(  3 -  3) =    -49.07818  eV     1   --> A              
     e(  4 -  4) =    -48.85659  eV     1   --> A              
     e(  5 -  5) =    -21.41924  eV     1   --> A              
     e(  6 -  6) =    -21.36311  eV     1   --> A              
     e(  7 -  7) =    -20.27425  eV     1   --> A              
     e(  8 -  8) =    -19.62979  eV     1   --> A              
     e(  9 -  9) =    -15.06523  eV     1   --> A              
     e( 10 - 10) =    -14.79231  eV     1   --> A              
     e( 11 - 11) =    -12.39765  eV     1   --> A              
     e( 12 - 12) =    -12.22637  eV     1   --> A              
     e( 13 - 13) =    -11.37992  eV     1   --> A              
     e( 14 - 14) =    -11.06788  eV     1   --> A              
     e( 15 - 15) =    -10.71193  eV     1   --> A              
     e( 16 - 16) =     -9.41977  eV     1   --> A              
     e( 17 - 17) =     -8.89121  eV     1   --> A              
     e( 18 - 18) =     -8.45270  eV     1   --> A              
     e( 19 - 19) =     -7.80385  eV     1   --> A              
     e( 20 - 20) =     -7.29596  eV     1   --> A              
     e( 21 - 21) =     -6.05124  eV     1   --> A              
     e( 22 - 22) =     -4.52200  eV     1   --> A              
     e( 23 - 23) =     -3.73123  eV     1   --> A              
     e( 24 - 24) =     -2.70573  eV     1   --> A              
     e( 25 - 25) =     -2.43868  eV     1   --> A              
     e( 26 - 26) =     -0.87248  eV     1   --> A              
     e( 27 - 27) =     -0.55998  eV     1   --> A              
     e( 28 - 28) =      2.34087  eV     1   --> A              
     e( 29 - 29) =      2.84849  eV     1   --> A              
     e( 30 - 30) =      2.90877  eV     1   --> A              
     e( 31 - 31) =      3.01678  eV     1   --> A              
     e( 32 - 32) =      4.54816  eV     1   --> A              
     e( 33 - 33) =      5.09727  eV     1   --> A              
     e( 34 - 34) =      5.76234  eV     1   --> A              
     e( 35 - 35) =      5.88581  eV     1   --> A              

 **************************************************************************

 **************************************************************************

                    xk=(   0.41389,   0.43782,   0.00000  )

     Band symmetry, C_1 (1)     point group:

     e(  1 -  1) =    -77.72919  eV     1   --> A              
     e(  2 -  2) =    -49.20114  eV     1   --> A              
     e(  3 -  3) =    -49.07591  eV     1   --> A              
     e(  4 -  4) =    -48.85673  eV     1   --> A              
     e(  5 -  5) =    -21.43078  eV     1   --> A              
     e(  6 -  6) =    -21.37471  eV     1   --> A              
     e(  7 -  7) =    -20.27723  eV     1   --> A              
     e(  8 -  8) =    -19.63202  eV     1   --> A              
     e(  9 -  9) =    -15.08662  eV     1   --> A              
     e( 10 - 10) =    -14.81462  eV     1   --> A              
     e( 11 - 11) =    -12.34263  eV     1   --> A              
     e( 12 - 12) =    -12.16409  eV     1   --> A              
     e( 13 - 13) =    -11.38027  eV     1   --> A              
     e( 14 - 14) =    -11.07992  eV     1   --> A              
     e( 15 - 15) =    -10.70714  eV     1   --> A              
     e( 16 - 16) =     -9.41814  eV     1   --> A              
     e( 17 - 17) =     -8.87321  eV     1   --> A              
     e( 18 - 18) =     -8.41522  eV     1   --> A              
     e( 19 - 19) =     -7.80583  eV     1   --> A              
     e( 20 - 20) =     -7.30300  eV     1   --> A              
     e( 21 - 21) =     -6.05850  eV     1   --> A              
     e( 22 - 22) =     -4.50963  eV     1   --> A              
     e( 23 - 23) =     -3.74668  eV     1   --> A              
     e( 24 - 24) =     -2.70395  eV     1   --> A              
     e( 25 - 25) =     -2.43920  eV     1   --> A              
     e( 26 - 26) =     -0.93393  eV     1   --> A              
     e( 27 - 27) =     -0.61781  eV     1   --> A              
     e( 28 - 28) =      2.30451  eV     1   --> A              
     e( 29 - 29) =      2.82671  eV     1   --> A              
     e( 30 - 30) =      2.92260  eV     1   --> A              
     e( 31 - 31) =      3.04532  eV     1   --> A              
     e( 32 - 32) =      4.56067  eV     1   --> A              
     e( 33 - 33) =      5.10891  eV     1   --> A              
     e( 34 - 34) =      5.78802  eV     1   --> A              
     e( 35 - 35) =      5.89278  eV     1   --> A              

 **************************************************************************

 **************************************************************************

                    xk=(   0.41667,   0.43301,   0.00000  )

     Band symmetry, C_1 (1)     point group:

     e(  1 -  1) =    -77.72929  eV     1   --> A              
     e(  2 -  2) =    -49.20241  eV     1   --> A              
     e(  3 -  3) =    -49.07367  eV     1   --> A              
     e(  4 -  4) =    -48.85687  eV     1   --> A              
     e(  5 -  5) =    -21.44215  eV     1   --> A              
     e(  6 -  6) =    -21.38615  eV     1   --> A              
     e(  7 -  7) =    -20.28025  eV     1   --> A              
     e(  8 -  8) =    -19.63430  eV     1   --> A              
     e(  9 -  9) =    -15.10747  eV     1   --> A              
     e( 10 - 10) =    -14.83629  eV     1   --> A              
     e( 11 - 11) =    -12.28985  eV     1   --> A              
     e( 12 - 12) =    -12.10300  eV     1   --> A              
     e( 13 - 13) =    -11.37830  eV     1   --> A              
     e( 14 - 14) =    -11.09038  eV     1   --> A              
     e( 15 - 15) =    -10.70244  eV     1   --> A              
     e( 16 - 16) =     -9.41575  eV     1   --> A              
     e( 17 - 17) =     -8.85810  eV     1   --> A              
     e( 18 - 18) =     -8.37601  eV     1   --> A              
     e( 19 - 19) =     -7.80781  eV     1   --> A              
     e( 20 - 20) =     -7.31015  eV     1   --> A              
     e( 21 - 21) =     -6.06559  eV     1   --> A              
     e( 22 - 22) =     -4.49747  eV     1   --> A              
     e( 23 - 23) =     -3.76219  eV     1   --> A              
     e( 24 - 24) =     -2.70222  eV     1   --> A              
     e( 25 - 25) =     -2.43995  eV     1   --> A              
     e( 26 - 26) =     -0.99621  eV     1   --> A              
     e( 27 - 27) =     -0.67602  eV     1   --> A              
     e( 28 - 28) =      2.26331  eV     1   --> A              
     e( 29 - 29) =      2.78443  eV     1   --> A              
     e( 30 - 30) =      2.95442  eV     1   --> A              
     e( 31 - 31) =      3.08538  eV     1   --> A              
     e( 32 - 32) =      4.57330  eV     1   --> A              
     e( 33 - 33) =      5.12056  eV     1   --> A              
     e( 34 - 34) =      5.81248  eV     1   --> A              
     e( 35 - 35) =      5.89626  eV     1   --> A              

 **************************************************************************

 **************************************************************************

                    xk=(   0.41944,   0.42820,   0.00000  )

     Band symmetry, C_1 (1)     point group:

     e(  1 -  1) =    -77.72939  eV     1   --> A              
     e(  2 -  2) =    -49.20365  eV     1   --> A              
     e(  3 -  3) =    -49.07146  eV     1   --> A              
     e(  4 -  4) =    -48.85701  eV     1   --> A              
     e(  5 -  5) =    -21.45334  eV     1   --> A              
     e(  6 -  6) =    -21.39739  eV     1   --> A              
     e(  7 -  7) =    -20.28332  eV     1   --> A              
     e(  8 -  8) =    -19.63663  eV     1   --> A              
     e(  9 -  9) =    -15.12776  eV     1   --> A              
     e( 10 - 10) =    -14.85732  eV     1   --> A              
     e( 11 - 11) =    -12.23981  eV     1   --> A              
     e( 12 - 12) =    -12.04338  eV     1   --> A              
     e( 13 - 13) =    -11.37355  eV     1   --> A              
     e( 14 - 14) =    -11.09910  eV     1   --> A              
     e( 15 - 15) =    -10.69790  eV     1   --> A              
     e( 16 - 16) =     -9.41259  eV     1   --> A              
     e( 17 - 17) =     -8.84554  eV     1   --> A              
     e( 18 - 18) =     -8.33551  eV     1   --> A              
     e( 19 - 19) =     -7.80975  eV     1   --> A              
     e( 20 - 20) =     -7.31738  eV     1   --> A              
     e( 21 - 21) =     -6.07248  eV     1   --> A              
     e( 22 - 22) =     -4.48554  eV     1   --> A              
     e( 23 - 23) =     -3.77774  eV     1   --> A              
     e( 24 - 24) =     -2.70067  eV     1   --> A              
     e( 25 - 25) =     -2.44082  eV     1   --> A              
     e( 26 - 26) =     -1.05915  eV     1   --> A              
     e( 27 - 27) =     -0.73437  eV     1   --> A              
     e( 28 - 28) =      2.21938  eV     1   --> A              
     e( 29 - 29) =      2.73720  eV     1   --> A              
     e( 30 - 30) =      2.99346  eV     1   --> A              
     e( 31 - 31) =      3.12983  eV     1   --> A              
     e( 32 - 32) =      4.58609  eV     1   --> A              
     e( 33 - 33) =      5.13227  eV     1   --> A              
     e( 34 - 34) =      5.83555  eV     1   --> A              
     e( 35 - 35) =      5.89656  eV     1   --> A              

 **************************************************************************

 **************************************************************************

                    xk=(   0.42222,   0.42339,   0.00000  )

     Band symmetry, C_1 (1)     point group:

     e(  1 -  1) =    -77.72948  eV     1   --> A              
     e(  2 -  2) =    -49.20485  eV     1   --> A              
     e(  3 -  3) =    -49.06930  eV     1   --> A              
     e(  4 -  4) =    -48.85714  eV     1   --> A              
     e(  5 -  5) =    -21.46433  eV     1   --> A              
     e(  6 -  6) =    -21.40842  eV     1   --> A              
     e(  7 -  7) =    -20.28641  eV     1   --> A              
     e(  8 -  8) =    -19.63898  eV     1   --> A              
     e(  9 -  9) =    -15.14747  eV     1   --> A              
     e( 10 - 10) =    -14.87768  eV     1   --> A              
     e( 11 - 11) =    -12.19306  eV     1   --> A              
     e( 12 - 12) =    -11.98554  eV     1   --> A              
     e( 13 - 13) =    -11.36552  eV     1   --> A              
     e( 14 - 14) =    -11.10591  eV     1   --> A              
     e( 15 - 15) =    -10.69355  eV     1   --> A              
     e( 16 - 16) =     -9.40867  eV     1   --> A              
     e( 17 - 17) =     -8.83517  eV     1   --> A              
     e( 18 - 18) =     -8.29422  eV     1   --> A              
     e( 19 - 19) =     -7.81160  eV     1   --> A              
     e( 20 - 20) =     -7.32470  eV     1   --> A              
     e( 21 - 21) =     -6.07918  eV     1   --> A              
     e( 22 - 22) =     -4.47385  eV     1   --> A              
     e( 23 - 23) =     -3.79331  eV     1   --> A              
     e( 24 - 24) =     -2.69946  eV     1   --> A              
     e( 25 - 25) =     -2.44170  eV     1   --> A              
     e( 26 - 26) =     -1.12256  eV     1   --> A              
     e( 27 - 27) =     -0.79263  eV     1   --> A              
     e( 28 - 28) =      2.17410  eV     1   --> A              
     e( 29 - 29) =      2.68945  eV     1   --> A              
     e( 30 - 30) =      3.03543  eV     1   --> A              
     e( 31 - 31) =      3.17685  eV     1   --> A              
     e( 32 - 32) =      4.59909  eV     1   --> A              
     e( 33 - 33) =      5.14409  eV     1   --> A              
     e( 34 - 34) =      5.85650  eV     1   --> A              
     e( 35 - 35) =      5.89462  eV     1   --> A              

 **************************************************************************

 **************************************************************************

                    xk=(   0.42500,   0.41858,   0.00000  )

     Band symmetry, C_1 (1)     point group:

     e(  1 -  1) =    -77.72958  eV     1   --> A              
     e(  2 -  2) =    -49.20602  eV     1   --> A              
     e(  3 -  3) =    -49.06719  eV     1   --> A              
     e(  4 -  4) =    -48.85728  eV     1   --> A              
     e(  5 -  5) =    -21.47510  eV     1   --> A              
     e(  6 -  6) =    -21.41923  eV     1   --> A              
     e(  7 -  7) =    -20.28952  eV     1   --> A              
     e(  8 -  8) =    -19.64136  eV     1   --> A              
     e(  9 -  9) =    -15.16658  eV     1   --> A              
     e( 10 - 10) =    -14.89738  eV     1   --> A              
     e( 11 - 11) =    -12.15013  eV     1   --> A              
     e( 12 - 12) =    -11.92984  eV     1   --> A              
     e( 13 - 13) =    -11.35375  eV     1   --> A              
     e( 14 - 14) =    -11.11063  eV     1   --> A              
     e( 15 - 15) =    -10.68941  eV     1   --> A              
     e( 16 - 16) =     -9.40403  eV     1   --> A              
     e( 17 - 17) =     -8.82667  eV     1   --> A              
     e( 18 - 18) =     -8.25261  eV     1   --> A              
     e( 19 - 19) =     -7.81329  eV     1   --> A              
     e( 20 - 20) =     -7.33209  eV     1   --> A              
     e( 21 - 21) =     -6.08569  eV     1   --> A              
     e( 22 - 22) =     -4.46243  eV     1   --> A              
     e( 23 - 23) =     -3.80887  eV     1   --> A              
     e( 24 - 24) =     -2.69877  eV     1   --> A              
     e( 25 - 25) =     -2.44245  eV     1   --> A              
     e( 26 - 26) =     -1.18625  eV     1   --> A              
     e( 27 - 27) =     -0.85055  eV     1   --> A              
     e( 28 - 28) =      2.12842  eV     1   --> A              
     e( 29 - 29) =      2.64251  eV     1   --> A              
     e( 30 - 30) =      3.07833  eV     1   --> A              
     e( 31 - 31) =      3.22584  eV     1   --> A              
     e( 32 - 32) =      4.61236  eV     1   --> A              
     e( 33 - 33) =      5.15607  eV     1   --> A              
     e( 34 - 34) =      5.87105  eV     1   --> A              
     e( 35 - 35) =      5.89499  eV     1   --> A              

 **************************************************************************

 **************************************************************************

                    xk=(   0.42778,   0.41377,   0.00000  )

     Band symmetry, C_1 (1)     point group:

     e(  1 -  1) =    -77.72967  eV     1   --> A              
     e(  2 -  2) =    -49.20715  eV     1   --> A              
     e(  3 -  3) =    -49.06512  eV     1   --> A              
     e(  4 -  4) =    -48.85742  eV     1   --> A              
     e(  5 -  5) =    -21.48562  eV     1   --> A              
     e(  6 -  6) =    -21.42978  eV     1   --> A              
     e(  7 -  7) =    -20.29263  eV     1   --> A              
     e(  8 -  8) =    -19.64376  eV     1   --> A              
     e(  9 -  9) =    -15.18509  eV     1   --> A              
     e( 10 - 10) =    -14.91640  eV     1   --> A              
     e( 11 - 11) =    -12.11151  eV     1   --> A              
     e( 12 - 12) =    -11.87660  eV     1   --> A              
     e( 13 - 13) =    -11.33784  eV     1   --> A              
     e( 14 - 14) =    -11.11302  eV     1   --> A              
     e( 15 - 15) =    -10.68550  eV     1   --> A              
     e( 16 - 16) =     -9.39869  eV     1   --> A              
     e( 17 - 17) =     -8.81974  eV     1   --> A              
     e( 18 - 18) =     -8.21114  eV     1   --> A              
     e( 19 - 19) =     -7.81469  eV     1   --> A              
     e( 20 - 20) =     -7.33953  eV     1   --> A              
     e( 21 - 21) =     -6.09201  eV     1   --> A              
     e( 22 - 22) =     -4.45129  eV     1   --> A              
     e( 23 - 23) =     -3.82439  eV     1   --> A              
     e( 24 - 24) =     -2.69880  eV     1   --> A              
     e( 25 - 25) =     -2.44293  eV     1   --> A              
     e( 26 - 26) =     -1.25002  eV     1   --> A              
     e( 27 - 27) =     -0.90791  eV     1   --> A              
     e( 28 - 28) =      2.08296  eV     1   --> A              
     e( 29 - 29) =      2.59693  eV     1   --> A              
     e( 30 - 30) =      3.12098  eV     1   --> A              
     e( 31 - 31) =      3.27655  eV     1   --> A              
     e( 32 - 32) =      4.62596  eV     1   --> A              
     e( 33 - 33) =      5.16828  eV     1   --> A              
     e( 34 - 34) =      5.86989  eV     1   --> A              
     e( 35 - 35) =      5.90740  eV     1   --> A              

 **************************************************************************

 **************************************************************************

                    xk=(   0.43056,   0.40896,   0.00000  )

     Band symmetry, C_1 (1)     point group:

     e(  1 -  1) =    -77.72977  eV     1   --> A              
     e(  2 -  2) =    -49.20825  eV     1   --> A              
     e(  3 -  3) =    -49.06311  eV     1   --> A              
     e(  4 -  4) =    -48.85755  eV     1   --> A              
     e(  5 -  5) =    -21.49588  eV     1   --> A              
     e(  6 -  6) =    -21.44007  eV     1   --> A              
     e(  7 -  7) =    -20.29573  eV     1   --> A              
     e(  8 -  8) =    -19.64616  eV     1   --> A              
     e(  9 -  9) =    -15.20299  eV     1   --> A              
     e( 10 - 10) =    -14.93475  eV     1   --> A              
     e( 11 - 11) =    -12.07759  eV     1   --> A              
     e( 12 - 12) =    -11.82618  eV     1   --> A              
     e( 13 - 13) =    -11.31756  eV     1   --> A              
     e( 14 - 14) =    -11.11283  eV     1   --> A              
     e( 15 - 15) =    -10.68182  eV     1   --> A              
     e( 16 - 16) =     -9.39268  eV     1   --> A              
     e( 17 - 17) =     -8.81414  eV     1   --> A              
     e( 18 - 18) =     -8.17026  eV     1   --> A              
     e( 19 - 19) =     -7.81564  eV     1   --> A              
     e( 20 - 20) =     -7.34700  eV     1   --> A              
     e( 21 - 21) =     -6.09813  eV     1   --> A              
     e( 22 - 22) =     -4.44043  eV     1   --> A              
     e( 23 - 23) =     -3.83986  eV     1   --> A              
     e( 24 - 24) =     -2.69975  eV     1   --> A              
     e( 25 - 25) =     -2.44299  eV     1   --> A              
     e( 26 - 26) =     -1.31364  eV     1   --> A              
     e( 27 - 27) =     -0.96449  eV     1   --> A              
     e( 28 - 28) =      2.03814  eV     1   --> A              
     e( 29 - 29) =      2.55294  eV     1   --> A              
     e( 30 - 30) =      3.16263  eV     1   --> A              
     e( 31 - 31) =      3.32872  eV     1   --> A              
     e( 32 - 32) =      4.63994  eV     1   --> A              
     e( 33 - 33) =      5.18078  eV     1   --> A              
     e( 34 - 34) =      5.86013  eV     1   --> A              
     e( 35 - 35) =      5.92514  eV     1   --> A              

 **************************************************************************

 **************************************************************************

                    xk=(   0.43333,   0.40415,   0.00000  )

     Band symmetry, C_1 (1)     point group:

     e(  1 -  1) =    -77.72986  eV     1   --> A              
     e(  2 -  2) =    -49.20931  eV     1   --> A              
     e(  3 -  3) =    -49.06115  eV     1   --> A              
     e(  4 -  4) =    -48.85768  eV     1   --> A              
     e(  5 -  5) =    -21.50585  eV     1   --> A              
     e(  6 -  6) =    -21.45007  eV     1   --> A              
     e(  7 -  7) =    -20.29881  eV     1   --> A              
     e(  8 -  8) =    -19.64855  eV     1   --> A              
     e(  9 -  9) =    -15.22025  eV     1   --> A              
     e( 10 - 10) =    -14.95242  eV     1   --> A              
     e( 11 - 11) =    -12.04858  eV     1   --> A              
     e( 12 - 12) =    -11.77894  eV     1   --> A              
     e( 13 - 13) =    -11.29287  eV     1   --> A              
     e( 14 - 14) =    -11.10975  eV     1   --> A              
     e( 15 - 15) =    -10.67838  eV     1   --> A              
     e( 16 - 16) =     -9.38607  eV     1   --> A              
     e( 17 - 17) =     -8.80965  eV     1   --> A              
     e( 18 - 18) =     -8.13050  eV     1   --> A              
     e( 19 - 19) =     -7.81592  eV     1   --> A              
     e( 20 - 20) =     -7.35448  eV     1   --> A              
     e( 21 - 21) =     -6.10406  eV     1   --> A              
     e( 22 - 22) =     -4.42986  eV     1   --> A              
     e( 23 - 23) =     -3.85523  eV     1   --> A              
     e( 24 - 24) =     -2.70183  eV     1   --> A              
     e( 25 - 25) =     -2.44247  eV     1   --> A              
     e( 26 - 26) =     -1.37689  eV     1   --> A              
     e( 27 - 27) =     -1.02008  eV     1   --> A              
     e( 28 - 28) =      1.99425  eV     1   --> A              
     e( 29 - 29) =      2.51067  eV     1   --> A              
     e( 30 - 30) =      3.20283  eV     1   --> A              
     e( 31 - 31) =      3.38203  eV     1   --> A              
     e( 32 - 32) =      4.65435  eV     1   --> A              
     e( 33 - 33) =      5.19362  eV     1   --> A              
     e( 34 - 34) =      5.84715  eV     1   --> A              
     e( 35 - 35) =      5.94322  eV     1   --> A              

 **************************************************************************

 **************************************************************************

                    xk=(   0.43611,   0.39933,   0.00000  )

     Band symmetry, C_1 (1)     point group:

     e(  1 -  1) =    -77.72995  eV     1   --> A              
     e(  2 -  2) =    -49.21033  eV     1   --> A              
     e(  3 -  3) =    -49.05924  eV     1   --> A              
     e(  4 -  4) =    -48.85780  eV     1   --> A              
     e(  5 -  5) =    -21.51554  eV     1   --> A              
     e(  6 -  6) =    -21.45978  eV     1   --> A              
     e(  7 -  7) =    -20.30186  eV     1   --> A              
     e(  8 -  8) =    -19.65093  eV     1   --> A              
     e(  9 -  9) =    -15.23687  eV     1   --> A              
     e( 10 - 10) =    -14.96940  eV     1   --> A              
     e( 11 - 11) =    -12.02449  eV     1   --> A              
     e( 12 - 12) =    -11.73522  eV     1   --> A              
     e( 13 - 13) =    -11.26402  eV     1   --> A              
     e( 14 - 14) =    -11.10346  eV     1   --> A              
     e( 15 - 15) =    -10.67516  eV     1   --> A              
     e( 16 - 16) =     -9.37889  eV     1   --> A              
     e( 17 - 17) =     -8.80609  eV     1   --> A              
     e( 18 - 18) =     -8.09243  eV     1   --> A              
     e( 19 - 19) =     -7.81516  eV     1   --> A              
     e( 20 - 20) =     -7.36195  eV     1   --> A              
     e( 21 - 21) =     -6.10981  eV     1   --> A              
     e( 22 - 22) =     -4.41959  eV     1   --> A              
     e( 23 - 23) =     -3.87048  eV     1   --> A              
     e( 24 - 24) =     -2.70519  eV     1   --> A              
     e( 25 - 25) =     -2.44126  eV     1   --> A              
     e( 26 - 26) =     -1.43953  eV     1   --> A              
     e( 27 - 27) =     -1.07449  eV     1   --> A              
     e( 28 - 28) =      1.95150  eV     1   --> A              
     e( 29 - 29) =      2.47018  eV     1   --> A              
     e( 30 - 30) =      3.24134  eV     1   --> A              
     e( 31 - 31) =      3.43612  eV     1   --> A              
     e( 32 - 32) =      4.66925  eV     1   --> A              
     e( 33 - 33) =      5.20687  eV     1   --> A              
     e( 34 - 34) =      5.83220  eV     1   --> A              
     e( 35 - 35) =      5.96081  eV     1   --> A              

 **************************************************************************

 **************************************************************************

                    xk=(   0.43889,   0.39452,   0.00000  )

     Band symmetry, C_1 (1)     point group:

     e(  1 -  1) =    -77.73003  eV     1   --> A              
     e(  2 -  2) =    -49.21131  eV     1   --> A              
     e(  3 -  3) =    -49.05740  eV     1   --> A              
     e(  4 -  4) =    -48.85793  eV     1   --> A              
     e(  5 -  5) =    -21.52491  eV     1   --> A              
     e(  6 -  6) =    -21.46917  eV     1   --> A              
     e(  7 -  7) =    -20.30487  eV     1   --> A              
     e(  8 -  8) =    -19.65328  eV     1   --> A              
     e(  9 -  9) =    -15.25285  eV     1   --> A              
     e( 10 - 10) =    -14.98568  eV     1   --> A              
     e( 11 - 11) =    -12.00511  eV     1   --> A              
     e( 12 - 12) =    -11.69533  eV     1   --> A              
     e( 13 - 13) =    -11.23150  eV     1   --> A              
     e( 14 - 14) =    -11.09361  eV     1   --> A              
     e( 15 - 15) =    -10.67216  eV     1   --> A              
     e( 16 - 16) =     -9.37122  eV     1   --> A              
     e( 17 - 17) =     -8.80331  eV     1   --> A              
     e( 18 - 18) =     -8.05677  eV     1   --> A              
     e( 19 - 19) =     -7.81285  eV     1   --> A              
     e( 20 - 20) =     -7.36937  eV     1   --> A              
     e( 21 - 21) =     -6.11536  eV     1   --> A              
     e( 22 - 22) =     -4.40963  eV     1   --> A              
     e( 23 - 23) =     -3.88559  eV     1   --> A              
     e( 24 - 24) =     -2.70998  eV     1   --> A              
     e( 25 - 25) =     -2.43926  eV     1   --> A              
     e( 26 - 26) =     -1.50129  eV     1   --> A              
     e( 27 - 27) =     -1.12754  eV     1   --> A              
     e( 28 - 28) =      1.91006  eV     1   --> A              
     e( 29 - 29) =      2.43151  eV     1   --> A              
     e( 30 - 30) =      3.27804  eV     1   --> A              
     e( 31 - 31) =      3.49057  eV     1   --> A              
     e( 32 - 32) =      4.68468  eV     1   --> A              
     e( 33 - 33) =      5.22059  eV     1   --> A              
     e( 34 - 34) =      5.81587  eV     1   --> A              
     e( 35 - 35) =      5.97776  eV     1   --> A              

 **************************************************************************

 **************************************************************************

                    xk=(   0.44167,   0.38971,   0.00000  )

     Band symmetry, C_1 (1)     point group:

     e(  1 -  1) =    -77.73012  eV     1   --> A              
     e(  2 -  2) =    -49.21225  eV     1   --> A              
     e(  3 -  3) =    -49.05562  eV     1   --> A              
     e(  4 -  4) =    -48.85805  eV     1   --> A              
     e(  5 -  5) =    -21.53396  eV     1   --> A              
     e(  6 -  6) =    -21.47823  eV     1   --> A              
     e(  7 -  7) =    -20.30783  eV     1   --> A              
     e(  8 -  8) =    -19.65559  eV     1   --> A              
     e(  9 -  9) =    -15.26816  eV     1   --> A              
     e( 10 - 10) =    -15.00127  eV     1   --> A              
     e( 11 - 11) =    -11.99005  eV     1   --> A              
     e( 12 - 12) =    -11.65952  eV     1   --> A              
     e( 13 - 13) =    -11.19605  eV     1   --> A              
     e( 14 - 14) =    -11.07989  eV     1   --> A              
     e( 15 - 15) =    -10.66935  eV     1   --> A              
     e( 16 - 16) =     -9.36311  eV     1   --> A              
     e( 17 - 17) =     -8.80118  eV     1   --> A              
     e( 18 - 18) =     -8.02440  eV     1   --> A              
     e( 19 - 19) =     -7.80828  eV     1   --> A              
     e( 20 - 20) =     -7.37672  eV     1   --> A              
     e( 21 - 21) =     -6.12073  eV     1   --> A              
     e( 22 - 22) =     -4.39998  eV     1   --> A              
     e( 23 - 23) =     -3.90052  eV     1   --> A              
     e( 24 - 24) =     -2.71628  eV     1   --> A              
     e( 25 - 25) =     -2.43646  eV     1   --> A              
     e( 26 - 26) =     -1.56191  eV     1   --> A              
     e( 27 - 27) =     -1.17908  eV     1   --> A              
     e( 28 - 28) =      1.87004  eV     1   --> A              
     e( 29 - 29) =      2.39466  eV     1   --> A              
     e( 30 - 30) =      3.31286  eV     1   --> A              
     e( 31 - 31) =      3.54494  eV     1   --> A              
     e( 32 - 32) =      4.70068  eV     1   --> A              
     e( 33 - 33) =      5.23482  eV     1   --> A              
     e( 34 - 34) =      5.79855  eV     1   --> A              
     e( 35 - 35) =      5.99405  eV     1   --> A              

 **************************************************************************

 **************************************************************************

                    xk=(   0.44444,   0.38490,   0.00000  )

     Band symmetry, C_1 (1)     point group:

     e(  1 -  1) =    -77.73020  eV     1   --> A              
     e(  2 -  2) =    -49.21316  eV     1   --> A              
     e(  3 -  3) =    -49.05391  eV     1   --> A              
     e(  4 -  4) =    -48.85817  eV     1   --> A              
     e(  5 -  5) =    -21.54267  eV     1   --> A              
     e(  6 -  6) =    -21.48695  eV     1   --> A              
     e(  7 -  7) =    -20.31072  eV     1   --> A              
     e(  8 -  8) =    -19.65787  eV     1   --> A              
     e(  9 -  9) =    -15.28281  eV     1   --> A              
     e( 10 - 10) =    -15.01616  eV     1   --> A              
     e( 11 - 11) =    -11.97883  eV     1   --> A              
     e( 12 - 12) =    -11.62795  eV     1   --> A              
     e( 13 - 13) =    -11.15862  eV     1   --> A              
     e( 14 - 14) =    -11.06198  eV     1   --> A              
     e( 15 - 15) =    -10.66671  eV     1   --> A              
     e( 16 - 16) =     -9.35465  eV     1   --> A              
     e( 17 - 17) =     -8.79959  eV     1   --> A              
     e( 18 - 18) =     -7.99636  eV     1   --> A              
     e( 19 - 19) =     -7.80057  eV     1   --> A              
     e( 20 - 20) =     -7.38396  eV     1   --> A              
     e( 21 - 21) =     -6.12592  eV     1   --> A              
     e( 22 - 22) =     -4.39064  eV     1   --> A              
     e( 23 - 23) =     -3.91524  eV     1   --> A              
     e( 24 - 24) =     -2.72412  eV     1   --> A              
     e( 25 - 25) =     -2.43287  eV     1   --> A              
     e( 26 - 26) =     -1.62111  eV     1   --> A              
     e( 27 - 27) =     -1.22895  eV     1   --> A              
     e( 28 - 28) =      1.83152  eV     1   --> A              
     e( 29 - 29) =      2.35964  eV     1   --> A              
     e( 30 - 30) =      3.34581  eV     1   --> A              
     e( 31 - 31) =      3.59880  eV     1   --> A              
     e( 32 - 32) =      4.71728  eV     1   --> A              
     e( 33 - 33) =      5.24964  eV     1   --> A              
     e( 34 - 34) =      5.78058  eV     1   --> A              
     e( 35 - 35) =      6.00969  eV     1   --> A              

 **************************************************************************

 **************************************************************************

                    xk=(   0.44722,   0.38009,   0.00000  )

     Band symmetry, C_1 (1)     point group:

     e(  1 -  1) =    -77.73028  eV     1   --> A              
     e(  2 -  2) =    -49.21402  eV     1   --> A              
     e(  3 -  3) =    -49.05226  eV     1   --> A              
     e(  4 -  4) =    -48.85828  eV     1   --> A              
     e(  5 -  5) =    -21.55103  eV     1   --> A              
     e(  6 -  6) =    -21.49532  eV     1   --> A              
     e(  7 -  7) =    -20.31353  eV     1   --> A              
     e(  8 -  8) =    -19.66009  eV     1   --> A              
     e(  9 -  9) =    -15.29679  eV     1   --> A              
     e( 10 - 10) =    -15.03034  eV     1   --> A              
     e( 11 - 11) =    -11.97088  eV     1   --> A              
     e( 12 - 12) =    -11.60067  eV     1   --> A              
     e( 13 - 13) =    -11.12027  eV     1   --> A              
     e( 14 - 14) =    -11.03963  eV     1   --> A              
     e( 15 - 15) =    -10.66421  eV     1   --> A              
     e( 16 - 16) =     -9.34590  eV     1   --> A              
     e( 17 - 17) =     -8.79845  eV     1   --> A              
     e( 18 - 18) =     -7.97364  eV     1   --> A              
     e( 19 - 19) =     -7.78888  eV     1   --> A              
     e( 20 - 20) =     -7.39104  eV     1   --> A              
     e( 21 - 21) =     -6.13093  eV     1   --> A              
     e( 22 - 22) =     -4.38162  eV     1   --> A              
     e( 23 - 23) =     -3.92971  eV     1   --> A              
     e( 24 - 24) =     -2.73344  eV     1   --> A              
     e( 25 - 25) =     -2.42860  eV     1   --> A              
     e( 26 - 26) =     -1.67857  eV     1   --> A              
     e( 27 - 27) =     -1.27703  eV     1   --> A              
     e( 28 - 28) =      1.79459  eV     1   --> A              
     e( 29 - 29) =      2.32644  eV     1   --> A              
     e( 30 - 30) =      3.37687  eV     1   --> A              
     e( 31 - 31) =      3.65173  eV     1   --> A              
     e( 32 - 32) =      4.73449  eV     1   --> A              
     e( 33 - 33) =      5.26507  eV     1   --> A              
     e( 34 - 34) =      5.76226  eV     1   --> A              
     e( 35 - 35) =      6.02473  eV     1   --> A              

 **************************************************************************

 **************************************************************************

                    xk=(   0.45000,   0.37528,   0.00000  )

     Band symmetry, C_1 (1)     point group:

     e(  1 -  1) =    -77.73035  eV     1   --> A              
     e(  2 -  2) =    -49.21484  eV     1   --> A              
     e(  3 -  3) =    -49.05068  eV     1   --> A              
     e(  4 -  4) =    -48.85839  eV     1   --> A              
     e(  5 -  5) =    -21.55903  eV     1   --> A              
     e(  6 -  6) =    -21.50333  eV     1   --> A              
     e(  7 -  7) =    -20.31627  eV     1   --> A              
     e(  8 -  8) =    -19.66225  eV     1   --> A              
     e(  9 -  9) =    -15.31008  eV     1   --> A              
     e( 10 - 10) =    -15.04382  eV     1   --> A              
     e( 11 - 11) =    -11.96565  eV     1   --> A              
     e( 12 - 12) =    -11.57752  eV     1   --> A              
     e( 13 - 13) =    -11.08216  eV     1   --> A              
     e( 14 - 14) =    -11.01269  eV     1   --> A              
     e( 15 - 15) =    -10.66181  eV     1   --> A              
     e( 16 - 16) =     -9.33693  eV     1   --> A              
     e( 17 - 17) =     -8.79767  eV     1   --> A              
     e( 18 - 18) =     -7.95672  eV     1   --> A              
     e( 19 - 19) =     -7.77284  eV     1   --> A              
     e( 20 - 20) =     -7.39794  eV     1   --> A              
     e( 21 - 21) =     -6.13577  eV     1   --> A              
     e( 22 - 22) =     -4.37291  eV     1   --> A              
     e( 23 - 23) =     -3.94392  eV     1   --> A              
     e( 24 - 24) =     -2.74417  eV     1   --> A              
     e( 25 - 25) =     -2.42381  eV     1   --> A              
     e( 26 - 26) =     -1.73397  eV     1   --> A              
     e( 27 - 27) =     -1.32323  eV     1   --> A              
     e( 28 - 28) =      1.75930  eV     1   --> A              
     e( 29 - 29) =      2.29506  eV     1   --> A              
     e( 30 - 30) =      3.40607  eV     1   --> A              
     e( 31 - 31) =      3.70332  eV     1   --> A              
     e( 32 - 32) =      4.75232  eV     1   --> A              
     e( 33 - 33) =      5.28117  eV     1   --> A              
     e( 34 - 34) =      5.74382  eV     1   --> A              
     e( 35 - 35) =      6.03923  eV     1   --> A              

 **************************************************************************

 **************************************************************************

                    xk=(   0.45278,   0.37047,   0.00000  )

     Band symmetry, C_1 (1)     point group:

     e(  1 -  1) =    -77.73043  eV     1   --> A              
     e(  2 -  2) =    -49.21562  eV     1   --> A              
     e(  3 -  3) =    -49.04917  eV     1   --> A              
     e(  4 -  4) =    -48.85849  eV     1   --> A              
     e(  5 -  5) =    -21.56666  eV     1   --> A              
     e(  6 -  6) =    -21.51096  eV     1   --> A              
     e(  7 -  7) =    -20.31891  eV     1   --> A              
     e(  8 -  8) =    -19.66434  eV     1   --> A              
     e(  9 -  9) =    -15.32269  eV     1   --> A              
     e( 10 - 10) =    -15.05658  eV     1   --> A              
     e( 11 - 11) =    -11.96263  eV     1   --> A              
     e( 12 - 12) =    -11.55825  eV     1   --> A              
     e( 13 - 13) =    -11.04525  eV     1   --> A              
     e( 14 - 14) =    -10.98131  eV     1   --> A              
     e( 15 - 15) =    -10.65947  eV     1   --> A              
     e( 16 - 16) =     -9.32784  eV     1   --> A              
     e( 17 - 17) =     -8.79718  eV     1   --> A              
     e( 18 - 18) =     -7.94529  eV     1   --> A              
     e( 19 - 19) =     -7.75289  eV     1   --> A              
     e( 20 - 20) =     -7.40458  eV     1   --> A              
     e( 21 - 21) =     -6.14042  eV     1   --> A              
     e( 22 - 22) =     -4.36452  eV     1   --> A              
     e( 23 - 23) =     -3.95781  eV     1   --> A              
     e( 24 - 24) =     -2.75614  eV     1   --> A              
     e( 25 - 25) =     -2.41871  eV     1   --> A              
     e( 26 - 26) =     -1.78696  eV     1   --> A              
     e( 27 - 27) =     -1.36746  eV     1   --> A              
     e( 28 - 28) =      1.72569  eV     1   --> A              
     e( 29 - 29) =      2.26548  eV     1   --> A              
     e( 30 - 30) =      3.43341  eV     1   --> A              
     e( 31 - 31) =      3.75322  eV     1   --> A              
     e( 32 - 32) =      4.77074  eV     1   --> A              
     e( 33 - 33) =      5.29797  eV     1   --> A              
     e( 34 - 34) =      5.72551  eV     1   --> A              
     e( 35 - 35) =      6.05323  eV     1   --> A              

 **************************************************************************

 **************************************************************************

                    xk=(   0.45556,   0.36566,   0.00000  )

     Band symmetry, C_1 (1)     point group:

     e(  1 -  1) =    -77.73050  eV     1   --> A              
     e(  2 -  2) =    -49.21636  eV     1   --> A              
     e(  3 -  3) =    -49.04774  eV     1   --> A              
     e(  4 -  4) =    -48.85859  eV     1   --> A              
     e(  5 -  5) =    -21.57390  eV     1   --> A              
     e(  6 -  6) =    -21.51821  eV     1   --> A              
     e(  7 -  7) =    -20.32145  eV     1   --> A              
     e(  8 -  8) =    -19.66636  eV     1   --> A              
     e(  9 -  9) =    -15.33461  eV     1   --> A              
     e( 10 - 10) =    -15.06863  eV     1   --> A              
     e( 11 - 11) =    -11.96136  eV     1   --> A              
     e( 12 - 12) =    -11.54245  eV     1   --> A              
     e( 13 - 13) =    -11.00999  eV     1   --> A              
     e( 14 - 14) =    -10.94622  eV     1   --> A              
     e( 15 - 15) =    -10.65713  eV     1   --> A              
     e( 16 - 16) =     -9.31870  eV     1   --> A              
     e( 17 - 17) =     -8.79693  eV     1   --> A              
     e( 18 - 18) =     -7.93834  eV     1   --> A              
     e( 19 - 19) =     -7.73014  eV     1   --> A              
     e( 20 - 20) =     -7.41092  eV     1   --> A              
     e( 21 - 21) =     -6.14489  eV     1   --> A              
     e( 22 - 22) =     -4.35645  eV     1   --> A              
     e( 23 - 23) =     -3.97137  eV     1   --> A              
     e( 24 - 24) =     -2.76919  eV     1   --> A              
     e( 25 - 25) =     -2.41360  eV     1   --> A              
     e( 26 - 26) =     -1.83714  eV     1   --> A              
     e( 27 - 27) =     -1.40965  eV     1   --> A              
     e( 28 - 28) =      1.69382  eV     1   --> A              
     e( 29 - 29) =      2.23768  eV     1   --> A              
     e( 30 - 30) =      3.45891  eV     1   --> A              
     e( 31 - 31) =      3.80107  eV     1   --> A              
     e( 32 - 32) =      4.78970  eV     1   --> A              
     e( 33 - 33) =      5.31548  eV     1   --> A              
     e( 34 - 34) =      5.70752  eV     1   --> A              
     e( 35 - 35) =      6.06678  eV     1   --> A              

 **************************************************************************

 **************************************************************************

                    xk=(   0.45833,   0.36084,   0.00000  )

     Band symmetry, C_1 (1)     point group:

     e(  1 -  1) =    -77.73056  eV     1   --> A              
     e(  2 -  2) =    -49.21706  eV     1   --> A              
     e(  3 -  3) =    -49.04639  eV     1   --> A              
     e(  4 -  4) =    -48.85869  eV     1   --> A              
     e(  5 -  5) =    -21.58075  eV     1   --> A              
     e(  6 -  6) =    -21.52506  eV     1   --> A              
     e(  7 -  7) =    -20.32387  eV     1   --> A              
     e(  8 -  8) =    -19.66829  eV     1   --> A              
     e(  9 -  9) =    -15.34583  eV     1   --> A              
     e( 10 - 10) =    -15.07996  eV     1   --> A              
     e( 11 - 11) =    -11.96146  eV     1   --> A              
     e( 12 - 12) =    -11.52968  eV     1   --> A              
     e( 13 - 13) =    -10.97630  eV     1   --> A              
     e( 14 - 14) =    -10.90873  eV     1   --> A              
     e( 15 - 15) =    -10.65474  eV     1   --> A              
     e( 16 - 16) =     -9.30960  eV     1   --> A              
     e( 17 - 17) =     -8.79686  eV     1   --> A              
     e( 18 - 18) =     -7.93470  eV     1   --> A              
     e( 19 - 19) =     -7.70588  eV     1   --> A              
     e( 20 - 20) =     -7.41689  eV     1   --> A              
     e( 21 - 21) =     -6.14919  eV     1   --> A              
     e( 22 - 22) =     -4.34869  eV     1   --> A              
     e( 23 - 23) =     -3.98454  eV     1   --> A              
     e( 24 - 24) =     -2.78311  eV     1   --> A              
     e( 25 - 25) =     -2.40881  eV     1   --> A              
     e( 26 - 26) =     -1.88410  eV     1   --> A              
     e( 27 - 27) =     -1.44975  eV     1   --> A              
     e( 28 - 28) =      1.66370  eV     1   --> A              
     e( 29 - 29) =      2.21166  eV     1   --> A              
     e( 30 - 30) =      3.48260  eV     1   --> A              
     e( 31 - 31) =      3.84657  eV     1   --> A              
     e( 32 - 32) =      4.80911  eV     1   --> A              
     e( 33 - 33) =      5.33370  eV     1   --> A              
     e( 34 - 34) =      5.69002  eV     1   --> A              
     e( 35 - 35) =      6.07991  eV     1   --> A              

 **************************************************************************

 **************************************************************************

                    xk=(   0.46111,   0.35603,   0.00000  )

     Band symmetry, C_1 (1)     point group:

     e(  1 -  1) =    -77.73062  eV     1   --> A              
     e(  2 -  2) =    -49.21771  eV     1   --> A              
     e(  3 -  3) =    -49.04511  eV     1   --> A              
     e(  4 -  4) =    -48.85878  eV     1   --> A              
     e(  5 -  5) =    -21.58719  eV     1   --> A              
     e(  6 -  6) =    -21.53150  eV     1   --> A              
     e(  7 -  7) =    -20.32618  eV     1   --> A              
     e(  8 -  8) =    -19.67013  eV     1   --> A              
     e(  9 -  9) =    -15.35635  eV     1   --> A              
     e( 10 - 10) =    -15.09058  eV     1   --> A              
     e( 11 - 11) =    -11.96258  eV     1   --> A              
     e( 12 - 12) =    -11.51948  eV     1   --> A              
     e( 13 - 13) =    -10.94394  eV     1   --> A              
     e( 14 - 14) =    -10.87022  eV     1   --> A              
     e( 15 - 15) =    -10.65220  eV     1   --> A              
     e( 16 - 16) =     -9.30061  eV     1   --> A              
     e( 17 - 17) =     -8.79693  eV     1   --> A              
     e( 18 - 18) =     -7.93338  eV     1   --> A              
     e( 19 - 19) =     -7.68121  eV     1   --> A              
     e( 20 - 20) =     -7.42241  eV     1   --> A              
     e( 21 - 21) =     -6.15329  eV     1   --> A              
     e( 22 - 22) =     -4.34126  eV     1   --> A              
     e( 23 - 23) =     -3.99729  eV     1   --> A              
     e( 24 - 24) =     -2.79766  eV     1   --> A              
     e( 25 - 25) =     -2.40473  eV     1   --> A              
     e( 26 - 26) =     -1.92737  eV     1   --> A              
     e( 27 - 27) =     -1.48774  eV     1   --> A              
     e( 28 - 28) =      1.63539  eV     1   --> A              
     e( 29 - 29) =      2.18739  eV     1   --> A              
     e( 30 - 30) =      3.50450  eV     1   --> A              
     e( 31 - 31) =      3.88945  eV     1   --> A              
     e( 32 - 32) =      4.82887  eV     1   --> A              
     e( 33 - 33) =      5.35261  eV     1   --> A              
     e( 34 - 34) =      5.67318  eV     1   --> A              
     e( 35 - 35) =      6.09266  eV     1   --> A              

 **************************************************************************

 **************************************************************************

                    xk=(   0.46389,   0.35122,   0.00000  )

     Band symmetry, C_1 (1)     point group:

     e(  1 -  1) =    -77.73068  eV     1   --> A              
     e(  2 -  2) =    -49.21832  eV     1   --> A              
     e(  3 -  3) =    -49.04392  eV     1   --> A              
     e(  4 -  4) =    -48.85886  eV     1   --> A              
     e(  5 -  5) =    -21.59323  eV     1   --> A              
     e(  6 -  6) =    -21.53754  eV     1   --> A              
     e(  7 -  7) =    -20.32837  eV     1   --> A              
     e(  8 -  8) =    -19.67187  eV     1   --> A              
     e(  9 -  9) =    -15.36616  eV     1   --> A              
     e( 10 - 10) =    -15.10047  eV     1   --> A              
     e( 11 - 11) =    -11.96446  eV     1   --> A              
     e( 12 - 12) =    -11.51139  eV     1   --> A              
     e( 13 - 13) =    -10.91291  eV     1   --> A              
     e( 14 - 14) =    -10.83182  eV     1   --> A              
     e( 15 - 15) =    -10.64943  eV     1   --> A              
     e( 16 - 16) =     -9.29182  eV     1   --> A              
     e( 17 - 17) =     -8.79711  eV     1   --> A              
     e( 18 - 18) =     -7.93361  eV     1   --> A              
     e( 19 - 19) =     -7.65701  eV     1   --> A              
     e( 20 - 20) =     -7.42738  eV     1   --> A              
     e( 21 - 21) =     -6.15720  eV     1   --> A              
     e( 22 - 22) =     -4.33414  eV     1   --> A              
     e( 23 - 23) =     -4.00957  eV     1   --> A              
     e( 24 - 24) =     -2.81261  eV     1   --> A              
     e( 25 - 25) =     -2.40179  eV     1   --> A              
     e( 26 - 26) =     -1.96646  eV     1   --> A              
     e( 27 - 27) =     -1.52359  eV     1   --> A              
     e( 28 - 28) =      1.60890  eV     1   --> A              
     e( 29 - 29) =      2.16487  eV     1   --> A              
     e( 30 - 30) =      3.52464  eV     1   --> A              
     e( 31 - 31) =      3.92949  eV     1   --> A              
     e( 32 - 32) =      4.84880  eV     1   --> A              
     e( 33 - 33) =      5.37215  eV     1   --> A              
     e( 34 - 34) =      5.65713  eV     1   --> A              
     e( 35 - 35) =      6.10505  eV     1   --> A              

 **************************************************************************

 **************************************************************************

                    xk=(   0.46667,   0.34641,   0.00000  )

     Band symmetry, C_1 (1)     point group:

     e(  1 -  1) =    -77.73074  eV     1   --> A              
     e(  2 -  2) =    -49.21889  eV     1   --> A              
     e(  3 -  3) =    -49.04280  eV     1   --> A              
     e(  4 -  4) =    -48.85894  eV     1   --> A              
     e(  5 -  5) =    -21.59885  eV     1   --> A              
     e(  6 -  6) =    -21.54316  eV     1   --> A              
     e(  7 -  7) =    -20.33042  eV     1   --> A              
     e(  8 -  8) =    -19.67351  eV     1   --> A              
     e(  9 -  9) =    -15.37526  eV     1   --> A              
     e( 10 - 10) =    -15.10964  eV     1   --> A              
     e( 11 - 11) =    -11.96685  eV     1   --> A              
     e( 12 - 12) =    -11.50503  eV     1   --> A              
     e( 13 - 13) =    -10.88338  eV     1   --> A              
     e( 14 - 14) =    -10.79437  eV     1   --> A              
     e( 15 - 15) =    -10.64631  eV     1   --> A              
     e( 16 - 16) =     -9.28331  eV     1   --> A              
     e( 17 - 17) =     -8.79735  eV     1   --> A              
     e( 18 - 18) =     -7.93486  eV     1   --> A              
     e( 19 - 19) =     -7.63391  eV     1   --> A              
     e( 20 - 20) =     -7.43169  eV     1   --> A              
     e( 21 - 21) =     -6.16091  eV     1   --> A              
     e( 22 - 22) =     -4.32735  eV     1   --> A              
     e( 23 - 23) =     -4.02135  eV     1   --> A              
     e( 24 - 24) =     -2.82771  eV     1   --> A              
     e( 25 - 25) =     -2.40045  eV     1   --> A              
     e( 26 - 26) =     -2.00088  eV     1   --> A              
     e( 27 - 27) =     -1.55727  eV     1   --> A              
     e( 28 - 28) =      1.58426  eV     1   --> A              
     e( 29 - 29) =      2.14407  eV     1   --> A              
     e( 30 - 30) =      3.54305  eV     1   --> A              
     e( 31 - 31) =      3.96652  eV     1   --> A              
     e( 32 - 32) =      4.86871  eV     1   --> A              
     e( 33 - 33) =      5.39222  eV     1   --> A              
     e( 34 - 34) =      5.64202  eV     1   --> A              
     e( 35 - 35) =      6.11707  eV     1   --> A              

 **************************************************************************

 **************************************************************************

                    xk=(   0.46944,   0.34160,   0.00000  )

     Band symmetry, C_1 (1)     point group:

     e(  1 -  1) =    -77.73079  eV     1   --> A              
     e(  2 -  2) =    -49.21941  eV     1   --> A              
     e(  3 -  3) =    -49.04177  eV     1   --> A              
     e(  4 -  4) =    -48.85901  eV     1   --> A              
     e(  5 -  5) =    -21.60404  eV     1   --> A              
     e(  6 -  6) =    -21.54835  eV     1   --> A              
     e(  7 -  7) =    -20.33233  eV     1   --> A              
     e(  8 -  8) =    -19.67504  eV     1   --> A              
     e(  9 -  9) =    -15.38364  eV     1   --> A              
     e( 10 - 10) =    -15.11808  eV     1   --> A              
     e( 11 - 11) =    -11.96956  eV     1   --> A              
     e( 12 - 12) =    -11.50006  eV     1   --> A              
     e( 13 - 13) =    -10.85569  eV     1   --> A              
     e( 14 - 14) =    -10.75850  eV     1   --> A              
     e( 15 - 15) =    -10.64269  eV     1   --> A              
     e( 16 - 16) =     -9.27515  eV     1   --> A              
     e( 17 - 17) =     -8.79762  eV     1   --> A              
     e( 18 - 18) =     -7.93679  eV     1   --> A              
     e( 19 - 19) =     -7.61243  eV     1   --> A              
     e( 20 - 20) =     -7.43520  eV     1   --> A              
     e( 21 - 21) =     -6.16441  eV     1   --> A              
     e( 22 - 22) =     -4.32090  eV     1   --> A              
     e( 23 - 23) =     -4.03258  eV     1   --> A              
     e( 24 - 24) =     -2.84271  eV     1   --> A              
     e( 25 - 25) =     -2.40111  eV     1   --> A              
     e( 26 - 26) =     -2.03019  eV     1   --> A              
     e( 27 - 27) =     -1.58879  eV     1   --> A              
     e( 28 - 28) =      1.56149  eV     1   --> A              
     e( 29 - 29) =      2.12500  eV     1   --> A              
     e( 30 - 30) =      3.55979  eV     1   --> A              
     e( 31 - 31) =      4.00041  eV     1   --> A              
     e( 32 - 32) =      4.88837  eV     1   --> A              
     e( 33 - 33) =      5.41268  eV     1   --> A              
     e( 34 - 34) =      5.62795  eV     1   --> A              
     e( 35 - 35) =      6.12873  eV     1   --> A              

 **************************************************************************

 **************************************************************************

                    xk=(   0.47222,   0.33679,   0.00000  )

     Band symmetry, C_1 (1)     point group:

     e(  1 -  1) =    -77.73084  eV     1   --> A              
     e(  2 -  2) =    -49.21989  eV     1   --> A              
     e(  3 -  3) =    -49.04082  eV     1   --> A              
     e(  4 -  4) =    -48.85908  eV     1   --> A              
     e(  5 -  5) =    -21.60880  eV     1   --> A              
     e(  6 -  6) =    -21.55311  eV     1   --> A              
     e(  7 -  7) =    -20.33409  eV     1   --> A              
     e(  8 -  8) =    -19.67646  eV     1   --> A              
     e(  9 -  9) =    -15.39131  eV     1   --> A              
     e( 10 - 10) =    -15.12579  eV     1   --> A              
     e( 11 - 11) =    -11.97244  eV     1   --> A              
     e( 12 - 12) =    -11.49621  eV     1   --> A              
     e( 13 - 13) =    -10.83023  eV     1   --> A              
     e( 14 - 14) =    -10.72471  eV     1   --> A              
     e( 15 - 15) =    -10.63839  eV     1   --> A              
     e( 16 - 16) =     -9.26743  eV     1   --> A              
     e( 17 - 17) =     -8.79792  eV     1   --> A              
     e( 18 - 18) =     -7.93911  eV     1   --> A              
     e( 19 - 19) =     -7.59298  eV     1   --> A              
     e( 20 - 20) =     -7.43775  eV     1   --> A              
     e( 21 - 21) =     -6.16767  eV     1   --> A              
     e( 22 - 22) =     -4.31479  eV     1   --> A              
     e( 23 - 23) =     -4.04319  eV     1   --> A              
     e( 24 - 24) =     -2.85738  eV     1   --> A              
     e( 25 - 25) =     -2.40403  eV     1   --> A              
     e( 26 - 26) =     -2.05410  eV     1   --> A              
     e( 27 - 27) =     -1.61810  eV     1   --> A              
     e( 28 - 28) =      1.54063  eV     1   --> A              
     e( 29 - 29) =      2.10762  eV     1   --> A              
     e( 30 - 30) =      3.57488  eV     1   --> A              
     e( 31 - 31) =      4.03109  eV     1   --> A              
     e( 32 - 32) =      4.90751  eV     1   --> A              
     e( 33 - 33) =      5.43331  eV     1   --> A              
     e( 34 - 34) =      5.61505  eV     1   --> A              
     e( 35 - 35) =      6.13997  eV     1   --> A              

 **************************************************************************

 **************************************************************************

                    xk=(   0.47500,   0.33198,   0.00000  )

     Band symmetry, C_1 (1)     point group:

     e(  1 -  1) =    -77.73088  eV     1   --> A              
     e(  2 -  2) =    -49.22032  eV     1   --> A              
     e(  3 -  3) =    -49.03996  eV     1   --> A              
     e(  4 -  4) =    -48.85914  eV     1   --> A              
     e(  5 -  5) =    -21.61313  eV     1   --> A              
     e(  6 -  6) =    -21.55744  eV     1   --> A              
     e(  7 -  7) =    -20.33571  eV     1   --> A              
     e(  8 -  8) =    -19.67776  eV     1   --> A              
     e(  9 -  9) =    -15.39825  eV     1   --> A              
     e( 10 - 10) =    -15.13277  eV     1   --> A              
     e( 11 - 11) =    -11.97536  eV     1   --> A              
     e( 12 - 12) =    -11.49323  eV     1   --> A              
     e( 13 - 13) =    -10.80737  eV     1   --> A              
     e( 14 - 14) =    -10.69350  eV     1   --> A              
     e( 15 - 15) =    -10.63319  eV     1   --> A              
     e( 16 - 16) =     -9.26021  eV     1   --> A              
     e( 17 - 17) =     -8.79822  eV     1   --> A              
     e( 18 - 18) =     -7.94163  eV     1   --> A              
     e( 19 - 19) =     -7.57591  eV     1   --> A              
     e( 20 - 20) =     -7.43918  eV     1   --> A              
     e( 21 - 21) =     -6.17070  eV     1   --> A              
     e( 22 - 22) =     -4.30905  eV     1   --> A              
     e( 23 - 23) =     -4.05314  eV     1   --> A              
     e( 24 - 24) =     -2.87147  eV     1   --> A              
     e( 25 - 25) =     -2.40926  eV     1   --> A              
     e( 26 - 26) =     -2.07260  eV     1   --> A              
     e( 27 - 27) =     -1.64520  eV     1   --> A              
     e( 28 - 28) =      1.52168  eV     1   --> A              
     e( 29 - 29) =      2.09194  eV     1   --> A              
     e( 30 - 30) =      3.58836  eV     1   --> A              
     e( 31 - 31) =      4.05855  eV     1   --> A              
     e( 32 - 32) =      4.92585  eV     1   --> A              
     e( 33 - 33) =      5.45381  eV     1   --> A              
     e( 34 - 34) =      5.60347  eV     1   --> A              
     e( 35 - 35) =      6.15073  eV     1   --> A              

 **************************************************************************

 **************************************************************************

                    xk=(   0.47778,   0.32717,   0.00000  )

     Band symmetry, C_1 (1)     point group:

     e(  1 -  1) =    -77.73092  eV     1   --> A              
     e(  2 -  2) =    -49.22071  eV     1   --> A              
     e(  3 -  3) =    -49.03919  eV     1   --> A              
     e(  4 -  4) =    -48.85920  eV     1   --> A              
     e(  5 -  5) =    -21.61701  eV     1   --> A              
     e(  6 -  6) =    -21.56132  eV     1   --> A              
     e(  7 -  7) =    -20.33717  eV     1   --> A              
     e(  8 -  8) =    -19.67893  eV     1   --> A              
     e(  9 -  9) =    -15.40448  eV     1   --> A              
     e( 10 - 10) =    -15.13902  eV     1   --> A              
     e( 11 - 11) =    -11.97821  eV     1   --> A              
     e( 12 - 12) =    -11.49096  eV     1   --> A              
     e( 13 - 13) =    -10.78742  eV     1   --> A              
     e( 14 - 14) =    -10.66551  eV     1   --> A              
     e( 15 - 15) =    -10.62669  eV     1   --> A              
     e( 16 - 16) =     -9.25356  eV     1   --> A              
     e( 17 - 17) =     -8.79850  eV     1   --> A              
     e( 18 - 18) =     -7.94421  eV     1   --> A              
     e( 19 - 19) =     -7.56151  eV     1   --> A              
     e( 20 - 20) =     -7.43935  eV     1   --> A              
     e( 21 - 21) =     -6.17347  eV     1   --> A              
     e( 22 - 22) =     -4.30371  eV     1   --> A              
     e( 23 - 23) =     -4.06237  eV     1   --> A              
     e( 24 - 24) =     -2.88476  eV     1   --> A              
     e( 25 - 25) =     -2.41654  eV     1   --> A              
     e( 26 - 26) =     -2.08597  eV     1   --> A              
     e( 27 - 27) =     -1.67002  eV     1   --> A              
     e( 28 - 28) =      1.50467  eV     1   --> A              
     e( 29 - 29) =      2.07793  eV     1   --> A              
     e( 30 - 30) =      3.60029  eV     1   --> A              
     e( 31 - 31) =      4.08280  eV     1   --> A              
     e( 32 - 32) =      4.94311  eV     1   --> A              
     e( 33 - 33) =      5.47374  eV     1   --> A              
     e( 34 - 34) =      5.59335  eV     1   --> A              
     e( 35 - 35) =      6.16093  eV     1   --> A              

 **************************************************************************

 **************************************************************************

                    xk=(   0.48056,   0.32235,   0.00000  )

     Band symmetry, C_1 (1)     point group:

     e(  1 -  1) =    -77.73095  eV     1   --> A              
     e(  2 -  2) =    -49.22105  eV     1   --> A              
     e(  3 -  3) =    -49.03851  eV     1   --> A              
     e(  4 -  4) =    -48.85924  eV     1   --> A              
     e(  5 -  5) =    -21.62045  eV     1   --> A              
     e(  6 -  6) =    -21.56475  eV     1   --> A              
     e(  7 -  7) =    -20.33846  eV     1   --> A              
     e(  8 -  8) =    -19.67997  eV     1   --> A              
     e(  9 -  9) =    -15.40997  eV     1   --> A              
     e( 10 - 10) =    -15.14454  eV     1   --> A              
     e( 11 - 11) =    -11.98091  eV     1   --> A              
     e( 12 - 12) =    -11.48923  eV     1   --> A              
     e( 13 - 13) =    -10.77059  eV     1   --> A              
     e( 14 - 14) =    -10.64208  eV     1   --> A              
     e( 15 - 15) =    -10.61783  eV     1   --> A              
     e( 16 - 16) =     -9.24755  eV     1   --> A              
     e( 17 - 17) =     -8.79877  eV     1   --> A              
     e( 18 - 18) =     -7.94673  eV     1   --> A              
     e( 19 - 19) =     -7.54989  eV     1   --> A              
     e( 20 - 20) =     -7.43824  eV     1   --> A              
     e( 21 - 21) =     -6.17598  eV     1   --> A              
     e( 22 - 22) =     -4.29880  eV     1   --> A              
     e( 23 - 23) =     -4.07080  eV     1   --> A              
     e( 24 - 24) =     -2.89703  eV     1   --> A              
     e( 25 - 25) =     -2.42531  eV     1   --> A              
     e( 26 - 26) =     -2.09485  eV     1   --> A              
     e( 27 - 27) =     -1.69249  eV     1   --> A              
     e( 28 - 28) =      1.48962  eV     1   --> A              
     e( 29 - 29) =      2.06559  eV     1   --> A              
     e( 30 - 30) =      3.61069  eV     1   --> A              
     e( 31 - 31) =      4.10390  eV     1   --> A              
     e( 32 - 32) =      4.95900  eV     1   --> A              
     e( 33 - 33) =      5.49250  eV     1   --> A              
     e( 34 - 34) =      5.58498  eV     1   --> A              
     e( 35 - 35) =      6.17045  eV     1   --> A              

 **************************************************************************

 **************************************************************************

                    xk=(   0.48333,   0.31754,   0.00000  )

     Band symmetry, C_1 (1)     point group:

     e(  1 -  1) =    -77.73098  eV     1   --> A              
     e(  2 -  2) =    -49.22135  eV     1   --> A              
     e(  3 -  3) =    -49.03791  eV     1   --> A              
     e(  4 -  4) =    -48.85929  eV     1   --> A              
     e(  5 -  5) =    -21.62344  eV     1   --> A              
     e(  6 -  6) =    -21.56774  eV     1   --> A              
     e(  7 -  7) =    -20.33960  eV     1   --> A              
     e(  8 -  8) =    -19.68088  eV     1   --> A              
     e(  9 -  9) =    -15.41474  eV     1   --> A              
     e( 10 - 10) =    -15.14933  eV     1   --> A              
     e( 11 - 11) =    -11.98337  eV     1   --> A              
     e( 12 - 12) =    -11.48793  eV     1   --> A              
     e( 13 - 13) =    -10.75687  eV     1   --> A              
     e( 14 - 14) =    -10.62570  eV     1   --> A              
     e( 15 - 15) =    -10.60454  eV     1   --> A              
     e( 16 - 16) =     -9.24222  eV     1   --> A              
     e( 17 - 17) =     -8.79901  eV     1   --> A              
     e( 18 - 18) =     -7.94908  eV     1   --> A              
     e( 19 - 19) =     -7.54102  eV     1   --> A              
     e( 20 - 20) =     -7.43596  eV     1   --> A              
     e( 21 - 21) =     -6.17819  eV     1   --> A              
     e( 22 - 22) =     -4.29436  eV     1   --> A              
     e( 23 - 23) =     -4.07836  eV     1   --> A              
     e( 24 - 24) =     -2.90809  eV     1   --> A              
     e( 25 - 25) =     -2.43483  eV     1   --> A              
     e( 26 - 26) =     -2.10006  eV     1   --> A              
     e( 27 - 27) =     -1.71251  eV     1   --> A              
     e( 28 - 28) =      1.47654  eV     1   --> A              
     e( 29 - 29) =      2.05492  eV     1   --> A              
     e( 30 - 30) =      3.61962  eV     1   --> A              
     e( 31 - 31) =      4.12192  eV     1   --> A              
     e( 32 - 32) =      4.97327  eV     1   --> A              
     e( 33 - 33) =      5.50921  eV     1   --> A              
     e( 34 - 34) =      5.57882  eV     1   --> A              
     e( 35 - 35) =      6.17917  eV     1   --> A              

 **************************************************************************

 **************************************************************************

                    xk=(   0.48611,   0.31273,   0.00000  )

     Band symmetry, C_1 (1)     point group:

     e(  1 -  1) =    -77.73101  eV     1   --> A              
     e(  2 -  2) =    -49.22160  eV     1   --> A              
     e(  3 -  3) =    -49.03741  eV     1   --> A              
     e(  4 -  4) =    -48.85932  eV     1   --> A              
     e(  5 -  5) =    -21.62597  eV     1   --> A              
     e(  6 -  6) =    -21.57027  eV     1   --> A              
     e(  7 -  7) =    -20.34056  eV     1   --> A              
     e(  8 -  8) =    -19.68166  eV     1   --> A              
     e(  9 -  9) =    -15.41877  eV     1   --> A              
     e( 10 - 10) =    -15.15338  eV     1   --> A              
     e( 11 - 11) =    -11.98554  eV     1   --> A              
     e( 12 - 12) =    -11.48696  eV     1   --> A              
     e( 13 - 13) =    -10.74609  eV     1   --> A              
     e( 14 - 14) =    -10.61541  eV     1   --> A              
     e( 15 - 15) =    -10.58829  eV     1   --> A              
     e( 16 - 16) =     -9.23762  eV     1   --> A              
     e( 17 - 17) =     -8.79922  eV     1   --> A              
     e( 18 - 18) =     -7.95119  eV     1   --> A              
     e( 19 - 19) =     -7.53460  eV     1   --> A              
     e( 20 - 20) =     -7.43285  eV     1   --> A              
     e( 21 - 21) =     -6.18009  eV     1   --> A              
     e( 22 - 22) =     -4.29044  eV     1   --> A              
     e( 23 - 23) =     -4.08496  eV     1   --> A              
     e( 24 - 24) =     -2.91776  eV     1   --> A              
     e( 25 - 25) =     -2.44433  eV     1   --> A              
     e( 26 - 26) =     -2.10254  eV     1   --> A              
     e( 27 - 27) =     -1.72993  eV     1   --> A              
     e( 28 - 28) =      1.46544  eV     1   --> A              
     e( 29 - 29) =      2.04590  eV     1   --> A              
     e( 30 - 30) =      3.62710  eV     1   --> A              
     e( 31 - 31) =      4.13696  eV     1   --> A              
     e( 32 - 32) =      4.98572  eV     1   --> A              
     e( 33 - 33) =      5.52255  eV     1   --> A              
     e( 34 - 34) =      5.57569  eV     1   --> A              
     e( 35 - 35) =      6.18693  eV     1   --> A              

 **************************************************************************

 **************************************************************************

                    xk=(   0.48889,   0.30792,   0.00000  )

     Band symmetry, C_1 (1)     point group:

     e(  1 -  1) =    -77.73103  eV     1   --> A              
     e(  2 -  2) =    -49.22181  eV     1   --> A              
     e(  3 -  3) =    -49.03699  eV     1   --> A              
     e(  4 -  4) =    -48.85935  eV     1   --> A              
     e(  5 -  5) =    -21.62805  eV     1   --> A              
     e(  6 -  6) =    -21.57235  eV     1   --> A              
     e(  7 -  7) =    -20.34135  eV     1   --> A              
     e(  8 -  8) =    -19.68230  eV     1   --> A              
     e(  9 -  9) =    -15.42208  eV     1   --> A              
     e( 10 - 10) =    -15.15670  eV     1   --> A              
     e( 11 - 11) =    -11.98737  eV     1   --> A              
     e( 12 - 12) =    -11.48626  eV     1   --> A              
     e( 13 - 13) =    -10.73796  eV     1   --> A              
     e( 14 - 14) =    -10.60775  eV     1   --> A              
     e( 15 - 15) =    -10.57315  eV     1   --> A              
     e( 16 - 16) =     -9.23381  eV     1   --> A              
     e( 17 - 17) =     -8.79938  eV     1   --> A              
     e( 18 - 18) =     -7.95301  eV     1   --> A              
     e( 19 - 19) =     -7.53021  eV     1   --> A              
     e( 20 - 20) =     -7.42940  eV     1   --> A              
     e( 21 - 21) =     -6.18167  eV     1   --> A              
     e( 22 - 22) =     -4.28711  eV     1   --> A              
     e( 23 - 23) =     -4.09053  eV     1   --> A              
     e( 24 - 24) =     -2.92590  eV     1   --> A              
     e( 25 - 25) =     -2.45308  eV     1   --> A              
     e( 26 - 26) =     -2.10317  eV     1   --> A              
     e( 27 - 27) =     -1.74459  eV     1   --> A              
     e( 28 - 28) =      1.45635  eV     1   --> A              
     e( 29 - 29) =      2.03852  eV     1   --> A              
     e( 30 - 30) =      3.63318  eV     1   --> A              
     e( 31 - 31) =      4.14909  eV     1   --> A              
     e( 32 - 32) =      4.99613  eV     1   --> A              
     e( 33 - 33) =      5.53108  eV     1   --> A              
     e( 34 - 34) =      5.57651  eV     1   --> A              
     e( 35 - 35) =      6.19357  eV     1   --> A              

 **************************************************************************

 **************************************************************************

                    xk=(   0.49167,   0.30311,   0.00000  )

     Band symmetry, C_1 (1)     point group:

     e(  1 -  1) =    -77.73104  eV     1   --> A              
     e(  2 -  2) =    -49.22197  eV     1   --> A              
     e(  3 -  3) =    -49.03667  eV     1   --> A              
     e(  4 -  4) =    -48.85938  eV     1   --> A              
     e(  5 -  5) =    -21.62966  eV     1   --> A              
     e(  6 -  6) =    -21.57396  eV     1   --> A              
     e(  7 -  7) =    -20.34197  eV     1   --> A              
     e(  8 -  8) =    -19.68280  eV     1   --> A              
     e(  9 -  9) =    -15.42465  eV     1   --> A              
     e( 10 - 10) =    -15.15928  eV     1   --> A              
     e( 11 - 11) =    -11.98883  eV     1   --> A              
     e( 12 - 12) =    -11.48577  eV     1   --> A              
     e( 13 - 13) =    -10.73209  eV     1   --> A              
     e( 14 - 14) =    -10.60164  eV     1   --> A              
     e( 15 - 15) =    -10.56081  eV     1   --> A              
     e( 16 - 16) =     -9.23080  eV     1   --> A              
     e( 17 - 17) =     -8.79951  eV     1   --> A              
     e( 18 - 18) =     -7.95447  eV     1   --> A              
     e( 19 - 19) =     -7.52736  eV     1   --> A              
     e( 20 - 20) =     -7.42611  eV     1   --> A              
     e( 21 - 21) =     -6.18292  eV     1   --> A              
     e( 22 - 22) =     -4.28443  eV     1   --> A              
     e( 23 - 23) =     -4.09497  eV     1   --> A              
     e( 24 - 24) =     -2.93236  eV     1   --> A              
     e( 25 - 25) =     -2.46049  eV     1   --> A              
     e( 26 - 26) =     -2.10276  eV     1   --> A              
     e( 27 - 27) =     -1.75629  eV     1   --> A              
     e( 28 - 28) =      1.44926  eV     1   --> A              
     e( 29 - 29) =      2.03280  eV     1   --> A              
     e( 30 - 30) =      3.63788  eV     1   --> A              
     e( 31 - 31) =      4.15843  eV     1   --> A              
     e( 32 - 32) =      5.00437  eV     1   --> A              
     e( 33 - 33) =      5.53480  eV     1   --> A              
     e( 34 - 34) =      5.58076  eV     1   --> A              
     e( 35 - 35) =      6.19894  eV     1   --> A              

 **************************************************************************

 **************************************************************************

                    xk=(   0.49444,   0.29830,   0.00000  )

     Band symmetry, C_1 (1)     point group:

     e(  1 -  1) =    -77.73105  eV     1   --> A              
     e(  2 -  2) =    -49.22208  eV     1   --> A              
     e(  3 -  3) =    -49.03644  eV     1   --> A              
     e(  4 -  4) =    -48.85939  eV     1   --> A              
     e(  5 -  5) =    -21.63082  eV     1   --> A              
     e(  6 -  6) =    -21.57512  eV     1   --> A              
     e(  7 -  7) =    -20.34242  eV     1   --> A              
     e(  8 -  8) =    -19.68316  eV     1   --> A              
     e(  9 -  9) =    -15.42649  eV     1   --> A              
     e( 10 - 10) =    -15.16112  eV     1   --> A              
     e( 11 - 11) =    -11.98990  eV     1   --> A              
     e( 12 - 12) =    -11.48545  eV     1   --> A              
     e( 13 - 13) =    -10.72817  eV     1   --> A              
     e( 14 - 14) =    -10.59708  eV     1   --> A              
     e( 15 - 15) =    -10.55180  eV     1   --> A              
     e( 16 - 16) =     -9.22864  eV     1   --> A              
     e( 17 - 17) =     -8.79960  eV     1   --> A              
     e( 18 - 18) =     -7.95555  eV     1   --> A              
     e( 19 - 19) =     -7.52563  eV     1   --> A              
     e( 20 - 20) =     -7.42345  eV     1   --> A              
     e( 21 - 21) =     -6.18382  eV     1   --> A              
     e( 22 - 22) =     -4.28246  eV     1   --> A              
     e( 23 - 23) =     -4.09821  eV     1   --> A              
     e( 24 - 24) =     -2.93705  eV     1   --> A              
     e( 25 - 25) =     -2.46609  eV     1   --> A              
     e( 26 - 26) =     -2.10197  eV     1   --> A              
     e( 27 - 27) =     -1.76483  eV     1   --> A              
     e( 28 - 28) =      1.44420  eV     1   --> A              
     e( 29 - 29) =      2.02871  eV     1   --> A              
     e( 30 - 30) =      3.64121  eV     1   --> A              
     e( 31 - 31) =      4.16504  eV     1   --> A              
     e( 32 - 32) =      5.01034  eV     1   --> A              
     e( 33 - 33) =      5.53568  eV     1   --> A              
     e( 34 - 34) =      5.58598  eV     1   --> A              
     e( 35 - 35) =      6.20289  eV     1   --> A              

 **************************************************************************

 **************************************************************************

                    xk=(   0.49722,   0.29349,   0.00000  )

     Band symmetry, C_1 (1)     point group:

     e(  1 -  1) =    -77.73106  eV     1   --> A              
     e(  2 -  2) =    -49.22215  eV     1   --> A              
     e(  3 -  3) =    -49.03630  eV     1   --> A              
     e(  4 -  4) =    -48.85940  eV     1   --> A              
     e(  5 -  5) =    -21.63151  eV     1   --> A              
     e(  6 -  6) =    -21.57581  eV     1   --> A              
     e(  7 -  7) =    -20.34268  eV     1   --> A              
     e(  8 -  8) =    -19.68337  eV     1   --> A              
     e(  9 -  9) =    -15.42759  eV     1   --> A              
     e( 10 - 10) =    -15.16222  eV     1   --> A              
     e( 11 - 11) =    -11.99054  eV     1   --> A              
     e( 12 - 12) =    -11.48526  eV     1   --> A              
     e( 13 - 13) =    -10.72592  eV     1   --> A              
     e( 14 - 14) =    -10.59425  eV     1   --> A              
     e( 15 - 15) =    -10.54633  eV     1   --> A              
     e( 16 - 16) =     -9.22733  eV     1   --> A              
     e( 17 - 17) =     -8.79966  eV     1   --> A              
     e( 18 - 18) =     -7.95620  eV     1   --> A              
     e( 19 - 19) =     -7.52471  eV     1   --> A              
     e( 20 - 20) =     -7.42171  eV     1   --> A              
     e( 21 - 21) =     -6.18436  eV     1   --> A              
     e( 22 - 22) =     -4.28125  eV     1   --> A              
     e( 23 - 23) =     -4.10018  eV     1   --> A              
     e( 24 - 24) =     -2.93989  eV     1   --> A              
     e( 25 - 25) =     -2.46957  eV     1   --> A              
     e( 26 - 26) =     -2.10128  eV     1   --> A              
     e( 27 - 27) =     -1.77004  eV     1   --> A              
     e( 28 - 28) =      1.44115  eV     1   --> A              
     e( 29 - 29) =      2.02626  eV     1   --> A              
     e( 30 - 30) =      3.64322  eV     1   --> A              
     e( 31 - 31) =      4.16899  eV     1   --> A              
     e( 32 - 32) =      5.01395  eV     1   --> A              
     e( 33 - 33) =      5.53560  eV     1   --> A              
     e( 34 - 34) =      5.58989  eV     1   --> A              
     e( 35 - 35) =      6.20531  eV     1   --> A              

 **************************************************************************

 **************************************************************************

                    xk=(   0.50000,   0.28868,   0.00000  )

     Band symmetry, C_1 (1)     point group:

     e(  1 -  1) =    -77.73106  eV     1   --> A              
     e(  2 -  2) =    -49.22217  eV     1   --> A              
     e(  3 -  3) =    -49.03625  eV     1   --> A              
     e(  4 -  4) =    -48.85941  eV     1   --> A              
     e(  5 -  5) =    -21.63175  eV     1   --> A              
     e(  6 -  6) =    -21.57604  eV     1   --> A              
     e(  7 -  7) =    -20.34277  eV     1   --> A              
     e(  8 -  8) =    -19.68344  eV     1   --> A              
     e(  9 -  9) =    -15.42796  eV     1   --> A              
     e( 10 - 10) =    -15.16259  eV     1   --> A              
     e( 11 - 11) =    -11.99076  eV     1   --> A              
     e( 12 - 12) =    -11.48520  eV     1   --> A              
     e( 13 - 13) =    -10.72518  eV     1   --> A              
     e( 14 - 14) =    -10.59328  eV     1   --> A              
     e( 15 - 15) =    -10.54449  eV     1   --> A              
     e( 16 - 16) =     -9.22689  eV     1   --> A              
     e( 17 - 17) =     -8.79967  eV     1   --> A              
     e( 18 - 18) =     -7.95642  eV     1   --> A              
     e( 19 - 19) =     -7.52442  eV     1   --> A              
     e( 20 - 20) =     -7.42111  eV     1   --> A              
     e( 21 - 21) =     -6.18454  eV     1   --> A              
     e( 22 - 22) =     -4.28085  eV     1   --> A              
     e( 23 - 23) =     -4.10085  eV     1   --> A              
     e( 24 - 24) =     -2.94084  eV     1   --> A              
     e( 25 - 25) =     -2.47075  eV     1   --> A              
     e( 26 - 26) =     -2.10102  eV     1   --> A              
     e( 27 - 27) =     -1.77179  eV     1   --> A              
     e( 28 - 28) =      1.44014  eV     1   --> A              
     e( 29 - 29) =      2.02544  eV     1   --> A              
     e( 30 - 30) =      3.64388  eV     1   --> A              
     e( 31 - 31) =      4.17030  eV     1   --> A              
     e( 32 - 32) =      5.01516  eV     1   --> A              
     e( 33 - 33) =      5.53549  eV     1   --> A              
     e( 34 - 34) =      5.59131  eV     1   --> A              
     e( 35 - 35) =      6.20612  eV     1   --> A              

 **************************************************************************

 **************************************************************************

                    xk=(   0.49500,   0.28579,   0.00000  )

     Band symmetry, C_1 (1)     point group:

     e(  1 -  1) =    -77.73107  eV     1   --> A              
     e(  2 -  2) =    -49.22211  eV     1   --> A              
     e(  3 -  3) =    -49.03624  eV     1   --> A              
     e(  4 -  4) =    -48.85942  eV     1   --> A              
     e(  5 -  5) =    -21.63302  eV     1   --> A              
     e(  6 -  6) =    -21.57731  eV     1   --> A              
     e(  7 -  7) =    -20.34275  eV     1   --> A              
     e(  8 -  8) =    -19.68321  eV     1   --> A              
     e(  9 -  9) =    -15.42659  eV     1   --> A              
     e( 10 - 10) =    -15.16123  eV     1   --> A              
     e( 11 - 11) =    -11.99120  eV     1   --> A              
     e( 12 - 12) =    -11.48435  eV     1   --> A              
     e( 13 - 13) =    -10.72490  eV     1   --> A              
     e( 14 - 14) =    -10.59300  eV     1   --> A              
     e( 15 - 15) =    -10.54422  eV     1   --> A              
     e( 16 - 16) =     -9.22677  eV     1   --> A              
     e( 17 - 17) =     -8.79941  eV     1   --> A              
     e( 18 - 18) =     -7.95696  eV     1   --> A              
     e( 19 - 19) =     -7.52440  eV     1   --> A              
     e( 20 - 20) =     -7.42151  eV     1   --> A              
     e( 21 - 21) =     -6.18467  eV     1   --> A              
     e( 22 - 22) =     -4.28055  eV     1   --> A              
     e( 23 - 23) =     -4.10048  eV     1   --> A              
     e( 24 - 24) =     -2.94060  eV     1   --> A              
     e( 25 - 25) =     -2.46972  eV     1   --> A              
     e( 26 - 26) =     -2.10121  eV     1   --> A              
     e( 27 - 27) =     -1.77145  eV     1   --> A              
     e( 28 - 28) =      1.44063  eV     1   --> A              
     e( 29 - 29) =      2.02595  eV     1   --> A              
     e( 30 - 30) =      3.64313  eV     1   --> A              
     e( 31 - 31) =      4.16889  eV     1   --> A              
     e( 32 - 32) =      5.01518  eV     1   --> A              
     e( 33 - 33) =      5.53571  eV     1   --> A              
     e( 34 - 34) =      5.59148  eV     1   --> A              
     e( 35 - 35) =      6.20603  eV     1   --> A              

 **************************************************************************

 **************************************************************************

                    xk=(   0.49000,   0.28290,   0.00000  )

     Band symmetry, C_1 (1)     point group:

     e(  1 -  1) =    -77.73109  eV     1   --> A              
     e(  2 -  2) =    -49.22194  eV     1   --> A              
     e(  3 -  3) =    -49.03620  eV     1   --> A              
     e(  4 -  4) =    -48.85945  eV     1   --> A              
     e(  5 -  5) =    -21.63685  eV     1   --> A              
     e(  6 -  6) =    -21.58111  eV     1   --> A              
     e(  7 -  7) =    -20.34268  eV     1   --> A              
     e(  8 -  8) =    -19.68253  eV     1   --> A              
     e(  9 -  9) =    -15.42248  eV     1   --> A              
     e( 10 - 10) =    -15.15716  eV     1   --> A              
     e( 11 - 11) =    -11.99252  eV     1   --> A              
     e( 12 - 12) =    -11.48180  eV     1   --> A              
     e( 13 - 13) =    -10.72405  eV     1   --> A              
     e( 14 - 14) =    -10.59215  eV     1   --> A              
     e( 15 - 15) =    -10.54339  eV     1   --> A              
     e( 16 - 16) =     -9.22640  eV     1   --> A              
     e( 17 - 17) =     -8.79862  eV     1   --> A              
     e( 18 - 18) =     -7.95859  eV     1   --> A              
     e( 19 - 19) =     -7.52432  eV     1   --> A              
     e( 20 - 20) =     -7.42268  eV     1   --> A              
     e( 21 - 21) =     -6.18506  eV     1   --> A              
     e( 22 - 22) =     -4.27965  eV     1   --> A              
     e( 23 - 23) =     -4.09939  eV     1   --> A              
     e( 24 - 24) =     -2.93987  eV     1   --> A              
     e( 25 - 25) =     -2.46662  eV     1   --> A              
     e( 26 - 26) =     -2.10177  eV     1   --> A              
     e( 27 - 27) =     -1.77044  eV     1   --> A              
     e( 28 - 28) =      1.44211  eV     1   --> A              
     e( 29 - 29) =      2.02747  eV     1   --> A              
     e( 30 - 30) =      3.64091  eV     1   --> A              
     e( 31 - 31) =      4.16467  eV     1   --> A              
     e( 32 - 32) =      5.01526  eV     1   --> A              
     e( 33 - 33) =      5.53638  eV     1   --> A              
     e( 34 - 34) =      5.59197  eV     1   --> A              
     e( 35 - 35) =      6.20577  eV     1   --> A              

 **************************************************************************

 **************************************************************************

                    xk=(   0.48500,   0.28001,   0.00000  )

     Band symmetry, C_1 (1)     point group:

     e(  1 -  1) =    -77.73113  eV     1   --> A              
     e(  2 -  2) =    -49.22165  eV     1   --> A              
     e(  3 -  3) =    -49.03613  eV     1   --> A              
     e(  4 -  4) =    -48.85950  eV     1   --> A              
     e(  5 -  5) =    -21.64320  eV     1   --> A              
     e(  6 -  6) =    -21.58741  eV     1   --> A              
     e(  7 -  7) =    -20.34260  eV     1   --> A              
     e(  8 -  8) =    -19.68141  eV     1   --> A              
     e(  9 -  9) =    -15.41565  eV     1   --> A              
     e( 10 - 10) =    -15.15037  eV     1   --> A              
     e( 11 - 11) =    -11.99470  eV     1   --> A              
     e( 12 - 12) =    -11.47758  eV     1   --> A              
     e( 13 - 13) =    -10.72265  eV     1   --> A              
     e( 14 - 14) =    -10.59073  eV     1   --> A              
     e( 15 - 15) =    -10.54200  eV     1   --> A              
     e( 16 - 16) =     -9.22578  eV     1   --> A              
     e( 17 - 17) =     -8.79731  eV     1   --> A              
     e( 18 - 18) =     -7.96128  eV     1   --> A              
     e( 19 - 19) =     -7.52419  eV     1   --> A              
     e( 20 - 20) =     -7.42464  eV     1   --> A              
     e( 21 - 21) =     -6.18570  eV     1   --> A              
     e( 22 - 22) =     -4.27816  eV     1   --> A              
     e( 23 - 23) =     -4.09758  eV     1   --> A              
     e( 24 - 24) =     -2.93868  eV     1   --> A              
     e( 25 - 25) =     -2.46145  eV     1   --> A              
     e( 26 - 26) =     -2.10270  eV     1   --> A              
     e( 27 - 27) =     -1.76874  eV     1   --> A              
     e( 28 - 28) =      1.44457  eV     1   --> A              
     e( 29 - 29) =      2.03000  eV     1   --> A              
     e( 30 - 30) =      3.63722  eV     1   --> A              
     e( 31 - 31) =      4.15767  eV     1   --> A              
     e( 32 - 32) =      5.01536  eV     1   --> A              
     e( 33 - 33) =      5.53750  eV     1   --> A              
     e( 34 - 34) =      5.59279  eV     1   --> A              
     e( 35 - 35) =      6.20531  eV     1   --> A              

 **************************************************************************

 **************************************************************************

                    xk=(   0.48000,   0.27713,   0.00000  )

     Band symmetry, C_1 (1)     point group:

     e(  1 -  1) =    -77.73118  eV     1   --> A              
     e(  2 -  2) =    -49.22124  eV     1   --> A              
     e(  3 -  3) =    -49.03604  eV     1   --> A              
     e(  4 -  4) =    -48.85958  eV     1   --> A              
     e(  5 -  5) =    -21.65204  eV     1   --> A              
     e(  6 -  6) =    -21.59617  eV     1   --> A              
     e(  7 -  7) =    -20.34252  eV     1   --> A              
     e(  8 -  8) =    -19.67987  eV     1   --> A              
     e(  9 -  9) =    -15.40610  eV     1   --> A              
     e( 10 - 10) =    -15.14089  eV     1   --> A              
     e( 11 - 11) =    -11.99770  eV     1   --> A              
     e( 12 - 12) =    -11.47173  eV     1   --> A              
     e( 13 - 13) =    -10.72070  eV     1   --> A              
     e( 14 - 14) =    -10.58874  eV     1   --> A              
     e( 15 - 15) =    -10.54007  eV     1   --> A              
     e( 16 - 16) =     -9.22489  eV     1   --> A              
     e( 17 - 17) =     -8.79547  eV     1   --> A              
     e( 18 - 18) =     -7.96503  eV     1   --> A              
     e( 19 - 19) =     -7.52402  eV     1   --> A              
     e( 20 - 20) =     -7.42737  eV     1   --> A              
     e( 21 - 21) =     -6.18660  eV     1   --> A              
     e( 22 - 22) =     -4.27607  eV     1   --> A              
     e( 23 - 23) =     -4.09505  eV     1   --> A              
     e( 24 - 24) =     -2.93704  eV     1   --> A              
     e( 25 - 25) =     -2.45424  eV     1   --> A              
     e( 26 - 26) =     -2.10401  eV     1   --> A              
     e( 27 - 27) =     -1.76634  eV     1   --> A              
     e( 28 - 28) =      1.44800  eV     1   --> A              
     e( 29 - 29) =      2.03353  eV     1   --> A              
     e( 30 - 30) =      3.63205  eV     1   --> A              
     e( 31 - 31) =      4.14794  eV     1   --> A              
     e( 32 - 32) =      5.01544  eV     1   --> A              
     e( 33 - 33) =      5.53908  eV     1   --> A              
     e( 34 - 34) =      5.59393  eV     1   --> A              
     e( 35 - 35) =      6.20467  eV     1   --> A              

 **************************************************************************

 **************************************************************************

                    xk=(   0.47500,   0.27424,   0.00000  )

     Band symmetry, C_1 (1)     point group:

     e(  1 -  1) =    -77.73125  eV     1   --> A              
     e(  2 -  2) =    -49.22071  eV     1   --> A              
     e(  3 -  3) =    -49.03591  eV     1   --> A              
     e(  4 -  4) =    -48.85968  eV     1   --> A              
     e(  5 -  5) =    -21.66331  eV     1   --> A              
     e(  6 -  6) =    -21.60733  eV     1   --> A              
     e(  7 -  7) =    -20.34249  eV     1   --> A              
     e(  8 -  8) =    -19.67796  eV     1   --> A              
     e(  9 -  9) =    -15.39384  eV     1   --> A              
     e( 10 - 10) =    -15.12871  eV     1   --> A              
     e( 11 - 11) =    -12.00149  eV     1   --> A              
     e( 12 - 12) =    -11.46430  eV     1   --> A              
     e( 13 - 13) =    -10.71820  eV     1   --> A              
     e( 14 - 14) =    -10.58619  eV     1   --> A              
     e( 15 - 15) =    -10.53758  eV     1   --> A              
     e( 16 - 16) =     -9.22374  eV     1   --> A              
     e( 17 - 17) =     -8.79311  eV     1   --> A              
     e( 18 - 18) =     -7.96979  eV     1   --> A              
     e( 19 - 19) =     -7.52380  eV     1   --> A              
     e( 20 - 20) =     -7.43088  eV     1   --> A              
     e( 21 - 21) =     -6.18773  eV     1   --> A              
     e( 22 - 22) =     -4.27339  eV     1   --> A              
     e( 23 - 23) =     -4.09181  eV     1   --> A              
     e( 24 - 24) =     -2.93498  eV     1   --> A              
     e( 25 - 25) =     -2.44499  eV     1   --> A              
     e( 26 - 26) =     -2.10569  eV     1   --> A              
     e( 27 - 27) =     -1.76321  eV     1   --> A              
     e( 28 - 28) =      1.45241  eV     1   --> A              
     e( 29 - 29) =      2.03805  eV     1   --> A              
     e( 30 - 30) =      3.62543  eV     1   --> A              
     e( 31 - 31) =      4.13553  eV     1   --> A              
     e( 32 - 32) =      5.01543  eV     1   --> A              
     e( 33 - 33) =      5.54112  eV     1   --> A              
     e( 34 - 34) =      5.59537  eV     1   --> A              
     e( 35 - 35) =      6.20383  eV     1   --> A              

 **************************************************************************

 **************************************************************************

                    xk=(   0.47000,   0.27135,   0.00000  )

     Band symmetry, C_1 (1)     point group:

     e(  1 -  1) =    -77.73134  eV     1   --> A              
     e(  2 -  2) =    -49.22007  eV     1   --> A              
     e(  3 -  3) =    -49.03576  eV     1   --> A              
     e(  4 -  4) =    -48.85980  eV     1   --> A              
     e(  5 -  5) =    -21.67694  eV     1   --> A              
     e(  6 -  6) =    -21.62083  eV     1   --> A              
     e(  7 -  7) =    -20.34255  eV     1   --> A              
     e(  8 -  8) =    -19.67571  eV     1   --> A              
     e(  9 -  9) =    -15.37892  eV     1   --> A              
     e( 10 - 10) =    -15.11386  eV     1   --> A              
     e( 11 - 11) =    -12.00601  eV     1   --> A              
     e( 12 - 12) =    -11.45535  eV     1   --> A              
     e( 13 - 13) =    -10.71519  eV     1   --> A              
     e( 14 - 14) =    -10.58308  eV     1   --> A              
     e( 15 - 15) =    -10.53455  eV     1   --> A              
     e( 16 - 16) =     -9.22229  eV     1   --> A              
     e( 17 - 17) =     -8.79023  eV     1   --> A              
     e( 18 - 18) =     -7.97553  eV     1   --> A              
     e( 19 - 19) =     -7.52354  eV     1   --> A              
     e( 20 - 20) =     -7.43515  eV     1   --> A              
     e( 21 - 21) =     -6.18910  eV     1   --> A              
     e( 22 - 22) =     -4.27013  eV     1   --> A              
     e( 23 - 23) =     -4.08789  eV     1   --> A              
     e( 24 - 24) =     -2.93255  eV     1   --> A              
     e( 25 - 25) =     -2.43371  eV     1   --> A              
     e( 26 - 26) =     -2.10775  eV     1   --> A              
     e( 27 - 27) =     -1.75933  eV     1   --> A              
     e( 28 - 28) =      1.45779  eV     1   --> A              
     e( 29 - 29) =      2.04353  eV     1   --> A              
     e( 30 - 30) =      3.61738  eV     1   --> A              
     e( 31 - 31) =      4.12053  eV     1   --> A              
     e( 32 - 32) =      5.01528  eV     1   --> A              
     e( 33 - 33) =      5.54362  eV     1   --> A              
     e( 34 - 34) =      5.59709  eV     1   --> A              
     e( 35 - 35) =      6.20276  eV     1   --> A              

 **************************************************************************

 **************************************************************************

                    xk=(   0.46500,   0.26847,   0.00000  )

     Band symmetry, C_1 (1)     point group:

     e(  1 -  1) =    -77.73143  eV     1   --> A              
     e(  2 -  2) =    -49.21931  eV     1   --> A              
     e(  3 -  3) =    -49.03559  eV     1   --> A              
     e(  4 -  4) =    -48.85994  eV     1   --> A              
     e(  5 -  5) =    -21.69287  eV     1   --> A              
     e(  6 -  6) =    -21.63658  eV     1   --> A              
     e(  7 -  7) =    -20.34277  eV     1   --> A              
     e(  8 -  8) =    -19.67317  eV     1   --> A              
     e(  9 -  9) =    -15.36134  eV     1   --> A              
     e( 10 - 10) =    -15.09635  eV     1   --> A              
     e( 11 - 11) =    -12.01122  eV     1   --> A              
     e( 12 - 12) =    -11.44495  eV     1   --> A              
     e( 13 - 13) =    -10.71168  eV     1   --> A              
     e( 14 - 14) =    -10.57940  eV     1   --> A              
     e( 15 - 15) =    -10.53096  eV     1   --> A              
     e( 16 - 16) =     -9.22054  eV     1   --> A              
     e( 17 - 17) =     -8.78682  eV     1   --> A              
     e( 18 - 18) =     -7.98222  eV     1   --> A              
     e( 19 - 19) =     -7.52325  eV     1   --> A              
     e( 20 - 20) =     -7.44018  eV     1   --> A              
     e( 21 - 21) =     -6.19070  eV     1   --> A              
     e( 22 - 22) =     -4.26628  eV     1   --> A              
     e( 23 - 23) =     -4.08329  eV     1   --> A              
     e( 24 - 24) =     -2.92978  eV     1   --> A              
     e( 25 - 25) =     -2.42044  eV     1   --> A              
     e( 26 - 26) =     -2.11018  eV     1   --> A              
     e( 27 - 27) =     -1.75467  eV     1   --> A              
     e( 28 - 28) =      1.46412  eV     1   --> A              
     e( 29 - 29) =      2.04998  eV     1   --> A              
     e( 30 - 30) =      3.60791  eV     1   --> A              
     e( 31 - 31) =      4.10300  eV     1   --> A              
     e( 32 - 32) =      5.01491  eV     1   --> A              
     e( 33 - 33) =      5.54659  eV     1   --> A              
     e( 34 - 34) =      5.59908  eV     1   --> A              
     e( 35 - 35) =      6.20147  eV     1   --> A              

 **************************************************************************

 **************************************************************************

                    xk=(   0.46000,   0.26558,   0.00000  )

     Band symmetry, C_1 (1)     point group:

     e(  1 -  1) =    -77.73155  eV     1   --> A              
     e(  2 -  2) =    -49.21844  eV     1   --> A              
     e(  3 -  3) =    -49.03539  eV     1   --> A              
     e(  4 -  4) =    -48.86010  eV     1   --> A              
     e(  5 -  5) =    -21.71099  eV     1   --> A              
     e(  6 -  6) =    -21.65450  eV     1   --> A              
     e(  7 -  7) =    -20.34321  eV     1   --> A              
     e(  8 -  8) =    -19.67041  eV     1   --> A              
     e(  9 -  9) =    -15.34114  eV     1   --> A              
     e( 10 - 10) =    -15.07621  eV     1   --> A              
     e( 11 - 11) =    -12.01706  eV     1   --> A              
     e( 12 - 12) =    -11.43316  eV     1   --> A              
     e( 13 - 13) =    -10.70768  eV     1   --> A              
     e( 14 - 14) =    -10.57516  eV     1   --> A              
     e( 15 - 15) =    -10.52683  eV     1   --> A              
     e( 16 - 16) =     -9.21845  eV     1   --> A              
     e( 17 - 17) =     -8.78290  eV     1   --> A              
     e( 18 - 18) =     -7.98979  eV     1   --> A              
     e( 19 - 19) =     -7.52293  eV     1   --> A              
     e( 20 - 20) =     -7.44597  eV     1   --> A              
     e( 21 - 21) =     -6.19251  eV     1   --> A              
     e( 22 - 22) =     -4.26185  eV     1   --> A              
     e( 23 - 23) =     -4.07803  eV     1   --> A              
     e( 24 - 24) =     -2.92674  eV     1   --> A              
     e( 25 - 25) =     -2.40518  eV     1   --> A              
     e( 26 - 26) =     -2.11299  eV     1   --> A              
     e( 27 - 27) =     -1.74918  eV     1   --> A              
     e( 28 - 28) =      1.47141  eV     1   --> A              
     e( 29 - 29) =      2.05735  eV     1   --> A              
     e( 30 - 30) =      3.59706  eV     1   --> A              
     e( 31 - 31) =      4.08307  eV     1   --> A              
     e( 32 - 32) =      5.01426  eV     1   --> A              
     e( 33 - 33) =      5.55003  eV     1   --> A              
     e( 34 - 34) =      5.60132  eV     1   --> A              
     e( 35 - 35) =      6.19993  eV     1   --> A              

 **************************************************************************

 **************************************************************************

                    xk=(   0.45500,   0.26269,   0.00000  )

     Band symmetry, C_1 (1)     point group:

     e(  1 -  1) =    -77.73167  eV     1   --> A              
     e(  2 -  2) =    -49.21745  eV     1   --> A              
     e(  3 -  3) =    -49.03516  eV     1   --> A              
     e(  4 -  4) =    -48.86028  eV     1   --> A              
     e(  5 -  5) =    -21.73121  eV     1   --> A              
     e(  6 -  6) =    -21.67448  eV     1   --> A              
     e(  7 -  7) =    -20.34393  eV     1   --> A              
     e(  8 -  8) =    -19.66748  eV     1   --> A              
     e(  9 -  9) =    -15.31837  eV     1   --> A              
     e( 10 - 10) =    -15.05346  eV     1   --> A              
     e( 11 - 11) =    -12.02348  eV     1   --> A              
     e( 12 - 12) =    -11.42007  eV     1   --> A              
     e( 13 - 13) =    -10.70323  eV     1   --> A              
     e( 14 - 14) =    -10.57036  eV     1   --> A              
     e( 15 - 15) =    -10.52215  eV     1   --> A              
     e( 16 - 16) =     -9.21602  eV     1   --> A              
     e( 17 - 17) =     -8.77845  eV     1   --> A              
     e( 18 - 18) =     -7.99820  eV     1   --> A              
     e( 19 - 19) =     -7.52257  eV     1   --> A              
     e( 20 - 20) =     -7.45249  eV     1   --> A              
     e( 21 - 21) =     -6.19451  eV     1   --> A              
     e( 22 - 22) =     -4.25684  eV     1   --> A              
     e( 23 - 23) =     -4.07214  eV     1   --> A              
     e( 24 - 24) =     -2.92348  eV     1   --> A              
     e( 25 - 25) =     -2.38798  eV     1   --> A              
     e( 26 - 26) =     -2.11616  eV     1   --> A              
     e( 27 - 27) =     -1.74282  eV     1   --> A              
     e( 28 - 28) =      1.47963  eV     1   --> A              
     e( 29 - 29) =      2.06562  eV     1   --> A              
     e( 30 - 30) =      3.58485  eV     1   --> A              
     e( 31 - 31) =      4.06082  eV     1   --> A              
     e( 32 - 32) =      5.01326  eV     1   --> A              
     e( 33 - 33) =      5.55390  eV     1   --> A              
     e( 34 - 34) =      5.60377  eV     1   --> A              
     e( 35 - 35) =      6.19812  eV     1   --> A              

 **************************************************************************

 **************************************************************************

                    xk=(   0.45000,   0.25981,   0.00000  )

     Band symmetry, C_1 (1)     point group:

     e(  1 -  1) =    -77.73181  eV     1   --> A              
     e(  2 -  2) =    -49.21635  eV     1   --> A              
     e(  3 -  3) =    -49.03490  eV     1   --> A              
     e(  4 -  4) =    -48.86049  eV     1   --> A              
     e(  5 -  5) =    -21.75344  eV     1   --> A              
     e(  6 -  6) =    -21.69643  eV     1   --> A              
     e(  7 -  7) =    -20.34498  eV     1   --> A              
     e(  8 -  8) =    -19.66444  eV     1   --> A              
     e(  9 -  9) =    -15.29305  eV     1   --> A              
     e( 10 - 10) =    -15.02812  eV     1   --> A              
     e( 11 - 11) =    -12.03042  eV     1   --> A              
     e( 12 - 12) =    -11.40575  eV     1   --> A              
     e( 13 - 13) =    -10.69835  eV     1   --> A              
     e( 14 - 14) =    -10.56501  eV     1   --> A              
     e( 15 - 15) =    -10.51693  eV     1   --> A              
     e( 16 - 16) =     -9.21319  eV     1   --> A              
     e( 17 - 17) =     -8.77350  eV     1   --> A              
     e( 18 - 18) =     -8.00740  eV     1   --> A              
     e( 19 - 19) =     -7.52219  eV     1   --> A              
     e( 20 - 20) =     -7.45975  eV     1   --> A              
     e( 21 - 21) =     -6.19669  eV     1   --> A              
     e( 22 - 22) =     -4.25127  eV     1   --> A              
     e( 23 - 23) =     -4.06564  eV     1   --> A              
     e( 24 - 24) =     -2.92007  eV     1   --> A              
     e( 25 - 25) =     -2.36886  eV     1   --> A              
     e( 26 - 26) =     -2.11972  eV     1   --> A              
     e( 27 - 27) =     -1.73555  eV     1   --> A              
     e( 28 - 28) =      1.48878  eV     1   --> A              
     e( 29 - 29) =      2.07475  eV     1   --> A              
     e( 30 - 30) =      3.57133  eV     1   --> A              
     e( 31 - 31) =      4.03635  eV     1   --> A              
     e( 32 - 32) =      5.01186  eV     1   --> A              
     e( 33 - 33) =      5.55818  eV     1   --> A              
     e( 34 - 34) =      5.60642  eV     1   --> A              
     e( 35 - 35) =      6.19600  eV     1   --> A              

 **************************************************************************

 **************************************************************************

                    xk=(   0.44500,   0.25692,   0.00000  )

     Band symmetry, C_1 (1)     point group:

     e(  1 -  1) =    -77.73197  eV     1   --> A              
     e(  2 -  2) =    -49.21514  eV     1   --> A              
     e(  3 -  3) =    -49.03462  eV     1   --> A              
     e(  4 -  4) =    -48.86071  eV     1   --> A              
     e(  5 -  5) =    -21.77757  eV     1   --> A              
     e(  6 -  6) =    -21.72024  eV     1   --> A              
     e(  7 -  7) =    -20.34644  eV     1   --> A              
     e(  8 -  8) =    -19.66135  eV     1   --> A              
     e(  9 -  9) =    -15.26523  eV     1   --> A              
     e( 10 - 10) =    -15.00024  eV     1   --> A              
     e( 11 - 11) =    -12.03785  eV     1   --> A              
     e( 12 - 12) =    -11.39026  eV     1   --> A              
     e( 13 - 13) =    -10.69308  eV     1   --> A              
     e( 14 - 14) =    -10.55910  eV     1   --> A              
     e( 15 - 15) =    -10.51117  eV     1   --> A              
     e( 16 - 16) =     -9.20996  eV     1   --> A              
     e( 17 - 17) =     -8.76803  eV     1   --> A              
     e( 18 - 18) =     -8.01733  eV     1   --> A              
     e( 19 - 19) =     -7.52178  eV     1   --> A              
     e( 20 - 20) =     -7.46772  eV     1   --> A              
     e( 21 - 21) =     -6.19902  eV     1   --> A              
     e( 22 - 22) =     -4.24514  eV     1   --> A              
     e( 23 - 23) =     -4.05854  eV     1   --> A              
     e( 24 - 24) =     -2.91657  eV     1   --> A              
     e( 25 - 25) =     -2.34785  eV     1   --> A              
     e( 26 - 26) =     -2.12365  eV     1   --> A              
     e( 27 - 27) =     -1.72730  eV     1   --> A              
     e( 28 - 28) =      1.49883  eV     1   --> A              
     e( 29 - 29) =      2.08472  eV     1   --> A              
     e( 30 - 30) =      3.55653  eV     1   --> A              
     e( 31 - 31) =      4.00978  eV     1   --> A              
     e( 32 - 32) =      5.01002  eV     1   --> A              
     e( 33 - 33) =      5.56283  eV     1   --> A              
     e( 34 - 34) =      5.60921  eV     1   --> A              
     e( 35 - 35) =      6.19356  eV     1   --> A              

 **************************************************************************

 **************************************************************************

                    xk=(   0.44000,   0.25403,   0.00000  )

     Band symmetry, C_1 (1)     point group:

     e(  1 -  1) =    -77.73214  eV     1   --> A              
     e(  2 -  2) =    -49.21382  eV     1   --> A              
     e(  3 -  3) =    -49.03431  eV     1   --> A              
     e(  4 -  4) =    -48.86095  eV     1   --> A              
     e(  5 -  5) =    -21.80348  eV     1   --> A              
     e(  6 -  6) =    -21.74580  eV     1   --> A              
     e(  7 -  7) =    -20.34837  eV     1   --> A              
     e(  8 -  8) =    -19.65828  eV     1   --> A              
     e(  9 -  9) =    -15.23498  eV     1   --> A              
     e( 10 - 10) =    -14.96984  eV     1   --> A              
     e( 11 - 11) =    -12.04572  eV     1   --> A              
     e( 12 - 12) =    -11.37367  eV     1   --> A              
     e( 13 - 13) =    -10.68744  eV     1   --> A              
     e( 14 - 14) =    -10.55264  eV     1   --> A              
     e( 15 - 15) =    -10.50488  eV     1   --> A              
     e( 16 - 16) =     -9.20627  eV     1   --> A              
     e( 17 - 17) =     -8.76205  eV     1   --> A              
     e( 18 - 18) =     -8.02792  eV     1   --> A              
     e( 19 - 19) =     -7.52135  eV     1   --> A              
     e( 20 - 20) =     -7.47639  eV     1   --> A              
     e( 21 - 21) =     -6.20149  eV     1   --> A              
     e( 22 - 22) =     -4.23846  eV     1   --> A              
     e( 23 - 23) =     -4.05088  eV     1   --> A              
     e( 24 - 24) =     -2.91307  eV     1   --> A              
     e( 25 - 25) =     -2.32500  eV     1   --> A              
     e( 26 - 26) =     -2.12796  eV     1   --> A              
     e( 27 - 27) =     -1.71804  eV     1   --> A              
     e( 28 - 28) =      1.50978  eV     1   --> A              
     e( 29 - 29) =      2.09547  eV     1   --> A              
     e( 30 - 30) =      3.54051  eV     1   --> A              
     e( 31 - 31) =      3.98122  eV     1   --> A              
     e( 32 - 32) =      5.00770  eV     1   --> A              
     e( 33 - 33) =      5.56780  eV     1   --> A              
     e( 34 - 34) =      5.61212  eV     1   --> A              
     e( 35 - 35) =      6.19075  eV     1   --> A              

 **************************************************************************

 **************************************************************************

                    xk=(   0.43500,   0.25115,   0.00000  )

     Band symmetry, C_1 (1)     point group:

     e(  1 -  1) =    -77.73232  eV     1   --> A              
     e(  2 -  2) =    -49.21239  eV     1   --> A              
     e(  3 -  3) =    -49.03398  eV     1   --> A              
     e(  4 -  4) =    -48.86122  eV     1   --> A              
     e(  5 -  5) =    -21.83106  eV     1   --> A              
     e(  6 -  6) =    -21.77300  eV     1   --> A              
     e(  7 -  7) =    -20.35082  eV     1   --> A              
     e(  8 -  8) =    -19.65528  eV     1   --> A              
     e(  9 -  9) =    -15.20233  eV     1   --> A              
     e( 10 - 10) =    -14.93696  eV     1   --> A              
     e( 11 - 11) =    -12.05399  eV     1   --> A              
     e( 12 - 12) =    -11.35607  eV     1   --> A              
     e( 13 - 13) =    -10.68147  eV     1   --> A              
     e( 14 - 14) =    -10.54563  eV     1   --> A              
     e( 15 - 15) =    -10.49805  eV     1   --> A              
     e( 16 - 16) =     -9.20211  eV     1   --> A              
     e( 17 - 17) =     -8.75556  eV     1   --> A              
     e( 18 - 18) =     -8.03911  eV     1   --> A              
     e( 19 - 19) =     -7.52088  eV     1   --> A              
     e( 20 - 20) =     -7.48576  eV     1   --> A              
     e( 21 - 21) =     -6.20407  eV     1   --> A              
     e( 22 - 22) =     -4.23124  eV     1   --> A              
     e( 23 - 23) =     -4.04269  eV     1   --> A              
     e( 24 - 24) =     -2.90964  eV     1   --> A              
     e( 25 - 25) =     -2.30034  eV     1   --> A              
     e( 26 - 26) =     -2.13265  eV     1   --> A              
     e( 27 - 27) =     -1.70769  eV     1   --> A              
     e( 28 - 28) =      1.52159  eV     1   --> A              
     e( 29 - 29) =      2.10695  eV     1   --> A              
     e( 30 - 30) =      3.52331  eV     1   --> A              
     e( 31 - 31) =      3.95077  eV     1   --> A              
     e( 32 - 32) =      5.00488  eV     1   --> A              
     e( 33 - 33) =      5.57302  eV     1   --> A              
     e( 34 - 34) =      5.61510  eV     1   --> A              
     e( 35 - 35) =      6.18754  eV     1   --> A              

 **************************************************************************

 **************************************************************************

                    xk=(   0.43000,   0.24826,   0.00000  )

     Band symmetry, C_1 (1)     point group:

     e(  1 -  1) =    -77.73252  eV     1   --> A              
     e(  2 -  2) =    -49.21085  eV     1   --> A              
     e(  3 -  3) =    -49.03362  eV     1   --> A              
     e(  4 -  4) =    -48.86150  eV     1   --> A              
     e(  5 -  5) =    -21.86021  eV     1   --> A              
     e(  6 -  6) =    -21.80174  eV     1   --> A              
     e(  7 -  7) =    -20.35384  eV     1   --> A              
     e(  8 -  8) =    -19.65243  eV     1   --> A              
     e(  9 -  9) =    -15.16734  eV     1   --> A              
     e( 10 - 10) =    -14.90164  eV     1   --> A              
     e( 11 - 11) =    -12.06262  eV     1   --> A              
     e( 12 - 12) =    -11.33750  eV     1   --> A              
     e( 13 - 13) =    -10.67519  eV     1   --> A              
     e( 14 - 14) =    -10.53809  eV     1   --> A              
     e( 15 - 15) =    -10.49069  eV     1   --> A              
     e( 16 - 16) =     -9.19742  eV     1   --> A              
     e( 17 - 17) =     -8.74857  eV     1   --> A              
     e( 18 - 18) =     -8.05086  eV     1   --> A              
     e( 19 - 19) =     -7.52038  eV     1   --> A              
     e( 20 - 20) =     -7.49581  eV     1   --> A              
     e( 21 - 21) =     -6.20674  eV     1   --> A              
     e( 22 - 22) =     -4.22348  eV     1   --> A              
     e( 23 - 23) =     -4.03398  eV     1   --> A              
     e( 24 - 24) =     -2.90636  eV     1   --> A              
     e( 25 - 25) =     -2.27392  eV     1   --> A              
     e( 26 - 26) =     -2.13771  eV     1   --> A              
     e( 27 - 27) =     -1.69621  eV     1   --> A              
     e( 28 - 28) =      1.53425  eV     1   --> A              
     e( 29 - 29) =      2.11911  eV     1   --> A              
     e( 30 - 30) =      3.50502  eV     1   --> A              
     e( 31 - 31) =      3.91855  eV     1   --> A              
     e( 32 - 32) =      5.00154  eV     1   --> A              
     e( 33 - 33) =      5.57840  eV     1   --> A              
     e( 34 - 34) =      5.61810  eV     1   --> A              
     e( 35 - 35) =      6.18390  eV     1   --> A              

 **************************************************************************

 **************************************************************************

                    xk=(   0.42500,   0.24537,   0.00000  )

     Band symmetry, C_1 (1)     point group:

     e(  1 -  1) =    -77.73273  eV     1   --> A              
     e(  2 -  2) =    -49.20921  eV     1   --> A              
     e(  3 -  3) =    -49.03324  eV     1   --> A              
     e(  4 -  4) =    -48.86181  eV     1   --> A              
     e(  5 -  5) =    -21.89082  eV     1   --> A              
     e(  6 -  6) =    -21.83190  eV     1   --> A              
     e(  7 -  7) =    -20.35747  eV     1   --> A              
     e(  8 -  8) =    -19.64976  eV     1   --> A              
     e(  9 -  9) =    -15.13009  eV     1   --> A              
     e( 10 - 10) =    -14.86393  eV     1   --> A              
     e( 11 - 11) =    -12.07158  eV     1   --> A              
     e( 12 - 12) =    -11.31803  eV     1   --> A              
     e( 13 - 13) =    -10.66866  eV     1   --> A              
     e( 14 - 14) =    -10.53000  eV     1   --> A              
     e( 15 - 15) =    -10.48281  eV     1   --> A              
     e( 16 - 16) =     -9.19218  eV     1   --> A              
     e( 17 - 17) =     -8.74108  eV     1   --> A              
     e( 18 - 18) =     -8.06310  eV     1   --> A              
     e( 19 - 19) =     -7.51984  eV     1   --> A              
     e( 20 - 20) =     -7.50651  eV     1   --> A              
     e( 21 - 21) =     -6.20945  eV     1   --> A              
     e( 22 - 22) =     -4.21519  eV     1   --> A              
     e( 23 - 23) =     -4.02480  eV     1   --> A              
     e( 24 - 24) =     -2.90331  eV     1   --> A              
     e( 25 - 25) =     -2.24578  eV     1   --> A              
     e( 26 - 26) =     -2.14315  eV     1   --> A              
     e( 27 - 27) =     -1.68354  eV     1   --> A              
     e( 28 - 28) =      1.54772  eV     1   --> A              
     e( 29 - 29) =      2.13188  eV     1   --> A              
     e( 30 - 30) =      3.48570  eV     1   --> A              
     e( 31 - 31) =      3.88468  eV     1   --> A              
     e( 32 - 32) =      4.99767  eV     1   --> A              
     e( 33 - 33) =      5.58387  eV     1   --> A              
     e( 34 - 34) =      5.62107  eV     1   --> A              
     e( 35 - 35) =      6.17977  eV     1   --> A              

 **************************************************************************

 **************************************************************************

                    xk=(   0.42000,   0.24249,   0.00000  )

     Band symmetry, C_1 (1)     point group:

     e(  1 -  1) =    -77.73296  eV     1   --> A              
     e(  2 -  2) =    -49.20746  eV     1   --> A              
     e(  3 -  3) =    -49.03284  eV     1   --> A              
     e(  4 -  4) =    -48.86213  eV     1   --> A              
     e(  5 -  5) =    -21.92277  eV     1   --> A              
     e(  6 -  6) =    -21.86338  eV     1   --> A              
     e(  7 -  7) =    -20.36177  eV     1   --> A              
     e(  8 -  8) =    -19.64734  eV     1   --> A              
     e(  9 -  9) =    -15.09063  eV     1   --> A              
     e( 10 - 10) =    -14.82386  eV     1   --> A              
     e( 11 - 11) =    -12.08085  eV     1   --> A              
     e( 12 - 12) =    -11.29773  eV     1   --> A              
     e( 13 - 13) =    -10.66191  eV     1   --> A              
     e( 14 - 14) =    -10.52137  eV     1   --> A              
     e( 15 - 15) =    -10.47440  eV     1   --> A              
     e( 16 - 16) =     -9.18633  eV     1   --> A              
     e( 17 - 17) =     -8.73310  eV     1   --> A              
     e( 18 - 18) =     -8.07576  eV     1   --> A              
     e( 19 - 19) =     -7.51925  eV     1   --> A              
     e( 20 - 20) =     -7.51786  eV     1   --> A              
     e( 21 - 21) =     -6.21219  eV     1   --> A              
     e( 22 - 22) =     -4.20640  eV     1   --> A              
     e( 23 - 23) =     -4.01517  eV     1   --> A              
     e( 24 - 24) =     -2.90057  eV     1   --> A              
     e( 25 - 25) =     -2.21596  eV     1   --> A              
     e( 26 - 26) =     -2.14897  eV     1   --> A              
     e( 27 - 27) =     -1.66962  eV     1   --> A              
     e( 28 - 28) =      1.56197  eV     1   --> A              
     e( 29 - 29) =      2.14518  eV     1   --> A              
     e( 30 - 30) =      3.46542  eV     1   --> A              
     e( 31 - 31) =      3.84927  eV     1   --> A              
     e( 32 - 32) =      4.99328  eV     1   --> A              
     e( 33 - 33) =      5.58931  eV     1   --> A              
     e( 34 - 34) =      5.62396  eV     1   --> A              
     e( 35 - 35) =      6.17511  eV     1   --> A              

 **************************************************************************

 **************************************************************************

                    xk=(   0.41500,   0.23960,   0.00000  )

     Band symmetry, C_1 (1)     point group:

     e(  1 -  1) =    -77.73320  eV     1   --> A              
     e(  2 -  2) =    -49.20560  eV     1   --> A              
     e(  3 -  3) =    -49.03241  eV     1   --> A              
     e(  4 -  4) =    -48.86247  eV     1   --> A              
     e(  5 -  5) =    -21.95596  eV     1   --> A              
     e(  6 -  6) =    -21.89609  eV     1   --> A              
     e(  7 -  7) =    -20.36677  eV     1   --> A              
     e(  8 -  8) =    -19.64520  eV     1   --> A              
     e(  9 -  9) =    -15.04904  eV     1   --> A              
     e( 10 - 10) =    -14.78149  eV     1   --> A              
     e( 11 - 11) =    -12.09040  eV     1   --> A              
     e( 12 - 12) =    -11.27665  eV     1   --> A              
     e( 13 - 13) =    -10.65496  eV     1   --> A              
     e( 14 - 14) =    -10.51222  eV     1   --> A              
     e( 15 - 15) =    -10.46548  eV     1   --> A              
     e( 16 - 16) =     -9.17985  eV     1   --> A              
     e( 17 - 17) =     -8.72462  eV     1   --> A              
     e( 18 - 18) =     -8.08880  eV     1   --> A              
     e( 19 - 19) =     -7.52983  eV     1   --> A              
     e( 20 - 20) =     -7.51860  eV     1   --> A              
     e( 21 - 21) =     -6.21490  eV     1   --> A              
     e( 22 - 22) =     -4.19709  eV     1   --> A              
     e( 23 - 23) =     -4.00512  eV     1   --> A              
     e( 24 - 24) =     -2.89822  eV     1   --> A              
     e( 25 - 25) =     -2.18453  eV     1   --> A              
     e( 26 - 26) =     -2.15517  eV     1   --> A              
     e( 27 - 27) =     -1.65440  eV     1   --> A              
     e( 28 - 28) =      1.57697  eV     1   --> A              
     e( 29 - 29) =      2.15893  eV     1   --> A              
     e( 30 - 30) =      3.44429  eV     1   --> A              
     e( 31 - 31) =      3.81244  eV     1   --> A              
     e( 32 - 32) =      4.98836  eV     1   --> A              
     e( 33 - 33) =      5.59464  eV     1   --> A              
     e( 34 - 34) =      5.62670  eV     1   --> A              
     e( 35 - 35) =      6.16986  eV     1   --> A              

 **************************************************************************

 **************************************************************************

                    xk=(   0.41000,   0.23671,   0.00000  )

     Band symmetry, C_1 (1)     point group:

     e(  1 -  1) =    -77.73345  eV     1   --> A              
     e(  2 -  2) =    -49.20365  eV     1   --> A              
     e(  3 -  3) =    -49.03195  eV     1   --> A              
     e(  4 -  4) =    -48.86284  eV     1   --> A              
     e(  5 -  5) =    -21.99030  eV     1   --> A              
     e(  6 -  6) =    -21.92991  eV     1   --> A              
     e(  7 -  7) =    -20.37248  eV     1   --> A              
     e(  8 -  8) =    -19.64340  eV     1   --> A              
     e(  9 -  9) =    -15.00538  eV     1   --> A              
     e( 10 - 10) =    -14.73687  eV     1   --> A              
     e( 11 - 11) =    -12.10020  eV     1   --> A              
     e( 12 - 12) =    -11.25485  eV     1   --> A              
     e( 13 - 13) =    -10.64785  eV     1   --> A              
     e( 14 - 14) =    -10.50254  eV     1   --> A              
     e( 15 - 15) =    -10.45604  eV     1   --> A              
     e( 16 - 16) =     -9.17268  eV     1   --> A              
     e( 17 - 17) =     -8.71566  eV     1   --> A              
     e( 18 - 18) =     -8.10217  eV     1   --> A              
     e( 19 - 19) =     -7.54241  eV     1   --> A              
     e( 20 - 20) =     -7.51788  eV     1   --> A              
     e( 21 - 21) =     -6.21757  eV     1   --> A              
     e( 22 - 22) =     -4.18729  eV     1   --> A              
     e( 23 - 23) =     -3.99467  eV     1   --> A              
     e( 24 - 24) =     -2.89632  eV     1   --> A              
     e( 25 - 25) =     -2.16175  eV     1   --> A              
     e( 26 - 26) =     -2.15152  eV     1   --> A              
     e( 27 - 27) =     -1.63784  eV     1   --> A              
     e( 28 - 28) =      1.59267  eV     1   --> A              
     e( 29 - 29) =      2.17304  eV     1   --> A              
     e( 30 - 30) =      3.42240  eV     1   --> A              
     e( 31 - 31) =      3.77432  eV     1   --> A              
     e( 32 - 32) =      4.98291  eV     1   --> A              
     e( 33 - 33) =      5.59974  eV     1   --> A              
     e( 34 - 34) =      5.62923  eV     1   --> A              
     e( 35 - 35) =      6.16398  eV     1   --> A              

 **************************************************************************

 **************************************************************************

                    xk=(   0.40500,   0.23383,   0.00000  )

     Band symmetry, C_1 (1)     point group:

     e(  1 -  1) =    -77.73371  eV     1   --> A              
     e(  2 -  2) =    -49.20159  eV     1   --> A              
     e(  3 -  3) =    -49.03147  eV     1   --> A              
     e(  4 -  4) =    -48.86322  eV     1   --> A              
     e(  5 -  5) =    -22.02567  eV     1   --> A              
     e(  6 -  6) =    -21.96476  eV     1   --> A              
     e(  7 -  7) =    -20.37894  eV     1   --> A              
     e(  8 -  8) =    -19.64197  eV     1   --> A              
     e(  9 -  9) =    -14.95974  eV     1   --> A              
     e( 10 - 10) =    -14.69004  eV     1   --> A              
     e( 11 - 11) =    -12.11023  eV     1   --> A              
     e( 12 - 12) =    -11.23240  eV     1   --> A              
     e( 13 - 13) =    -10.64061  eV     1   --> A              
     e( 14 - 14) =    -10.49234  eV     1   --> A              
     e( 15 - 15) =    -10.44610  eV     1   --> A              
     e( 16 - 16) =     -9.16478  eV     1   --> A              
     e( 17 - 17) =     -8.70621  eV     1   --> A              
     e( 18 - 18) =     -8.11580  eV     1   --> A              
     e( 19 - 19) =     -7.55558  eV     1   --> A              
     e( 20 - 20) =     -7.51708  eV     1   --> A              
     e( 21 - 21) =     -6.22014  eV     1   --> A              
     e( 22 - 22) =     -4.17701  eV     1   --> A              
     e( 23 - 23) =     -3.98387  eV     1   --> A              
     e( 24 - 24) =     -2.89495  eV     1   --> A              
     e( 25 - 25) =     -2.16871  eV     1   --> A              
     e( 26 - 26) =     -2.11700  eV     1   --> A              
     e( 27 - 27) =     -1.61988  eV     1   --> A              
     e( 28 - 28) =      1.60904  eV     1   --> A              
     e( 29 - 29) =      2.18739  eV     1   --> A              
     e( 30 - 30) =      3.39987  eV     1   --> A              
     e( 31 - 31) =      3.73499  eV     1   --> A              
     e( 32 - 32) =      4.97692  eV     1   --> A              
     e( 33 - 33) =      5.60448  eV     1   --> A              
     e( 34 - 34) =      5.63147  eV     1   --> A              
     e( 35 - 35) =      6.15739  eV     1   --> A              

 **************************************************************************

 **************************************************************************

                    xk=(   0.40000,   0.23094,   0.00000  )

     Band symmetry, C_1 (1)     point group:

     e(  1 -  1) =    -77.73399  eV     1   --> A              
     e(  2 -  2) =    -49.19944  eV     1   --> A              
     e(  3 -  3) =    -49.03097  eV     1   --> A              
     e(  4 -  4) =    -48.86361  eV     1   --> A              
     e(  5 -  5) =    -22.06199  eV     1   --> A              
     e(  6 -  6) =    -22.00055  eV     1   --> A              
     e(  7 -  7) =    -20.38616  eV     1   --> A              
     e(  8 -  8) =    -19.64094  eV     1   --> A              
     e(  9 -  9) =    -14.91220  eV     1   --> A              
     e( 10 - 10) =    -14.64106  eV     1   --> A              
     e( 11 - 11) =    -12.12046  eV     1   --> A              
     e( 12 - 12) =    -11.20935  eV     1   --> A              
     e( 13 - 13) =    -10.63327  eV     1   --> A              
     e( 14 - 14) =    -10.48163  eV     1   --> A              
     e( 15 - 15) =    -10.43565  eV     1   --> A              
     e( 16 - 16) =     -9.15613  eV     1   --> A              
     e( 17 - 17) =     -8.69629  eV     1   --> A              
     e( 18 - 18) =     -8.12966  eV     1   --> A              
     e( 19 - 19) =     -7.56932  eV     1   --> A              
     e( 20 - 20) =     -7.51619  eV     1   --> A              
     e( 21 - 21) =     -6.22258  eV     1   --> A              
     e( 22 - 22) =     -4.16626  eV     1   --> A              
     e( 23 - 23) =     -3.97274  eV     1   --> A              
     e( 24 - 24) =     -2.89418  eV     1   --> A              
     e( 25 - 25) =     -2.17604  eV     1   --> A              
     e( 26 - 26) =     -2.08101  eV     1   --> A              
     e( 27 - 27) =     -1.60049  eV     1   --> A              
     e( 28 - 28) =      1.62600  eV     1   --> A              
     e( 29 - 29) =      2.20187  eV     1   --> A              
     e( 30 - 30) =      3.37683  eV     1   --> A              
     e( 31 - 31) =      3.69461  eV     1   --> A              
     e( 32 - 32) =      4.97040  eV     1   --> A              
     e( 33 - 33) =      5.60876  eV     1   --> A              
     e( 34 - 34) =      5.63336  eV     1   --> A              
     e( 35 - 35) =      6.15005  eV     1   --> A              

 **************************************************************************

 **************************************************************************

                    xk=(   0.39500,   0.22805,   0.00000  )

     Band symmetry, C_1 (1)     point group:

     e(  1 -  1) =    -77.73428  eV     1   --> A              
     e(  2 -  2) =    -49.19719  eV     1   --> A              
     e(  3 -  3) =    -49.03045  eV     1   --> A              
     e(  4 -  4) =    -48.86403  eV     1   --> A              
     e(  5 -  5) =    -22.09916  eV     1   --> A              
     e(  6 -  6) =    -22.03718  eV     1   --> A              
     e(  7 -  7) =    -20.39414  eV     1   --> A              
     e(  8 -  8) =    -19.64034  eV     1   --> A              
     e(  9 -  9) =    -14.86285  eV     1   --> A              
     e( 10 - 10) =    -14.58999  eV     1   --> A              
     e( 11 - 11) =    -12.13088  eV     1   --> A              
     e( 12 - 12) =    -11.18577  eV     1   --> A              
     e( 13 - 13) =    -10.62586  eV     1   --> A              
     e( 14 - 14) =    -10.47041  eV     1   --> A              
     e( 15 - 15) =    -10.42471  eV     1   --> A              
     e( 16 - 16) =     -9.14667  eV     1   --> A              
     e( 17 - 17) =     -8.68590  eV     1   --> A              
     e( 18 - 18) =     -8.14371  eV     1   --> A              
     e( 19 - 19) =     -7.58360  eV     1   --> A              
     e( 20 - 20) =     -7.51520  eV     1   --> A              
     e( 21 - 21) =     -6.22484  eV     1   --> A              
     e( 22 - 22) =     -4.15505  eV     1   --> A              
     e( 23 - 23) =     -3.96130  eV     1   --> A              
     e( 24 - 24) =     -2.89404  eV     1   --> A              
     e( 25 - 25) =     -2.18376  eV     1   --> A              
     e( 26 - 26) =     -2.04360  eV     1   --> A              
     e( 27 - 27) =     -1.57965  eV     1   --> A              
     e( 28 - 28) =      1.64351  eV     1   --> A              
     e( 29 - 29) =      2.21633  eV     1   --> A              
     e( 30 - 30) =      3.35341  eV     1   --> A              
     e( 31 - 31) =      3.65327  eV     1   --> A              
     e( 32 - 32) =      4.96330  eV     1   --> A              
     e( 33 - 33) =      5.61243  eV     1   --> A              
     e( 34 - 34) =      5.63479  eV     1   --> A              
     e( 35 - 35) =      6.14186  eV     1   --> A              

 **************************************************************************

 **************************************************************************

                    xk=(   0.39000,   0.22517,   0.00000  )

     Band symmetry, C_1 (1)     point group:

     e(  1 -  1) =    -77.73458  eV     1   --> A              
     e(  2 -  2) =    -49.19485  eV     1   --> A              
     e(  3 -  3) =    -49.02991  eV     1   --> A              
     e(  4 -  4) =    -48.86446  eV     1   --> A              
     e(  5 -  5) =    -22.13710  eV     1   --> A              
     e(  6 -  6) =    -22.07457  eV     1   --> A              
     e(  7 -  7) =    -20.40291  eV     1   --> A              
     e(  8 -  8) =    -19.64020  eV     1   --> A              
     e(  9 -  9) =    -14.81177  eV     1   --> A              
     e( 10 - 10) =    -14.53687  eV     1   --> A              
     e( 11 - 11) =    -12.14144  eV     1   --> A              
     e( 12 - 12) =    -11.16172  eV     1   --> A              
     e( 13 - 13) =    -10.61837  eV     1   --> A              
     e( 14 - 14) =    -10.45868  eV     1   --> A              
     e( 15 - 15) =    -10.41328  eV     1   --> A              
     e( 16 - 16) =     -9.13637  eV     1   --> A              
     e( 17 - 17) =     -8.67504  eV     1   --> A              
     e( 18 - 18) =     -8.15789  eV     1   --> A              
     e( 19 - 19) =     -7.59842  eV     1   --> A              
     e( 20 - 20) =     -7.51410  eV     1   --> A              
     e( 21 - 21) =     -6.22688  eV     1   --> A              
     e( 22 - 22) =     -4.14339  eV     1   --> A              
     e( 23 - 23) =     -3.94960  eV     1   --> A              
     e( 24 - 24) =     -2.89461  eV     1   --> A              
     e( 25 - 25) =     -2.19186  eV     1   --> A              
     e( 26 - 26) =     -2.00485  eV     1   --> A              
     e( 27 - 27) =     -1.55732  eV     1   --> A              
     e( 28 - 28) =      1.66149  eV     1   --> A              
     e( 29 - 29) =      2.23061  eV     1   --> A              
     e( 30 - 30) =      3.32978  eV     1   --> A              
     e( 31 - 31) =      3.61110  eV     1   --> A              
     e( 32 - 32) =      4.95560  eV     1   --> A              
     e( 33 - 33) =      5.61539  eV     1   --> A              
     e( 34 - 34) =      5.63571  eV     1   --> A              
     e( 35 - 35) =      6.13277  eV     1   --> A              

 **************************************************************************

 **************************************************************************

                    xk=(   0.38500,   0.22228,   0.00000  )

     Band symmetry, C_1 (1)     point group:

     e(  1 -  1) =    -77.73489  eV     1   --> A              
     e(  2 -  2) =    -49.19242  eV     1   --> A              
     e(  3 -  3) =    -49.02935  eV     1   --> A              
     e(  4 -  4) =    -48.86491  eV     1   --> A              
     e(  5 -  5) =    -22.17572  eV     1   --> A              
     e(  6 -  6) =    -22.11264  eV     1   --> A              
     e(  7 -  7) =    -20.41244  eV     1   --> A              
     e(  8 -  8) =    -19.64052  eV     1   --> A              
     e(  9 -  9) =    -14.75906  eV     1   --> A              
     e( 10 - 10) =    -14.48178  eV     1   --> A              
     e( 11 - 11) =    -12.15213  eV     1   --> A              
     e( 12 - 12) =    -11.13729  eV     1   --> A              
     e( 13 - 13) =    -10.61082  eV     1   --> A              
     e( 14 - 14) =    -10.44646  eV     1   --> A              
     e( 15 - 15) =    -10.40137  eV     1   --> A              
     e( 16 - 16) =     -9.12521  eV     1   --> A              
     e( 17 - 17) =     -8.66372  eV     1   --> A              
     e( 18 - 18) =     -8.17218  eV     1   --> A              
     e( 19 - 19) =     -7.61374  eV     1   --> A              
     e( 20 - 20) =     -7.51286  eV     1   --> A              
     e( 21 - 21) =     -6.22866  eV     1   --> A              
     e( 22 - 22) =     -4.13130  eV     1   --> A              
     e( 23 - 23) =     -3.93766  eV     1   --> A              
     e( 24 - 24) =     -2.89591  eV     1   --> A              
     e( 25 - 25) =     -2.20033  eV     1   --> A              
     e( 26 - 26) =     -1.96479  eV     1   --> A              
     e( 27 - 27) =     -1.53349  eV     1   --> A              
     e( 28 - 28) =      1.67988  eV     1   --> A              
     e( 29 - 29) =      2.24455  eV     1   --> A              
     e( 30 - 30) =      3.30611  eV     1   --> A              
     e( 31 - 31) =      3.56825  eV     1   --> A              
     e( 32 - 32) =      4.94728  eV     1   --> A              
     e( 33 - 33) =      5.61748  eV     1   --> A              
     e( 34 - 34) =      5.63600  eV     1   --> A              
     e( 35 - 35) =      6.12270  eV     1   --> A              

 **************************************************************************

 **************************************************************************

                    xk=(   0.38000,   0.21939,   0.00000  )

     Band symmetry, C_1 (1)     point group:

     e(  1 -  1) =    -77.73521  eV     1   --> A              
     e(  2 -  2) =    -49.18989  eV     1   --> A              
     e(  3 -  3) =    -49.02876  eV     1   --> A              
     e(  4 -  4) =    -48.86538  eV     1   --> A              
     e(  5 -  5) =    -22.21495  eV     1   --> A              
     e(  6 -  6) =    -22.15132  eV     1   --> A              
     e(  7 -  7) =    -20.42275  eV     1   --> A              
     e(  8 -  8) =    -19.64133  eV     1   --> A              
     e(  9 -  9) =    -14.70483  eV     1   --> A              
     e( 10 - 10) =    -14.42475  eV     1   --> A              
     e( 11 - 11) =    -12.16290  eV     1   --> A              
     e( 12 - 12) =    -11.11255  eV     1   --> A              
     e( 13 - 13) =    -10.60321  eV     1   --> A              
     e( 14 - 14) =    -10.43376  eV     1   --> A              
     e( 15 - 15) =    -10.38898  eV     1   --> A              
     e( 16 - 16) =     -9.11314  eV     1   --> A              
     e( 17 - 17) =     -8.65195  eV     1   --> A              
     e( 18 - 18) =     -8.18653  eV     1   --> A              
     e( 19 - 19) =     -7.62954  eV     1   --> A              
     e( 20 - 20) =     -7.51148  eV     1   --> A              
     e( 21 - 21) =     -6.23012  eV     1   --> A              
     e( 22 - 22) =     -4.11878  eV     1   --> A              
     e( 23 - 23) =     -3.92550  eV     1   --> A              
     e( 24 - 24) =     -2.89799  eV     1   --> A              
     e( 25 - 25) =     -2.20919  eV     1   --> A              
     e( 26 - 26) =     -1.92348  eV     1   --> A              
     e( 27 - 27) =     -1.50815  eV     1   --> A              
     e( 28 - 28) =      1.69858  eV     1   --> A              
     e( 29 - 29) =      2.25793  eV     1   --> A              
     e( 30 - 30) =      3.28259  eV     1   --> A              
     e( 31 - 31) =      3.52482  eV     1   --> A              
     e( 32 - 32) =      4.93828  eV     1   --> A              
     e( 33 - 33) =      5.61857  eV     1   --> A              
     e( 34 - 34) =      5.63558  eV     1   --> A              
     e( 35 - 35) =      6.11157  eV     1   --> A              

 **************************************************************************

 **************************************************************************

                    xk=(   0.37500,   0.21651,   0.00000  )

     Band symmetry, C_1 (1)     point group:

     e(  1 -  1) =    -77.73555  eV     1   --> A              
     e(  2 -  2) =    -49.18728  eV     1   --> A              
     e(  3 -  3) =    -49.02816  eV     1   --> A              
     e(  4 -  4) =    -48.86586  eV     1   --> A              
     e(  5 -  5) =    -22.25471  eV     1   --> A              
     e(  6 -  6) =    -22.19052  eV     1   --> A              
     e(  7 -  7) =    -20.43381  eV     1   --> A              
     e(  8 -  8) =    -19.64264  eV     1   --> A              
     e(  9 -  9) =    -14.64917  eV     1   --> A              
     e( 10 - 10) =    -14.36586  eV     1   --> A              
     e( 11 - 11) =    -12.17372  eV     1   --> A              
     e( 12 - 12) =    -11.08759  eV     1   --> A              
     e( 13 - 13) =    -10.59551  eV     1   --> A              
     e( 14 - 14) =    -10.42056  eV     1   --> A              
     e( 15 - 15) =    -10.37611  eV     1   --> A              
     e( 16 - 16) =     -9.10014  eV     1   --> A              
     e( 17 - 17) =     -8.63973  eV     1   --> A              
     e( 18 - 18) =     -8.20093  eV     1   --> A              
     e( 19 - 19) =     -7.64580  eV     1   --> A              
     e( 20 - 20) =     -7.50994  eV     1   --> A              
     e( 21 - 21) =     -6.23122  eV     1   --> A              
     e( 22 - 22) =     -4.10585  eV     1   --> A              
     e( 23 - 23) =     -3.91315  eV     1   --> A              
     e( 24 - 24) =     -2.90085  eV     1   --> A              
     e( 25 - 25) =     -2.21842  eV     1   --> A              
     e( 26 - 26) =     -1.88098  eV     1   --> A              
     e( 27 - 27) =     -1.48131  eV     1   --> A              
     e( 28 - 28) =      1.71751  eV     1   --> A              
     e( 29 - 29) =      2.27055  eV     1   --> A              
     e( 30 - 30) =      3.25943  eV     1   --> A              
     e( 31 - 31) =      3.48097  eV     1   --> A              
     e( 32 - 32) =      4.92854  eV     1   --> A              
     e( 33 - 33) =      5.61852  eV     1   --> A              
     e( 34 - 34) =      5.63434  eV     1   --> A              
     e( 35 - 35) =      6.09930  eV     1   --> A              

 **************************************************************************

 **************************************************************************

                    xk=(   0.37000,   0.21362,   0.00000  )

     Band symmetry, C_1 (1)     point group:

     e(  1 -  1) =    -77.73589  eV     1   --> A              
     e(  2 -  2) =    -49.18459  eV     1   --> A              
     e(  3 -  3) =    -49.02753  eV     1   --> A              
     e(  4 -  4) =    -48.86635  eV     1   --> A              
     e(  5 -  5) =    -22.29494  eV     1   --> A              
     e(  6 -  6) =    -22.23018  eV     1   --> A              
     e(  7 -  7) =    -20.44563  eV     1   --> A              
     e(  8 -  8) =    -19.64444  eV     1   --> A              
     e(  9 -  9) =    -14.59220  eV     1   --> A              
     e( 10 - 10) =    -14.30517  eV     1   --> A              
     e( 11 - 11) =    -12.18453  eV     1   --> A              
     e( 12 - 12) =    -11.06251  eV     1   --> A              
     e( 13 - 13) =    -10.58769  eV     1   --> A              
     e( 14 - 14) =    -10.40690  eV     1   --> A              
     e( 15 - 15) =    -10.36279  eV     1   --> A              
     e( 16 - 16) =     -9.08619  eV     1   --> A              
     e( 17 - 17) =     -8.62707  eV     1   --> A              
     e( 18 - 18) =     -8.21533  eV     1   --> A              
     e( 19 - 19) =     -7.66251  eV     1   --> A              
     e( 20 - 20) =     -7.50823  eV     1   --> A              
     e( 21 - 21) =     -6.23192  eV     1   --> A              
     e( 22 - 22) =     -4.09254  eV     1   --> A              
     e( 23 - 23) =     -3.90065  eV     1   --> A              
     e( 24 - 24) =     -2.90453  eV     1   --> A              
     e( 25 - 25) =     -2.22804  eV     1   --> A              
     e( 26 - 26) =     -1.83734  eV     1   --> A              
     e( 27 - 27) =     -1.45297  eV     1   --> A              
     e( 28 - 28) =      1.73655  eV     1   --> A              
     e( 29 - 29) =      2.28216  eV     1   --> A              
     e( 30 - 30) =      3.23683  eV     1   --> A              
     e( 31 - 31) =      3.43681  eV     1   --> A              
     e( 32 - 32) =      4.91796  eV     1   --> A              
     e( 33 - 33) =      5.61715  eV     1   --> A              
     e( 34 - 34) =      5.63219  eV     1   --> A              
     e( 35 - 35) =      6.08580  eV     1   --> A              

 **************************************************************************

 **************************************************************************

                    xk=(   0.36500,   0.21073,   0.00000  )

     Band symmetry, C_1 (1)     point group:

     e(  1 -  1) =    -77.73625  eV     1   --> A              
     e(  2 -  2) =    -49.18181  eV     1   --> A              
     e(  3 -  3) =    -49.02689  eV     1   --> A              
     e(  4 -  4) =    -48.86687  eV     1   --> A              
     e(  5 -  5) =    -22.33555  eV     1   --> A              
     e(  6 -  6) =    -22.27024  eV     1   --> A              
     e(  7 -  7) =    -20.45817  eV     1   --> A              
     e(  8 -  8) =    -19.64675  eV     1   --> A              
     e(  9 -  9) =    -14.53404  eV     1   --> A              
     e( 10 - 10) =    -14.24273  eV     1   --> A              
     e( 11 - 11) =    -12.19528  eV     1   --> A              
     e( 12 - 12) =    -11.03743  eV     1   --> A              
     e( 13 - 13) =    -10.57969  eV     1   --> A              
     e( 14 - 14) =    -10.39277  eV     1   --> A              
     e( 15 - 15) =    -10.34900  eV     1   --> A              
     e( 16 - 16) =     -9.07128  eV     1   --> A              
     e( 17 - 17) =     -8.61398  eV     1   --> A              
     e( 18 - 18) =     -8.22973  eV     1   --> A              
     e( 19 - 19) =     -7.67963  eV     1   --> A              
     e( 20 - 20) =     -7.50634  eV     1   --> A              
     e( 21 - 21) =     -6.23216  eV     1   --> A              
     e( 22 - 22) =     -4.07884  eV     1   --> A              
     e( 23 - 23) =     -3.88801  eV     1   --> A              
     e( 24 - 24) =     -2.90903  eV     1   --> A              
     e( 25 - 25) =     -2.23802  eV     1   --> A              
     e( 26 - 26) =     -1.79262  eV     1   --> A              
     e( 27 - 27) =     -1.42316  eV     1   --> A              
     e( 28 - 28) =      1.75558  eV     1   --> A              
     e( 29 - 29) =      2.29250  eV     1   --> A              
     e( 30 - 30) =      3.21504  eV     1   --> A              
     e( 31 - 31) =      3.39254  eV     1   --> A              
     e( 32 - 32) =      4.90647  eV     1   --> A              
     e( 33 - 33) =      5.61430  eV     1   --> A              
     e( 34 - 34) =      5.62900  eV     1   --> A              
     e( 35 - 35) =      6.07098  eV     1   --> A              

 **************************************************************************

 **************************************************************************

                    xk=(   0.36000,   0.20785,   0.00000  )

     Band symmetry, C_1 (1)     point group:

     e(  1 -  1) =    -77.73661  eV     1   --> A              
     e(  2 -  2) =    -49.17896  eV     1   --> A              
     e(  3 -  3) =    -49.02623  eV     1   --> A              
     e(  4 -  4) =    -48.86739  eV     1   --> A              
     e(  5 -  5) =    -22.37650  eV     1   --> A              
     e(  6 -  6) =    -22.31063  eV     1   --> A              
     e(  7 -  7) =    -20.47143  eV     1   --> A              
     e(  8 -  8) =    -19.64956  eV     1   --> A              
     e(  9 -  9) =    -14.47481  eV     1   --> A              
     e( 10 - 10) =    -14.17860  eV     1   --> A              
     e( 11 - 11) =    -12.20592  eV     1   --> A              
     e( 12 - 12) =    -11.01247  eV     1   --> A              
     e( 13 - 13) =    -10.57145  eV     1   --> A              
     e( 14 - 14) =    -10.37819  eV     1   --> A              
     e( 15 - 15) =    -10.33478  eV     1   --> A              
     e( 16 - 16) =     -9.05539  eV     1   --> A              
     e( 17 - 17) =     -8.60046  eV     1   --> A              
     e( 18 - 18) =     -8.24410  eV     1   --> A              
     e( 19 - 19) =     -7.69714  eV     1   --> A              
     e( 20 - 20) =     -7.50424  eV     1   --> A              
     e( 21 - 21) =     -6.23189  eV     1   --> A              
     e( 22 - 22) =     -4.06477  eV     1   --> A              
     e( 23 - 23) =     -3.87527  eV     1   --> A              
     e( 24 - 24) =     -2.91434  eV     1   --> A              
     e( 25 - 25) =     -2.24838  eV     1   --> A              
     e( 26 - 26) =     -1.74686  eV     1   --> A              
     e( 27 - 27) =     -1.39188  eV     1   --> A              
     e( 28 - 28) =      1.77447  eV     1   --> A              
     e( 29 - 29) =      2.30130  eV     1   --> A              
     e( 30 - 30) =      3.19427  eV     1   --> A              
     e( 31 - 31) =      3.34831  eV     1   --> A              
     e( 32 - 32) =      4.89396  eV     1   --> A              
     e( 33 - 33) =      5.60979  eV     1   --> A              
     e( 34 - 34) =      5.62467  eV     1   --> A              
     e( 35 - 35) =      6.03731  eV     1   --> A              

 **************************************************************************

 **************************************************************************

                    xk=(   0.35500,   0.20496,   0.00000  )

     Band symmetry, C_1 (1)     point group:

     e(  1 -  1) =    -77.73699  eV     1   --> A              
     e(  2 -  2) =    -49.17603  eV     1   --> A              
     e(  3 -  3) =    -49.02555  eV     1   --> A              
     e(  4 -  4) =    -48.86793  eV     1   --> A              
     e(  5 -  5) =    -22.41771  eV     1   --> A              
     e(  6 -  6) =    -22.35129  eV     1   --> A              
     e(  7 -  7) =    -20.48538  eV     1   --> A              
     e(  8 -  8) =    -19.65286  eV     1   --> A              
     e(  9 -  9) =    -14.41465  eV     1   --> A              
     e( 10 - 10) =    -14.11284  eV     1   --> A              
     e( 11 - 11) =    -12.21635  eV     1   --> A              
     e( 12 - 12) =    -10.98779  eV     1   --> A              
     e( 13 - 13) =    -10.56286  eV     1   --> A              
     e( 14 - 14) =    -10.36316  eV     1   --> A              
     e( 15 - 15) =    -10.32011  eV     1   --> A              
     e( 16 - 16) =     -9.03853  eV     1   --> A              
     e( 17 - 17) =     -8.58654  eV     1   --> A              
     e( 18 - 18) =     -8.25841  eV     1   --> A              
     e( 19 - 19) =     -7.71503  eV     1   --> A              
     e( 20 - 20) =     -7.50194  eV     1   --> A              
     e( 21 - 21) =     -6.23108  eV     1   --> A              
     e( 22 - 22) =     -4.05034  eV     1   --> A              
     e( 23 - 23) =     -3.86245  eV     1   --> A              
     e( 24 - 24) =     -2.92046  eV     1   --> A              
     e( 25 - 25) =     -2.25913  eV     1   --> A              
     e( 26 - 26) =     -1.70013  eV     1   --> A              
     e( 27 - 27) =     -1.35919  eV     1   --> A              
     e( 28 - 28) =      1.79308  eV     1   --> A              
     e( 29 - 29) =      2.30828  eV     1   --> A              
     e( 30 - 30) =      3.17472  eV     1   --> A              
     e( 31 - 31) =      3.30434  eV     1   --> A              
     e( 32 - 32) =      4.88031  eV     1   --> A              
     e( 33 - 33) =      5.60341  eV     1   --> A              
     e( 34 - 34) =      5.61908  eV     1   --> A              
     e( 35 - 35) =      6.00115  eV     1   --> A              

 **************************************************************************

 **************************************************************************

                    xk=(   0.35000,   0.20207,   0.00000  )

     Band symmetry, C_1 (1)     point group:

     e(  1 -  1) =    -77.73737  eV     1   --> A              
     e(  2 -  2) =    -49.17302  eV     1   --> A              
     e(  3 -  3) =    -49.02485  eV     1   --> A              
     e(  4 -  4) =    -48.86848  eV     1   --> A              
     e(  5 -  5) =    -22.45914  eV     1   --> A              
     e(  6 -  6) =    -22.39216  eV     1   --> A              
     e(  7 -  7) =    -20.49999  eV     1   --> A              
     e(  8 -  8) =    -19.65666  eV     1   --> A              
     e(  9 -  9) =    -14.35371  eV     1   --> A              
     e( 10 - 10) =    -14.04553  eV     1   --> A              
     e( 11 - 11) =    -12.22651  eV     1   --> A              
     e( 12 - 12) =    -10.96356  eV     1   --> A              
     e( 13 - 13) =    -10.55379  eV     1   --> A              
     e( 14 - 14) =    -10.34769  eV     1   --> A              
     e( 15 - 15) =    -10.30502  eV     1   --> A              
     e( 16 - 16) =     -9.02069  eV     1   --> A              
     e( 17 - 17) =     -8.57220  eV     1   --> A              
     e( 18 - 18) =     -8.27266  eV     1   --> A              
     e( 19 - 19) =     -7.73327  eV     1   --> A              
     e( 20 - 20) =     -7.49941  eV     1   --> A              
     e( 21 - 21) =     -6.22968  eV     1   --> A              
     e( 22 - 22) =     -4.03558  eV     1   --> A              
     e( 23 - 23) =     -3.84958  eV     1   --> A              
     e( 24 - 24) =     -2.92739  eV     1   --> A              
     e( 25 - 25) =     -2.27024  eV     1   --> A              
     e( 26 - 26) =     -1.65247  eV     1   --> A              
     e( 27 - 27) =     -1.32512  eV     1   --> A              
     e( 28 - 28) =      1.81122  eV     1   --> A              
     e( 29 - 29) =      2.31315  eV     1   --> A              
     e( 30 - 30) =      3.15648  eV     1   --> A              
     e( 31 - 31) =      3.26094  eV     1   --> A              
     e( 32 - 32) =      4.86538  eV     1   --> A              
     e( 33 - 33) =      5.59495  eV     1   --> A              
     e( 34 - 34) =      5.61211  eV     1   --> A              
     e( 35 - 35) =      5.96466  eV     1   --> A              

 **************************************************************************

 **************************************************************************

                    xk=(   0.34500,   0.19919,   0.00000  )

     Band symmetry, C_1 (1)     point group:

     e(  1 -  1) =    -77.73777  eV     1   --> A              
     e(  2 -  2) =    -49.16995  eV     1   --> A              
     e(  3 -  3) =    -49.02414  eV     1   --> A              
     e(  4 -  4) =    -48.86905  eV     1   --> A              
     e(  5 -  5) =    -22.50072  eV     1   --> A              
     e(  6 -  6) =    -22.43320  eV     1   --> A              
     e(  7 -  7) =    -20.51524  eV     1   --> A              
     e(  8 -  8) =    -19.66093  eV     1   --> A              
     e(  9 -  9) =    -14.29215  eV     1   --> A              
     e( 10 - 10) =    -13.97671  eV     1   --> A              
     e( 11 - 11) =    -12.23628  eV     1   --> A              
     e( 12 - 12) =    -10.93997  eV     1   --> A              
     e( 13 - 13) =    -10.54410  eV     1   --> A              
     e( 14 - 14) =    -10.33179  eV     1   --> A              
     e( 15 - 15) =    -10.28950  eV     1   --> A              
     e( 16 - 16) =     -9.00189  eV     1   --> A              
     e( 17 - 17) =     -8.55747  eV     1   --> A              
     e( 18 - 18) =     -8.28683  eV     1   --> A              
     e( 19 - 19) =     -7.75183  eV     1   --> A              
     e( 20 - 20) =     -7.49665  eV     1   --> A              
     e( 21 - 21) =     -6.22764  eV     1   --> A              
     e( 22 - 22) =     -4.02049  eV     1   --> A              
     e( 23 - 23) =     -3.83667  eV     1   --> A              
     e( 24 - 24) =     -2.93509  eV     1   --> A              
     e( 25 - 25) =     -2.28172  eV     1   --> A              
     e( 26 - 26) =     -1.60394  eV     1   --> A              
     e( 27 - 27) =     -1.28970  eV     1   --> A              
     e( 28 - 28) =      1.82871  eV     1   --> A              
     e( 29 - 29) =      2.31566  eV     1   --> A              
     e( 30 - 30) =      3.13942  eV     1   --> A              
     e( 31 - 31) =      3.21865  eV     1   --> A              
     e( 32 - 32) =      4.84905  eV     1   --> A              
     e( 33 - 33) =      5.58421  eV     1   --> A              
     e( 34 - 34) =      5.60365  eV     1   --> A              
     e( 35 - 35) =      5.92796  eV     1   --> A              

 **************************************************************************

 **************************************************************************

                    xk=(   0.34000,   0.19630,   0.00000  )

     Band symmetry, C_1 (1)     point group:

     e(  1 -  1) =    -77.73817  eV     1   --> A              
     e(  2 -  2) =    -49.16681  eV     1   --> A              
     e(  3 -  3) =    -49.02342  eV     1   --> A              
     e(  4 -  4) =    -48.86963  eV     1   --> A              
     e(  5 -  5) =    -22.54241  eV     1   --> A              
     e(  6 -  6) =    -22.47434  eV     1   --> A              
     e(  7 -  7) =    -20.53111  eV     1   --> A              
     e(  8 -  8) =    -19.66568  eV     1   --> A              
     e(  9 -  9) =    -14.23014  eV     1   --> A              
     e( 10 - 10) =    -13.90645  eV     1   --> A              
     e( 11 - 11) =    -12.24554  eV     1   --> A              
     e( 12 - 12) =    -10.91725  eV     1   --> A              
     e( 13 - 13) =    -10.53360  eV     1   --> A              
     e( 14 - 14) =    -10.31547  eV     1   --> A              
     e( 15 - 15) =    -10.27357  eV     1   --> A              
     e( 16 - 16) =     -8.98214  eV     1   --> A              
     e( 17 - 17) =     -8.54235  eV     1   --> A              
     e( 18 - 18) =     -8.30091  eV     1   --> A              
     e( 19 - 19) =     -7.77068  eV     1   --> A              
     e( 20 - 20) =     -7.49364  eV     1   --> A              
     e( 21 - 21) =     -6.22493  eV     1   --> A              
     e( 22 - 22) =     -4.00510  eV     1   --> A              
     e( 23 - 23) =     -3.82374  eV     1   --> A              
     e( 24 - 24) =     -2.94354  eV     1   --> A              
     e( 25 - 25) =     -2.29357  eV     1   --> A              
     e( 26 - 26) =     -1.55459  eV     1   --> A              
     e( 27 - 27) =     -1.25300  eV     1   --> A              
     e( 28 - 28) =      1.84534  eV     1   --> A              
     e( 29 - 29) =      2.31557  eV     1   --> A              
     e( 30 - 30) =      3.12264  eV     1   --> A              
     e( 31 - 31) =      3.17872  eV     1   --> A              
     e( 32 - 32) =      4.83116  eV     1   --> A              
     e( 33 - 33) =      5.57098  eV     1   --> A              
     e( 34 - 34) =      5.59357  eV     1   --> A              
     e( 35 - 35) =      5.89117  eV     1   --> A              

 **************************************************************************

 **************************************************************************

                    xk=(   0.33500,   0.19341,   0.00000  )

     Band symmetry, C_1 (1)     point group:

     e(  1 -  1) =    -77.73858  eV     1   --> A              
     e(  2 -  2) =    -49.16360  eV     1   --> A              
     e(  3 -  3) =    -49.02267  eV     1   --> A              
     e(  4 -  4) =    -48.87022  eV     1   --> A              
     e(  5 -  5) =    -22.58415  eV     1   --> A              
     e(  6 -  6) =    -22.51554  eV     1   --> A              
     e(  7 -  7) =    -20.54756  eV     1   --> A              
     e(  8 -  8) =    -19.67088  eV     1   --> A              
     e(  9 -  9) =    -14.16787  eV     1   --> A              
     e( 10 - 10) =    -13.83480  eV     1   --> A              
     e( 11 - 11) =    -12.25416  eV     1   --> A              
     e( 12 - 12) =    -10.89562  eV     1   --> A              
     e( 13 - 13) =    -10.52208  eV     1   --> A              
     e( 14 - 14) =    -10.29875  eV     1   --> A              
     e( 15 - 15) =    -10.25724  eV     1   --> A              
     e( 16 - 16) =     -8.96147  eV     1   --> A              
     e( 17 - 17) =     -8.52685  eV     1   --> A              
     e( 18 - 18) =     -8.31487  eV     1   --> A              
     e( 19 - 19) =     -7.78982  eV     1   --> A              
     e( 20 - 20) =     -7.49037  eV     1   --> A              
     e( 21 - 21) =     -6.22149  eV     1   --> A              
     e( 22 - 22) =     -3.98940  eV     1   --> A              
     e( 23 - 23) =     -3.81083  eV     1   --> A              
     e( 24 - 24) =     -2.95272  eV     1   --> A              
     e( 25 - 25) =     -2.30578  eV     1   --> A              
     e( 26 - 26) =     -1.50447  eV     1   --> A              
     e( 27 - 27) =     -1.21507  eV     1   --> A              
     e( 28 - 28) =      1.86088  eV     1   --> A              
     e( 29 - 29) =      2.31272  eV     1   --> A              
     e( 30 - 30) =      3.10270  eV     1   --> A              
     e( 31 - 31) =      3.14494  eV     1   --> A              
     e( 32 - 32) =      4.81157  eV     1   --> A              
     e( 33 - 33) =      5.55505  eV     1   --> A              
     e( 34 - 34) =      5.58177  eV     1   --> A              
     e( 35 - 35) =      5.85445  eV     1   --> A              

 **************************************************************************

 **************************************************************************

                    xk=(   0.33000,   0.19053,   0.00000  )

     Band symmetry, C_1 (1)     point group:

     e(  1 -  1) =    -77.73900  eV     1   --> A              
     e(  2 -  2) =    -49.16033  eV     1   --> A              
     e(  3 -  3) =    -49.02192  eV     1   --> A              
     e(  4 -  4) =    -48.87082  eV     1   --> A              
     e(  5 -  5) =    -22.62591  eV     1   --> A              
     e(  6 -  6) =    -22.55676  eV     1   --> A              
     e(  7 -  7) =    -20.56456  eV     1   --> A              
     e(  8 -  8) =    -19.67652  eV     1   --> A              
     e(  9 -  9) =    -14.10557  eV     1   --> A              
     e( 10 - 10) =    -13.76184  eV     1   --> A              
     e( 11 - 11) =    -12.26198  eV     1   --> A              
     e( 12 - 12) =    -10.87534  eV     1   --> A              
     e( 13 - 13) =    -10.50933  eV     1   --> A              
     e( 14 - 14) =    -10.28163  eV     1   --> A              
     e( 15 - 15) =    -10.24052  eV     1   --> A              
     e( 16 - 16) =     -8.93993  eV     1   --> A              
     e( 17 - 17) =     -8.51099  eV     1   --> A              
     e( 18 - 18) =     -8.32872  eV     1   --> A              
     e( 19 - 19) =     -7.80920  eV     1   --> A              
     e( 20 - 20) =     -7.48684  eV     1   --> A              
     e( 21 - 21) =     -6.21730  eV     1   --> A              
     e( 22 - 22) =     -3.97343  eV     1   --> A              
     e( 23 - 23) =     -3.79795  eV     1   --> A              
     e( 24 - 24) =     -2.96258  eV     1   --> A              
     e( 25 - 25) =     -2.31836  eV     1   --> A              
     e( 26 - 26) =     -1.45363  eV     1   --> A              
     e( 27 - 27) =     -1.17597  eV     1   --> A              
     e( 28 - 28) =      1.87506  eV     1   --> A              
     e( 29 - 29) =      2.30701  eV     1   --> A              
     e( 30 - 30) =      3.07379  eV     1   --> A              
     e( 31 - 31) =      3.12335  eV     1   --> A              
     e( 32 - 32) =      4.79012  eV     1   --> A              
     e( 33 - 33) =      5.53626  eV     1   --> A              
     e( 34 - 34) =      5.56812  eV     1   --> A              
     e( 35 - 35) =      5.81797  eV     1   --> A              

 **************************************************************************

 **************************************************************************

                    xk=(   0.32500,   0.18764,   0.00000  )

     Band symmetry, C_1 (1)     point group:

     e(  1 -  1) =    -77.73942  eV     1   --> A              
     e(  2 -  2) =    -49.15700  eV     1   --> A              
     e(  3 -  3) =    -49.02115  eV     1   --> A              
     e(  4 -  4) =    -48.87143  eV     1   --> A              
     e(  5 -  5) =    -22.66763  eV     1   --> A              
     e(  6 -  6) =    -22.59795  eV     1   --> A              
     e(  7 -  7) =    -20.58208  eV     1   --> A              
     e(  8 -  8) =    -19.68258  eV     1   --> A              
     e(  9 -  9) =    -14.04345  eV     1   --> A              
     e( 10 - 10) =    -13.68761  eV     1   --> A              
     e( 11 - 11) =    -12.26881  eV     1   --> A              
     e( 12 - 12) =    -10.85663  eV     1   --> A              
     e( 13 - 13) =    -10.49513  eV     1   --> A              
     e( 14 - 14) =    -10.26412  eV     1   --> A              
     e( 15 - 15) =    -10.22342  eV     1   --> A              
     e( 16 - 16) =     -8.91755  eV     1   --> A              
     e( 17 - 17) =     -8.49477  eV     1   --> A              
     e( 18 - 18) =     -8.34244  eV     1   --> A              
     e( 19 - 19) =     -7.82881  eV     1   --> A              
     e( 20 - 20) =     -7.48302  eV     1   --> A              
     e( 21 - 21) =     -6.21233  eV     1   --> A              
     e( 22 - 22) =     -3.95718  eV     1   --> A              
     e( 23 - 23) =     -3.78512  eV     1   --> A              
     e( 24 - 24) =     -2.97310  eV     1   --> A              
     e( 25 - 25) =     -2.33129  eV     1   --> A              
     e( 26 - 26) =     -1.40213  eV     1   --> A              
     e( 27 - 27) =     -1.13575  eV     1   --> A              
     e( 28 - 28) =      1.88761  eV     1   --> A              
     e( 29 - 29) =      2.29839  eV     1   --> A              
     e( 30 - 30) =      3.03835  eV     1   --> A              
     e( 31 - 31) =      3.11173  eV     1   --> A              
     e( 32 - 32) =      4.76667  eV     1   --> A              
     e( 33 - 33) =      5.51449  eV     1   --> A              
     e( 34 - 34) =      5.55254  eV     1   --> A              
     e( 35 - 35) =      5.78189  eV     1   --> A              

 **************************************************************************

 **************************************************************************

                    xk=(   0.32000,   0.18475,   0.00000  )

     Band symmetry, C_1 (1)     point group:

     e(  1 -  1) =    -77.73985  eV     1   --> A              
     e(  2 -  2) =    -49.15362  eV     1   --> A              
     e(  3 -  3) =    -49.02037  eV     1   --> A              
     e(  4 -  4) =    -48.87205  eV     1   --> A              
     e(  5 -  5) =    -22.70928  eV     1   --> A              
     e(  6 -  6) =    -22.63907  eV     1   --> A              
     e(  7 -  7) =    -20.60009  eV     1   --> A              
     e(  8 -  8) =    -19.68905  eV     1   --> A              
     e(  9 -  9) =    -13.98179  eV     1   --> A              
     e( 10 - 10) =    -13.61219  eV     1   --> A              
     e( 11 - 11) =    -12.27443  eV     1   --> A              
     e( 12 - 12) =    -10.83971  eV     1   --> A              
     e( 13 - 13) =    -10.47928  eV     1   --> A              
     e( 14 - 14) =    -10.24625  eV     1   --> A              
     e( 15 - 15) =    -10.20595  eV     1   --> A              
     e( 16 - 16) =     -8.89439  eV     1   --> A              
     e( 17 - 17) =     -8.47822  eV     1   --> A              
     e( 18 - 18) =     -8.35599  eV     1   --> A              
     e( 19 - 19) =     -7.84862  eV     1   --> A              
     e( 20 - 20) =     -7.47892  eV     1   --> A              
     e( 21 - 21) =     -6.20654  eV     1   --> A              
     e( 22 - 22) =     -3.94069  eV     1   --> A              
     e( 23 - 23) =     -3.77236  eV     1   --> A              
     e( 24 - 24) =     -2.98423  eV     1   --> A              
     e( 25 - 25) =     -2.34459  eV     1   --> A              
     e( 26 - 26) =     -1.35002  eV     1   --> A              
     e( 27 - 27) =     -1.09450  eV     1   --> A              
     e( 28 - 28) =      1.89822  eV     1   --> A              
     e( 29 - 29) =      2.28694  eV     1   --> A              
     e( 30 - 30) =      3.00154  eV     1   --> A              
     e( 31 - 31) =      3.10503  eV     1   --> A              
     e( 32 - 32) =      4.74107  eV     1   --> A              
     e( 33 - 33) =      5.48970  eV     1   --> A              
     e( 34 - 34) =      5.53490  eV     1   --> A              
     e( 35 - 35) =      5.74635  eV     1   --> A              

 **************************************************************************

 **************************************************************************

                    xk=(   0.31500,   0.18187,   0.00000  )

     Band symmetry, C_1 (1)     point group:

     e(  1 -  1) =    -77.74029  eV     1   --> A              
     e(  2 -  2) =    -49.15019  eV     1   --> A              
     e(  3 -  3) =    -49.01957  eV     1   --> A              
     e(  4 -  4) =    -48.87268  eV     1   --> A              
     e(  5 -  5) =    -22.75082  eV     1   --> A              
     e(  6 -  6) =    -22.68009  eV     1   --> A              
     e(  7 -  7) =    -20.61855  eV     1   --> A              
     e(  8 -  8) =    -19.69591  eV     1   --> A              
     e(  9 -  9) =    -13.92088  eV     1   --> A              
     e( 10 - 10) =    -13.53562  eV     1   --> A              
     e( 11 - 11) =    -12.27861  eV     1   --> A              
     e( 12 - 12) =    -10.82475  eV     1   --> A              
     e( 13 - 13) =    -10.46163  eV     1   --> A              
     e( 14 - 14) =    -10.22801  eV     1   --> A              
     e( 15 - 15) =    -10.18813  eV     1   --> A              
     e( 16 - 16) =     -8.87052  eV     1   --> A              
     e( 17 - 17) =     -8.46133  eV     1   --> A              
     e( 18 - 18) =     -8.36936  eV     1   --> A              
     e( 19 - 19) =     -7.86861  eV     1   --> A              
     e( 20 - 20) =     -7.47453  eV     1   --> A              
     e( 21 - 21) =     -6.19990  eV     1   --> A              
     e( 22 - 22) =     -3.92396  eV     1   --> A              
     e( 23 - 23) =     -3.75969  eV     1   --> A              
     e( 24 - 24) =     -2.99593  eV     1   --> A              
     e( 25 - 25) =     -2.35823  eV     1   --> A              
     e( 26 - 26) =     -1.29736  eV     1   --> A              
     e( 27 - 27) =     -1.05229  eV     1   --> A              
     e( 28 - 28) =      1.90657  eV     1   --> A              
     e( 29 - 29) =      2.27278  eV     1   --> A              
     e( 30 - 30) =      2.96541  eV     1   --> A              
     e( 31 - 31) =      3.10127  eV     1   --> A              
     e( 32 - 32) =      4.71321  eV     1   --> A              
     e( 33 - 33) =      5.46197  eV     1   --> A              
     e( 34 - 34) =      5.51513  eV     1   --> A              
     e( 35 - 35) =      5.71146  eV     1   --> A              

 **************************************************************************

 **************************************************************************

                    xk=(   0.31000,   0.17898,   0.00000  )

     Band symmetry, C_1 (1)     point group:

     e(  1 -  1) =    -77.74073  eV     1   --> A              
     e(  2 -  2) =    -49.14671  eV     1   --> A              
     e(  3 -  3) =    -49.01877  eV     1   --> A              
     e(  4 -  4) =    -48.87332  eV     1   --> A              
     e(  5 -  5) =    -22.79221  eV     1   --> A              
     e(  6 -  6) =    -22.72095  eV     1   --> A              
     e(  7 -  7) =    -20.63744  eV     1   --> A              
     e(  8 -  8) =    -19.70314  eV     1   --> A              
     e(  9 -  9) =    -13.86103  eV     1   --> A              
     e( 10 - 10) =    -13.45798  eV     1   --> A              
     e( 11 - 11) =    -12.28105  eV     1   --> A              
     e( 12 - 12) =    -10.81185  eV     1   --> A              
     e( 13 - 13) =    -10.44207  eV     1   --> A              
     e( 14 - 14) =    -10.20943  eV     1   --> A              
     e( 15 - 15) =    -10.16995  eV     1   --> A              
     e( 16 - 16) =     -8.84604  eV     1   --> A              
     e( 17 - 17) =     -8.44414  eV     1   --> A              
     e( 18 - 18) =     -8.38250  eV     1   --> A              
     e( 19 - 19) =     -7.88874  eV     1   --> A              
     e( 20 - 20) =     -7.46982  eV     1   --> A              
     e( 21 - 21) =     -6.19240  eV     1   --> A              
     e( 22 - 22) =     -3.90701  eV     1   --> A              
     e( 23 - 23) =     -3.74711  eV     1   --> A              
     e( 24 - 24) =     -3.00816  eV     1   --> A              
     e( 25 - 25) =     -2.37222  eV     1   --> A              
     e( 26 - 26) =     -1.24419  eV     1   --> A              
     e( 27 - 27) =     -1.00918  eV     1   --> A              
     e( 28 - 28) =      1.91235  eV     1   --> A              
     e( 29 - 29) =      2.25609  eV     1   --> A              
     e( 30 - 30) =      2.93077  eV     1   --> A              
     e( 31 - 31) =      3.09961  eV     1   --> A              
     e( 32 - 32) =      4.68298  eV     1   --> A              
     e( 33 - 33) =      5.43144  eV     1   --> A              
     e( 34 - 34) =      5.49314  eV     1   --> A              
     e( 35 - 35) =      5.67727  eV     1   --> A              

 **************************************************************************

 **************************************************************************

                    xk=(   0.30500,   0.17609,   0.00000  )

     Band symmetry, C_1 (1)     point group:

     e(  1 -  1) =    -77.74118  eV     1   --> A              
     e(  2 -  2) =    -49.14318  eV     1   --> A              
     e(  3 -  3) =    -49.01795  eV     1   --> A              
     e(  4 -  4) =    -48.87396  eV     1   --> A              
     e(  5 -  5) =    -22.83341  eV     1   --> A              
     e(  6 -  6) =    -22.76163  eV     1   --> A              
     e(  7 -  7) =    -20.65672  eV     1   --> A              
     e(  8 -  8) =    -19.71071  eV     1   --> A              
     e(  9 -  9) =    -13.80261  eV     1   --> A              
     e( 10 - 10) =    -13.37931  eV     1   --> A              
     e( 11 - 11) =    -12.28144  eV     1   --> A              
     e( 12 - 12) =    -10.80105  eV     1   --> A              
     e( 13 - 13) =    -10.42059  eV     1   --> A              
     e( 14 - 14) =    -10.19050  eV     1   --> A              
     e( 15 - 15) =    -10.15144  eV     1   --> A              
     e( 16 - 16) =     -8.82104  eV     1   --> A              
     e( 17 - 17) =     -8.42665  eV     1   --> A              
     e( 18 - 18) =     -8.39537  eV     1   --> A              
     e( 19 - 19) =     -7.90899  eV     1   --> A              
     e( 20 - 20) =     -7.46481  eV     1   --> A              
     e( 21 - 21) =     -6.18401  eV     1   --> A              
     e( 22 - 22) =     -3.88984  eV     1   --> A              
     e( 23 - 23) =     -3.73466  eV     1   --> A              
     e( 24 - 24) =     -3.02085  eV     1   --> A              
     e( 25 - 25) =     -2.38655  eV     1   --> A              
     e( 26 - 26) =     -1.19059  eV     1   --> A              
     e( 27 - 27) =     -0.96526  eV     1   --> A              
     e( 28 - 28) =      1.91524  eV     1   --> A              
     e( 29 - 29) =      2.23710  eV     1   --> A              
     e( 30 - 30) =      2.89809  eV     1   --> A              
     e( 31 - 31) =      3.09951  eV     1   --> A              
     e( 32 - 32) =      4.65029  eV     1   --> A              
     e( 33 - 33) =      5.39839  eV     1   --> A              
     e( 34 - 34) =      5.46888  eV     1   --> A              
     e( 35 - 35) =      5.64378  eV     1   --> A              

 **************************************************************************

 **************************************************************************

                    xk=(   0.30000,   0.17321,   0.00000  )

     Band symmetry, C_1 (1)     point group:

     e(  1 -  1) =    -77.74164  eV     1   --> A              
     e(  2 -  2) =    -49.13961  eV     1   --> A              
     e(  3 -  3) =    -49.01713  eV     1   --> A              
     e(  4 -  4) =    -48.87462  eV     1   --> A              
     e(  5 -  5) =    -22.87439  eV     1   --> A              
     e(  6 -  6) =    -22.80210  eV     1   --> A              
     e(  7 -  7) =    -20.67636  eV     1   --> A              
     e(  8 -  8) =    -19.71862  eV     1   --> A              
     e(  9 -  9) =    -13.74601  eV     1   --> A              
     e( 10 - 10) =    -13.29969  eV     1   --> A              
     e( 11 - 11) =    -12.27943  eV     1   --> A              
     e( 12 - 12) =    -10.79230  eV     1   --> A              
     e( 13 - 13) =    -10.39723  eV     1   --> A              
     e( 14 - 14) =    -10.17126  eV     1   --> A              
     e( 15 - 15) =    -10.13261  eV     1   --> A              
     e( 16 - 16) =     -8.79567  eV     1   --> A              
     e( 17 - 17) =     -8.40888  eV     1   --> A              
     e( 18 - 18) =     -8.40787  eV     1   --> A              
     e( 19 - 19) =     -7.92933  eV     1   --> A              
     e( 20 - 20) =     -7.45948  eV     1   --> A              
     e( 21 - 21) =     -6.17472  eV     1   --> A              
     e( 22 - 22) =     -3.87249  eV     1   --> A              
     e( 23 - 23) =     -3.72234  eV     1   --> A              
     e( 24 - 24) =     -3.03398  eV     1   --> A              
     e( 25 - 25) =     -2.40121  eV     1   --> A              
     e( 26 - 26) =     -1.13661  eV     1   --> A              
     e( 27 - 27) =     -0.92063  eV     1   --> A              
     e( 28 - 28) =      1.91497  eV     1   --> A              
     e( 29 - 29) =      2.21604  eV     1   --> A              
     e( 30 - 30) =      2.86770  eV     1   --> A              
     e( 31 - 31) =      3.10052  eV     1   --> A              
     e( 32 - 32) =      4.61508  eV     1   --> A              
     e( 33 - 33) =      5.36315  eV     1   --> A              
     e( 34 - 34) =      5.44228  eV     1   --> A              
     e( 35 - 35) =      5.61095  eV     1   --> A              

 **************************************************************************

 **************************************************************************

                    xk=(   0.29500,   0.17032,   0.00000  )

     Band symmetry, C_1 (1)     point group:

     e(  1 -  1) =    -77.74210  eV     1   --> A              
     e(  2 -  2) =    -49.13600  eV     1   --> A              
     e(  3 -  3) =    -49.01630  eV     1   --> A              
     e(  4 -  4) =    -48.87528  eV     1   --> A              
     e(  5 -  5) =    -22.91512  eV     1   --> A              
     e(  6 -  6) =    -22.84232  eV     1   --> A              
     e(  7 -  7) =    -20.69632  eV     1   --> A              
     e(  8 -  8) =    -19.72683  eV     1   --> A              
     e(  9 -  9) =    -13.69164  eV     1   --> A              
     e( 10 - 10) =    -13.21916  eV     1   --> A              
     e( 11 - 11) =    -12.27464  eV     1   --> A              
     e( 12 - 12) =    -10.78550  eV     1   --> A              
     e( 13 - 13) =    -10.37207  eV     1   --> A              
     e( 14 - 14) =    -10.15172  eV     1   --> A              
     e( 15 - 15) =    -10.11348  eV     1   --> A              
     e( 16 - 16) =     -8.77011  eV     1   --> A              
     e( 17 - 17) =     -8.41991  eV     1   --> A              
     e( 18 - 18) =     -8.39086  eV     1   --> A              
     e( 19 - 19) =     -7.94973  eV     1   --> A              
     e( 20 - 20) =     -7.45383  eV     1   --> A              
     e( 21 - 21) =     -6.16452  eV     1   --> A              
     e( 22 - 22) =     -3.85497  eV     1   --> A              
     e( 23 - 23) =     -3.71017  eV     1   --> A              
     e( 24 - 24) =     -3.04749  eV     1   --> A              
     e( 25 - 25) =     -2.41621  eV     1   --> A              
     e( 26 - 26) =     -1.08233  eV     1   --> A              
     e( 27 - 27) =     -0.87535  eV     1   --> A              
     e( 28 - 28) =      1.91134  eV     1   --> A              
     e( 29 - 29) =      2.19315  eV     1   --> A              
     e( 30 - 30) =      2.83987  eV     1   --> A              
     e( 31 - 31) =      3.10220  eV     1   --> A              
     e( 32 - 32) =      4.57734  eV     1   --> A              
     e( 33 - 33) =      5.32614  eV     1   --> A              
     e( 34 - 34) =      5.41333  eV     1   --> A              
     e( 35 - 35) =      5.57875  eV     1   --> A              

 **************************************************************************

 **************************************************************************

                    xk=(   0.29000,   0.16743,   0.00000  )

     Band symmetry, C_1 (1)     point group:

     e(  1 -  1) =    -77.74256  eV     1   --> A              
     e(  2 -  2) =    -49.13236  eV     1   --> A              
     e(  3 -  3) =    -49.01546  eV     1   --> A              
     e(  4 -  4) =    -48.87594  eV     1   --> A              
     e(  5 -  5) =    -22.95557  eV     1   --> A              
     e(  6 -  6) =    -22.88227  eV     1   --> A              
     e(  7 -  7) =    -20.71658  eV     1   --> A              
     e(  8 -  8) =    -19.73533  eV     1   --> A              
     e(  9 -  9) =    -13.63995  eV     1   --> A              
     e( 10 - 10) =    -13.13779  eV     1   --> A              
     e( 11 - 11) =    -12.26666  eV     1   --> A              
     e( 12 - 12) =    -10.78053  eV     1   --> A              
     e( 13 - 13) =    -10.34526  eV     1   --> A              
     e( 14 - 14) =    -10.13189  eV     1   --> A              
     e( 15 - 15) =    -10.09405  eV     1   --> A              
     e( 16 - 16) =     -8.74459  eV     1   --> A              
     e( 17 - 17) =     -8.43129  eV     1   --> A              
     e( 18 - 18) =     -8.37262  eV     1   --> A              
     e( 19 - 19) =     -7.97015  eV     1   --> A              
     e( 20 - 20) =     -7.44785  eV     1   --> A              
     e( 21 - 21) =     -6.15340  eV     1   --> A              
     e( 22 - 22) =     -3.83729  eV     1   --> A              
     e( 23 - 23) =     -3.69815  eV     1   --> A              
     e( 24 - 24) =     -3.06132  eV     1   --> A              
     e( 25 - 25) =     -2.43153  eV     1   --> A              
     e( 26 - 26) =     -1.02781  eV     1   --> A              
     e( 27 - 27) =     -0.82954  eV     1   --> A              
     e( 28 - 28) =      1.90421  eV     1   --> A              
     e( 29 - 29) =      2.16863  eV     1   --> A              
     e( 30 - 30) =      2.81475  eV     1   --> A              
     e( 31 - 31) =      3.10415  eV     1   --> A              
     e( 32 - 32) =      4.53706  eV     1   --> A              
     e( 33 - 33) =      5.28775  eV     1   --> A              
     e( 34 - 34) =      5.38199  eV     1   --> A              
     e( 35 - 35) =      5.54711  eV     1   --> A              

 **************************************************************************

 **************************************************************************

                    xk=(   0.28500,   0.16454,   0.00000  )

     Band symmetry, C_1 (1)     point group:

     e(  1 -  1) =    -77.74303  eV     1   --> A              
     e(  2 -  2) =    -49.12868  eV     1   --> A              
     e(  3 -  3) =    -49.01461  eV     1   --> A              
     e(  4 -  4) =    -48.87662  eV     1   --> A              
     e(  5 -  5) =    -22.99570  eV     1   --> A              
     e(  6 -  6) =    -22.92191  eV     1   --> A              
     e(  7 -  7) =    -20.73709  eV     1   --> A              
     e(  8 -  8) =    -19.74409  eV     1   --> A              
     e(  9 -  9) =    -13.59139  eV     1   --> A              
     e( 10 - 10) =    -13.05564  eV     1   --> A              
     e( 11 - 11) =    -12.25508  eV     1   --> A              
     e( 12 - 12) =    -10.77721  eV     1   --> A              
     e( 13 - 13) =    -10.31695  eV     1   --> A              
     e( 14 - 14) =    -10.11178  eV     1   --> A              
     e( 15 - 15) =    -10.07433  eV     1   --> A              
     e( 16 - 16) =     -8.71945  eV     1   --> A              
     e( 17 - 17) =     -8.44174  eV     1   --> A              
     e( 18 - 18) =     -8.35418  eV     1   --> A              
     e( 19 - 19) =     -7.99056  eV     1   --> A              
     e( 20 - 20) =     -7.44153  eV     1   --> A              
     e( 21 - 21) =     -6.14137  eV     1   --> A              
     e( 22 - 22) =     -3.81947  eV     1   --> A              
     e( 23 - 23) =     -3.68631  eV     1   --> A              
     e( 24 - 24) =     -3.07543  eV     1   --> A              
     e( 25 - 25) =     -2.44716  eV     1   --> A              
     e( 26 - 26) =     -0.97313  eV     1   --> A              
     e( 27 - 27) =     -0.78330  eV     1   --> A              
     e( 28 - 28) =      1.89359  eV     1   --> A              
     e( 29 - 29) =      2.14264  eV     1   --> A              
     e( 30 - 30) =      2.79244  eV     1   --> A              
     e( 31 - 31) =      3.10597  eV     1   --> A              
     e( 32 - 32) =      4.49428  eV     1   --> A              
     e( 33 - 33) =      5.24840  eV     1   --> A              
     e( 34 - 34) =      5.34827  eV     1   --> A              
     e( 35 - 35) =      5.51602  eV     1   --> A              

 **************************************************************************

 **************************************************************************

                    xk=(   0.28000,   0.16166,   0.00000  )

     Band symmetry, C_1 (1)     point group:

     e(  1 -  1) =    -77.74350  eV     1   --> A              
     e(  2 -  2) =    -49.12498  eV     1   --> A              
     e(  3 -  3) =    -49.01376  eV     1   --> A              
     e(  4 -  4) =    -48.87729  eV     1   --> A              
     e(  5 -  5) =    -23.03550  eV     1   --> A              
     e(  6 -  6) =    -22.96121  eV     1   --> A              
     e(  7 -  7) =    -20.75783  eV     1   --> A              
     e(  8 -  8) =    -19.75310  eV     1   --> A              
     e(  9 -  9) =    -13.54639  eV     1   --> A              
     e( 10 - 10) =    -12.97277  eV     1   --> A              
     e( 11 - 11) =    -12.23948  eV     1   --> A              
     e( 12 - 12) =    -10.77537  eV     1   --> A              
     e( 13 - 13) =    -10.28730  eV     1   --> A              
     e( 14 - 14) =    -10.09141  eV     1   --> A              
     e( 15 - 15) =    -10.05435  eV     1   --> A              
     e( 16 - 16) =     -8.69520  eV     1   --> A              
     e( 17 - 17) =     -8.45084  eV     1   --> A              
     e( 18 - 18) =     -8.33559  eV     1   --> A              
     e( 19 - 19) =     -8.01089  eV     1   --> A              
     e( 20 - 20) =     -7.43489  eV     1   --> A              
     e( 21 - 21) =     -6.12843  eV     1   --> A              
     e( 22 - 22) =     -3.80152  eV     1   --> A              
     e( 23 - 23) =     -3.67463  eV     1   --> A              
     e( 24 - 24) =     -3.08975  eV     1   --> A              
     e( 25 - 25) =     -2.46310  eV     1   --> A              
     e( 26 - 26) =     -0.91839  eV     1   --> A              
     e( 27 - 27) =     -0.73672  eV     1   --> A              
     e( 28 - 28) =      1.87958  eV     1   --> A              
     e( 29 - 29) =      2.11533  eV     1   --> A              
     e( 30 - 30) =      2.77292  eV     1   --> A              
     e( 31 - 31) =      3.10731  eV     1   --> A              
     e( 32 - 32) =      4.44906  eV     1   --> A              
     e( 33 - 33) =      5.20846  eV     1   --> A              
     e( 34 - 34) =      5.31221  eV     1   --> A              
     e( 35 - 35) =      5.48547  eV     1   --> A              

 **************************************************************************

 **************************************************************************

                    xk=(   0.27500,   0.15877,   0.00000  )

     Band symmetry, C_1 (1)     point group:

     e(  1 -  1) =    -77.74397  eV     1   --> A              
     e(  2 -  2) =    -49.12126  eV     1   --> A              
     e(  3 -  3) =    -49.01290  eV     1   --> A              
     e(  4 -  4) =    -48.87797  eV     1   --> A              
     e(  5 -  5) =    -23.07494  eV     1   --> A              
     e(  6 -  6) =    -23.00016  eV     1   --> A              
     e(  7 -  7) =    -20.77876  eV     1   --> A              
     e(  8 -  8) =    -19.76233  eV     1   --> A              
     e(  9 -  9) =    -13.50536  eV     1   --> A              
     e( 10 - 10) =    -12.88923  eV     1   --> A              
     e( 11 - 11) =    -12.21950  eV     1   --> A              
     e( 12 - 12) =    -10.77486  eV     1   --> A              
     e( 13 - 13) =    -10.25646  eV     1   --> A              
     e( 14 - 14) =    -10.07081  eV     1   --> A              
     e( 15 - 15) =    -10.03412  eV     1   --> A              
     e( 16 - 16) =     -8.67257  eV     1   --> A              
     e( 17 - 17) =     -8.45791  eV     1   --> A              
     e( 18 - 18) =     -8.31691  eV     1   --> A              
     e( 19 - 19) =     -8.03108  eV     1   --> A              
     e( 20 - 20) =     -7.42791  eV     1   --> A              
     e( 21 - 21) =     -6.11458  eV     1   --> A              
     e( 22 - 22) =     -3.78346  eV     1   --> A              
     e( 23 - 23) =     -3.66314  eV     1   --> A              
     e( 24 - 24) =     -3.10425  eV     1   --> A              
     e( 25 - 25) =     -2.47933  eV     1   --> A              
     e( 26 - 26) =     -0.86366  eV     1   --> A              
     e( 27 - 27) =     -0.68994  eV     1   --> A              
     e( 28 - 28) =      1.86242  eV     1   --> A              
     e( 29 - 29) =      2.08683  eV     1   --> A              
     e( 30 - 30) =      2.75606  eV     1   --> A              
     e( 31 - 31) =      3.10781  eV     1   --> A              
     e( 32 - 32) =      4.40148  eV     1   --> A              
     e( 33 - 33) =      5.16828  eV     1   --> A              
     e( 34 - 34) =      5.27383  eV     1   --> A              
     e( 35 - 35) =      5.45549  eV     1   --> A              

 **************************************************************************

 **************************************************************************

                    xk=(   0.27000,   0.15588,   0.00000  )

     Band symmetry, C_1 (1)     point group:

     e(  1 -  1) =    -77.74444  eV     1   --> A              
     e(  2 -  2) =    -49.11751  eV     1   --> A              
     e(  3 -  3) =    -49.01204  eV     1   --> A              
     e(  4 -  4) =    -48.87866  eV     1   --> A              
     e(  5 -  5) =    -23.11399  eV     1   --> A              
     e(  6 -  6) =    -23.03873  eV     1   --> A              
     e(  7 -  7) =    -20.79986  eV     1   --> A              
     e(  8 -  8) =    -19.77177  eV     1   --> A              
     e(  9 -  9) =    -13.46863  eV     1   --> A              
     e( 10 - 10) =    -12.80510  eV     1   --> A              
     e( 11 - 11) =    -12.19484  eV     1   --> A              
     e( 12 - 12) =    -10.77550  eV     1   --> A              
     e( 13 - 13) =    -10.22460  eV     1   --> A              
     e( 14 - 14) =    -10.04997  eV     1   --> A              
     e( 15 - 15) =    -10.01365  eV     1   --> A              
     e( 16 - 16) =     -8.65261  eV     1   --> A              
     e( 17 - 17) =     -8.46197  eV     1   --> A              
     e( 18 - 18) =     -8.29823  eV     1   --> A              
     e( 19 - 19) =     -8.05103  eV     1   --> A              
     e( 20 - 20) =     -7.42059  eV     1   --> A              
     e( 21 - 21) =     -6.09985  eV     1   --> A              
     e( 22 - 22) =     -3.76531  eV     1   --> A              
     e( 23 - 23) =     -3.65185  eV     1   --> A              
     e( 24 - 24) =     -3.11886  eV     1   --> A              
     e( 25 - 25) =     -2.49586  eV     1   --> A              
     e( 26 - 26) =     -0.80907  eV     1   --> A              
     e( 27 - 27) =     -0.64307  eV     1   --> A              
     e( 28 - 28) =      1.84245  eV     1   --> A              
     e( 29 - 29) =      2.05724  eV     1   --> A              
     e( 30 - 30) =      2.74165  eV     1   --> A              
     e( 31 - 31) =      3.10717  eV     1   --> A              
     e( 32 - 32) =      4.35165  eV     1   --> A              
     e( 33 - 33) =      5.12818  eV     1   --> A              
     e( 34 - 34) =      5.23320  eV     1   --> A              
     e( 35 - 35) =      5.42611  eV     1   --> A              

 **************************************************************************

 **************************************************************************

                    xk=(   0.26500,   0.15300,   0.00000  )

     Band symmetry, C_1 (1)     point group:

     e(  1 -  1) =    -77.74492  eV     1   --> A              
     e(  2 -  2) =    -49.11375  eV     1   --> A              
     e(  3 -  3) =    -49.01117  eV     1   --> A              
     e(  4 -  4) =    -48.87934  eV     1   --> A              
     e(  5 -  5) =    -23.15262  eV     1   --> A              
     e(  6 -  6) =    -23.07688  eV     1   --> A              
     e(  7 -  7) =    -20.82110  eV     1   --> A              
     e(  8 -  8) =    -19.78139  eV     1   --> A              
     e(  9 -  9) =    -13.43644  eV     1   --> A              
     e( 10 - 10) =    -12.72043  eV     1   --> A              
     e( 11 - 11) =    -12.16528  eV     1   --> A              
     e( 12 - 12) =    -10.77716  eV     1   --> A              
     e( 13 - 13) =    -10.19183  eV     1   --> A              
     e( 14 - 14) =    -10.02894  eV     1   --> A              
     e( 15 - 15) =     -9.99296  eV     1   --> A              
     e( 16 - 16) =     -8.63670  eV     1   --> A              
     e( 17 - 17) =     -8.46171  eV     1   --> A              
     e( 18 - 18) =     -8.27971  eV     1   --> A              
     e( 19 - 19) =     -8.07060  eV     1   --> A              
     e( 20 - 20) =     -7.41294  eV     1   --> A              
     e( 21 - 21) =     -6.08425  eV     1   --> A              
     e( 22 - 22) =     -3.74709  eV     1   --> A              
     e( 23 - 23) =     -3.64075  eV     1   --> A              
     e( 24 - 24) =     -3.13353  eV     1   --> A              
     e( 25 - 25) =     -2.51267  eV     1   --> A              
     e( 26 - 26) =     -0.75473  eV     1   --> A              
     e( 27 - 27) =     -0.59625  eV     1   --> A              
     e( 28 - 28) =      1.82007  eV     1   --> A              
     e( 29 - 29) =      2.02668  eV     1   --> A              
     e( 30 - 30) =      2.72940  eV     1   --> A              
     e( 31 - 31) =      3.10511  eV     1   --> A              
     e( 32 - 32) =      4.29971  eV     1   --> A              
     e( 33 - 33) =      5.08841  eV     1   --> A              
     e( 34 - 34) =      5.19039  eV     1   --> A              
     e( 35 - 35) =      5.39429  eV     1   --> A              

 **************************************************************************

 **************************************************************************

                    xk=(   0.26000,   0.15011,   0.00000  )

     Band symmetry, C_1 (1)     point group:

     e(  1 -  1) =    -77.74540  eV     1   --> A              
     e(  2 -  2) =    -49.10997  eV     1   --> A              
     e(  3 -  3) =    -49.01030  eV     1   --> A              
     e(  4 -  4) =    -48.88003  eV     1   --> A              
     e(  5 -  5) =    -23.19082  eV     1   --> A              
     e(  6 -  6) =    -23.11461  eV     1   --> A              
     e(  7 -  7) =    -20.84243  eV     1   --> A              
     e(  8 -  8) =    -19.79116  eV     1   --> A              
     e(  9 -  9) =    -13.40893  eV     1   --> A              
     e( 10 - 10) =    -12.63529  eV     1   --> A              
     e( 11 - 11) =    -12.13072  eV     1   --> A              
     e( 12 - 12) =    -10.77969  eV     1   --> A              
     e( 13 - 13) =    -10.15829  eV     1   --> A              
     e( 14 - 14) =    -10.00771  eV     1   --> A              
     e( 15 - 15) =     -9.97207  eV     1   --> A              
     e( 16 - 16) =     -8.62617  eV     1   --> A              
     e( 17 - 17) =     -8.45587  eV     1   --> A              
     e( 18 - 18) =     -8.26159  eV     1   --> A              
     e( 19 - 19) =     -8.08951  eV     1   --> A              
     e( 20 - 20) =     -7.40497  eV     1   --> A              
     e( 21 - 21) =     -6.06781  eV     1   --> A              
     e( 22 - 22) =     -3.72881  eV     1   --> A              
     e( 23 - 23) =     -3.62985  eV     1   --> A              
     e( 24 - 24) =     -3.14820  eV     1   --> A              
     e( 25 - 25) =     -2.52974  eV     1   --> A              
     e( 26 - 26) =     -0.70076  eV     1   --> A              
     e( 27 - 27) =     -0.54964  eV     1   --> A              
     e( 28 - 28) =      1.79573  eV     1   --> A              
     e( 29 - 29) =      1.99532  eV     1   --> A              
     e( 30 - 30) =      2.71895  eV     1   --> A              
     e( 31 - 31) =      3.10139  eV     1   --> A              
     e( 32 - 32) =      4.24579  eV     1   --> A              
     e( 33 - 33) =      5.04922  eV     1   --> A              
     e( 34 - 34) =      5.14550  eV     1   --> A              
     e( 35 - 35) =      5.34031  eV     1   --> A              

 **************************************************************************

 **************************************************************************

                    xk=(   0.25500,   0.14722,   0.00000  )

     Band symmetry, C_1 (1)     point group:

     e(  1 -  1) =    -77.74588  eV     1   --> A              
     e(  2 -  2) =    -49.10619  eV     1   --> A              
     e(  3 -  3) =    -49.00943  eV     1   --> A              
     e(  4 -  4) =    -48.88072  eV     1   --> A              
     e(  5 -  5) =    -23.22857  eV     1   --> A              
     e(  6 -  6) =    -23.15189  eV     1   --> A              
     e(  7 -  7) =    -20.86384  eV     1   --> A              
     e(  8 -  8) =    -19.80108  eV     1   --> A              
     e(  9 -  9) =    -13.38609  eV     1   --> A              
     e( 10 - 10) =    -12.54974  eV     1   --> A              
     e( 11 - 11) =    -12.09119  eV     1   --> A              
     e( 12 - 12) =    -10.78297  eV     1   --> A              
     e( 13 - 13) =    -10.12409  eV     1   --> A              
     e( 14 - 14) =     -9.98632  eV     1   --> A              
     e( 15 - 15) =     -9.95099  eV     1   --> A              
     e( 16 - 16) =     -8.62157  eV     1   --> A              
     e( 17 - 17) =     -8.44397  eV     1   --> A              
     e( 18 - 18) =     -8.24440  eV     1   --> A              
     e( 19 - 19) =     -8.10724  eV     1   --> A              
     e( 20 - 20) =     -7.39666  eV     1   --> A              
     e( 21 - 21) =     -6.05054  eV     1   --> A              
     e( 22 - 22) =     -3.71049  eV     1   --> A              
     e( 23 - 23) =     -3.61916  eV     1   --> A              
     e( 24 - 24) =     -3.16282  eV     1   --> A              
     e( 25 - 25) =     -2.54707  eV     1   --> A              
     e( 26 - 26) =     -0.64734  eV     1   --> A              
     e( 27 - 27) =     -0.50339  eV     1   --> A              
     e( 28 - 28) =      1.76991  eV     1   --> A              
     e( 29 - 29) =      1.96334  eV     1   --> A              
     e( 30 - 30) =      2.70992  eV     1   --> A              
     e( 31 - 31) =      3.09580  eV     1   --> A              
     e( 32 - 32) =      4.19005  eV     1   --> A              
     e( 33 - 33) =      5.01078  eV     1   --> A              
     e( 34 - 34) =      5.09864  eV     1   --> A              
     e( 35 - 35) =      5.28484  eV     1   --> A              

 **************************************************************************

 **************************************************************************

                    xk=(   0.25000,   0.14434,   0.00000  )

     Band symmetry, C_1 (1)     point group:

     e(  1 -  1) =    -77.74636  eV     1   --> A              
     e(  2 -  2) =    -49.10240  eV     1   --> A              
     e(  3 -  3) =    -49.00856  eV     1   --> A              
     e(  4 -  4) =    -48.88141  eV     1   --> A              
     e(  5 -  5) =    -23.26584  eV     1   --> A              
     e(  6 -  6) =    -23.18869  eV     1   --> A              
     e(  7 -  7) =    -20.88529  eV     1   --> A              
     e(  8 -  8) =    -19.81112  eV     1   --> A              
     e(  9 -  9) =    -13.36781  eV     1   --> A              
     e( 10 - 10) =    -12.46385  eV     1   --> A              
     e( 11 - 11) =    -12.04683  eV     1   --> A              
     e( 12 - 12) =    -10.78691  eV     1   --> A              
     e( 13 - 13) =    -10.08931  eV     1   --> A              
     e( 14 - 14) =     -9.96478  eV     1   --> A              
     e( 15 - 15) =     -9.92974  eV     1   --> A              
     e( 16 - 16) =     -8.62231  eV     1   --> A              
     e( 17 - 17) =     -8.42666  eV     1   --> A              
     e( 18 - 18) =     -8.22927  eV     1   --> A              
     e( 19 - 19) =     -8.12266  eV     1   --> A              
     e( 20 - 20) =     -7.38805  eV     1   --> A              
     e( 21 - 21) =     -6.03250  eV     1   --> A              
     e( 22 - 22) =     -3.69214  eV     1   --> A              
     e( 23 - 23) =     -3.60868  eV     1   --> A              
     e( 24 - 24) =     -3.17732  eV     1   --> A              
     e( 25 - 25) =     -2.56465  eV     1   --> A              
     e( 26 - 26) =     -0.59462  eV     1   --> A              
     e( 27 - 27) =     -0.45768  eV     1   --> A              
     e( 28 - 28) =      1.74308  eV     1   --> A              
     e( 29 - 29) =      1.93096  eV     1   --> A              
     e( 30 - 30) =      2.70193  eV     1   --> A              
     e( 31 - 31) =      3.08819  eV     1   --> A              
     e( 32 - 32) =      4.13265  eV     1   --> A              
     e( 33 - 33) =      4.97323  eV     1   --> A              
     e( 34 - 34) =      5.04993  eV     1   --> A              
     e( 35 - 35) =      5.22800  eV     1   --> A              

 **************************************************************************

 **************************************************************************

                    xk=(   0.24500,   0.14145,   0.00000  )

     Band symmetry, C_1 (1)     point group:

     e(  1 -  1) =    -77.74684  eV     1   --> A              
     e(  2 -  2) =    -49.09860  eV     1   --> A              
     e(  3 -  3) =    -49.00769  eV     1   --> A              
     e(  4 -  4) =    -48.88210  eV     1   --> A              
     e(  5 -  5) =    -23.30261  eV     1   --> A              
     e(  6 -  6) =    -23.22501  eV     1   --> A              
     e(  7 -  7) =    -20.90676  eV     1   --> A              
     e(  8 -  8) =    -19.82127  eV     1   --> A              
     e(  9 -  9) =    -13.35386  eV     1   --> A              
     e( 10 - 10) =    -12.37769  eV     1   --> A              
     e( 11 - 11) =    -11.99790  eV     1   --> A              
     e( 12 - 12) =    -10.79137  eV     1   --> A              
     e( 13 - 13) =    -10.05405  eV     1   --> A              
     e( 14 - 14) =     -9.94311  eV     1   --> A              
     e( 15 - 15) =     -9.90833  eV     1   --> A              
     e( 16 - 16) =     -8.62713  eV     1   --> A              
     e( 17 - 17) =     -8.40527  eV     1   --> A              
     e( 18 - 18) =     -8.21869  eV     1   --> A              
     e( 19 - 19) =     -8.13328  eV     1   --> A              
     e( 20 - 20) =     -7.37913  eV     1   --> A              
     e( 21 - 21) =     -6.01370  eV     1   --> A              
     e( 22 - 22) =     -3.67379  eV     1   --> A              
     e( 23 - 23) =     -3.59841  eV     1   --> A              
     e( 24 - 24) =     -3.19166  eV     1   --> A              
     e( 25 - 25) =     -2.58246  eV     1   --> A              
     e( 26 - 26) =     -0.54281  eV     1   --> A              
     e( 27 - 27) =     -0.41271  eV     1   --> A              
     e( 28 - 28) =      1.71572  eV     1   --> A              
     e( 29 - 29) =      1.89843  eV     1   --> A              
     e( 30 - 30) =      2.69460  eV     1   --> A              
     e( 31 - 31) =      3.07844  eV     1   --> A              
     e( 32 - 32) =      4.07376  eV     1   --> A              
     e( 33 - 33) =      4.93668  eV     1   --> A              
     e( 34 - 34) =      4.99951  eV     1   --> A              
     e( 35 - 35) =      5.16992  eV     1   --> A              

 **************************************************************************

 **************************************************************************

                    xk=(   0.24000,   0.13856,   0.00000  )

     Band symmetry, C_1 (1)     point group:

     e(  1 -  1) =    -77.74732  eV     1   --> A              
     e(  2 -  2) =    -49.09481  eV     1   --> A              
     e(  3 -  3) =    -49.00682  eV     1   --> A              
     e(  4 -  4) =    -48.88279  eV     1   --> A              
     e(  5 -  5) =    -23.33887  eV     1   --> A              
     e(  6 -  6) =    -23.26082  eV     1   --> A              
     e(  7 -  7) =    -20.92821  eV     1   --> A              
     e(  8 -  8) =    -19.83149  eV     1   --> A              
     e(  9 -  9) =    -13.34396  eV     1   --> A              
     e( 10 - 10) =    -12.29134  eV     1   --> A              
     e( 11 - 11) =    -11.94471  eV     1   --> A              
     e( 12 - 12) =    -10.79629  eV     1   --> A              
     e( 13 - 13) =    -10.01838  eV     1   --> A              
     e( 14 - 14) =     -9.92133  eV     1   --> A              
     e( 15 - 15) =     -9.88679  eV     1   --> A              
     e( 16 - 16) =     -8.63478  eV     1   --> A              
     e( 17 - 17) =     -8.38109  eV     1   --> A              
     e( 18 - 18) =     -8.21652  eV     1   --> A              
     e( 19 - 19) =     -8.13522  eV     1   --> A              
     e( 20 - 20) =     -7.36992  eV     1   --> A              
     e( 21 - 21) =     -5.99420  eV     1   --> A              
     e( 22 - 22) =     -3.65544  eV     1   --> A              
     e( 23 - 23) =     -3.58834  eV     1   --> A              
     e( 24 - 24) =     -3.20577  eV     1   --> A              
     e( 25 - 25) =     -2.60048  eV     1   --> A              
     e( 26 - 26) =     -0.49213  eV     1   --> A              
     e( 27 - 27) =     -0.36867  eV     1   --> A              
     e( 28 - 28) =      1.68827  eV     1   --> A              
     e( 29 - 29) =      1.86604  eV     1   --> A              
     e( 30 - 30) =      2.68759  eV     1   --> A              
     e( 31 - 31) =      3.06647  eV     1   --> A              
     e( 32 - 32) =      4.01355  eV     1   --> A              
     e( 33 - 33) =      4.90119  eV     1   --> A              
     e( 34 - 34) =      4.94751  eV     1   --> A              
     e( 35 - 35) =      5.11075  eV     1   --> A              

 **************************************************************************

 **************************************************************************

                    xk=(   0.23500,   0.13568,   0.00000  )

     Band symmetry, C_1 (1)     point group:

     e(  1 -  1) =    -77.74779  eV     1   --> A              
     e(  2 -  2) =    -49.09103  eV     1   --> A              
     e(  3 -  3) =    -49.00595  eV     1   --> A              
     e(  4 -  4) =    -48.88348  eV     1   --> A              
     e(  5 -  5) =    -23.37460  eV     1   --> A              
     e(  6 -  6) =    -23.29610  eV     1   --> A              
     e(  7 -  7) =    -20.94962  eV     1   --> A              
     e(  8 -  8) =    -19.84178  eV     1   --> A              
     e(  9 -  9) =    -13.33775  eV     1   --> A              
     e( 10 - 10) =    -12.20487  eV     1   --> A              
     e( 11 - 11) =    -11.88766  eV     1   --> A              
     e( 12 - 12) =    -10.80154  eV     1   --> A              
     e( 13 - 13) =     -9.98237  eV     1   --> A              
     e( 14 - 14) =     -9.89946  eV     1   --> A              
     e( 15 - 15) =     -9.86513  eV     1   --> A              
     e( 16 - 16) =     -8.64434  eV     1   --> A              
     e( 17 - 17) =     -8.35512  eV     1   --> A              
     e( 18 - 18) =     -8.22389  eV     1   --> A              
     e( 19 - 19) =     -8.12737  eV     1   --> A              
     e( 20 - 20) =     -7.36043  eV     1   --> A              
     e( 21 - 21) =     -5.97403  eV     1   --> A              
     e( 22 - 22) =     -3.63713  eV     1   --> A              
     e( 23 - 23) =     -3.57849  eV     1   --> A              
     e( 24 - 24) =     -3.21959  eV     1   --> A              
     e( 25 - 25) =     -2.61871  eV     1   --> A              
     e( 26 - 26) =     -0.44286  eV     1   --> A              
     e( 27 - 27) =     -0.32580  eV     1   --> A              
     e( 28 - 28) =      1.66120  eV     1   --> A              
     e( 29 - 29) =      1.83407  eV     1   --> A              
     e( 30 - 30) =      2.68059  eV     1   --> A              
     e( 31 - 31) =      3.05225  eV     1   --> A              
     e( 32 - 32) =      3.95218  eV     1   --> A              
     e( 33 - 33) =      4.86678  eV     1   --> A              
     e( 34 - 34) =      4.89409  eV     1   --> A              
     e( 35 - 35) =      5.05062  eV     1   --> A              

 **************************************************************************

 **************************************************************************

                    xk=(   0.23000,   0.13279,   0.00000  )

     Band symmetry, C_1 (1)     point group:

     e(  1 -  1) =    -77.74827  eV     1   --> A              
     e(  2 -  2) =    -49.08725  eV     1   --> A              
     e(  3 -  3) =    -49.00508  eV     1   --> A              
     e(  4 -  4) =    -48.88416  eV     1   --> A              
     e(  5 -  5) =    -23.40978  eV     1   --> A              
     e(  6 -  6) =    -23.33084  eV     1   --> A              
     e(  7 -  7) =    -20.97097  eV     1   --> A              
     e(  8 -  8) =    -19.85211  eV     1   --> A              
     e(  9 -  9) =    -13.33486  eV     1   --> A              
     e( 10 - 10) =    -12.11837  eV     1   --> A              
     e( 11 - 11) =    -11.82714  eV     1   --> A              
     e( 12 - 12) =    -10.80705  eV     1   --> A              
     e( 13 - 13) =     -9.94609  eV     1   --> A              
     e( 14 - 14) =     -9.87753  eV     1   --> A              
     e( 15 - 15) =     -9.84337  eV     1   --> A              
     e( 16 - 16) =     -8.65517  eV     1   --> A              
     e( 17 - 17) =     -8.32803  eV     1   --> A              
     e( 18 - 18) =     -8.23730  eV     1   --> A              
     e( 19 - 19) =     -8.11322  eV     1   --> A              
     e( 20 - 20) =     -7.35070  eV     1   --> A              
     e( 21 - 21) =     -5.95325  eV     1   --> A              
     e( 22 - 22) =     -3.61887  eV     1   --> A              
     e( 23 - 23) =     -3.56884  eV     1   --> A              
     e( 24 - 24) =     -3.23306  eV     1   --> A              
     e( 25 - 25) =     -2.63713  eV     1   --> A              
     e( 26 - 26) =     -0.39530  eV     1   --> A              
     e( 27 - 27) =     -0.28433  eV     1   --> A              
     e( 28 - 28) =      1.63496  eV     1   --> A              
     e( 29 - 29) =      1.80287  eV     1   --> A              
     e( 30 - 30) =      2.67335  eV     1   --> A              
     e( 31 - 31) =      3.03579  eV     1   --> A              
     e( 32 - 32) =      3.88983  eV     1   --> A              
     e( 33 - 33) =      4.83344  eV     1   --> A              
     e( 34 - 34) =      4.83939  eV     1   --> A              
     e( 35 - 35) =      4.98967  eV     1   --> A              

 **************************************************************************

 **************************************************************************

                    xk=(   0.22500,   0.12990,   0.00000  )

     Band symmetry, C_1 (1)     point group:

     e(  1 -  1) =    -77.74875  eV     1   --> A              
     e(  2 -  2) =    -49.08349  eV     1   --> A              
     e(  3 -  3) =    -49.00421  eV     1   --> A              
     e(  4 -  4) =    -48.88485  eV     1   --> A              
     e(  5 -  5) =    -23.44439  eV     1   --> A              
     e(  6 -  6) =    -23.36502  eV     1   --> A              
     e(  7 -  7) =    -20.99222  eV     1   --> A              
     e(  8 -  8) =    -19.86247  eV     1   --> A              
     e(  9 -  9) =    -13.33491  eV     1   --> A              
     e( 10 - 10) =    -12.03194  eV     1   --> A              
     e( 11 - 11) =    -11.76356  eV     1   --> A              
     e( 12 - 12) =    -10.81272  eV     1   --> A              
     e( 13 - 13) =     -9.90959  eV     1   --> A              
     e( 14 - 14) =     -9.85556  eV     1   --> A              
     e( 15 - 15) =     -9.82154  eV     1   --> A              
     e( 16 - 16) =     -8.66688  eV     1   --> A              
     e( 17 - 17) =     -8.30029  eV     1   --> A              
     e( 18 - 18) =     -8.25355  eV     1   --> A              
     e( 19 - 19) =     -8.09597  eV     1   --> A              
     e( 20 - 20) =     -7.34073  eV     1   --> A              
     e( 21 - 21) =     -5.93190  eV     1   --> A              
     e( 22 - 22) =     -3.60067  eV     1   --> A              
     e( 23 - 23) =     -3.55940  eV     1   --> A              
     e( 24 - 24) =     -3.24612  eV     1   --> A              
     e( 25 - 25) =     -2.65572  eV     1   --> A              
     e( 26 - 26) =     -0.34981  eV     1   --> A              
     e( 27 - 27) =     -0.24450  eV     1   --> A              
     e( 28 - 28) =      1.61000  eV     1   --> A              
     e( 29 - 29) =      1.77276  eV     1   --> A              
     e( 30 - 30) =      2.66563  eV     1   --> A              
     e( 31 - 31) =      3.01713  eV     1   --> A              
     e( 32 - 32) =      3.82666  eV     1   --> A              
     e( 33 - 33) =      4.78357  eV     1   --> A              
     e( 34 - 34) =      4.80113  eV     1   --> A              
     e( 35 - 35) =      4.92803  eV     1   --> A              

 **************************************************************************

 **************************************************************************

                    xk=(   0.22000,   0.12702,   0.00000  )

     Band symmetry, C_1 (1)     point group:

     e(  1 -  1) =    -77.74922  eV     1   --> A              
     e(  2 -  2) =    -49.07974  eV     1   --> A              
     e(  3 -  3) =    -49.00335  eV     1   --> A              
     e(  4 -  4) =    -48.88553  eV     1   --> A              
     e(  5 -  5) =    -23.47843  eV     1   --> A              
     e(  6 -  6) =    -23.39863  eV     1   --> A              
     e(  7 -  7) =    -21.01335  eV     1   --> A              
     e(  8 -  8) =    -19.87284  eV     1   --> A              
     e(  9 -  9) =    -13.33754  eV     1   --> A              
     e( 10 - 10) =    -11.94569  eV     1   --> A              
     e( 11 - 11) =    -11.69733  eV     1   --> A              
     e( 12 - 12) =    -10.81844  eV     1   --> A              
     e( 13 - 13) =     -9.87292  eV     1   --> A              
     e( 14 - 14) =     -9.83356  eV     1   --> A              
     e( 15 - 15) =     -9.79965  eV     1   --> A              
     e( 16 - 16) =     -8.67918  eV     1   --> A              
     e( 17 - 17) =     -8.27219  eV     1   --> A              
     e( 18 - 18) =     -8.27106  eV     1   --> A              
     e( 19 - 19) =     -8.07720  eV     1   --> A              
     e( 20 - 20) =     -7.33057  eV     1   --> A              
     e( 21 - 21) =     -5.91004  eV     1   --> A              
     e( 22 - 22) =     -3.58255  eV     1   --> A              
     e( 23 - 23) =     -3.55017  eV     1   --> A              
     e( 24 - 24) =     -3.25871  eV     1   --> A              
     e( 25 - 25) =     -2.67447  eV     1   --> A              
     e( 26 - 26) =     -0.30680  eV     1   --> A              
     e( 27 - 27) =     -0.20656  eV     1   --> A              
     e( 28 - 28) =      1.58677  eV     1   --> A              
     e( 29 - 29) =      1.74413  eV     1   --> A              
     e( 30 - 30) =      2.65728  eV     1   --> A              
     e( 31 - 31) =      2.99637  eV     1   --> A              
     e( 32 - 32) =      3.76284  eV     1   --> A              
     e( 33 - 33) =      4.72680  eV     1   --> A              
     e( 34 - 34) =      4.76976  eV     1   --> A              
     e( 35 - 35) =      4.86586  eV     1   --> A              

 **************************************************************************

 **************************************************************************

                    xk=(   0.21500,   0.12413,   0.00000  )

     Band symmetry, C_1 (1)     point group:

     e(  1 -  1) =    -77.74969  eV     1   --> A              
     e(  2 -  2) =    -49.07602  eV     1   --> A              
     e(  3 -  3) =    -49.00250  eV     1   --> A              
     e(  4 -  4) =    -48.88620  eV     1   --> A              
     e(  5 -  5) =    -23.51187  eV     1   --> A              
     e(  6 -  6) =    -23.43165  eV     1   --> A              
     e(  7 -  7) =    -21.03435  eV     1   --> A              
     e(  8 -  8) =    -19.88320  eV     1   --> A              
     e(  9 -  9) =    -13.34240  eV     1   --> A              
     e( 10 - 10) =    -11.85973  eV     1   --> A              
     e( 11 - 11) =    -11.62882  eV     1   --> A              
     e( 12 - 12) =    -10.82410  eV     1   --> A              
     e( 13 - 13) =     -9.83614  eV     1   --> A              
     e( 14 - 14) =     -9.81157  eV     1   --> A              
     e( 15 - 15) =     -9.77772  eV     1   --> A              
     e( 16 - 16) =     -8.69190  eV     1   --> A              
     e( 17 - 17) =     -8.28913  eV     1   --> A              
     e( 18 - 18) =     -8.24397  eV     1   --> A              
     e( 19 - 19) =     -8.05760  eV     1   --> A              
     e( 20 - 20) =     -7.32023  eV     1   --> A              
     e( 21 - 21) =     -5.88772  eV     1   --> A              
     e( 22 - 22) =     -3.56453  eV     1   --> A              
     e( 23 - 23) =     -3.54114  eV     1   --> A              
     e( 24 - 24) =     -3.27076  eV     1   --> A              
     e( 25 - 25) =     -2.69335  eV     1   --> A              
     e( 26 - 26) =     -0.26673  eV     1   --> A              
     e( 27 - 27) =     -0.17076  eV     1   --> A              
     e( 28 - 28) =      1.56573  eV     1   --> A              
     e( 29 - 29) =      1.71736  eV     1   --> A              
     e( 30 - 30) =      2.64815  eV     1   --> A              
     e( 31 - 31) =      2.97362  eV     1   --> A              
     e( 32 - 32) =      3.69852  eV     1   --> A              
     e( 33 - 33) =      4.66923  eV     1   --> A              
     e( 34 - 34) =      4.73923  eV     1   --> A              
     e( 35 - 35) =      4.80329  eV     1   --> A              

 **************************************************************************

 **************************************************************************

                    xk=(   0.21000,   0.12124,   0.00000  )

     Band symmetry, C_1 (1)     point group:

     e(  1 -  1) =    -77.75015  eV     1   --> A              
     e(  2 -  2) =    -49.07232  eV     1   --> A              
     e(  3 -  3) =    -49.00165  eV     1   --> A              
     e(  4 -  4) =    -48.88687  eV     1   --> A              
     e(  5 -  5) =    -23.54471  eV     1   --> A              
     e(  6 -  6) =    -23.46407  eV     1   --> A              
     e(  7 -  7) =    -21.05517  eV     1   --> A              
     e(  8 -  8) =    -19.89354  eV     1   --> A              
     e(  9 -  9) =    -13.34918  eV     1   --> A              
     e( 10 - 10) =    -11.77423  eV     1   --> A              
     e( 11 - 11) =    -11.55837  eV     1   --> A              
     e( 12 - 12) =    -10.82956  eV     1   --> A              
     e( 13 - 13) =     -9.79930  eV     1   --> A              
     e( 14 - 14) =     -9.78960  eV     1   --> A              
     e( 15 - 15) =     -9.75577  eV     1   --> A              
     e( 16 - 16) =     -8.70491  eV     1   --> A              
     e( 17 - 17) =     -8.30742  eV     1   --> A              
     e( 18 - 18) =     -8.21580  eV     1   --> A              
     e( 19 - 19) =     -8.03754  eV     1   --> A              
     e( 20 - 20) =     -7.30976  eV     1   --> A              
     e( 21 - 21) =     -5.86501  eV     1   --> A              
     e( 22 - 22) =     -3.54663  eV     1   --> A              
     e( 23 - 23) =     -3.53232  eV     1   --> A              
     e( 24 - 24) =     -3.28221  eV     1   --> A              
     e( 25 - 25) =     -2.71236  eV     1   --> A              
     e( 26 - 26) =     -0.23013  eV     1   --> A              
     e( 27 - 27) =     -0.13733  eV     1   --> A              
     e( 28 - 28) =      1.54733  eV     1   --> A              
     e( 29 - 29) =      1.69285  eV     1   --> A              
     e( 30 - 30) =      2.63814  eV     1   --> A              
     e( 31 - 31) =      2.94901  eV     1   --> A              
     e( 32 - 32) =      3.63385  eV     1   --> A              
     e( 33 - 33) =      4.61102  eV     1   --> A              
     e( 34 - 34) =      4.70943  eV     1   --> A              
     e( 35 - 35) =      4.74045  eV     1   --> A              

 **************************************************************************

 **************************************************************************

                    xk=(   0.20500,   0.11836,   0.00000  )

     Band symmetry, C_1 (1)     point group:

     e(  1 -  1) =    -77.75062  eV     1   --> A              
     e(  2 -  2) =    -49.06865  eV     1   --> A              
     e(  3 -  3) =    -49.00081  eV     1   --> A              
     e(  4 -  4) =    -48.88754  eV     1   --> A              
     e(  5 -  5) =    -23.57692  eV     1   --> A              
     e(  6 -  6) =    -23.49587  eV     1   --> A              
     e(  7 -  7) =    -21.07581  eV     1   --> A              
     e(  8 -  8) =    -19.90384  eV     1   --> A              
     e(  9 -  9) =    -13.35761  eV     1   --> A              
     e( 10 - 10) =    -11.68938  eV     1   --> A              
     e( 11 - 11) =    -11.48633  eV     1   --> A              
     e( 12 - 12) =    -10.83463  eV     1   --> A              
     e( 13 - 13) =     -9.76769  eV     1   --> A              
     e( 14 - 14) =     -9.76244  eV     1   --> A              
     e( 15 - 15) =     -9.73383  eV     1   --> A              
     e( 16 - 16) =     -8.71812  eV     1   --> A              
     e( 17 - 17) =     -8.32575  eV     1   --> A              
     e( 18 - 18) =     -8.18779  eV     1   --> A              
     e( 19 - 19) =     -8.01720  eV     1   --> A              
     e( 20 - 20) =     -7.29920  eV     1   --> A              
     e( 21 - 21) =     -5.84197  eV     1   --> A              
     e( 22 - 22) =     -3.52887  eV     1   --> A              
     e( 23 - 23) =     -3.52371  eV     1   --> A              
     e( 24 - 24) =     -3.29299  eV     1   --> A              
     e( 25 - 25) =     -2.73146  eV     1   --> A              
     e( 26 - 26) =     -0.19754  eV     1   --> A              
     e( 27 - 27) =     -0.10651  eV     1   --> A              
     e( 28 - 28) =      1.53202  eV     1   --> A              
     e( 29 - 29) =      1.67105  eV     1   --> A              
     e( 30 - 30) =      2.62721  eV     1   --> A              
     e( 31 - 31) =      2.92272  eV     1   --> A              
     e( 32 - 32) =      3.56899  eV     1   --> A              
     e( 33 - 33) =      4.55231  eV     1   --> A              
     e( 34 - 34) =      4.67745  eV     1   --> A              
     e( 35 - 35) =      4.68025  eV     1   --> A              

 **************************************************************************

 **************************************************************************

                    xk=(   0.20000,   0.11547,   0.00000  )

     Band symmetry, C_1 (1)     point group:

     e(  1 -  1) =    -77.75108  eV     1   --> A              
     e(  2 -  2) =    -49.06500  eV     1   --> A              
     e(  3 -  3) =    -48.99997  eV     1   --> A              
     e(  4 -  4) =    -48.88820  eV     1   --> A              
     e(  5 -  5) =    -23.60849  eV     1   --> A              
     e(  6 -  6) =    -23.52705  eV     1   --> A              
     e(  7 -  7) =    -21.09623  eV     1   --> A              
     e(  8 -  8) =    -19.91408  eV     1   --> A              
     e(  9 -  9) =    -13.36742  eV     1   --> A              
     e( 10 - 10) =    -11.60543  eV     1   --> A              
     e( 11 - 11) =    -11.41298  eV     1   --> A              
     e( 12 - 12) =    -10.83909  eV     1   --> A              
     e( 13 - 13) =     -9.74585  eV     1   --> A              
     e( 14 - 14) =     -9.72562  eV     1   --> A              
     e( 15 - 15) =     -9.71192  eV     1   --> A              
     e( 16 - 16) =     -8.73146  eV     1   --> A              
     e( 17 - 17) =     -8.34400  eV     1   --> A              
     e( 18 - 18) =     -8.16005  eV     1   --> A              
     e( 19 - 19) =     -7.99669  eV     1   --> A              
     e( 20 - 20) =     -7.28860  eV     1   --> A              
     e( 21 - 21) =     -5.81866  eV     1   --> A              
     e( 22 - 22) =     -3.51533  eV     1   --> A              
     e( 23 - 23) =     -3.51125  eV     1   --> A              
     e( 24 - 24) =     -3.30303  eV     1   --> A              
     e( 25 - 25) =     -2.75065  eV     1   --> A              
     e( 26 - 26) =     -0.16950  eV     1   --> A              
     e( 27 - 27) =     -0.07854  eV     1   --> A              
     e( 28 - 28) =      1.52019  eV     1   --> A              
     e( 29 - 29) =      1.65238  eV     1   --> A              
     e( 30 - 30) =      2.61532  eV     1   --> A              
     e( 31 - 31) =      2.89493  eV     1   --> A              
     e( 32 - 32) =      3.50409  eV     1   --> A              
     e( 33 - 33) =      4.49327  eV     1   --> A              
     e( 34 - 34) =      4.61450  eV     1   --> A              
     e( 35 - 35) =      4.65148  eV     1   --> A              

 **************************************************************************

 **************************************************************************

                    xk=(   0.19500,   0.11258,   0.00000  )

     Band symmetry, C_1 (1)     point group:

     e(  1 -  1) =    -77.75153  eV     1   --> A              
     e(  2 -  2) =    -49.06140  eV     1   --> A              
     e(  3 -  3) =    -48.99915  eV     1   --> A              
     e(  4 -  4) =    -48.88885  eV     1   --> A              
     e(  5 -  5) =    -23.63943  eV     1   --> A              
     e(  6 -  6) =    -23.55758  eV     1   --> A              
     e(  7 -  7) =    -21.11642  eV     1   --> A              
     e(  8 -  8) =    -19.92425  eV     1   --> A              
     e(  9 -  9) =    -13.37840  eV     1   --> A              
     e( 10 - 10) =    -11.52271  eV     1   --> A              
     e( 11 - 11) =    -11.33861  eV     1   --> A              
     e( 12 - 12) =    -10.84260  eV     1   --> A              
     e( 13 - 13) =     -9.72410  eV     1   --> A              
     e( 14 - 14) =     -9.69006  eV     1   --> A              
     e( 15 - 15) =     -9.68886  eV     1   --> A              
     e( 16 - 16) =     -8.74486  eV     1   --> A              
     e( 17 - 17) =     -8.36210  eV     1   --> A              
     e( 18 - 18) =     -8.13265  eV     1   --> A              
     e( 19 - 19) =     -7.97608  eV     1   --> A              
     e( 20 - 20) =     -7.27800  eV     1   --> A              
     e( 21 - 21) =     -5.79514  eV     1   --> A              
     e( 22 - 22) =     -3.50717  eV     1   --> A              
     e( 23 - 23) =     -3.49381  eV     1   --> A              
     e( 24 - 24) =     -3.31225  eV     1   --> A              
     e( 25 - 25) =     -2.76989  eV     1   --> A              
     e( 26 - 26) =     -0.14651  eV     1   --> A              
     e( 27 - 27) =     -0.05369  eV     1   --> A              
     e( 28 - 28) =      1.51223  eV     1   --> A              
     e( 29 - 29) =      1.63727  eV     1   --> A              
     e( 30 - 30) =      2.60248  eV     1   --> A              
     e( 31 - 31) =      2.86583  eV     1   --> A              
     e( 32 - 32) =      3.43931  eV     1   --> A              
     e( 33 - 33) =      4.43403  eV     1   --> A              
     e( 34 - 34) =      4.55164  eV     1   --> A              
     e( 35 - 35) =      4.62303  eV     1   --> A              

 **************************************************************************

 **************************************************************************

                    xk=(   0.19000,   0.10970,   0.00000  )

     Band symmetry, C_1 (1)     point group:

     e(  1 -  1) =    -77.75198  eV     1   --> A              
     e(  2 -  2) =    -49.05783  eV     1   --> A              
     e(  3 -  3) =    -48.99833  eV     1   --> A              
     e(  4 -  4) =    -48.88950  eV     1   --> A              
     e(  5 -  5) =    -23.66970  eV     1   --> A              
     e(  6 -  6) =    -23.58747  eV     1   --> A              
     e(  7 -  7) =    -21.13636  eV     1   --> A              
     e(  8 -  8) =    -19.93434  eV     1   --> A              
     e(  9 -  9) =    -13.39035  eV     1   --> A              
     e( 10 - 10) =    -11.44174  eV     1   --> A              
     e( 11 - 11) =    -11.26348  eV     1   --> A              
     e( 12 - 12) =    -10.84468  eV     1   --> A              
     e( 13 - 13) =     -9.70248  eV     1   --> A              
     e( 14 - 14) =     -9.66827  eV     1   --> A              
     e( 15 - 15) =     -9.65223  eV     1   --> A              
     e( 16 - 16) =     -8.75828  eV     1   --> A              
     e( 17 - 17) =     -8.37999  eV     1   --> A              
     e( 18 - 18) =     -8.10565  eV     1   --> A              
     e( 19 - 19) =     -7.95545  eV     1   --> A              
     e( 20 - 20) =     -7.26747  eV     1   --> A              
     e( 21 - 21) =     -5.77148  eV     1   --> A              
     e( 22 - 22) =     -3.49925  eV     1   --> A              
     e( 23 - 23) =     -3.47656  eV     1   --> A              
     e( 24 - 24) =     -3.32057  eV     1   --> A              
     e( 25 - 25) =     -2.78916  eV     1   --> A              
     e( 26 - 26) =     -0.12893  eV     1   --> A              
     e( 27 - 27) =     -0.03227  eV     1   --> A              
     e( 28 - 28) =      1.50843  eV     1   --> A              
     e( 29 - 29) =      1.62615  eV     1   --> A              
     e( 30 - 30) =      2.58871  eV     1   --> A              
     e( 31 - 31) =      2.83563  eV     1   --> A              
     e( 32 - 32) =      3.37479  eV     1   --> A              
     e( 33 - 33) =      4.37474  eV     1   --> A              
     e( 34 - 34) =      4.48903  eV     1   --> A              
     e( 35 - 35) =      4.59475  eV     1   --> A              

 **************************************************************************

 **************************************************************************

                    xk=(   0.18500,   0.10681,   0.00000  )

     Band symmetry, C_1 (1)     point group:

     e(  1 -  1) =    -77.75242  eV     1   --> A              
     e(  2 -  2) =    -49.05431  eV     1   --> A              
     e(  3 -  3) =    -48.99752  eV     1   --> A              
     e(  4 -  4) =    -48.89013  eV     1   --> A              
     e(  5 -  5) =    -23.69930  eV     1   --> A              
     e(  6 -  6) =    -23.61669  eV     1   --> A              
     e(  7 -  7) =    -21.15602  eV     1   --> A              
     e(  8 -  8) =    -19.94433  eV     1   --> A              
     e(  9 -  9) =    -13.40310  eV     1   --> A              
     e( 10 - 10) =    -11.36324  eV     1   --> A              
     e( 11 - 11) =    -11.18784  eV     1   --> A              
     e( 12 - 12) =    -10.84457  eV     1   --> A              
     e( 13 - 13) =     -9.68100  eV     1   --> A              
     e( 14 - 14) =     -9.64659  eV     1   --> A              
     e( 15 - 15) =     -9.61576  eV     1   --> A              
     e( 16 - 16) =     -8.77169  eV     1   --> A              
     e( 17 - 17) =     -8.39765  eV     1   --> A              
     e( 18 - 18) =     -8.07911  eV     1   --> A              
     e( 19 - 19) =     -7.93484  eV     1   --> A              
     e( 20 - 20) =     -7.25704  eV     1   --> A              
     e( 21 - 21) =     -5.74776  eV     1   --> A              
     e( 22 - 22) =     -3.49159  eV     1   --> A              
     e( 23 - 23) =     -3.45952  eV     1   --> A              
     e( 24 - 24) =     -3.32792  eV     1   --> A              
     e( 25 - 25) =     -2.80845  eV     1   --> A              
     e( 26 - 26) =     -0.11698  eV     1   --> A              
     e( 27 - 27) =     -0.01463  eV     1   --> A              
     e( 28 - 28) =      1.50899  eV     1   --> A              
     e( 29 - 29) =      1.61938  eV     1   --> A              
     e( 30 - 30) =      2.57406  eV     1   --> A              
     e( 31 - 31) =      2.80452  eV     1   --> A              
     e( 32 - 32) =      3.31069  eV     1   --> A              
     e( 33 - 33) =      4.31554  eV     1   --> A              
     e( 34 - 34) =      4.42677  eV     1   --> A              
     e( 35 - 35) =      4.56650  eV     1   --> A              

 **************************************************************************

 **************************************************************************

                    xk=(   0.18000,   0.10392,   0.00000  )

     Band symmetry, C_1 (1)     point group:

     e(  1 -  1) =    -77.75286  eV     1   --> A              
     e(  2 -  2) =    -49.05083  eV     1   --> A              
     e(  3 -  3) =    -48.99673  eV     1   --> A              
     e(  4 -  4) =    -48.89076  eV     1   --> A              
     e(  5 -  5) =    -23.72823  eV     1   --> A              
     e(  6 -  6) =    -23.64524  eV     1   --> A              
     e(  7 -  7) =    -21.17538  eV     1   --> A              
     e(  8 -  8) =    -19.95420  eV     1   --> A              
     e(  9 -  9) =    -13.41649  eV     1   --> A              
     e( 10 - 10) =    -11.28841  eV     1   --> A              
     e( 11 - 11) =    -11.11198  eV     1   --> A              
     e( 12 - 12) =    -10.84108  eV     1   --> A              
     e( 13 - 13) =     -9.65971  eV     1   --> A              
     e( 14 - 14) =     -9.62502  eV     1   --> A              
     e( 15 - 15) =     -9.57949  eV     1   --> A              
     e( 16 - 16) =     -8.78505  eV     1   --> A              
     e( 17 - 17) =     -8.41503  eV     1   --> A              
     e( 18 - 18) =     -8.05306  eV     1   --> A              
     e( 19 - 19) =     -7.91427  eV     1   --> A              
     e( 20 - 20) =     -7.24680  eV     1   --> A              
     e( 21 - 21) =     -5.72403  eV     1   --> A              
     e( 22 - 22) =     -3.48423  eV     1   --> A              
     e( 23 - 23) =     -3.44271  eV     1   --> A              
     e( 24 - 24) =     -3.33420  eV     1   --> A              
     e( 25 - 25) =     -2.82773  eV     1   --> A              
     e( 26 - 26) =     -0.11075  eV     1   --> A              
     e( 27 - 27) =     -0.00111  eV     1   --> A              
     e( 28 - 28) =      1.51401  eV     1   --> A              
     e( 29 - 29) =      1.61729  eV     1   --> A              
     e( 30 - 30) =      2.55858  eV     1   --> A              
     e( 31 - 31) =      2.77272  eV     1   --> A              
     e( 32 - 32) =      3.24717  eV     1   --> A              
     e( 33 - 33) =      4.25655  eV     1   --> A              
     e( 34 - 34) =      4.36499  eV     1   --> A              
     e( 35 - 35) =      4.53816  eV     1   --> A              

 **************************************************************************

 **************************************************************************

                    xk=(   0.17500,   0.10104,   0.00000  )

     Band symmetry, C_1 (1)     point group:

     e(  1 -  1) =    -77.75329  eV     1   --> A              
     e(  2 -  2) =    -49.04740  eV     1   --> A              
     e(  3 -  3) =    -48.99594  eV     1   --> A              
     e(  4 -  4) =    -48.89138  eV     1   --> A              
     e(  5 -  5) =    -23.75646  eV     1   --> A              
     e(  6 -  6) =    -23.67311  eV     1   --> A              
     e(  7 -  7) =    -21.19442  eV     1   --> A              
     e(  8 -  8) =    -19.96395  eV     1   --> A              
     e(  9 -  9) =    -13.43038  eV     1   --> A              
     e( 10 - 10) =    -11.21910  eV     1   --> A              
     e( 11 - 11) =    -11.03619  eV     1   --> A              
     e( 12 - 12) =    -10.83226  eV     1   --> A              
     e( 13 - 13) =     -9.63861  eV     1   --> A              
     e( 14 - 14) =     -9.60361  eV     1   --> A              
     e( 15 - 15) =     -9.54347  eV     1   --> A              
     e( 16 - 16) =     -8.79834  eV     1   --> A              
     e( 17 - 17) =     -8.43212  eV     1   --> A              
     e( 18 - 18) =     -8.02753  eV     1   --> A              
     e( 19 - 19) =     -7.89380  eV     1   --> A              
     e( 20 - 20) =     -7.23681  eV     1   --> A              
     e( 21 - 21) =     -5.70036  eV     1   --> A              
     e( 22 - 22) =     -3.47720  eV     1   --> A              
     e( 23 - 23) =     -3.42614  eV     1   --> A              
     e( 24 - 24) =     -3.33932  eV     1   --> A              
     e( 25 - 25) =     -2.84697  eV     1   --> A              
     e( 26 - 26) =     -0.11015  eV     1   --> A              
     e( 27 - 27) =      0.00797  eV     1   --> A              
     e( 28 - 28) =      1.52347  eV     1   --> A              
     e( 29 - 29) =      1.62008  eV     1   --> A              
     e( 30 - 30) =      2.54235  eV     1   --> A              
     e( 31 - 31) =      2.74041  eV     1   --> A              
     e( 32 - 32) =      3.18441  eV     1   --> A              
     e( 33 - 33) =      4.19791  eV     1   --> A              
     e( 34 - 34) =      4.30378  eV     1   --> A              
     e( 35 - 35) =      4.50960  eV     1   --> A              

 **************************************************************************

 **************************************************************************

                    xk=(   0.17000,   0.09815,   0.00000  )

     Band symmetry, C_1 (1)     point group:

     e(  1 -  1) =    -77.75371  eV     1   --> A              
     e(  2 -  2) =    -49.04402  eV     1   --> A              
     e(  3 -  3) =    -48.99517  eV     1   --> A              
     e(  4 -  4) =    -48.89199  eV     1   --> A              
     e(  5 -  5) =    -23.78400  eV     1   --> A              
     e(  6 -  6) =    -23.70029  eV     1   --> A              
     e(  7 -  7) =    -21.21314  eV     1   --> A              
     e(  8 -  8) =    -19.97356  eV     1   --> A              
     e(  9 -  9) =    -13.44466  eV     1   --> A              
     e( 10 - 10) =    -11.15804  eV     1   --> A              
     e( 11 - 11) =    -10.96086  eV     1   --> A              
     e( 12 - 12) =    -10.81523  eV     1   --> A              
     e( 13 - 13) =     -9.61773  eV     1   --> A              
     e( 14 - 14) =     -9.58237  eV     1   --> A              
     e( 15 - 15) =     -9.50774  eV     1   --> A              
     e( 16 - 16) =     -8.81151  eV     1   --> A              
     e( 17 - 17) =     -8.44888  eV     1   --> A              
     e( 18 - 18) =     -8.00254  eV     1   --> A              
     e( 19 - 19) =     -7.87346  eV     1   --> A              
     e( 20 - 20) =     -7.22712  eV     1   --> A              
     e( 21 - 21) =     -5.67683  eV     1   --> A              
     e( 22 - 22) =     -3.47053  eV     1   --> A              
     e( 23 - 23) =     -3.40983  eV     1   --> A              
     e( 24 - 24) =     -3.34320  eV     1   --> A              
     e( 25 - 25) =     -2.86614  eV     1   --> A              
     e( 26 - 26) =     -0.11500  eV     1   --> A              
     e( 27 - 27) =      0.01243  eV     1   --> A              
     e( 28 - 28) =      1.53726  eV     1   --> A              
     e( 29 - 29) =      1.62786  eV     1   --> A              
     e( 30 - 30) =      2.52544  eV     1   --> A              
     e( 31 - 31) =      2.70780  eV     1   --> A              
     e( 32 - 32) =      3.12259  eV     1   --> A              
     e( 33 - 33) =      4.13972  eV     1   --> A              
     e( 34 - 34) =      4.24326  eV     1   --> A              
     e( 35 - 35) =      4.48075  eV     1   --> A              

 **************************************************************************

 **************************************************************************

                    xk=(   0.16500,   0.09526,   0.00000  )

     Band symmetry, C_1 (1)     point group:

     e(  1 -  1) =    -77.75413  eV     1   --> A              
     e(  2 -  2) =    -49.04070  eV     1   --> A              
     e(  3 -  3) =    -48.99441  eV     1   --> A              
     e(  4 -  4) =    -48.89259  eV     1   --> A              
     e(  5 -  5) =    -23.81082  eV     1   --> A              
     e(  6 -  6) =    -23.72677  eV     1   --> A              
     e(  7 -  7) =    -21.23150  eV     1   --> A              
     e(  8 -  8) =    -19.98302  eV     1   --> A              
     e(  9 -  9) =    -13.45922  eV     1   --> A              
     e( 10 - 10) =    -11.10850  eV     1   --> A              
     e( 11 - 11) =    -10.88647  eV     1   --> A              
     e( 12 - 12) =    -10.78644  eV     1   --> A              
     e( 13 - 13) =     -9.59711  eV     1   --> A              
     e( 14 - 14) =     -9.56134  eV     1   --> A              
     e( 15 - 15) =     -9.47235  eV     1   --> A              
     e( 16 - 16) =     -8.82455  eV     1   --> A              
     e( 17 - 17) =     -8.46531  eV     1   --> A              
     e( 18 - 18) =     -7.97812  eV     1   --> A              
     e( 19 - 19) =     -7.85326  eV     1   --> A              
     e( 20 - 20) =     -7.21782  eV     1   --> A              
     e( 21 - 21) =     -5.65351  eV     1   --> A              
     e( 22 - 22) =     -3.46426  eV     1   --> A              
     e( 23 - 23) =     -3.39381  eV     1   --> A              
     e( 24 - 24) =     -3.34576  eV     1   --> A              
     e( 25 - 25) =     -2.88523  eV     1   --> A              
     e( 26 - 26) =     -0.12502  eV     1   --> A              
     e( 27 - 27) =      0.01216  eV     1   --> A              
     e( 28 - 28) =      1.55514  eV     1   --> A              
     e( 29 - 29) =      1.64061  eV     1   --> A              
     e( 30 - 30) =      2.50794  eV     1   --> A              
     e( 31 - 31) =      2.67508  eV     1   --> A              
     e( 32 - 32) =      3.06192  eV     1   --> A              
     e( 33 - 33) =      4.08212  eV     1   --> A              
     e( 34 - 34) =      4.18351  eV     1   --> A              
     e( 35 - 35) =      4.45150  eV     1   --> A              

 **************************************************************************

 **************************************************************************

                    xk=(   0.16000,   0.09238,   0.00000  )

     Band symmetry, C_1 (1)     point group:

     e(  1 -  1) =    -77.75454  eV     1   --> A              
     e(  2 -  2) =    -49.03744  eV     1   --> A              
     e(  3 -  3) =    -48.99366  eV     1   --> A              
     e(  4 -  4) =    -48.89318  eV     1   --> A              
     e(  5 -  5) =    -23.83693  eV     1   --> A              
     e(  6 -  6) =    -23.75254  eV     1   --> A              
     e(  7 -  7) =    -21.24949  eV     1   --> A              
     e(  8 -  8) =    -19.99231  eV     1   --> A              
     e(  9 -  9) =    -13.47398  eV     1   --> A              
     e( 10 - 10) =    -11.07261  eV     1   --> A              
     e( 11 - 11) =    -10.81352  eV     1   --> A              
     e( 12 - 12) =    -10.74347  eV     1   --> A              
     e( 13 - 13) =     -9.57677  eV     1   --> A              
     e( 14 - 14) =     -9.54053  eV     1   --> A              
     e( 15 - 15) =     -9.43734  eV     1   --> A              
     e( 16 - 16) =     -8.83743  eV     1   --> A              
     e( 17 - 17) =     -8.48137  eV     1   --> A              
     e( 18 - 18) =     -7.95427  eV     1   --> A              
     e( 19 - 19) =     -7.83325  eV     1   --> A              
     e( 20 - 20) =     -7.20896  eV     1   --> A              
     e( 21 - 21) =     -5.63045  eV     1   --> A              
     e( 22 - 22) =     -3.45841  eV     1   --> A              
     e( 23 - 23) =     -3.37808  eV     1   --> A              
     e( 24 - 24) =     -3.34691  eV     1   --> A              
     e( 25 - 25) =     -2.90419  eV     1   --> A              
     e( 26 - 26) =     -0.13985  eV     1   --> A              
     e( 27 - 27) =      0.00720  eV     1   --> A              
     e( 28 - 28) =      1.57679  eV     1   --> A              
     e( 29 - 29) =      1.65814  eV     1   --> A              
     e( 30 - 30) =      2.48991  eV     1   --> A              
     e( 31 - 31) =      2.64243  eV     1   --> A              
     e( 32 - 32) =      3.00264  eV     1   --> A              
     e( 33 - 33) =      4.02520  eV     1   --> A              
     e( 34 - 34) =      4.12465  eV     1   --> A              
     e( 35 - 35) =      4.42179  eV     1   --> A              

 **************************************************************************

 **************************************************************************

                    xk=(   0.15500,   0.08949,   0.00000  )

     Band symmetry, C_1 (1)     point group:

     e(  1 -  1) =    -77.75494  eV     1   --> A              
     e(  2 -  2) =    -49.03424  eV     1   --> A              
     e(  3 -  3) =    -48.99293  eV     1   --> A              
     e(  4 -  4) =    -48.89375  eV     1   --> A              
     e(  5 -  5) =    -23.86232  eV     1   --> A              
     e(  6 -  6) =    -23.77759  eV     1   --> A              
     e(  7 -  7) =    -21.26710  eV     1   --> A              
     e(  8 -  8) =    -20.00143  eV     1   --> A              
     e(  9 -  9) =    -13.48883  eV     1   --> A              
     e( 10 - 10) =    -11.04961  eV     1   --> A              
     e( 11 - 11) =    -10.74202  eV     1   --> A              
     e( 12 - 12) =    -10.68726  eV     1   --> A              
     e( 13 - 13) =     -9.55672  eV     1   --> A              
     e( 14 - 14) =     -9.51998  eV     1   --> A              
     e( 15 - 15) =     -9.40276  eV     1   --> A              
     e( 16 - 16) =     -8.85012  eV     1   --> A              
     e( 17 - 17) =     -8.49706  eV     1   --> A              
     e( 18 - 18) =     -7.93099  eV     1   --> A              
     e( 19 - 19) =     -7.81345  eV     1   --> A              
     e( 20 - 20) =     -7.20063  eV     1   --> A              
     e( 21 - 21) =     -5.60774  eV     1   --> A              
     e( 22 - 22) =     -3.45298  eV     1   --> A              
     e( 23 - 23) =     -3.36267  eV     1   --> A              
     e( 24 - 24) =     -3.34663  eV     1   --> A              
     e( 25 - 25) =     -2.92301  eV     1   --> A              
     e( 26 - 26) =     -0.15908  eV     1   --> A              
     e( 27 - 27) =     -0.00230  eV     1   --> A              
     e( 28 - 28) =      1.60185  eV     1   --> A              
     e( 29 - 29) =      1.68013  eV     1   --> A              
     e( 30 - 30) =      2.47141  eV     1   --> A              
     e( 31 - 31) =      2.61006  eV     1   --> A              
     e( 32 - 32) =      2.94504  eV     1   --> A              
     e( 33 - 33) =      3.96907  eV     1   --> A              
     e( 34 - 34) =      4.06675  eV     1   --> A              
     e( 35 - 35) =      4.39158  eV     1   --> A              

 **************************************************************************

 **************************************************************************

                    xk=(   0.15000,   0.08660,   0.00000  )

     Band symmetry, C_1 (1)     point group:

     e(  1 -  1) =    -77.75533  eV     1   --> A              
     e(  2 -  2) =    -49.03111  eV     1   --> A              
     e(  3 -  3) =    -48.99222  eV     1   --> A              
     e(  4 -  4) =    -48.89432  eV     1   --> A              
     e(  5 -  5) =    -23.88697  eV     1   --> A              
     e(  6 -  6) =    -23.80192  eV     1   --> A              
     e(  7 -  7) =    -21.28430  eV     1   --> A              
     e(  8 -  8) =    -20.01037  eV     1   --> A              
     e(  9 -  9) =    -13.50371  eV     1   --> A              
     e( 10 - 10) =    -11.03647  eV     1   --> A              
     e( 11 - 11) =    -10.67110  eV     1   --> A              
     e( 12 - 12) =    -10.62194  eV     1   --> A              
     e( 13 - 13) =     -9.53701  eV     1   --> A              
     e( 14 - 14) =     -9.49971  eV     1   --> A              
     e( 15 - 15) =     -9.36867  eV     1   --> A              
     e( 16 - 16) =     -8.86261  eV     1   --> A              
     e( 17 - 17) =     -8.51235  eV     1   --> A              
     e( 18 - 18) =     -7.90829  eV     1   --> A              
     e( 19 - 19) =     -7.79389  eV     1   --> A              
     e( 20 - 20) =     -7.19288  eV     1   --> A              
     e( 21 - 21) =     -5.58542  eV     1   --> A              
     e( 22 - 22) =     -3.44794  eV     1   --> A              
     e( 23 - 23) =     -3.34760  eV     1   --> A              
     e( 24 - 24) =     -3.34492  eV     1   --> A              
     e( 25 - 25) =     -2.94165  eV     1   --> A              
     e( 26 - 26) =     -0.18227  eV     1   --> A              
     e( 27 - 27) =     -0.01609  eV     1   --> A              
     e( 28 - 28) =      1.62989  eV     1   --> A              
     e( 29 - 29) =      1.70615  eV     1   --> A              
     e( 30 - 30) =      2.45245  eV     1   --> A              
     e( 31 - 31) =      2.57816  eV     1   --> A              
     e( 32 - 32) =      2.88944  eV     1   --> A              
     e( 33 - 33) =      3.91384  eV     1   --> A              
     e( 34 - 34) =      4.00990  eV     1   --> A              
     e( 35 - 35) =      4.36082  eV     1   --> A              

 **************************************************************************

 **************************************************************************

                    xk=(   0.14500,   0.08372,   0.00000  )

     Band symmetry, C_1 (1)     point group:

     e(  1 -  1) =    -77.75571  eV     1   --> A              
     e(  2 -  2) =    -49.02805  eV     1   --> A              
     e(  3 -  3) =    -48.99152  eV     1   --> A              
     e(  4 -  4) =    -48.89487  eV     1   --> A              
     e(  5 -  5) =    -23.91087  eV     1   --> A              
     e(  6 -  6) =    -23.82551  eV     1   --> A              
     e(  7 -  7) =    -21.30108  eV     1   --> A              
     e(  8 -  8) =    -20.01911  eV     1   --> A              
     e(  9 -  9) =    -13.51855  eV     1   --> A              
     e( 10 - 10) =    -11.02993  eV     1   --> A              
     e( 11 - 11) =    -10.59987  eV     1   --> A              
     e( 12 - 12) =    -10.55183  eV     1   --> A              
     e( 13 - 13) =     -9.51765  eV     1   --> A              
     e( 14 - 14) =     -9.47975  eV     1   --> A              
     e( 15 - 15) =     -9.33510  eV     1   --> A              
     e( 16 - 16) =     -8.87486  eV     1   --> A              
     e( 17 - 17) =     -8.52724  eV     1   --> A              
     e( 18 - 18) =     -7.88617  eV     1   --> A              
     e( 19 - 19) =     -7.77460  eV     1   --> A              
     e( 20 - 20) =     -7.18579  eV     1   --> A              
     e( 21 - 21) =     -5.56358  eV     1   --> A              
     e( 22 - 22) =     -3.44321  eV     1   --> A              
     e( 23 - 23) =     -3.34181  eV     1   --> A              
     e( 24 - 24) =     -3.33288  eV     1   --> A              
     e( 25 - 25) =     -2.96007  eV     1   --> A              
     e( 26 - 26) =     -0.20899  eV     1   --> A              
     e( 27 - 27) =     -0.03383  eV     1   --> A              
     e( 28 - 28) =      1.66044  eV     1   --> A              
     e( 29 - 29) =      1.73561  eV     1   --> A              
     e( 30 - 30) =      2.43299  eV     1   --> A              
     e( 31 - 31) =      2.54700  eV     1   --> A              
     e( 32 - 32) =      2.83626  eV     1   --> A              
     e( 33 - 33) =      3.85959  eV     1   --> A              
     e( 34 - 34) =      3.95419  eV     1   --> A              
     e( 35 - 35) =      4.32949  eV     1   --> A              

 **************************************************************************

 **************************************************************************

                    xk=(   0.14000,   0.08083,   0.00000  )

     Band symmetry, C_1 (1)     point group:

     e(  1 -  1) =    -77.75608  eV     1   --> A              
     e(  2 -  2) =    -49.02506  eV     1   --> A              
     e(  3 -  3) =    -48.99084  eV     1   --> A              
     e(  4 -  4) =    -48.89540  eV     1   --> A              
     e(  5 -  5) =    -23.93403  eV     1   --> A              
     e(  6 -  6) =    -23.84837  eV     1   --> A              
     e(  7 -  7) =    -21.31744  eV     1   --> A              
     e(  8 -  8) =    -20.02764  eV     1   --> A              
     e(  9 -  9) =    -13.53329  eV     1   --> A              
     e( 10 - 10) =    -11.02759  eV     1   --> A              
     e( 11 - 11) =    -10.52821  eV     1   --> A              
     e( 12 - 12) =    -10.47968  eV     1   --> A              
     e( 13 - 13) =     -9.49867  eV     1   --> A              
     e( 14 - 14) =     -9.46013  eV     1   --> A              
     e( 15 - 15) =     -9.30212  eV     1   --> A              
     e( 16 - 16) =     -8.88684  eV     1   --> A              
     e( 17 - 17) =     -8.54170  eV     1   --> A              
     e( 18 - 18) =     -7.86462  eV     1   --> A              
     e( 19 - 19) =     -7.75561  eV     1   --> A              
     e( 20 - 20) =     -7.17942  eV     1   --> A              
     e( 21 - 21) =     -5.54226  eV     1   --> A              
     e( 22 - 22) =     -3.43870  eV     1   --> A              
     e( 23 - 23) =     -3.33741  eV     1   --> A              
     e( 24 - 24) =     -3.31855  eV     1   --> A              
     e( 25 - 25) =     -2.97825  eV     1   --> A              
     e( 26 - 26) =     -0.23877  eV     1   --> A              
     e( 27 - 27) =     -0.05514  eV     1   --> A              
     e( 28 - 28) =      1.69301  eV     1   --> A              
     e( 29 - 29) =      1.76787  eV     1   --> A              
     e( 30 - 30) =      2.41286  eV     1   --> A              
     e( 31 - 31) =      2.51689  eV     1   --> A              
     e( 32 - 32) =      2.78600  eV     1   --> A              
     e( 33 - 33) =      3.80642  eV     1   --> A              
     e( 34 - 34) =      3.89969  eV     1   --> A              
     e( 35 - 35) =      4.29760  eV     1   --> A              

 **************************************************************************

 **************************************************************************

                    xk=(   0.13500,   0.07794,   0.00000  )

     Band symmetry, C_1 (1)     point group:

     e(  1 -  1) =    -77.75645  eV     1   --> A              
     e(  2 -  2) =    -49.02215  eV     1   --> A              
     e(  3 -  3) =    -48.99017  eV     1   --> A              
     e(  4 -  4) =    -48.89593  eV     1   --> A              
     e(  5 -  5) =    -23.95644  eV     1   --> A              
     e(  6 -  6) =    -23.87047  eV     1   --> A              
     e(  7 -  7) =    -21.33334  eV     1   --> A              
     e(  8 -  8) =    -20.03595  eV     1   --> A              
     e(  9 -  9) =    -13.54787  eV     1   --> A              
     e( 10 - 10) =    -11.02790  eV     1   --> A              
     e( 11 - 11) =    -10.45649  eV     1   --> A              
     e( 12 - 12) =    -10.40684  eV     1   --> A              
     e( 13 - 13) =     -9.48010  eV     1   --> A              
     e( 14 - 14) =     -9.44088  eV     1   --> A              
     e( 15 - 15) =     -9.26980  eV     1   --> A              
     e( 16 - 16) =     -8.89852  eV     1   --> A              
     e( 17 - 17) =     -8.55573  eV     1   --> A              
     e( 18 - 18) =     -7.84362  eV     1   --> A              
     e( 19 - 19) =     -7.73695  eV     1   --> A              
     e( 20 - 20) =     -7.17383  eV     1   --> A              
     e( 21 - 21) =     -5.52153  eV     1   --> A              
     e( 22 - 22) =     -3.43429  eV     1   --> A              
     e( 23 - 23) =     -3.33181  eV     1   --> A              
     e( 24 - 24) =     -3.30460  eV     1   --> A              
     e( 25 - 25) =     -2.99614  eV     1   --> A              
     e( 26 - 26) =     -0.27120  eV     1   --> A              
     e( 27 - 27) =     -0.07960  eV     1   --> A              
     e( 28 - 28) =      1.72703  eV     1   --> A              
     e( 29 - 29) =      1.80220  eV     1   --> A              
     e( 30 - 30) =      2.39178  eV     1   --> A              
     e( 31 - 31) =      2.48831  eV     1   --> A              
     e( 32 - 32) =      2.73928  eV     1   --> A              
     e( 33 - 33) =      3.75441  eV     1   --> A              
     e( 34 - 34) =      3.84648  eV     1   --> A              
     e( 35 - 35) =      4.26513  eV     1   --> A              

 **************************************************************************

 **************************************************************************

                    xk=(   0.13000,   0.07506,   0.00000  )

     Band symmetry, C_1 (1)     point group:

     e(  1 -  1) =    -77.75680  eV     1   --> A              
     e(  2 -  2) =    -49.01931  eV     1   --> A              
     e(  3 -  3) =    -48.98952  eV     1   --> A              
     e(  4 -  4) =    -48.89644  eV     1   --> A              
     e(  5 -  5) =    -23.97808  eV     1   --> A              
     e(  6 -  6) =    -23.89183  eV     1   --> A              
     e(  7 -  7) =    -21.34878  eV     1   --> A              
     e(  8 -  8) =    -20.04405  eV     1   --> A              
     e(  9 -  9) =    -13.56224  eV     1   --> A              
     e( 10 - 10) =    -11.02992  eV     1   --> A              
     e( 11 - 11) =    -10.38515  eV     1   --> A              
     e( 12 - 12) =    -10.33405  eV     1   --> A              
     e( 13 - 13) =     -9.46195  eV     1   --> A              
     e( 14 - 14) =     -9.42202  eV     1   --> A              
     e( 15 - 15) =     -9.23822  eV     1   --> A              
     e( 16 - 16) =     -8.90986  eV     1   --> A              
     e( 17 - 17) =     -8.56932  eV     1   --> A              
     e( 18 - 18) =     -7.82317  eV     1   --> A              
     e( 19 - 19) =     -7.71864  eV     1   --> A              
     e( 20 - 20) =     -7.16909  eV     1   --> A              
     e( 21 - 21) =     -5.50144  eV     1   --> A              
     e( 22 - 22) =     -3.42984  eV     1   --> A              
     e( 23 - 23) =     -3.32517  eV     1   --> A              
     e( 24 - 24) =     -3.29108  eV     1   --> A              
     e( 25 - 25) =     -3.01371  eV     1   --> A              
     e( 26 - 26) =     -0.30585  eV     1   --> A              
     e( 27 - 27) =     -0.10680  eV     1   --> A              
     e( 28 - 28) =      1.76187  eV     1   --> A              
     e( 29 - 29) =      1.83779  eV     1   --> A              
     e( 30 - 30) =      2.36923  eV     1   --> A              
     e( 31 - 31) =      2.46193  eV     1   --> A              
     e( 32 - 32) =      2.69685  eV     1   --> A              
     e( 33 - 33) =      3.70365  eV     1   --> A              
     e( 34 - 34) =      3.79463  eV     1   --> A              
     e( 35 - 35) =      4.23212  eV     1   --> A              

 **************************************************************************

 **************************************************************************

                    xk=(   0.12500,   0.07217,   0.00000  )

     Band symmetry, C_1 (1)     point group:

     e(  1 -  1) =    -77.75715  eV     1   --> A              
     e(  2 -  2) =    -49.01656  eV     1   --> A              
     e(  3 -  3) =    -48.98890  eV     1   --> A              
     e(  4 -  4) =    -48.89693  eV     1   --> A              
     e(  5 -  5) =    -23.99896  eV     1   --> A              
     e(  6 -  6) =    -23.91243  eV     1   --> A              
     e(  7 -  7) =    -21.36375  eV     1   --> A              
     e(  8 -  8) =    -20.05190  eV     1   --> A              
     e(  9 -  9) =    -13.57637  eV     1   --> A              
     e( 10 - 10) =    -11.03304  eV     1   --> A              
     e( 11 - 11) =    -10.31459  eV     1   --> A              
     e( 12 - 12) =    -10.26171  eV     1   --> A              
     e( 13 - 13) =     -9.44427  eV     1   --> A              
     e( 14 - 14) =     -9.40359  eV     1   --> A              
     e( 15 - 15) =     -9.20746  eV     1   --> A              
     e( 16 - 16) =     -8.92078  eV     1   --> A              
     e( 17 - 17) =     -8.58244  eV     1   --> A              
     e( 18 - 18) =     -7.80326  eV     1   --> A              
     e( 19 - 19) =     -7.70071  eV     1   --> A              
     e( 20 - 20) =     -7.16524  eV     1   --> A              
     e( 21 - 21) =     -5.48204  eV     1   --> A              
     e( 22 - 22) =     -3.42524  eV     1   --> A              
     e( 23 - 23) =     -3.31759  eV     1   --> A              
     e( 24 - 24) =     -3.27800  eV     1   --> A              
     e( 25 - 25) =     -3.03093  eV     1   --> A              
     e( 26 - 26) =     -0.34234  eV     1   --> A              
     e( 27 - 27) =     -0.13630  eV     1   --> A              
     e( 28 - 28) =      1.79684  eV     1   --> A              
     e( 29 - 29) =      1.87374  eV     1   --> A              
     e( 30 - 30) =      2.34461  eV     1   --> A              
     e( 31 - 31) =      2.43863  eV     1   --> A              
     e( 32 - 32) =      2.65953  eV     1   --> A              
     e( 33 - 33) =      3.65420  eV     1   --> A              
     e( 34 - 34) =      3.74420  eV     1   --> A              
     e( 35 - 35) =      4.19858  eV     1   --> A              

 **************************************************************************

 **************************************************************************

                    xk=(   0.12000,   0.06928,   0.00000  )

     Band symmetry, C_1 (1)     point group:

     e(  1 -  1) =    -77.75748  eV     1   --> A              
     e(  2 -  2) =    -49.01389  eV     1   --> A              
     e(  3 -  3) =    -48.98829  eV     1   --> A              
     e(  4 -  4) =    -48.89741  eV     1   --> A              
     e(  5 -  5) =    -24.01906  eV     1   --> A              
     e(  6 -  6) =    -23.93226  eV     1   --> A              
     e(  7 -  7) =    -21.37823  eV     1   --> A              
     e(  8 -  8) =    -20.05952  eV     1   --> A              
     e(  9 -  9) =    -13.59019  eV     1   --> A              
     e( 10 - 10) =    -11.03687  eV     1   --> A              
     e( 11 - 11) =    -10.24510  eV     1   --> A              
     e( 12 - 12) =    -10.19009  eV     1   --> A              
     e( 13 - 13) =     -9.42708  eV     1   --> A              
     e( 14 - 14) =     -9.38561  eV     1   --> A              
     e( 15 - 15) =     -9.17765  eV     1   --> A              
     e( 16 - 16) =     -8.93120  eV     1   --> A              
     e( 17 - 17) =     -8.59510  eV     1   --> A              
     e( 18 - 18) =     -7.78385  eV     1   --> A              
     e( 19 - 19) =     -7.68320  eV     1   --> A              
     e( 20 - 20) =     -7.16233  eV     1   --> A              
     e( 21 - 21) =     -5.46338  eV     1   --> A              
     e( 22 - 22) =     -3.42039  eV     1   --> A              
     e( 23 - 23) =     -3.30921  eV     1   --> A              
     e( 24 - 24) =     -3.26540  eV     1   --> A              
     e( 25 - 25) =     -3.04773  eV     1   --> A              
     e( 26 - 26) =     -0.38029  eV     1   --> A              
     e( 27 - 27) =     -0.16772  eV     1   --> A              
     e( 28 - 28) =      1.83114  eV     1   --> A              
     e( 29 - 29) =      1.90904  eV     1   --> A              
     e( 30 - 30) =      2.31742  eV     1   --> A              
     e( 31 - 31) =      2.41932  eV     1   --> A              
     e( 32 - 32) =      2.62823  eV     1   --> A              
     e( 33 - 33) =      3.60614  eV     1   --> A              
     e( 34 - 34) =      3.69527  eV     1   --> A              
     e( 35 - 35) =      4.16455  eV     1   --> A              

 **************************************************************************

 **************************************************************************

                    xk=(   0.11500,   0.06640,   0.00000  )

     Band symmetry, C_1 (1)     point group:

     e(  1 -  1) =    -77.75780  eV     1   --> A              
     e(  2 -  2) =    -49.01131  eV     1   --> A              
     e(  3 -  3) =    -48.98770  eV     1   --> A              
     e(  4 -  4) =    -48.89788  eV     1   --> A              
     e(  5 -  5) =    -24.03838  eV     1   --> A              
     e(  6 -  6) =    -23.95132  eV     1   --> A              
     e(  7 -  7) =    -21.39222  eV     1   --> A              
     e(  8 -  8) =    -20.06688  eV     1   --> A              
     e(  9 -  9) =    -13.60369  eV     1   --> A              
     e( 10 - 10) =    -11.04117  eV     1   --> A              
     e( 11 - 11) =    -10.17696  eV     1   --> A              
     e( 12 - 12) =    -10.11943  eV     1   --> A              
     e( 13 - 13) =     -9.41039  eV     1   --> A              
     e( 14 - 14) =     -9.36811  eV     1   --> A              
     e( 15 - 15) =     -9.14897  eV     1   --> A              
     e( 16 - 16) =     -8.94098  eV     1   --> A              
     e( 17 - 17) =     -8.60728  eV     1   --> A              
     e( 18 - 18) =     -7.76495  eV     1   --> A              
     e( 19 - 19) =     -7.66612  eV     1   --> A              
     e( 20 - 20) =     -7.16039  eV     1   --> A              
     e( 21 - 21) =     -5.44550  eV     1   --> A              
     e( 22 - 22) =     -3.41523  eV     1   --> A              
     e( 23 - 23) =     -3.30013  eV     1   --> A              
     e( 24 - 24) =     -3.25331  eV     1   --> A              
     e( 25 - 25) =     -3.06406  eV     1   --> A              
     e( 26 - 26) =     -0.41936  eV     1   --> A              
     e( 27 - 27) =     -0.20064  eV     1   --> A              
     e( 28 - 28) =      1.86387  eV     1   --> A              
     e( 29 - 29) =      1.94254  eV     1   --> A              
     e( 30 - 30) =      2.28757  eV     1   --> A              
     e( 31 - 31) =      2.40484  eV     1   --> A              
     e( 32 - 32) =      2.60381  eV     1   --> A              
     e( 33 - 33) =      3.55954  eV     1   --> A              
     e( 34 - 34) =      3.64789  eV     1   --> A              
     e( 35 - 35) =      4.13007  eV     1   --> A              

 **************************************************************************

 **************************************************************************

                    xk=(   0.11000,   0.06351,   0.00000  )

     Band symmetry, C_1 (1)     point group:

     e(  1 -  1) =    -77.75811  eV     1   --> A              
     e(  2 -  2) =    -49.00882  eV     1   --> A              
     e(  3 -  3) =    -48.98713  eV     1   --> A              
     e(  4 -  4) =    -48.89832  eV     1   --> A              
     e(  5 -  5) =    -24.05692  eV     1   --> A              
     e(  6 -  6) =    -23.96961  eV     1   --> A              
     e(  7 -  7) =    -21.40569  eV     1   --> A              
     e(  8 -  8) =    -20.07399  eV     1   --> A              
     e(  9 -  9) =    -13.61682  eV     1   --> A              
     e( 10 - 10) =    -11.04574  eV     1   --> A              
     e( 11 - 11) =    -10.11034  eV     1   --> A              
     e( 12 - 12) =    -10.04992  eV     1   --> A              
     e( 13 - 13) =     -9.39423  eV     1   --> A              
     e( 14 - 14) =     -9.35112  eV     1   --> A              
     e( 15 - 15) =     -9.12172  eV     1   --> A              
     e( 16 - 16) =     -8.94985  eV     1   --> A              
     e( 17 - 17) =     -8.61897  eV     1   --> A              
     e( 18 - 18) =     -7.74651  eV     1   --> A              
     e( 19 - 19) =     -7.64952  eV     1   --> A              
     e( 20 - 20) =     -7.15947  eV     1   --> A              
     e( 21 - 21) =     -5.42844  eV     1   --> A              
     e( 22 - 22) =     -3.40969  eV     1   --> A              
     e( 23 - 23) =     -3.29045  eV     1   --> A              
     e( 24 - 24) =     -3.24178  eV     1   --> A              
     e( 25 - 25) =     -3.07986  eV     1   --> A              
     e( 26 - 26) =     -0.45925  eV     1   --> A              
     e( 27 - 27) =     -0.23472  eV     1   --> A              
     e( 28 - 28) =      1.89409  eV     1   --> A              
     e( 29 - 29) =      1.97292  eV     1   --> A              
     e( 30 - 30) =      2.25546  eV     1   --> A              
     e( 31 - 31) =      2.39591  eV     1   --> A              
     e( 32 - 32) =      2.58697  eV     1   --> A              
     e( 33 - 33) =      3.51447  eV     1   --> A              
     e( 34 - 34) =      3.60212  eV     1   --> A              
     e( 35 - 35) =      4.09518  eV     1   --> A              

 **************************************************************************

 **************************************************************************

                    xk=(   0.10500,   0.06062,   0.00000  )

     Band symmetry, C_1 (1)     point group:

     e(  1 -  1) =    -77.75841  eV     1   --> A              
     e(  2 -  2) =    -49.00642  eV     1   --> A              
     e(  3 -  3) =    -48.98658  eV     1   --> A              
     e(  4 -  4) =    -48.89875  eV     1   --> A              
     e(  5 -  5) =    -24.07466  eV     1   --> A              
     e(  6 -  6) =    -23.98711  eV     1   --> A              
     e(  7 -  7) =    -21.41863  eV     1   --> A              
     e(  8 -  8) =    -20.08082  eV     1   --> A              
     e(  9 -  9) =    -13.62955  eV     1   --> A              
     e( 10 - 10) =    -11.05047  eV     1   --> A              
     e( 11 - 11) =    -10.04542  eV     1   --> A              
     e( 12 - 12) =     -9.98174  eV     1   --> A              
     e( 13 - 13) =     -9.37862  eV     1   --> A              
     e( 14 - 14) =     -9.33466  eV     1   --> A              
     e( 15 - 15) =     -9.09642  eV     1   --> A              
     e( 16 - 16) =     -8.95736  eV     1   --> A              
     e( 17 - 17) =     -8.63016  eV     1   --> A              
     e( 18 - 18) =     -7.72854  eV     1   --> A              
     e( 19 - 19) =     -7.63341  eV     1   --> A              
     e( 20 - 20) =     -7.15958  eV     1   --> A              
     e( 21 - 21) =     -5.41223  eV     1   --> A              
     e( 22 - 22) =     -3.40377  eV     1   --> A              
     e( 23 - 23) =     -3.28026  eV     1   --> A              
     e( 24 - 24) =     -3.23090  eV     1   --> A              
     e( 25 - 25) =     -3.09503  eV     1   --> A              
     e( 26 - 26) =     -0.49963  eV     1   --> A              
     e( 27 - 27) =     -0.26960  eV     1   --> A              
     e( 28 - 28) =      1.92079  eV     1   --> A              
     e( 29 - 29) =      1.99877  eV     1   --> A              
     e( 30 - 30) =      2.22180  eV     1   --> A              
     e( 31 - 31) =      2.39336  eV     1   --> A              
     e( 32 - 32) =      2.57821  eV     1   --> A              
     e( 33 - 33) =      3.47098  eV     1   --> A              
     e( 34 - 34) =      3.55801  eV     1   --> A              
     e( 35 - 35) =      4.05995  eV     1   --> A              

 **************************************************************************

 **************************************************************************

                    xk=(   0.10000,   0.05774,   0.00000  )

     Band symmetry, C_1 (1)     point group:

     e(  1 -  1) =    -77.75870  eV     1   --> A              
     e(  2 -  2) =    -49.00411  eV     1   --> A              
     e(  3 -  3) =    -48.98606  eV     1   --> A              
     e(  4 -  4) =    -48.89917  eV     1   --> A              
     e(  5 -  5) =    -24.09161  eV     1   --> A              
     e(  6 -  6) =    -24.00383  eV     1   --> A              
     e(  7 -  7) =    -21.43105  eV     1   --> A              
     e(  8 -  8) =    -20.08739  eV     1   --> A              
     e(  9 -  9) =    -13.64186  eV     1   --> A              
     e( 10 - 10) =    -11.05525  eV     1   --> A              
     e( 11 - 11) =     -9.98233  eV     1   --> A              
     e( 12 - 12) =     -9.91506  eV     1   --> A              
     e( 13 - 13) =     -9.36360  eV     1   --> A              
     e( 14 - 14) =     -9.31877  eV     1   --> A              
     e( 15 - 15) =     -9.07400  eV     1   --> A              
     e( 16 - 16) =     -8.96259  eV     1   --> A              
     e( 17 - 17) =     -8.64085  eV     1   --> A              
     e( 18 - 18) =     -7.71100  eV     1   --> A              
     e( 19 - 19) =     -7.61782  eV     1   --> A              
     e( 20 - 20) =     -7.16074  eV     1   --> A              
     e( 21 - 21) =     -5.39688  eV     1   --> A              
     e( 22 - 22) =     -3.39746  eV     1   --> A              
     e( 23 - 23) =     -3.26964  eV     1   --> A              
     e( 24 - 24) =     -3.22079  eV     1   --> A              
     e( 25 - 25) =     -3.10941  eV     1   --> A              
     e( 26 - 26) =     -0.54023  eV     1   --> A              
     e( 27 - 27) =     -0.30497  eV     1   --> A              
     e( 28 - 28) =      1.94303  eV     1   --> A              
     e( 29 - 29) =      2.01882  eV     1   --> A              
     e( 30 - 30) =      2.18748  eV     1   --> A              
     e( 31 - 31) =      2.39797  eV     1   --> A              
     e( 32 - 32) =      2.57768  eV     1   --> A              
     e( 33 - 33) =      3.42915  eV     1   --> A              
     e( 34 - 34) =      3.51563  eV     1   --> A              
     e( 35 - 35) =      4.02441  eV     1   --> A              

 **************************************************************************

 **************************************************************************

                    xk=(   0.09500,   0.05485,   0.00000  )

     Band symmetry, C_1 (1)     point group:

     e(  1 -  1) =    -77.75898  eV     1   --> A              
     e(  2 -  2) =    -49.00190  eV     1   --> A              
     e(  3 -  3) =    -48.98555  eV     1   --> A              
     e(  4 -  4) =    -48.89956  eV     1   --> A              
     e(  5 -  5) =    -24.10776  eV     1   --> A              
     e(  6 -  6) =    -24.01977  eV     1   --> A              
     e(  7 -  7) =    -21.44292  eV     1   --> A              
     e(  8 -  8) =    -20.09368  eV     1   --> A              
     e(  9 -  9) =    -13.65371  eV     1   --> A              
     e( 10 - 10) =    -11.06002  eV     1   --> A              
     e( 11 - 11) =     -9.92120  eV     1   --> A              
     e( 12 - 12) =     -9.85006  eV     1   --> A              
     e( 13 - 13) =     -9.34918  eV     1   --> A              
     e( 14 - 14) =     -9.30346  eV     1   --> A              
     e( 15 - 15) =     -9.05618  eV     1   --> A              
     e( 16 - 16) =     -8.96389  eV     1   --> A              
     e( 17 - 17) =     -8.65102  eV     1   --> A              
     e( 18 - 18) =     -7.69387  eV     1   --> A              
     e( 19 - 19) =     -7.60279  eV     1   --> A              
     e( 20 - 20) =     -7.16295  eV     1   --> A              
     e( 21 - 21) =     -5.38243  eV     1   --> A              
     e( 22 - 22) =     -3.39078  eV     1   --> A              
     e( 23 - 23) =     -3.25867  eV     1   --> A              
     e( 24 - 24) =     -3.21168  eV     1   --> A              
     e( 25 - 25) =     -3.12275  eV     1   --> A              
     e( 26 - 26) =     -0.58080  eV     1   --> A              
     e( 27 - 27) =     -0.34052  eV     1   --> A              
     e( 28 - 28) =      1.95997  eV     1   --> A              
     e( 29 - 29) =      2.03227  eV     1   --> A              
     e( 30 - 30) =      2.15350  eV     1   --> A              
     e( 31 - 31) =      2.41025  eV     1   --> A              
     e( 32 - 32) =      2.58516  eV     1   --> A              
     e( 33 - 33) =      3.38901  eV     1   --> A              
     e( 34 - 34) =      3.47501  eV     1   --> A              
     e( 35 - 35) =      3.98863  eV     1   --> A              

 **************************************************************************

 **************************************************************************

                    xk=(   0.09000,   0.05196,   0.00000  )

     Band symmetry, C_1 (1)     point group:

     e(  1 -  1) =    -77.75924  eV     1   --> A              
     e(  2 -  2) =    -48.99979  eV     1   --> A              
     e(  3 -  3) =    -48.98507  eV     1   --> A              
     e(  4 -  4) =    -48.89994  eV     1   --> A              
     e(  5 -  5) =    -24.12311  eV     1   --> A              
     e(  6 -  6) =    -24.03491  eV     1   --> A              
     e(  7 -  7) =    -21.45424  eV     1   --> A              
     e(  8 -  8) =    -20.09968  eV     1   --> A              
     e(  9 -  9) =    -13.66508  eV     1   --> A              
     e( 10 - 10) =    -11.06472  eV     1   --> A              
     e( 11 - 11) =     -9.86213  eV     1   --> A              
     e( 12 - 12) =     -9.78691  eV     1   --> A              
     e( 13 - 13) =     -9.33538  eV     1   --> A              
     e( 14 - 14) =     -9.28878  eV     1   --> A              
     e( 15 - 15) =     -9.04517  eV     1   --> A              
     e( 16 - 16) =     -8.95911  eV     1   --> A              
     e( 17 - 17) =     -8.66068  eV     1   --> A              
     e( 18 - 18) =     -7.67713  eV     1   --> A              
     e( 19 - 19) =     -7.58833  eV     1   --> A              
     e( 20 - 20) =     -7.16622  eV     1   --> A              
     e( 21 - 21) =     -5.36888  eV     1   --> A              
     e( 22 - 22) =     -3.38377  eV     1   --> A              
     e( 23 - 23) =     -3.24741  eV     1   --> A              
     e( 24 - 24) =     -3.20403  eV     1   --> A              
     e( 25 - 25) =     -3.13459  eV     1   --> A              
     e( 26 - 26) =     -0.62106  eV     1   --> A              
     e( 27 - 27) =     -0.37598  eV     1   --> A              
     e( 28 - 28) =      1.97082  eV     1   --> A              
     e( 29 - 29) =      2.03906  eV     1   --> A              
     e( 30 - 30) =      2.12116  eV     1   --> A              
     e( 31 - 31) =      2.43001  eV     1   --> A              
     e( 32 - 32) =      2.60004  eV     1   --> A              
     e( 33 - 33) =      3.35063  eV     1   --> A              
     e( 34 - 34) =      3.43621  eV     1   --> A              
     e( 35 - 35) =      3.95266  eV     1   --> A              

 **************************************************************************

 **************************************************************************

                    xk=(   0.08500,   0.04907,   0.00000  )

     Band symmetry, C_1 (1)     point group:

     e(  1 -  1) =    -77.75949  eV     1   --> A              
     e(  2 -  2) =    -48.99778  eV     1   --> A              
     e(  3 -  3) =    -48.98461  eV     1   --> A              
     e(  4 -  4) =    -48.90030  eV     1   --> A              
     e(  5 -  5) =    -24.13765  eV     1   --> A              
     e(  6 -  6) =    -24.04925  eV     1   --> A              
     e(  7 -  7) =    -21.46500  eV     1   --> A              
     e(  8 -  8) =    -20.10539  eV     1   --> A              
     e(  9 -  9) =    -13.67595  eV     1   --> A              
     e( 10 - 10) =    -11.06932  eV     1   --> A              
     e( 11 - 11) =     -9.80523  eV     1   --> A              
     e( 12 - 12) =     -9.72577  eV     1   --> A              
     e( 13 - 13) =     -9.32222  eV     1   --> A              
     e( 14 - 14) =     -9.27472  eV     1   --> A              
     e( 15 - 15) =     -9.04160  eV     1   --> A              
     e( 16 - 16) =     -8.94766  eV     1   --> A              
     e( 17 - 17) =     -8.66981  eV     1   --> A              
     e( 18 - 18) =     -7.66077  eV     1   --> A              
     e( 19 - 19) =     -7.57448  eV     1   --> A              
     e( 20 - 20) =     -7.17053  eV     1   --> A              
     e( 21 - 21) =     -5.35624  eV     1   --> A              
     e( 22 - 22) =     -3.37646  eV     1   --> A              
     e( 23 - 23) =     -3.23595  eV     1   --> A              
     e( 24 - 24) =     -3.19875  eV     1   --> A              
     e( 25 - 25) =     -3.14399  eV     1   --> A              
     e( 26 - 26) =     -0.66080  eV     1   --> A              
     e( 27 - 27) =     -0.41107  eV     1   --> A              
     e( 28 - 28) =      1.97456  eV     1   --> A              
     e( 29 - 29) =      2.03992  eV     1   --> A              
     e( 30 - 30) =      2.09224  eV     1   --> A              
     e( 31 - 31) =      2.45640  eV     1   --> A              
     e( 32 - 32) =      2.62139  eV     1   --> A              
     e( 33 - 33) =      3.31405  eV     1   --> A              
     e( 34 - 34) =      3.39926  eV     1   --> A              
     e( 35 - 35) =      3.91655  eV     1   --> A              

 **************************************************************************

 **************************************************************************

                    xk=(   0.08000,   0.04619,   0.00000  )

     Band symmetry, C_1 (1)     point group:

     e(  1 -  1) =    -77.75973  eV     1   --> A              
     e(  2 -  2) =    -48.99588  eV     1   --> A              
     e(  3 -  3) =    -48.98418  eV     1   --> A              
     e(  4 -  4) =    -48.90064  eV     1   --> A              
     e(  5 -  5) =    -24.15138  eV     1   --> A              
     e(  6 -  6) =    -24.06279  eV     1   --> A              
     e(  7 -  7) =    -21.47519  eV     1   --> A              
     e(  8 -  8) =    -20.11080  eV     1   --> A              
     e(  9 -  9) =    -13.68630  eV     1   --> A              
     e( 10 - 10) =    -11.07377  eV     1   --> A              
     e( 11 - 11) =     -9.75058  eV     1   --> A              
     e( 12 - 12) =     -9.66681  eV     1   --> A              
     e( 13 - 13) =     -9.30972  eV     1   --> A              
     e( 14 - 14) =     -9.26134  eV     1   --> A              
     e( 15 - 15) =     -9.04349  eV     1   --> A              
     e( 16 - 16) =     -8.93160  eV     1   --> A              
     e( 17 - 17) =     -8.67841  eV     1   --> A              
     e( 18 - 18) =     -7.64474  eV     1   --> A              
     e( 19 - 19) =     -7.56126  eV     1   --> A              
     e( 20 - 20) =     -7.17585  eV     1   --> A              
     e( 21 - 21) =     -5.34451  eV     1   --> A              
     e( 22 - 22) =     -3.36893  eV     1   --> A              
     e( 23 - 23) =     -3.22437  eV     1   --> A              
     e( 24 - 24) =     -3.19730  eV     1   --> A              
     e( 25 - 25) =     -3.14946  eV     1   --> A              
     e( 26 - 26) =     -0.69976  eV     1   --> A              
     e( 27 - 27) =     -0.44556  eV     1   --> A              
     e( 28 - 28) =      1.96975  eV     1   --> A              
     e( 29 - 29) =      2.03616  eV     1   --> A              
     e( 30 - 30) =      2.06898  eV     1   --> A              
     e( 31 - 31) =      2.48812  eV     1   --> A              
     e( 32 - 32) =      2.64806  eV     1   --> A              
     e( 33 - 33) =      3.27932  eV     1   --> A              
     e( 34 - 34) =      3.36421  eV     1   --> A              
     e( 35 - 35) =      3.88036  eV     1   --> A              

 **************************************************************************

 **************************************************************************

                    xk=(   0.07500,   0.04330,   0.00000  )

     Band symmetry, C_1 (1)     point group:

     e(  1 -  1) =    -77.75995  eV     1   --> A              
     e(  2 -  2) =    -48.99408  eV     1   --> A              
     e(  3 -  3) =    -48.98377  eV     1   --> A              
     e(  4 -  4) =    -48.90096  eV     1   --> A              
     e(  5 -  5) =    -24.16429  eV     1   --> A              
     e(  6 -  6) =    -24.07553  eV     1   --> A              
     e(  7 -  7) =    -21.48480  eV     1   --> A              
     e(  8 -  8) =    -20.11591  eV     1   --> A              
     e(  9 -  9) =    -13.69611  eV     1   --> A              
     e( 10 - 10) =    -11.07804  eV     1   --> A              
     e( 11 - 11) =     -9.69827  eV     1   --> A              
     e( 12 - 12) =     -9.61022  eV     1   --> A              
     e( 13 - 13) =     -9.29791  eV     1   --> A              
     e( 14 - 14) =     -9.24864  eV     1   --> A              
     e( 15 - 15) =     -9.04845  eV     1   --> A              
     e( 16 - 16) =     -8.91338  eV     1   --> A              
     e( 17 - 17) =     -8.68648  eV     1   --> A              
     e( 18 - 18) =     -7.62904  eV     1   --> A              
     e( 19 - 19) =     -7.54870  eV     1   --> A              
     e( 20 - 20) =     -7.18216  eV     1   --> A              
     e( 21 - 21) =     -5.33368  eV     1   --> A              
     e( 22 - 22) =     -3.36123  eV     1   --> A              
     e( 23 - 23) =     -3.21274  eV     1   --> A              
     e( 24 - 24) =     -3.20054  eV     1   --> A              
     e( 25 - 25) =     -3.15012  eV     1   --> A              
     e( 26 - 26) =     -0.73773  eV     1   --> A              
     e( 27 - 27) =     -0.47921  eV     1   --> A              
     e( 28 - 28) =      1.95567  eV     1   --> A              
     e( 29 - 29) =      2.02983  eV     1   --> A              
     e( 30 - 30) =      2.05228  eV     1   --> A              
     e( 31 - 31) =      2.52386  eV     1   --> A              
     e( 32 - 32) =      2.67882  eV     1   --> A              
     e( 33 - 33) =      3.24648  eV     1   --> A              
     e( 34 - 34) =      3.33109  eV     1   --> A              
     e( 35 - 35) =      3.84414  eV     1   --> A              

 **************************************************************************

 **************************************************************************

                    xk=(   0.07000,   0.04041,   0.00000  )

     Band symmetry, C_1 (1)     point group:

     e(  1 -  1) =    -77.76016  eV     1   --> A              
     e(  2 -  2) =    -48.99238  eV     1   --> A              
     e(  3 -  3) =    -48.98338  eV     1   --> A              
     e(  4 -  4) =    -48.90127  eV     1   --> A              
     e(  5 -  5) =    -24.17639  eV     1   --> A              
     e(  6 -  6) =    -24.08746  eV     1   --> A              
     e(  7 -  7) =    -21.49383  eV     1   --> A              
     e(  8 -  8) =    -20.12071  eV     1   --> A              
     e(  9 -  9) =    -13.70536  eV     1   --> A              
     e( 10 - 10) =    -11.08212  eV     1   --> A              
     e( 11 - 11) =     -9.64837  eV     1   --> A              
     e( 12 - 12) =     -9.55614  eV     1   --> A              
     e( 13 - 13) =     -9.28679  eV     1   --> A              
     e( 14 - 14) =     -9.23665  eV     1   --> A              
     e( 15 - 15) =     -9.05501  eV     1   --> A              
     e( 16 - 16) =     -8.89455  eV     1   --> A              
     e( 17 - 17) =     -8.69402  eV     1   --> A              
     e( 18 - 18) =     -7.61364  eV     1   --> A              
     e( 19 - 19) =     -7.53681  eV     1   --> A              
     e( 20 - 20) =     -7.18941  eV     1   --> A              
     e( 21 - 21) =     -5.32375  eV     1   --> A              
     e( 22 - 22) =     -3.35344  eV     1   --> A              
     e( 23 - 23) =     -3.20727  eV     1   --> A              
     e( 24 - 24) =     -3.20115  eV     1   --> A              
     e( 25 - 25) =     -3.14716  eV     1   --> A              
     e( 26 - 26) =     -0.77450  eV     1   --> A              
     e( 27 - 27) =     -0.51179  eV     1   --> A              
     e( 28 - 28) =      1.93447  eV     1   --> A              
     e( 29 - 29) =      2.02275  eV     1   --> A              
     e( 30 - 30) =      2.04021  eV     1   --> A              
     e( 31 - 31) =      2.56241  eV     1   --> A              
     e( 32 - 32) =      2.71250  eV     1   --> A              
     e( 33 - 33) =      3.21557  eV     1   --> A              
     e( 34 - 34) =      3.29995  eV     1   --> A              
     e( 35 - 35) =      3.80796  eV     1   --> A              

 **************************************************************************

 **************************************************************************

                    xk=(   0.06500,   0.03753,   0.00000  )

     Band symmetry, C_1 (1)     point group:

     e(  1 -  1) =    -77.76036  eV     1   --> A              
     e(  2 -  2) =    -48.99080  eV     1   --> A              
     e(  3 -  3) =    -48.98302  eV     1   --> A              
     e(  4 -  4) =    -48.90155  eV     1   --> A              
     e(  5 -  5) =    -24.18766  eV     1   --> A              
     e(  6 -  6) =    -24.09858  eV     1   --> A              
     e(  7 -  7) =    -21.50226  eV     1   --> A              
     e(  8 -  8) =    -20.12520  eV     1   --> A              
     e(  9 -  9) =    -13.71404  eV     1   --> A              
     e( 10 - 10) =    -11.08598  eV     1   --> A              
     e( 11 - 11) =     -9.60094  eV     1   --> A              
     e( 12 - 12) =     -9.50476  eV     1   --> A              
     e( 13 - 13) =     -9.27639  eV     1   --> A              
     e( 14 - 14) =     -9.22540  eV     1   --> A              
     e( 15 - 15) =     -9.06245  eV     1   --> A              
     e( 16 - 16) =     -8.87593  eV     1   --> A              
     e( 17 - 17) =     -8.70102  eV     1   --> A              
     e( 18 - 18) =     -7.59853  eV     1   --> A              
     e( 19 - 19) =     -7.52564  eV     1   --> A              
     e( 20 - 20) =     -7.19754  eV     1   --> A              
     e( 21 - 21) =     -5.31468  eV     1   --> A              
     e( 22 - 22) =     -3.34566  eV     1   --> A              
     e( 23 - 23) =     -3.21560  eV     1   --> A              
     e( 24 - 24) =     -3.18971  eV     1   --> A              
     e( 25 - 25) =     -3.14244  eV     1   --> A              
     e( 26 - 26) =     -0.80985  eV     1   --> A              
     e( 27 - 27) =     -0.54311  eV     1   --> A              
     e( 28 - 28) =      1.90973  eV     1   --> A              
     e( 29 - 29) =      2.01513  eV     1   --> A              
     e( 30 - 30) =      2.03070  eV     1   --> A              
     e( 31 - 31) =      2.60281  eV     1   --> A              
     e( 32 - 32) =      2.74803  eV     1   --> A              
     e( 33 - 33) =      3.18663  eV     1   --> A              
     e( 34 - 34) =      3.27082  eV     1   --> A              
     e( 35 - 35) =      3.77187  eV     1   --> A              

 **************************************************************************

 **************************************************************************

                    xk=(   0.06000,   0.03464,   0.00000  )

     Band symmetry, C_1 (1)     point group:

     e(  1 -  1) =    -77.76054  eV     1   --> A              
     e(  2 -  2) =    -48.98933  eV     1   --> A              
     e(  3 -  3) =    -48.98269  eV     1   --> A              
     e(  4 -  4) =    -48.90181  eV     1   --> A              
     e(  5 -  5) =    -24.19811  eV     1   --> A              
     e(  6 -  6) =    -24.10888  eV     1   --> A              
     e(  7 -  7) =    -21.51009  eV     1   --> A              
     e(  8 -  8) =    -20.12938  eV     1   --> A              
     e(  9 -  9) =    -13.72213  eV     1   --> A              
     e( 10 - 10) =    -11.08961  eV     1   --> A              
     e( 11 - 11) =     -9.55601  eV     1   --> A              
     e( 12 - 12) =     -9.45625  eV     1   --> A              
     e( 13 - 13) =     -9.26671  eV     1   --> A              
     e( 14 - 14) =     -9.21489  eV     1   --> A              
     e( 15 - 15) =     -9.07042  eV     1   --> A              
     e( 16 - 16) =     -8.85796  eV     1   --> A              
     e( 17 - 17) =     -8.70749  eV     1   --> A              
     e( 18 - 18) =     -7.58368  eV     1   --> A              
     e( 19 - 19) =     -7.51519  eV     1   --> A              
     e( 20 - 20) =     -7.20648  eV     1   --> A              
     e( 21 - 21) =     -5.30647  eV     1   --> A              
     e( 22 - 22) =     -3.33795  eV     1   --> A              
     e( 23 - 23) =     -3.22438  eV     1   --> A              
     e( 24 - 24) =     -3.17849  eV     1   --> A              
     e( 25 - 25) =     -3.13710  eV     1   --> A              
     e( 26 - 26) =     -0.84358  eV     1   --> A              
     e( 27 - 27) =     -0.57296  eV     1   --> A              
     e( 28 - 28) =      1.88403  eV     1   --> A              
     e( 29 - 29) =      2.00662  eV     1   --> A              
     e( 30 - 30) =      2.02287  eV     1   --> A              
     e( 31 - 31) =      2.64428  eV     1   --> A              
     e( 32 - 32) =      2.78449  eV     1   --> A              
     e( 33 - 33) =      3.15970  eV     1   --> A              
     e( 34 - 34) =      3.24372  eV     1   --> A              
     e( 35 - 35) =      3.73593  eV     1   --> A              

 **************************************************************************

 **************************************************************************

                    xk=(   0.05500,   0.03175,   0.00000  )

     Band symmetry, C_1 (1)     point group:

     e(  1 -  1) =    -77.76071  eV     1   --> A              
     e(  2 -  2) =    -48.98797  eV     1   --> A              
     e(  3 -  3) =    -48.98238  eV     1   --> A              
     e(  4 -  4) =    -48.90206  eV     1   --> A              
     e(  5 -  5) =    -24.20773  eV     1   --> A              
     e(  6 -  6) =    -24.11837  eV     1   --> A              
     e(  7 -  7) =    -21.51732  eV     1   --> A              
     e(  8 -  8) =    -20.13323  eV     1   --> A              
     e(  9 -  9) =    -13.72962  eV     1   --> A              
     e( 10 - 10) =    -11.09299  eV     1   --> A              
     e( 11 - 11) =     -9.51364  eV     1   --> A              
     e( 12 - 12) =     -9.41078  eV     1   --> A              
     e( 13 - 13) =     -9.25777  eV     1   --> A              
     e( 14 - 14) =     -9.20514  eV     1   --> A              
     e( 15 - 15) =     -9.07875  eV     1   --> A              
     e( 16 - 16) =     -8.84089  eV     1   --> A              
     e( 17 - 17) =     -8.71341  eV     1   --> A              
     e( 18 - 18) =     -7.56910  eV     1   --> A              
     e( 19 - 19) =     -7.50548  eV     1   --> A              
     e( 20 - 20) =     -7.21616  eV     1   --> A              
     e( 21 - 21) =     -5.29908  eV     1   --> A              
     e( 22 - 22) =     -3.33042  eV     1   --> A              
     e( 23 - 23) =     -3.23303  eV     1   --> A              
     e( 24 - 24) =     -3.16762  eV     1   --> A              
     e( 25 - 25) =     -3.13168  eV     1   --> A              
     e( 26 - 26) =     -0.87549  eV     1   --> A              
     e( 27 - 27) =     -0.60117  eV     1   --> A              
     e( 28 - 28) =      1.85880  eV     1   --> A              
     e( 29 - 29) =      1.99742  eV     1   --> A              
     e( 30 - 30) =      2.01616  eV     1   --> A              
     e( 31 - 31) =      2.68618  eV     1   --> A              
     e( 32 - 32) =      2.82108  eV     1   --> A              
     e( 33 - 33) =      3.13480  eV     1   --> A              
     e( 34 - 34) =      3.21869  eV     1   --> A              
     e( 35 - 35) =      3.70023  eV     1   --> A              

 **************************************************************************

 **************************************************************************

                    xk=(   0.05000,   0.02887,   0.00000  )

     Band symmetry, C_1 (1)     point group:

     e(  1 -  1) =    -77.76086  eV     1   --> A              
     e(  2 -  2) =    -48.98672  eV     1   --> A              
     e(  3 -  3) =    -48.98210  eV     1   --> A              
     e(  4 -  4) =    -48.90228  eV     1   --> A              
     e(  5 -  5) =    -24.21653  eV     1   --> A              
     e(  6 -  6) =    -24.12705  eV     1   --> A              
     e(  7 -  7) =    -21.52394  eV     1   --> A              
     e(  8 -  8) =    -20.13676  eV     1   --> A              
     e(  9 -  9) =    -13.73649  eV     1   --> A              
     e( 10 - 10) =    -11.09611  eV     1   --> A              
     e( 11 - 11) =     -9.47382  eV     1   --> A              
     e( 12 - 12) =     -9.36854  eV     1   --> A              
     e( 13 - 13) =     -9.24959  eV     1   --> A              
     e( 14 - 14) =     -9.19619  eV     1   --> A              
     e( 15 - 15) =     -9.08738  eV     1   --> A              
     e( 16 - 16) =     -8.82491  eV     1   --> A              
     e( 17 - 17) =     -8.71881  eV     1   --> A              
     e( 18 - 18) =     -7.55478  eV     1   --> A              
     e( 19 - 19) =     -7.49655  eV     1   --> A              
     e( 20 - 20) =     -7.22647  eV     1   --> A              
     e( 21 - 21) =     -5.29249  eV     1   --> A              
     e( 22 - 22) =     -3.32315  eV     1   --> A              
     e( 23 - 23) =     -3.24127  eV     1   --> A              
     e( 24 - 24) =     -3.15718  eV     1   --> A              
     e( 25 - 25) =     -3.12645  eV     1   --> A              
     e( 26 - 26) =     -0.90539  eV     1   --> A              
     e( 27 - 27) =     -0.62755  eV     1   --> A              
     e( 28 - 28) =      1.83478  eV     1   --> A              
     e( 29 - 29) =      1.98807  eV     1   --> A              
     e( 30 - 30) =      2.01013  eV     1   --> A              
     e( 31 - 31) =      2.72797  eV     1   --> A              
     e( 32 - 32) =      2.85711  eV     1   --> A              
     e( 33 - 33) =      3.11197  eV     1   --> A              
     e( 34 - 34) =      3.19575  eV     1   --> A              
     e( 35 - 35) =      3.66485  eV     1   --> A              

 **************************************************************************

 **************************************************************************

                    xk=(   0.04500,   0.02598,   0.00000  )

     Band symmetry, C_1 (1)     point group:

     e(  1 -  1) =    -77.76100  eV     1   --> A              
     e(  2 -  2) =    -48.98559  eV     1   --> A              
     e(  3 -  3) =    -48.98184  eV     1   --> A              
     e(  4 -  4) =    -48.90248  eV     1   --> A              
     e(  5 -  5) =    -24.22449  eV     1   --> A              
     e(  6 -  6) =    -24.13490  eV     1   --> A              
     e(  7 -  7) =    -21.52995  eV     1   --> A              
     e(  8 -  8) =    -20.13997  eV     1   --> A              
     e(  9 -  9) =    -13.74274  eV     1   --> A              
     e( 10 - 10) =    -11.09896  eV     1   --> A              
     e( 11 - 11) =     -9.43657  eV     1   --> A              
     e( 12 - 12) =     -9.32969  eV     1   --> A              
     e( 13 - 13) =     -9.24215  eV     1   --> A              
     e( 14 - 14) =     -9.18804  eV     1   --> A              
     e( 15 - 15) =     -9.09631  eV     1   --> A              
     e( 16 - 16) =     -8.81014  eV     1   --> A              
     e( 17 - 17) =     -8.72367  eV     1   --> A              
     e( 18 - 18) =     -7.54075  eV     1   --> A              
     e( 19 - 19) =     -7.48841  eV     1   --> A              
     e( 20 - 20) =     -7.23729  eV     1   --> A              
     e( 21 - 21) =     -5.28665  eV     1   --> A              
     e( 22 - 22) =     -3.31623  eV     1   --> A              
     e( 23 - 23) =     -3.24895  eV     1   --> A              
     e( 24 - 24) =     -3.14730  eV     1   --> A              
     e( 25 - 25) =     -3.12156  eV     1   --> A              
     e( 26 - 26) =     -0.93310  eV     1   --> A              
     e( 27 - 27) =     -0.65194  eV     1   --> A              
     e( 28 - 28) =      1.81241  eV     1   --> A              
     e( 29 - 29) =      1.97898  eV     1   --> A              
     e( 30 - 30) =      2.00457  eV     1   --> A              
     e( 31 - 31) =      2.76916  eV     1   --> A              
     e( 32 - 32) =      2.89201  eV     1   --> A              
     e( 33 - 33) =      3.09123  eV     1   --> A              
     e( 34 - 34) =      3.17492  eV     1   --> A              
     e( 35 - 35) =      3.62992  eV     1   --> A              

 **************************************************************************

 **************************************************************************

                    xk=(   0.04000,   0.02309,   0.00000  )

     Band symmetry, C_1 (1)     point group:

     e(  1 -  1) =    -77.76113  eV     1   --> A              
     e(  2 -  2) =    -48.98457  eV     1   --> A              
     e(  3 -  3) =    -48.98161  eV     1   --> A              
     e(  4 -  4) =    -48.90266  eV     1   --> A              
     e(  5 -  5) =    -24.23162  eV     1   --> A              
     e(  6 -  6) =    -24.14193  eV     1   --> A              
     e(  7 -  7) =    -21.53533  eV     1   --> A              
     e(  8 -  8) =    -20.14284  eV     1   --> A              
     e(  9 -  9) =    -13.74836  eV     1   --> A              
     e( 10 - 10) =    -11.10153  eV     1   --> A              
     e( 11 - 11) =     -9.40186  eV     1   --> A              
     e( 12 - 12) =     -9.29440  eV     1   --> A              
     e( 13 - 13) =     -9.23549  eV     1   --> A              
     e( 14 - 14) =     -9.18071  eV     1   --> A              
     e( 15 - 15) =     -9.10556  eV     1   --> A              
     e( 16 - 16) =     -8.79669  eV     1   --> A              
     e( 17 - 17) =     -8.72801  eV     1   --> A              
     e( 18 - 18) =     -7.52704  eV     1   --> A              
     e( 19 - 19) =     -7.48108  eV     1   --> A              
     e( 20 - 20) =     -7.24848  eV     1   --> A              
     e( 21 - 21) =     -5.28155  eV     1   --> A              
     e( 22 - 22) =     -3.30976  eV     1   --> A              
     e( 23 - 23) =     -3.25597  eV     1   --> A              
     e( 24 - 24) =     -3.13808  eV     1   --> A              
     e( 25 - 25) =     -3.11709  eV     1   --> A              
     e( 26 - 26) =     -0.95843  eV     1   --> A              
     e( 27 - 27) =     -0.67420  eV     1   --> A              
     e( 28 - 28) =      1.79196  eV     1   --> A              
     e( 29 - 29) =      1.97045  eV     1   --> A              
     e( 30 - 30) =      1.99943  eV     1   --> A              
     e( 31 - 31) =      2.80924  eV     1   --> A              
     e( 32 - 32) =      2.92529  eV     1   --> A              
     e( 33 - 33) =      3.07261  eV     1   --> A              
     e( 34 - 34) =      3.15622  eV     1   --> A              
     e( 35 - 35) =      3.59559  eV     1   --> A              

 **************************************************************************

 **************************************************************************

                    xk=(   0.03500,   0.02021,   0.00000  )

     Band symmetry, C_1 (1)     point group:

     e(  1 -  1) =    -77.76124  eV     1   --> A              
     e(  2 -  2) =    -48.98367  eV     1   --> A              
     e(  3 -  3) =    -48.98140  eV     1   --> A              
     e(  4 -  4) =    -48.90282  eV     1   --> A              
     e(  5 -  5) =    -24.23792  eV     1   --> A              
     e(  6 -  6) =    -24.14814  eV     1   --> A              
     e(  7 -  7) =    -21.54009  eV     1   --> A              
     e(  8 -  8) =    -20.14539  eV     1   --> A              
     e(  9 -  9) =    -13.75333  eV     1   --> A              
     e( 10 - 10) =    -11.10381  eV     1   --> A              
     e( 11 - 11) =     -9.36965  eV     1   --> A              
     e( 12 - 12) =     -9.26287  eV     1   --> A              
     e( 13 - 13) =     -9.22960  eV     1   --> A              
     e( 14 - 14) =     -9.17421  eV     1   --> A              
     e( 15 - 15) =     -9.11518  eV     1   --> A              
     e( 16 - 16) =     -8.78464  eV     1   --> A              
     e( 17 - 17) =     -8.73182  eV     1   --> A              
     e( 18 - 18) =     -7.51373  eV     1   --> A              
     e( 19 - 19) =     -7.47457  eV     1   --> A              
     e( 20 - 20) =     -7.25988  eV     1   --> A              
     e( 21 - 21) =     -5.27715  eV     1   --> A              
     e( 22 - 22) =     -3.30381  eV     1   --> A              
     e( 23 - 23) =     -3.26226  eV     1   --> A              
     e( 24 - 24) =     -3.12963  eV     1   --> A              
     e( 25 - 25) =     -3.11308  eV     1   --> A              
     e( 26 - 26) =     -0.98123  eV     1   --> A              
     e( 27 - 27) =     -0.69419  eV     1   --> A              
     e( 28 - 28) =      1.77361  eV     1   --> A              
     e( 29 - 29) =      1.96264  eV     1   --> A              
     e( 30 - 30) =      1.99473  eV     1   --> A              
     e( 31 - 31) =      2.84767  eV     1   --> A              
     e( 32 - 32) =      2.95653  eV     1   --> A              
     e( 33 - 33) =      3.05613  eV     1   --> A              
     e( 34 - 34) =      3.13969  eV     1   --> A              
     e( 35 - 35) =      3.56210  eV     1   --> A              

 **************************************************************************

 **************************************************************************

                    xk=(   0.03000,   0.01732,   0.00000  )

     Band symmetry, C_1 (1)     point group:

     e(  1 -  1) =    -77.76134  eV     1   --> A              
     e(  2 -  2) =    -48.98289  eV     1   --> A              
     e(  3 -  3) =    -48.98122  eV     1   --> A              
     e(  4 -  4) =    -48.90296  eV     1   --> A              
     e(  5 -  5) =    -24.24338  eV     1   --> A              
     e(  6 -  6) =    -24.15352  eV     1   --> A              
     e(  7 -  7) =    -21.54422  eV     1   --> A              
     e(  8 -  8) =    -20.14760  eV     1   --> A              
     e(  9 -  9) =    -13.75766  eV     1   --> A              
     e( 10 - 10) =    -11.10581  eV     1   --> A              
     e( 11 - 11) =     -9.33988  eV     1   --> A              
     e( 12 - 12) =     -9.23527  eV     1   --> A              
     e( 13 - 13) =     -9.22448  eV     1   --> A              
     e( 14 - 14) =     -9.16855  eV     1   --> A              
     e( 15 - 15) =     -9.12522  eV     1   --> A              
     e( 16 - 16) =     -8.77405  eV     1   --> A              
     e( 17 - 17) =     -8.73511  eV     1   --> A              
     e( 18 - 18) =     -7.50093  eV     1   --> A              
     e( 19 - 19) =     -7.46889  eV     1   --> A              
     e( 20 - 20) =     -7.27125  eV     1   --> A              
     e( 21 - 21) =     -5.27341  eV     1   --> A              
     e( 22 - 22) =     -3.29848  eV     1   --> A              
     e( 23 - 23) =     -3.26778  eV     1   --> A              
     e( 24 - 24) =     -3.12206  eV     1   --> A              
     e( 25 - 25) =     -3.10957  eV     1   --> A              
     e( 26 - 26) =     -1.00134  eV     1   --> A              
     e( 27 - 27) =     -0.71177  eV     1   --> A              
     e( 28 - 28) =      1.75750  eV     1   --> A              
     e( 29 - 29) =      1.95568  eV     1   --> A              
     e( 30 - 30) =      1.99053  eV     1   --> A              
     e( 31 - 31) =      2.88381  eV     1   --> A              
     e( 32 - 32) =      2.98541  eV     1   --> A              
     e( 33 - 33) =      3.04181  eV     1   --> A              
     e( 34 - 34) =      3.12532  eV     1   --> A              
     e( 35 - 35) =      3.52980  eV     1   --> A              

 **************************************************************************

 **************************************************************************

                    xk=(   0.02500,   0.01443,   0.00000  )

     Band symmetry, C_1 (1)     point group:

     e(  1 -  1) =    -77.76142  eV     1   --> A              
     e(  2 -  2) =    -48.98223  eV     1   --> A              
     e(  3 -  3) =    -48.98107  eV     1   --> A              
     e(  4 -  4) =    -48.90308  eV     1   --> A              
     e(  5 -  5) =    -24.24800  eV     1   --> A              
     e(  6 -  6) =    -24.15808  eV     1   --> A              
     e(  7 -  7) =    -21.54773  eV     1   --> A              
     e(  8 -  8) =    -20.14947  eV     1   --> A              
     e(  9 -  9) =    -13.76133  eV     1   --> A              
     e( 10 - 10) =    -11.10750  eV     1   --> A              
     e( 11 - 11) =     -9.31249  eV     1   --> A              
     e( 12 - 12) =     -9.22015  eV     1   --> A              
     e( 13 - 13) =     -9.21184  eV     1   --> A              
     e( 14 - 14) =     -9.16375  eV     1   --> A              
     e( 15 - 15) =     -9.13570  eV     1   --> A              
     e( 16 - 16) =     -8.76500  eV     1   --> A              
     e( 17 - 17) =     -8.73788  eV     1   --> A              
     e( 18 - 18) =     -7.48884  eV     1   --> A              
     e( 19 - 19) =     -7.46407  eV     1   --> A              
     e( 20 - 20) =     -7.28233  eV     1   --> A              
     e( 21 - 21) =     -5.27031  eV     1   --> A              
     e( 22 - 22) =     -3.29384  eV     1   --> A              
     e( 23 - 23) =     -3.27249  eV     1   --> A              
     e( 24 - 24) =     -3.11547  eV     1   --> A              
     e( 25 - 25) =     -3.10657  eV     1   --> A              
     e( 26 - 26) =     -1.01861  eV     1   --> A              
     e( 27 - 27) =     -0.72685  eV     1   --> A              
     e( 28 - 28) =      1.74373  eV     1   --> A              
     e( 29 - 29) =      1.94968  eV     1   --> A              
     e( 30 - 30) =      1.98688  eV     1   --> A              
     e( 31 - 31) =      2.91686  eV     1   --> A              
     e( 32 - 32) =      3.01168  eV     1   --> A              
     e( 33 - 33) =      3.02966  eV     1   --> A              
     e( 34 - 34) =      3.11314  eV     1   --> A              
     e( 35 - 35) =      3.49916  eV     1   --> A              

 **************************************************************************

 **************************************************************************

                    xk=(   0.02000,   0.01155,   0.00000  )

     Band symmetry, C_1 (1)     point group:

     e(  1 -  1) =    -77.76149  eV     1   --> A              
     e(  2 -  2) =    -48.98169  eV     1   --> A              
     e(  3 -  3) =    -48.98095  eV     1   --> A              
     e(  4 -  4) =    -48.90318  eV     1   --> A              
     e(  5 -  5) =    -24.25178  eV     1   --> A              
     e(  6 -  6) =    -24.16181  eV     1   --> A              
     e(  7 -  7) =    -21.55059  eV     1   --> A              
     e(  8 -  8) =    -20.15100  eV     1   --> A              
     e(  9 -  9) =    -13.76434  eV     1   --> A              
     e( 10 - 10) =    -11.10890  eV     1   --> A              
     e( 11 - 11) =     -9.28737  eV     1   --> A              
     e( 12 - 12) =     -9.21661  eV     1   --> A              
     e( 13 - 13) =     -9.19300  eV     1   --> A              
     e( 14 - 14) =     -9.15981  eV     1   --> A              
     e( 15 - 15) =     -9.14642  eV     1   --> A              
     e( 16 - 16) =     -8.75752  eV     1   --> A              
     e( 17 - 17) =     -8.74015  eV     1   --> A              
     e( 18 - 18) =     -7.47773  eV     1   --> A              
     e( 19 - 19) =     -7.46011  eV     1   --> A              
     e( 20 - 20) =     -7.29273  eV     1   --> A              
     e( 21 - 21) =     -5.26781  eV     1   --> A              
     e( 22 - 22) =     -3.28995  eV     1   --> A              
     e( 23 - 23) =     -3.27638  eV     1   --> A              
     e( 24 - 24) =     -3.10993  eV     1   --> A              
     e( 25 - 25) =     -3.10410  eV     1   --> A              
     e( 26 - 26) =     -1.03292  eV     1   --> A              
     e( 27 - 27) =     -0.73932  eV     1   --> A              
     e( 28 - 28) =      1.73237  eV     1   --> A              
     e( 29 - 29) =      1.94469  eV     1   --> A              
     e( 30 - 30) =      1.98383  eV     1   --> A              
     e( 31 - 31) =      2.94585  eV     1   --> A              
     e( 32 - 32) =      3.01971  eV     1   --> A              
     e( 33 - 33) =      3.03507  eV     1   --> A              
     e( 34 - 34) =      3.10316  eV     1   --> A              
     e( 35 - 35) =      3.47095  eV     1   --> A              

 **************************************************************************

 **************************************************************************

                    xk=(   0.01500,   0.00866,   0.00000  )

     Band symmetry, C_1 (1)     point group:

     e(  1 -  1) =    -77.76154  eV     1   --> A              
     e(  2 -  2) =    -48.98126  eV     1   --> A              
     e(  3 -  3) =    -48.98085  eV     1   --> A              
     e(  4 -  4) =    -48.90326  eV     1   --> A              
     e(  5 -  5) =    -24.25472  eV     1   --> A              
     e(  6 -  6) =    -24.16471  eV     1   --> A              
     e(  7 -  7) =    -21.55283  eV     1   --> A              
     e(  8 -  8) =    -20.15220  eV     1   --> A              
     e(  9 -  9) =    -13.76669  eV     1   --> A              
     e( 10 - 10) =    -11.10998  eV     1   --> A              
     e( 11 - 11) =     -9.26441  eV     1   --> A              
     e( 12 - 12) =     -9.21385  eV     1   --> A              
     e( 13 - 13) =     -9.18032  eV     1   --> A              
     e( 14 - 14) =     -9.15674  eV     1   --> A              
     e( 15 - 15) =     -9.15608  eV     1   --> A              
     e( 16 - 16) =     -8.75166  eV     1   --> A              
     e( 17 - 17) =     -8.74191  eV     1   --> A              
     e( 18 - 18) =     -7.46803  eV     1   --> A              
     e( 19 - 19) =     -7.45701  eV     1   --> A              
     e( 20 - 20) =     -7.30197  eV     1   --> A              
     e( 21 - 21) =     -5.26589  eV     1   --> A              
     e( 22 - 22) =     -3.28688  eV     1   --> A              
     e( 23 - 23) =     -3.27941  eV     1   --> A              
     e( 24 - 24) =     -3.10555  eV     1   --> A              
     e( 25 - 25) =     -3.10217  eV     1   --> A              
     e( 26 - 26) =     -1.04417  eV     1   --> A              
     e( 27 - 27) =     -0.74910  eV     1   --> A              
     e( 28 - 28) =      1.72348  eV     1   --> A              
     e( 29 - 29) =      1.94077  eV     1   --> A              
     e( 30 - 30) =      1.98141  eV     1   --> A              
     e( 31 - 31) =      2.96969  eV     1   --> A              
     e( 32 - 32) =      3.01195  eV     1   --> A              
     e( 33 - 33) =      3.05519  eV     1   --> A              
     e( 34 - 34) =      3.09538  eV     1   --> A              
     e( 35 - 35) =      3.44623  eV     1   --> A              

 **************************************************************************

 **************************************************************************

                    xk=(   0.01000,   0.00577,   0.00000  )

     Band symmetry, C_1 (1)     point group:

     e(  1 -  1) =    -77.76158  eV     1   --> A              
     e(  2 -  2) =    -48.98096  eV     1   --> A              
     e(  3 -  3) =    -48.98079  eV     1   --> A              
     e(  4 -  4) =    -48.90331  eV     1   --> A              
     e(  5 -  5) =    -24.25683  eV     1   --> A              
     e(  6 -  6) =    -24.16679  eV     1   --> A              
     e(  7 -  7) =    -21.55442  eV     1   --> A              
     e(  8 -  8) =    -20.15305  eV     1   --> A              
     e(  9 -  9) =    -13.76837  eV     1   --> A              
     e( 10 - 10) =    -11.11076  eV     1   --> A              
     e( 11 - 11) =     -9.24352  eV     1   --> A              
     e( 12 - 12) =     -9.21188  eV     1   --> A              
     e( 13 - 13) =     -9.18040  eV     1   --> A              
     e( 14 - 14) =     -9.15825  eV     1   --> A              
     e( 15 - 15) =     -9.15454  eV     1   --> A              
     e( 16 - 16) =     -8.74745  eV     1   --> A              
     e( 17 - 17) =     -8.74316  eV     1   --> A              
     e( 18 - 18) =     -7.46033  eV     1   --> A              
     e( 19 - 19) =     -7.45479  eV     1   --> A              
     e( 20 - 20) =     -7.30941  eV     1   --> A              
     e( 21 - 21) =     -5.26454  eV     1   --> A              
     e( 22 - 22) =     -3.28469  eV     1   --> A              
     e( 23 - 23) =     -3.28155  eV     1   --> A              
     e( 24 - 24) =     -3.10237  eV     1   --> A              
     e( 25 - 25) =     -3.10079  eV     1   --> A              
     e( 26 - 26) =     -1.05227  eV     1   --> A              
     e( 27 - 27) =     -0.75613  eV     1   --> A              
     e( 28 - 28) =      1.71710  eV     1   --> A              
     e( 29 - 29) =      1.93794  eV     1   --> A              
     e( 30 - 30) =      1.97966  eV     1   --> A              
     e( 31 - 31) =      2.98740  eV     1   --> A              
     e( 32 - 32) =      3.00640  eV     1   --> A              
     e( 33 - 33) =      3.07121  eV     1   --> A              
     e( 34 - 34) =      3.08983  eV     1   --> A              
     e( 35 - 35) =      3.42649  eV     1   --> A              

 **************************************************************************

 **************************************************************************

                    xk=(   0.00500,   0.00289,   0.00000  )

     Band symmetry, C_1 (1)     point group:

     e(  1 -  1) =    -77.76160  eV     1   --> A              
     e(  2 -  3) =    -48.98078  eV     2   -->   2 A              
     e(  4 -  4) =    -48.90334  eV     1   --> A              
     e(  5 -  5) =    -24.25809  eV     1   --> A              
     e(  6 -  6) =    -24.16803  eV     1   --> A              
     e(  7 -  7) =    -21.55538  eV     1   --> A              
     e(  8 -  8) =    -20.15356  eV     1   --> A              
     e(  9 -  9) =    -13.76938  eV     1   --> A              
     e( 10 - 10) =    -11.11123  eV     1   --> A              
     e( 11 - 11) =     -9.22465  eV     1   --> A              
     e( 12 - 12) =     -9.21070  eV     1   --> A              
     e( 13 - 13) =     -9.19184  eV     1   --> A              
     e( 14 - 14) =     -9.15448  eV     1   --> A              
     e( 15 - 15) =     -9.15323  eV     1   --> A              
     e( 16 - 16) =     -8.74492  eV     1   --> A              
     e( 17 - 17) =     -8.74391  eV     1   --> A              
     e( 18 - 18) =     -7.45533  eV     1   --> A              
     e( 19 - 19) =     -7.45341  eV     1   --> A              
     e( 20 - 20) =     -7.31431  eV     1   --> A              
     e( 21 - 21) =     -5.26373  eV     1   --> A              
     e( 22 - 22) =     -3.28362  eV     1   --> A              
     e( 23 - 23) =     -3.28257  eV     1   --> A              
     e( 24 - 24) =     -3.10045  eV     1   --> A              
     e( 25 - 25) =     -3.09995  eV     1   --> A              
     e( 26 - 26) =     -1.05716  eV     1   --> A              
     e( 27 - 27) =     -0.76037  eV     1   --> A              
     e( 28 - 28) =      1.71327  eV     1   --> A              
     e( 29 - 29) =      1.93624  eV     1   --> A              
     e( 30 - 30) =      1.97861  eV     1   --> A              
     e( 31 - 31) =      2.99825  eV     1   --> A              
     e( 32 - 32) =      3.00307  eV     1   --> A              
     e( 33 - 33) =      3.08179  eV     1   --> A              
     e( 34 - 34) =      3.08649  eV     1   --> A              
     e( 35 - 35) =      3.41354  eV     1   --> A              

 **************************************************************************

 **************************************************************************

                    xk=(   0.00000,   0.00000,   0.00000  )

     Band symmetry, C_1 (1)     point group:

     e(  1 -  1) =    -77.76161  eV     1   --> A              
     e(  2 -  3) =    -48.98074  eV     2   -->   2 A              
     e(  4 -  4) =    -48.90335  eV     1   --> A              
     e(  5 -  5) =    -24.25851  eV     1   --> A              
     e(  6 -  6) =    -24.16845  eV     1   --> A              
     e(  7 -  7) =    -21.55570  eV     1   --> A              
     e(  8 -  8) =    -20.15374  eV     1   --> A              
     e(  9 -  9) =    -13.76971  eV     1   --> A              
     e( 10 - 10) =    -11.11139  eV     1   --> A              
     e( 11 - 11) =     -9.21033  eV     1   --> A              
     e( 12 - 12) =     -9.21021  eV     1   --> A              
     e( 13 - 13) =     -9.20422  eV     1   --> A              
     e( 14 - 15) =     -9.15279  eV     2   -->   2 A              
     e( 16 - 16) =     -8.74422  eV     1   --> A              
     e( 17 - 17) =     -8.74402  eV     1   --> A              
     e( 18 - 18) =     -7.45370  eV     1   --> A              
     e( 19 - 19) =     -7.45282  eV     1   --> A              
     e( 20 - 20) =     -7.31603  eV     1   --> A              
     e( 21 - 21) =     -5.26346  eV     1   --> A              
     e( 22 - 22) =     -3.28367  eV     1   --> A              
     e( 23 - 23) =     -3.28250  eV     1   --> A              
     e( 24 - 24) =     -3.09984  eV     1   --> A              
     e( 25 - 25) =     -3.09965  eV     1   --> A              
     e( 26 - 26) =     -1.05879  eV     1   --> A              
     e( 27 - 27) =     -0.76179  eV     1   --> A              
     e( 28 - 28) =      1.71199  eV     1   --> A              
     e( 29 - 29) =      1.93567  eV     1   --> A              
     e( 30 - 30) =      1.97825  eV     1   --> A              
     e( 31 - 31) =      3.00185  eV     1   --> A              
     e( 32 - 32) =      3.00201  eV     1   --> A              
     e( 33 - 33) =      3.08530  eV     1   --> A              
     e( 34 - 34) =      3.08562  eV     1   --> A              
     e( 35 - 35) =      3.40900  eV     1   --> A              

 **************************************************************************
 
     BANDS        :   1m 5.43s CPU   1m27.97s WALL

 
   This run was terminated on:   3:36:39  13Mar2026            

=------------------------------------------------------------------------------=
   JOB DONE.
=------------------------------------------------------------------------------=
