  0.00000000E+00 -0.15612198E+02
  0.14728371E-01 -0.15611539E+02
  0.29456741E-01 -0.15609922E+02
  0.44185112E-01 -0.15607348E+02
  0.58913483E-01 -0.15603814E+02
  0.73641854E-01 -0.15599317E+02
  0.88370224E-01 -0.15593855E+02
  0.10309860E+00 -0.15587420E+02
  0.11782697E+00 -0.15580012E+02
  0.13255534E+00 -0.15571625E+02
  0.14728371E+00 -0.15562261E+02
  0.16201208E+00 -0.15551922E+02
  0.17674045E+00 -0.15540611E+02
  0.19146882E+00 -0.15528336E+02
  0.20619719E+00 -0.15515107E+02
  0.22092556E+00 -0.15500938E+02
  0.23565393E+00 -0.15485843E+02
  0.25038230E+00 -0.15469839E+02
  0.26511067E+00 -0.15452947E+02
  0.27983904E+00 -0.15435188E+02
  0.29456741E+00 -0.15416588E+02
  0.30929579E+00 -0.15397175E+02
  0.32402416E+00 -0.15376982E+02
  0.33875253E+00 -0.15356050E+02
  0.35348090E+00 -0.15334428E+02
  0.36820927E+00 -0.15312173E+02
  0.38293764E+00 -0.15289357E+02
  0.39766601E+00 -0.15266066E+02
  0.41239438E+00 -0.15242400E+02
  0.42712275E+00 -0.15218482E+02
  0.44185112E+00 -0.15194452E+02
  0.45657949E+00 -0.15170470E+02
  0.47130786E+00 -0.15146719E+02
  0.48603623E+00 -0.15123403E+02
  0.50076460E+00 -0.15100746E+02
  0.51549298E+00 -0.15078988E+02
  0.53022135E+00 -0.15058390E+02
  0.54494972E+00 -0.15039227E+02
  0.55967809E+00 -0.15021786E+02
  0.57440646E+00 -0.15006365E+02
  0.58913483E+00 -0.14993269E+02
  0.60386320E+00 -0.14982809E+02
  0.61859157E+00 -0.14975297E+02
  0.63331994E+00 -0.14971039E+02
  0.64804831E+00 -0.14970332E+02
  0.66277668E+00 -0.14973453E+02
  0.67750505E+00 -0.14980645E+02
  0.69223342E+00 -0.14992106E+02
  0.70696179E+00 -0.15007971E+02
  0.72169017E+00 -0.15028294E+02
  0.73641854E+00 -0.15053043E+02
  0.75114691E+00 -0.15082084E+02
  0.76587528E+00 -0.15115190E+02
  0.78060365E+00 -0.15152044E+02
  0.79533202E+00 -0.15192263E+02
  0.81006039E+00 -0.15235411E+02
  0.82478876E+00 -0.15281025E+02
  0.83951713E+00 -0.15328633E+02
  0.85424550E+00 -0.15377774E+02
  0.86897387E+00 -0.15428002E+02
  0.88370224E+00 -0.15478899E+02
  0.89843061E+00 -0.15530079E+02
  0.91315898E+00 -0.15581184E+02
  0.92788736E+00 -0.15631890E+02
  0.94261573E+00 -0.15681902E+02
  0.95734410E+00 -0.15730953E+02
  0.97207247E+00 -0.15778806E+02
  0.98680084E+00 -0.15825250E+02
  0.10015292E+01 -0.15870099E+02
  0.10162576E+01 -0.15913192E+02
  0.10309860E+01 -0.15954387E+02
  0.10457143E+01 -0.15993561E+02
  0.10604427E+01 -0.16030601E+02
  0.10751711E+01 -0.16065405E+02
  0.10898994E+01 -0.16097871E+02
  0.11046278E+01 -0.16127897E+02
  0.11193562E+01 -0.16155377E+02
  0.11340845E+01 -0.16180201E+02
  0.11488129E+01 -0.16202253E+02
  0.11635413E+01 -0.16221422E+02
  0.11782697E+01 -0.16237598E+02
  0.11929980E+01 -0.16250686E+02
  0.12077264E+01 -0.16260610E+02
  0.12224548E+01 -0.16267318E+02
  0.12371831E+01 -0.16270791E+02
  0.12519115E+01 -0.16271047E+02
  0.12666399E+01 -0.16268148E+02
  0.12813683E+01 -0.16262200E+02
  0.12960966E+01 -0.16253365E+02
  0.13108250E+01 -0.16241859E+02
  0.13255534E+01 -0.16227962E+02
  0.13402817E+01 -0.16212021E+02
  0.13550101E+01 -0.16194462E+02
  0.13697385E+01 -0.16175797E+02
  0.13844668E+01 -0.16156632E+02
  0.13991952E+01 -0.16137680E+02
  0.14139236E+01 -0.16119756E+02
  0.14286520E+01 -0.16103768E+02
  0.14433803E+01 -0.16090683E+02
  0.14581087E+01 -0.16081450E+02
  0.14728371E+01 -0.16076909E+02
  0.14875654E+01 -0.16079367E+02
  0.15022938E+01 -0.16087372E+02
  0.15170222E+01 -0.16100715E+02
  0.15317506E+01 -0.16118912E+02
  0.15464789E+01 -0.16141316E+02
  0.15612073E+01 -0.16167218E+02
  0.15759357E+01 -0.16195926E+02
  0.15906640E+01 -0.16226811E+02
  0.16053924E+01 -0.16259325E+02
  0.16201208E+01 -0.16293001E+02
  0.16348492E+01 -0.16327451E+02
  0.16495775E+01 -0.16362351E+02
  0.16643059E+01 -0.16397434E+02
  0.16790343E+01 -0.16432477E+02
  0.16937626E+01 -0.16467300E+02
  0.17084910E+01 -0.16501750E+02
  0.17232194E+01 -0.16535706E+02
  0.17379477E+01 -0.16569068E+02
  0.17526761E+01 -0.16601758E+02
  0.17674045E+01 -0.16633715E+02
  0.17821329E+01 -0.16664895E+02
  0.17968612E+01 -0.16695266E+02
  0.18115896E+01 -0.16724809E+02
  0.18263180E+01 -0.16753512E+02
  0.18410463E+01 -0.16781371E+02
  0.18557747E+01 -0.16808385E+02
  0.18705031E+01 -0.16834557E+02
  0.18852315E+01 -0.16859888E+02
  0.18999598E+01 -0.16884379E+02
  0.19146882E+01 -0.16908024E+02
  0.19294166E+01 -0.16930815E+02
  0.19441449E+01 -0.16952737E+02
  0.19588733E+01 -0.16973770E+02
  0.19736017E+01 -0.16993886E+02
  0.19883300E+01 -0.17013053E+02
  0.20030584E+01 -0.17031233E+02
  0.20177868E+01 -0.17048384E+02
  0.20325152E+01 -0.17064463E+02
  0.20472435E+01 -0.17079424E+02
  0.20619719E+01 -0.17093221E+02
  0.20767003E+01 -0.17105812E+02
  0.20914286E+01 -0.17117153E+02
  0.21061570E+01 -0.17127206E+02
  0.21208854E+01 -0.17135936E+02
  0.21356138E+01 -0.17143313E+02
  0.21503421E+01 -0.17149313E+02
  0.21650705E+01 -0.17153914E+02
  0.21797989E+01 -0.17157104E+02
  0.21945272E+01 -0.17158874E+02
  0.22092556E+01 -0.17159222E+02
  0.22239168E+01 -0.17156949E+02
  0.22385781E+01 -0.17150682E+02
  0.22532393E+01 -0.17140419E+02
  0.22679005E+01 -0.17126153E+02
  0.22825618E+01 -0.17107876E+02
  0.22972230E+01 -0.17085577E+02
  0.23118842E+01 -0.17059251E+02
  0.23265454E+01 -0.17028901E+02
  0.23412067E+01 -0.16994536E+02
  0.23558679E+01 -0.16956185E+02
  0.23705291E+01 -0.16913890E+02
  0.23851904E+01 -0.16867719E+02
  0.23998516E+01 -0.16817759E+02
  0.24145128E+01 -0.16764125E+02
  0.24291741E+01 -0.16706961E+02
  0.24438353E+01 -0.16646435E+02
  0.24584965E+01 -0.16582747E+02
  0.24731577E+01 -0.16516122E+02
  0.24878190E+01 -0.16446812E+02
  0.25024802E+01 -0.16375095E+02
  0.25171414E+01 -0.16301270E+02
  0.25318027E+01 -0.16225662E+02
  0.25464639E+01 -0.16148613E+02
  0.25611251E+01 -0.16070488E+02
  0.25757864E+01 -0.15991675E+02
  0.25904476E+01 -0.15912582E+02
  0.26051088E+01 -0.15833648E+02
  0.26197700E+01 -0.15755338E+02
  0.26344313E+01 -0.15678159E+02
  0.26490925E+01 -0.15602654E+02
  0.26637537E+01 -0.15529409E+02
  0.26784150E+01 -0.15459051E+02
  0.26930762E+01 -0.15392237E+02
  0.27077374E+01 -0.15329634E+02
  0.27223987E+01 -0.15271890E+02
  0.27370599E+01 -0.15219592E+02
  0.27517211E+01 -0.15173220E+02
  0.27663823E+01 -0.15133101E+02
  0.27810436E+01 -0.15099379E+02
  0.27957048E+01 -0.15072007E+02
  0.28103660E+01 -0.15050760E+02
  0.28250273E+01 -0.15035266E+02
  0.28396885E+01 -0.15025060E+02
  0.28543497E+01 -0.15019622E+02
  0.28690110E+01 -0.15018421E+02
  0.28836722E+01 -0.15020944E+02
  0.28983334E+01 -0.15026710E+02
  0.29129946E+01 -0.15035284E+02
  0.29276559E+01 -0.15046276E+02
  0.29423171E+01 -0.15059342E+02
  0.29569783E+01 -0.15074176E+02
  0.29716396E+01 -0.15090513E+02
  0.29863008E+01 -0.15108117E+02
  0.30009620E+01 -0.15126779E+02
  0.30156233E+01 -0.15146312E+02
  0.30302845E+01 -0.15166551E+02
  0.30449457E+01 -0.15187344E+02
  0.30596069E+01 -0.15208552E+02
  0.30742682E+01 -0.15230050E+02
  0.30889294E+01 -0.15251720E+02
  0.31035906E+01 -0.15273450E+02
  0.31182519E+01 -0.15295137E+02
  0.31329131E+01 -0.15316680E+02
  0.31475743E+01 -0.15337984E+02
  0.31622356E+01 -0.15358957E+02
  0.31768968E+01 -0.15379512E+02
  0.31915580E+01 -0.15399564E+02
  0.32062192E+01 -0.15419032E+02
  0.32208805E+01 -0.15437838E+02
  0.32355417E+01 -0.15455912E+02
  0.32502029E+01 -0.15473186E+02
  0.32648642E+01 -0.15489600E+02
  0.32795254E+01 -0.15505100E+02
  0.32941866E+01 -0.15519640E+02
  0.33088479E+01 -0.15533181E+02
  0.33235091E+01 -0.15545690E+02
  0.33381703E+01 -0.15557144E+02
  0.33528315E+01 -0.15567525E+02
  0.33674928E+01 -0.15576824E+02
  0.33821540E+01 -0.15585034E+02
  0.33968152E+01 -0.15592154E+02
  0.34114765E+01 -0.15598188E+02
  0.34261377E+01 -0.15603139E+02
  0.34407989E+01 -0.15607012E+02
  0.34554602E+01 -0.15609811E+02
  0.34701214E+01 -0.15611540E+02
  0.34847826E+01 -0.15612198E+02
  
  0.00000000E+00 -0.12670179E+02
  0.14728371E-01 -0.12669876E+02
  0.29456741E-01 -0.12669336E+02
  0.44185112E-01 -0.12668545E+02
  0.58913483E-01 -0.12667482E+02
  0.73641854E-01 -0.12666118E+02
  0.88370224E-01 -0.12664422E+02
  0.10309860E+00 -0.12662359E+02
  0.11782697E+00 -0.12659895E+02
  0.13255534E+00 -0.12656999E+02
  0.14728371E+00 -0.12653649E+02
  0.16201208E+00 -0.12649828E+02
  0.17674045E+00 -0.12645530E+02
  0.19146882E+00 -0.12640757E+02
  0.20619719E+00 -0.12635525E+02
  0.22092556E+00 -0.12629854E+02
  0.23565393E+00 -0.12623777E+02
  0.25038230E+00 -0.12617330E+02
  0.26511067E+00 -0.12610559E+02
  0.27983904E+00 -0.12603517E+02
  0.29456741E+00 -0.12596263E+02
  0.30929579E+00 -0.12588874E+02
  0.32402416E+00 -0.12581448E+02
  0.33875253E+00 -0.12574123E+02
  0.35348090E+00 -0.12567103E+02
  0.36820927E+00 -0.12560702E+02
  0.38293764E+00 -0.12555425E+02
  0.39766601E+00 -0.12552099E+02
  0.41239438E+00 -0.12552120E+02
  0.42712275E+00 -0.12557816E+02
  0.44185112E+00 -0.12572800E+02
  0.45657949E+00 -0.12601506E+02
  0.47130786E+00 -0.12646819E+02
  0.48603623E+00 -0.12707575E+02
  0.50076460E+00 -0.12779725E+02
  0.51549298E+00 -0.12859210E+02
  0.53022135E+00 -0.12943176E+02
  0.54494972E+00 -0.13029837E+02
  0.55967809E+00 -0.13118097E+02
  0.57440646E+00 -0.13207275E+02
  0.58913483E+00 -0.13296931E+02
  0.60386320E+00 -0.13386771E+02
  0.61859157E+00 -0.13476596E+02
  0.63331994E+00 -0.13566262E+02
  0.64804831E+00 -0.13655662E+02
  0.66277668E+00 -0.13744712E+02
  0.67750505E+00 -0.13833340E+02
  0.69223342E+00 -0.13921480E+02
  0.70696179E+00 -0.14009068E+02
  0.72169017E+00 -0.14096036E+02
  0.73641854E+00 -0.14182307E+02
  0.75114691E+00 -0.14267798E+02
  0.76587528E+00 -0.14352413E+02
  0.78060365E+00 -0.14436049E+02
  0.79533202E+00 -0.14518592E+02
  0.81006039E+00 -0.14599918E+02
  0.82478876E+00 -0.14679901E+02
  0.83951713E+00 -0.14758408E+02
  0.85424550E+00 -0.14835307E+02
  0.86897387E+00 -0.14910468E+02
  0.88370224E+00 -0.14983762E+02
  0.89843061E+00 -0.15055067E+02
  0.91315898E+00 -0.15124265E+02
  0.92788736E+00 -0.15191242E+02
  0.94261573E+00 -0.15255890E+02
  0.95734410E+00 -0.15318101E+02
  0.97207247E+00 -0.15377768E+02
  0.98680084E+00 -0.15434783E+02
  0.10015292E+01 -0.15489033E+02
  0.10162576E+01 -0.15540404E+02
  0.10309860E+01 -0.15588779E+02
  0.10457143E+01 -0.15634039E+02
  0.10604427E+01 -0.15676071E+02
  0.10751711E+01 -0.15714770E+02
  0.10898994E+01 -0.15750044E+02
  0.11046278E+01 -0.15781821E+02
  0.11193562E+01 -0.15810051E+02
  0.11340845E+01 -0.15834711E+02
  0.11488129E+01 -0.15855800E+02
  0.11635413E+01 -0.15873345E+02
  0.11782697E+01 -0.15887392E+02
  0.11929980E+01 -0.15898004E+02
  0.12077264E+01 -0.15905257E+02
  0.12224548E+01 -0.15909234E+02
  0.12371831E+01 -0.15910022E+02
  0.12519115E+01 -0.15907711E+02
  0.12666399E+01 -0.15902389E+02
  0.12813683E+01 -0.15894143E+02
  0.12960966E+01 -0.15883065E+02
  0.13108250E+01 -0.15869252E+02
  0.13255534E+01 -0.15852815E+02
  0.13402817E+01 -0.15833894E+02
  0.13550101E+01 -0.15812671E+02
  0.13697385E+01 -0.15789404E+02
  0.13844668E+01 -0.15764463E+02
  0.13991952E+01 -0.15738399E+02
  0.14139236E+01 -0.15712033E+02
  0.14286520E+01 -0.15686589E+02
  0.14433803E+01 -0.15663844E+02
  0.14581087E+01 -0.15646208E+02
  0.14728371E+01 -0.15636485E+02
  0.14875654E+01 -0.15643317E+02
  0.15022938E+01 -0.15660303E+02
  0.15170222E+01 -0.15685481E+02
  0.15317506E+01 -0.15716576E+02
  0.15464789E+01 -0.15751642E+02
  0.15612073E+01 -0.15789232E+02
  0.15759357E+01 -0.15828329E+02
  0.15906640E+01 -0.15868232E+02
  0.16053924E+01 -0.15908454E+02
  0.16201208E+01 -0.15948654E+02
  0.16348492E+01 -0.15988591E+02
  0.16495775E+01 -0.16028092E+02
  0.16643059E+01 -0.16067032E+02
  0.16790343E+01 -0.16105323E+02
  0.16937626E+01 -0.16142901E+02
  0.17084910E+01 -0.16179721E+02
  0.17232194E+01 -0.16215755E+02
  0.17379477E+01 -0.16250986E+02
  0.17526761E+01 -0.16285404E+02
  0.17674045E+01 -0.16319008E+02
  0.17821329E+01 -0.16351799E+02
  0.17968612E+01 -0.16383784E+02
  0.18115896E+01 -0.16414967E+02
  0.18263180E+01 -0.16445354E+02
  0.18410463E+01 -0.16474949E+02
  0.18557747E+01 -0.16503750E+02
  0.18705031E+01 -0.16531754E+02
  0.18852315E+01 -0.16558950E+02
  0.18999598E+01 -0.16585325E+02
  0.19146882E+01 -0.16610855E+02
  0.19294166E+01 -0.16635514E+02
  0.19441449E+01 -0.16659269E+02
  0.19588733E+01 -0.16682082E+02
  0.19736017E+01 -0.16703912E+02
  0.19883300E+01 -0.16724713E+02
  0.20030584E+01 -0.16744437E+02
  0.20177868E+01 -0.16763037E+02
  0.20325152E+01 -0.16780463E+02
  0.20472435E+01 -0.16796670E+02
  0.20619719E+01 -0.16811612E+02
  0.20767003E+01 -0.16825248E+02
  0.20914286E+01 -0.16837541E+02
  0.21061570E+01 -0.16848457E+02
  0.21208854E+01 -0.16857969E+02
  0.21356138E+01 -0.16866054E+02
  0.21503421E+01 -0.16872691E+02
  0.21650705E+01 -0.16877866E+02
  0.21797989E+01 -0.16881569E+02
  0.21945272E+01 -0.16883791E+02
  0.22092556E+01 -0.16884528E+02
  0.22239168E+01 -0.16882747E+02
  0.22385781E+01 -0.16876926E+02
  0.22532393E+01 -0.16867044E+02
  0.22679005E+01 -0.16853071E+02
  0.22825618E+01 -0.16834972E+02
  0.22972230E+01 -0.16812710E+02
  0.23118842E+01 -0.16786251E+02
  0.23265454E+01 -0.16755569E+02
  0.23412067E+01 -0.16720650E+02
  0.23558679E+01 -0.16681493E+02
  0.23705291E+01 -0.16638120E+02
  0.23851904E+01 -0.16590571E+02
  0.23998516E+01 -0.16538912E+02
  0.24145128E+01 -0.16483228E+02
  0.24291741E+01 -0.16423629E+02
  0.24438353E+01 -0.16360247E+02
  0.24584965E+01 -0.16293229E+02
  0.24731577E+01 -0.16222740E+02
  0.24878190E+01 -0.16148957E+02
  0.25024802E+01 -0.16072068E+02
  0.25171414E+01 -0.15992267E+02
  0.25318027E+01 -0.15909755E+02
  0.25464639E+01 -0.15824737E+02
  0.25611251E+01 -0.15737419E+02
  0.25757864E+01 -0.15648013E+02
  0.25904476E+01 -0.15556728E+02
  0.26051088E+01 -0.15463776E+02
  0.26197700E+01 -0.15369366E+02
  0.26344313E+01 -0.15273704E+02
  0.26490925E+01 -0.15176988E+02
  0.26637537E+01 -0.15079408E+02
  0.26784150E+01 -0.14981137E+02
  0.26930762E+01 -0.14882334E+02
  0.27077374E+01 -0.14783137E+02
  0.27223987E+01 -0.14683662E+02
  0.27370599E+01 -0.14584003E+02
  0.27517211E+01 -0.14484231E+02
  0.27663823E+01 -0.14384396E+02
  0.27810436E+01 -0.14284531E+02
  0.27957048E+01 -0.14184652E+02
  0.28103660E+01 -0.14084764E+02
  0.28250273E+01 -0.13984865E+02
  0.28396885E+01 -0.13884949E+02
  0.28543497E+01 -0.13785009E+02
  0.28690110E+01 -0.13685049E+02
  0.28836722E+01 -0.13585085E+02
  0.28983334E+01 -0.13485158E+02
  0.29129946E+01 -0.13385351E+02
  0.29276559E+01 -0.13285805E+02
  0.29423171E+01 -0.13186753E+02
  0.29569783E+01 -0.13088577E+02
  0.29716396E+01 -0.12991888E+02
  0.29863008E+01 -0.12897691E+02
  0.30009620E+01 -0.12807664E+02
  0.30156233E+01 -0.12724592E+02
  0.30302845E+01 -0.12652752E+02
  0.30449457E+01 -0.12597124E+02
  0.30596069E+01 -0.12560215E+02
  0.30742682E+01 -0.12539645E+02
  0.30889294E+01 -0.12530469E+02
  0.31035906E+01 -0.12528416E+02
  0.31182519E+01 -0.12530716E+02
  0.31329131E+01 -0.12535717E+02
  0.31475743E+01 -0.12542432E+02
  0.31622356E+01 -0.12550243E+02
  0.31768968E+01 -0.12558746E+02
  0.31915580E+01 -0.12567654E+02
  0.32062192E+01 -0.12576754E+02
  0.32208805E+01 -0.12585877E+02
  0.32355417E+01 -0.12594881E+02
  0.32502029E+01 -0.12603646E+02
  0.32648642E+01 -0.12612064E+02
  0.32795254E+01 -0.12620047E+02
  0.32941866E+01 -0.12627517E+02
  0.33088479E+01 -0.12634415E+02
  0.33235091E+01 -0.12640694E+02
  0.33381703E+01 -0.12646328E+02
  0.33528315E+01 -0.12651305E+02
  0.33674928E+01 -0.12655627E+02
  0.33821540E+01 -0.12659314E+02
  0.33968152E+01 -0.12662394E+02
  0.34114765E+01 -0.12664902E+02
  0.34261377E+01 -0.12666878E+02
  0.34407989E+01 -0.12668362E+02
  0.34554602E+01 -0.12669390E+02
  0.34701214E+01 -0.12669990E+02
  0.34847826E+01 -0.12670179E+02
  
  0.00000000E+00 -0.10642710E+02
  0.14728371E-01 -0.10643614E+02
  0.29456741E-01 -0.10646279E+02
  0.44185112E-01 -0.10651131E+02
  0.58913483E-01 -0.10658846E+02
  0.73641854E-01 -0.10670264E+02
  0.88370224E-01 -0.10686218E+02
  0.10309860E+00 -0.10707350E+02
  0.11782697E+00 -0.10734001E+02
  0.13255534E+00 -0.10766242E+02
  0.14728371E+00 -0.10803967E+02
  0.16201208E+00 -0.10846990E+02
  0.17674045E+00 -0.10895100E+02
  0.19146882E+00 -0.10948078E+02
  0.20619719E+00 -0.11005696E+02
  0.22092556E+00 -0.11067715E+02
  0.23565393E+00 -0.11133868E+02
  0.25038230E+00 -0.11203852E+02
  0.26511067E+00 -0.11277325E+02
  0.27983904E+00 -0.11353901E+02
  0.29456741E+00 -0.11433153E+02
  0.30929579E+00 -0.11514621E+02
  0.32402416E+00 -0.11597823E+02
  0.33875253E+00 -0.11682262E+02
  0.35348090E+00 -0.11767444E+02
  0.36820927E+00 -0.11852882E+02
  0.38293764E+00 -0.11938106E+02
  0.39766601E+00 -0.12022681E+02
  0.41239438E+00 -0.12106249E+02
  0.42712275E+00 -0.12188650E+02
  0.44185112E+00 -0.12270031E+02
  0.45657949E+00 -0.12350684E+02
  0.47130786E+00 -0.12430632E+02
  0.48603623E+00 -0.12509600E+02
  0.50076460E+00 -0.12587296E+02
  0.51549298E+00 -0.12663548E+02
  0.53022135E+00 -0.12738282E+02
  0.54494972E+00 -0.12811469E+02
  0.55967809E+00 -0.12883078E+02
  0.57440646E+00 -0.12953052E+02
  0.58913483E+00 -0.13021290E+02
  0.60386320E+00 -0.13087640E+02
  0.61859157E+00 -0.13151891E+02
  0.63331994E+00 -0.13213780E+02
  0.64804831E+00 -0.13272995E+02
  0.66277668E+00 -0.13329186E+02
  0.67750505E+00 -0.13381984E+02
  0.69223342E+00 -0.13431019E+02
  0.70696179E+00 -0.13475949E+02
  0.72169017E+00 -0.13516481E+02
  0.73641854E+00 -0.13552400E+02
  0.75114691E+00 -0.13583578E+02
  0.76587528E+00 -0.13609989E+02
  0.78060365E+00 -0.13631704E+02
  0.79533202E+00 -0.13648881E+02
  0.81006039E+00 -0.13661754E+02
  0.82478876E+00 -0.13670610E+02
  0.83951713E+00 -0.13675775E+02
  0.85424550E+00 -0.13677604E+02
  0.86897387E+00 -0.13676469E+02
  0.88370224E+00 -0.13672770E+02
  0.89843061E+00 -0.13666946E+02
  0.91315898E+00 -0.13659514E+02
  0.92788736E+00 -0.13651131E+02
  0.94261573E+00 -0.13642732E+02
  0.95734410E+00 -0.13635757E+02
  0.97207247E+00 -0.13632530E+02
  0.98680084E+00 -0.13636613E+02
  0.10015292E+01 -0.13652202E+02
  0.10162576E+01 -0.13681530E+02
  0.10309860E+01 -0.13722876E+02
  0.10457143E+01 -0.13772477E+02
  0.10604427E+01 -0.13827088E+02
  0.10751711E+01 -0.13884613E+02
  0.10898994E+01 -0.13943799E+02
  0.11046278E+01 -0.14003889E+02
  0.11193562E+01 -0.14064407E+02
  0.11340845E+01 -0.14125037E+02
  0.11488129E+01 -0.14185556E+02
  0.11635413E+01 -0.14245797E+02
  0.11782697E+01 -0.14305627E+02
  0.11929980E+01 -0.14364936E+02
  0.12077264E+01 -0.14423622E+02
  0.12224548E+01 -0.14481589E+02
  0.12371831E+01 -0.14538738E+02
  0.12519115E+01 -0.14594968E+02
  0.12666399E+01 -0.14650164E+02
  0.12813683E+01 -0.14704198E+02
  0.12960966E+01 -0.14756918E+02
  0.13108250E+01 -0.14808146E+02
  0.13255534E+01 -0.14857666E+02
  0.13402817E+01 -0.14905213E+02
  0.13550101E+01 -0.14950462E+02
  0.13697385E+01 -0.14993012E+02
  0.13844668E+01 -0.15032372E+02
  0.13991952E+01 -0.15067944E+02
  0.14139236E+01 -0.15099028E+02
  0.14286520E+01 -0.15124830E+02
  0.14433803E+01 -0.15144561E+02
  0.14581087E+01 -0.15157807E+02
  0.14728371E+01 -0.15165595E+02
  0.14875654E+01 -0.15157260E+02
  0.15022938E+01 -0.15140262E+02
  0.15170222E+01 -0.15117286E+02
  0.15317506E+01 -0.15087656E+02
  0.15464789E+01 -0.15051599E+02
  0.15612073E+01 -0.15009811E+02
  0.15759357E+01 -0.14963056E+02
  0.15906640E+01 -0.14912051E+02
  0.16053924E+01 -0.14857427E+02
  0.16201208E+01 -0.14799728E+02
  0.16348492E+01 -0.14739411E+02
  0.16495775E+01 -0.14676863E+02
  0.16643059E+01 -0.14612412E+02
  0.16790343E+01 -0.14546342E+02
  0.16937626E+01 -0.14478912E+02
  0.17084910E+01 -0.14410369E+02
  0.17232194E+01 -0.14340965E+02
  0.17379477E+01 -0.14270973E+02
  0.17526761E+01 -0.14200707E+02
  0.17674045E+01 -0.14130541E+02
  0.17821329E+01 -0.14060931E+02
  0.17968612E+01 -0.13992434E+02
  0.18115896E+01 -0.13925730E+02
  0.18263180E+01 -0.13861632E+02
  0.18410463E+01 -0.13801076E+02
  0.18557747E+01 -0.13745071E+02
  0.18705031E+01 -0.13694606E+02
  0.18852315E+01 -0.13650501E+02
  0.18999598E+01 -0.13613254E+02
  0.19146882E+01 -0.13582938E+02
  0.19294166E+01 -0.13559205E+02
  0.19441449E+01 -0.13541393E+02
  0.19588733E+01 -0.13528662E+02
  0.19736017E+01 -0.13520136E+02
  0.19883300E+01 -0.13514987E+02
  0.20030584E+01 -0.13512483E+02
  0.20177868E+01 -0.13511996E+02
  0.20325152E+01 -0.13513007E+02
  0.20472435E+01 -0.13515084E+02
  0.20619719E+01 -0.13517876E+02
  0.20767003E+01 -0.13521095E+02
  0.20914286E+01 -0.13524508E+02
  0.21061570E+01 -0.13527924E+02
  0.21208854E+01 -0.13531190E+02
  0.21356138E+01 -0.13534182E+02
  0.21503421E+01 -0.13536804E+02
  0.21650705E+01 -0.13538978E+02
  0.21797989E+01 -0.13540649E+02
  0.21945272E+01 -0.13541777E+02
  0.22092556E+01 -0.13542337E+02
  0.22239168E+01 -0.13543603E+02
  0.22385781E+01 -0.13547267E+02
  0.22532393E+01 -0.13553171E+02
  0.22679005E+01 -0.13561080E+02
  0.22825618E+01 -0.13570726E+02
  0.22972230E+01 -0.13581825E+02
  0.23118842E+01 -0.13594109E+02
  0.23265454E+01 -0.13607333E+02
  0.23412067E+01 -0.13621284E+02
  0.23558679E+01 -0.13635781E+02
  0.23705291E+01 -0.13650672E+02
  0.23851904E+01 -0.13665830E+02
  0.23998516E+01 -0.13681153E+02
  0.24145128E+01 -0.13696551E+02
  0.24291741E+01 -0.13711949E+02
  0.24438353E+01 -0.13727277E+02
  0.24584965E+01 -0.13742470E+02
  0.24731577E+01 -0.13757464E+02
  0.24878190E+01 -0.13772188E+02
  0.25024802E+01 -0.13786566E+02
  0.25171414E+01 -0.13800507E+02
  0.25318027E+01 -0.13813910E+02
  0.25464639E+01 -0.13826651E+02
  0.25611251E+01 -0.13838584E+02
  0.25757864E+01 -0.13849534E+02
  0.25904476E+01 -0.13859297E+02
  0.26051088E+01 -0.13867629E+02
  0.26197700E+01 -0.13874243E+02
  0.26344313E+01 -0.13878808E+02
  0.26490925E+01 -0.13880943E+02
  0.26637537E+01 -0.13880216E+02
  0.26784150E+01 -0.13876150E+02
  0.26930762E+01 -0.13868232E+02
  0.27077374E+01 -0.13855937E+02
  0.27223987E+01 -0.13838751E+02
  0.27370599E+01 -0.13816214E+02
  0.27517211E+01 -0.13787964E+02
  0.27663823E+01 -0.13753777E+02
  0.27810436E+01 -0.13713591E+02
  0.27957048E+01 -0.13667517E+02
  0.28103660E+01 -0.13615815E+02
  0.28250273E+01 -0.13558864E+02
  0.28396885E+01 -0.13497112E+02
  0.28543497E+01 -0.13431029E+02
  0.28690110E+01 -0.13361076E+02
  0.28836722E+01 -0.13287675E+02
  0.28983334E+01 -0.13211200E+02
  0.29129946E+01 -0.13131968E+02
  0.29276559E+01 -0.13050249E+02
  0.29423171E+01 -0.12966266E+02
  0.29569783E+01 -0.12880215E+02
  0.29716396E+01 -0.12792270E+02
  0.29863008E+01 -0.12702600E+02
  0.30009620E+01 -0.12611387E+02
  0.30156233E+01 -0.12518851E+02
  0.30302845E+01 -0.12425291E+02
  0.30449457E+01 -0.12331196E+02
  0.30596069E+01 -0.12237479E+02
  0.30742682E+01 -0.12145705E+02
  0.30889294E+01 -0.12056412E+02
  0.31035906E+01 -0.11967638E+02
  0.31182519E+01 -0.11878438E+02
  0.31329131E+01 -0.11789261E+02
  0.31475743E+01 -0.11700814E+02
  0.31622356E+01 -0.11613730E+02
  0.31768968E+01 -0.11528533E+02
  0.31915580E+01 -0.11445662E+02
  0.32062192E+01 -0.11365494E+02
  0.32208805E+01 -0.11288355E+02
  0.32355417E+01 -0.11214532E+02
  0.32502029E+01 -0.11144281E+02
  0.32648642E+01 -0.11077834E+02
  0.32795254E+01 -0.11015405E+02
  0.32941866E+01 -0.10957201E+02
  0.33088479E+01 -0.10903434E+02
  0.33235091E+01 -0.10854327E+02
  0.33381703E+01 -0.10810128E+02
  0.33528315E+01 -0.10771111E+02
  0.33674928E+01 -0.10737556E+02
  0.33821540E+01 -0.10709685E+02
  0.33968152E+01 -0.10687546E+02
  0.34114765E+01 -0.10670873E+02
  0.34261377E+01 -0.10659030E+02
  0.34407989E+01 -0.10651122E+02
  0.34554602E+01 -0.10646222E+02
  0.34701214E+01 -0.10643575E+02
  0.34847826E+01 -0.10642710E+02
  
  0.00000000E+00 -0.10474303E+02
  0.14728371E-01 -0.10475344E+02
  0.29456741E-01 -0.10477790E+02
  0.44185112E-01 -0.10481663E+02
  0.58913483E-01 -0.10487816E+02
  0.73641854E-01 -0.10501267E+02
  0.88370224E-01 -0.10524838E+02
  0.10309860E+00 -0.10555578E+02
  0.11782697E+00 -0.10591832E+02
  0.13255534E+00 -0.10633035E+02
  0.14728371E+00 -0.10678924E+02
  0.16201208E+00 -0.10729318E+02
  0.17674045E+00 -0.10784051E+02
  0.19146882E+00 -0.10842952E+02
  0.20619719E+00 -0.10905831E+02
  0.22092556E+00 -0.10972474E+02
  0.23565393E+00 -0.11042644E+02
  0.25038230E+00 -0.11116085E+02
  0.26511067E+00 -0.11192521E+02
  0.27983904E+00 -0.11271661E+02
  0.29456741E+00 -0.11353202E+02
  0.30929579E+00 -0.11436819E+02
  0.32402416E+00 -0.11522166E+02
  0.33875253E+00 -0.11608858E+02
  0.35348090E+00 -0.11696450E+02
  0.36820927E+00 -0.11784404E+02
  0.38293764E+00 -0.11872014E+02
  0.39766601E+00 -0.11958271E+02
  0.41239438E+00 -0.12041592E+02
  0.42712275E+00 -0.12119345E+02
  0.44185112E+00 -0.12187394E+02
  0.45657949E+00 -0.12240724E+02
  0.47130786E+00 -0.12276233E+02
  0.48603623E+00 -0.12295239E+02
  0.50076460E+00 -0.12302041E+02
  0.51549298E+00 -0.12300879E+02
  0.53022135E+00 -0.12294736E+02
  0.54494972E+00 -0.12285502E+02
  0.55967809E+00 -0.12274383E+02
  0.57440646E+00 -0.12262189E+02
  0.58913483E+00 -0.12249509E+02
  0.60386320E+00 -0.12236806E+02
  0.61859157E+00 -0.12224484E+02
  0.63331994E+00 -0.12212930E+02
  0.64804831E+00 -0.12202577E+02
  0.66277668E+00 -0.12193992E+02
  0.67750505E+00 -0.12188113E+02
  0.69223342E+00 -0.12187342E+02
  0.70696179E+00 -0.12205818E+02
  0.72169017E+00 -0.12257596E+02
  0.73641854E+00 -0.12316990E+02
  0.75114691E+00 -0.12378303E+02
  0.76587528E+00 -0.12440722E+02
  0.78060365E+00 -0.12503962E+02
  0.79533202E+00 -0.12567845E+02
  0.81006039E+00 -0.12632215E+02
  0.82478876E+00 -0.12696928E+02
  0.83951713E+00 -0.12761834E+02
  0.85424550E+00 -0.12826780E+02
  0.86897387E+00 -0.12891594E+02
  0.88370224E+00 -0.12956079E+02
  0.89843061E+00 -0.13019986E+02
  0.91315898E+00 -0.13082979E+02
  0.92788736E+00 -0.13144561E+02
  0.94261573E+00 -0.13203948E+02
  0.95734410E+00 -0.13259832E+02
  0.97207247E+00 -0.13310011E+02
  0.98680084E+00 -0.13351033E+02
  0.10015292E+01 -0.13378812E+02
  0.10162576E+01 -0.13391376E+02
  0.10309860E+01 -0.13444880E+02
  0.10457143E+01 -0.13516201E+02
  0.10604427E+01 -0.13587380E+02
  0.10751711E+01 -0.13658263E+02
  0.10898994E+01 -0.13728723E+02
  0.11046278E+01 -0.13798642E+02
  0.11193562E+01 -0.13867907E+02
  0.11340845E+01 -0.13936418E+02
  0.11488129E+01 -0.14004086E+02
  0.11635413E+01 -0.14070835E+02
  0.11782697E+01 -0.14136608E+02
  0.11929980E+01 -0.14201362E+02
  0.12077264E+01 -0.14265073E+02
  0.12224548E+01 -0.14327733E+02
  0.12371831E+01 -0.14389348E+02
  0.12519115E+01 -0.14449937E+02
  0.12666399E+01 -0.14509522E+02
  0.12813683E+01 -0.14568128E+02
  0.12960966E+01 -0.14625774E+02
  0.13108250E+01 -0.14682461E+02
  0.13255534E+01 -0.14738163E+02
  0.13402817E+01 -0.14792814E+02
  0.13550101E+01 -0.14846284E+02
  0.13697385E+01 -0.14898357E+02
  0.13844668E+01 -0.14948686E+02
  0.13991952E+01 -0.14996734E+02
  0.14139236E+01 -0.15041685E+02
  0.14286520E+01 -0.15082300E+02
  0.14433803E+01 -0.15116720E+02
  0.14581087E+01 -0.15142079E+02
  0.14728371E+01 -0.15153784E+02
  0.14875654E+01 -0.15147497E+02
  0.15022938E+01 -0.15128244E+02
  0.15170222E+01 -0.15095748E+02
  0.15317506E+01 -0.15053668E+02
  0.15464789E+01 -0.15004583E+02
  0.15612073E+01 -0.14950147E+02
  0.15759357E+01 -0.14891482E+02
  0.15906640E+01 -0.14829367E+02
  0.16053924E+01 -0.14764356E+02
  0.16201208E+01 -0.14696853E+02
  0.16348492E+01 -0.14627170E+02
  0.16495775E+01 -0.14555557E+02
  0.16643059E+01 -0.14482232E+02
  0.16790343E+01 -0.14407395E+02
  0.16937626E+01 -0.14331241E+02
  0.17084910E+01 -0.14253975E+02
  0.17232194E+01 -0.14175819E+02
  0.17379477E+01 -0.14097024E+02
  0.17526761E+01 -0.14017874E+02
  0.17674045E+01 -0.13938696E+02
  0.17821329E+01 -0.13859868E+02
  0.17968612E+01 -0.13781817E+02
  0.18115896E+01 -0.13705023E+02
  0.18263180E+01 -0.13630004E+02
  0.18410463E+01 -0.13557300E+02
  0.18557747E+01 -0.13487456E+02
  0.18705031E+01 -0.13421003E+02
  0.18852315E+01 -0.13358472E+02
  0.18999598E+01 -0.13300437E+02
  0.19146882E+01 -0.13247557E+02
  0.19294166E+01 -0.13200560E+02
  0.19441449E+01 -0.13160120E+02
  0.19588733E+01 -0.13126649E+02
  0.19736017E+01 -0.13100117E+02
  0.19883300E+01 -0.13080000E+02
  0.20030584E+01 -0.13065410E+02
  0.20177868E+01 -0.13055301E+02
  0.20325152E+01 -0.13048655E+02
  0.20472435E+01 -0.13044587E+02
  0.20619719E+01 -0.13042374E+02
  0.20767003E+01 -0.13041456E+02
  0.20914286E+01 -0.13041404E+02
  0.21061570E+01 -0.13041895E+02
  0.21208854E+01 -0.13042688E+02
  0.21356138E+01 -0.13043604E+02
  0.21503421E+01 -0.13044515E+02
  0.21650705E+01 -0.13045324E+02
  0.21797989E+01 -0.13045969E+02
  0.21945272E+01 -0.13046406E+02
  0.22092556E+01 -0.13046616E+02
  0.22239168E+01 -0.13044196E+02
  0.22385781E+01 -0.13038356E+02
  0.22532393E+01 -0.13029279E+02
  0.22679005E+01 -0.13017227E+02
  0.22825618E+01 -0.13002506E+02
  0.22972230E+01 -0.12985439E+02
  0.23118842E+01 -0.12966343E+02
  0.23265454E+01 -0.12945517E+02
  0.23412067E+01 -0.12923233E+02
  0.23558679E+01 -0.12899735E+02
  0.23705291E+01 -0.12875243E+02
  0.23851904E+01 -0.12849951E+02
  0.23998516E+01 -0.12824033E+02
  0.24145128E+01 -0.12797646E+02
  0.24291741E+01 -0.12770929E+02
  0.24438353E+01 -0.12744009E+02
  0.24584965E+01 -0.12717001E+02
  0.24731577E+01 -0.12690008E+02
  0.24878190E+01 -0.12663128E+02
  0.25024802E+01 -0.12636448E+02
  0.25171414E+01 -0.12610053E+02
  0.25318027E+01 -0.12584022E+02
  0.25464639E+01 -0.12558438E+02
  0.25611251E+01 -0.12533381E+02
  0.25757864E+01 -0.12508940E+02
  0.25904476E+01 -0.12485207E+02
  0.26051088E+01 -0.12462283E+02
  0.26197700E+01 -0.12440277E+02
  0.26344313E+01 -0.12419305E+02
  0.26490925E+01 -0.12399484E+02
  0.26637537E+01 -0.12380929E+02
  0.26784150E+01 -0.12363749E+02
  0.26930762E+01 -0.12348034E+02
  0.27077374E+01 -0.12333859E+02
  0.27223987E+01 -0.12321276E+02
  0.27370599E+01 -0.12310313E+02
  0.27517211E+01 -0.12300977E+02
  0.27663823E+01 -0.12293257E+02
  0.27810436E+01 -0.12287126E+02
  0.27957048E+01 -0.12282541E+02
  0.28103660E+01 -0.12279449E+02
  0.28250273E+01 -0.12277782E+02
  0.28396885E+01 -0.12277460E+02
  0.28543497E+01 -0.12278384E+02
  0.28690110E+01 -0.12280438E+02
  0.28836722E+01 -0.12283482E+02
  0.28983334E+01 -0.12287346E+02
  0.29129946E+01 -0.12291819E+02
  0.29276559E+01 -0.12296637E+02
  0.29423171E+01 -0.12301455E+02
  0.29569783E+01 -0.12305801E+02
  0.29716396E+01 -0.12308995E+02
  0.29863008E+01 -0.12309989E+02
  0.30009620E+01 -0.12307089E+02
  0.30156233E+01 -0.12297502E+02
  0.30302845E+01 -0.12276919E+02
  0.30449457E+01 -0.12240206E+02
  0.30596069E+01 -0.12184333E+02
  0.30742682E+01 -0.12110570E+02
  0.30889294E+01 -0.12023830E+02
  0.31035906E+01 -0.11930900E+02
  0.31182519E+01 -0.11836076E+02
  0.31329131E+01 -0.11741167E+02
  0.31475743E+01 -0.11647065E+02
  0.31622356E+01 -0.11554361E+02
  0.31768968E+01 -0.11463528E+02
  0.31915580E+01 -0.11374971E+02
  0.32062192E+01 -0.11289057E+02
  0.32208805E+01 -0.11206115E+02
  0.32355417E+01 -0.11126443E+02
  0.32502029E+01 -0.11050310E+02
  0.32648642E+01 -0.10977955E+02
  0.32795254E+01 -0.10909590E+02
  0.32941866E+01 -0.10845403E+02
  0.33088479E+01 -0.10785560E+02
  0.33235091E+01 -0.10730211E+02
  0.33381703E+01 -0.10679498E+02
  0.33528315E+01 -0.10633569E+02
  0.33674928E+01 -0.10592614E+02
  0.33821540E+01 -0.10556951E+02
  0.33968152E+01 -0.10527296E+02
  0.34114765E+01 -0.10505256E+02
  0.34261377E+01 -0.10491795E+02
  0.34407989E+01 -0.10483775E+02
  0.34554602E+01 -0.10478475E+02
  0.34701214E+01 -0.10475342E+02
  0.34847826E+01 -0.10474303E+02
  
  0.00000000E+00 -0.10474227E+02
  0.14728371E-01 -0.10474729E+02
  0.29456741E-01 -0.10476648E+02
  0.44185112E-01 -0.10479959E+02
  0.58913483E-01 -0.10484752E+02
  0.73641854E-01 -0.10490096E+02
  0.88370224E-01 -0.10495843E+02
  0.10309860E+00 -0.10502535E+02
  0.11782697E+00 -0.10510489E+02
  0.13255534E+00 -0.10519827E+02
  0.14728371E+00 -0.10530644E+02
  0.16201208E+00 -0.10543072E+02
  0.17674045E+00 -0.10557273E+02
  0.19146882E+00 -0.10573416E+02
  0.20619719E+00 -0.10591654E+02
  0.22092556E+00 -0.10612107E+02
  0.23565393E+00 -0.10634862E+02
  0.25038230E+00 -0.10659989E+02
  0.26511067E+00 -0.10687544E+02
  0.27983904E+00 -0.10717575E+02
  0.29456741E+00 -0.10750116E+02
  0.30929579E+00 -0.10785185E+02
  0.32402416E+00 -0.10822767E+02
  0.33875253E+00 -0.10862813E+02
  0.35348090E+00 -0.10905232E+02
  0.36820927E+00 -0.10949889E+02
  0.38293764E+00 -0.10996603E+02
  0.39766601E+00 -0.11045158E+02
  0.41239438E+00 -0.11095306E+02
  0.42712275E+00 -0.11146779E+02
  0.44185112E+00 -0.11199306E+02
  0.45657949E+00 -0.11252620E+02
  0.47130786E+00 -0.11306473E+02
  0.48603623E+00 -0.11360649E+02
  0.50076460E+00 -0.11414970E+02
  0.51549298E+00 -0.11469307E+02
  0.53022135E+00 -0.11523580E+02
  0.54494972E+00 -0.11577762E+02
  0.55967809E+00 -0.11631869E+02
  0.57440646E+00 -0.11685964E+02
  0.58913483E+00 -0.11740139E+02
  0.60386320E+00 -0.11794508E+02
  0.61859157E+00 -0.11849196E+02
  0.63331994E+00 -0.11904322E+02
  0.64804831E+00 -0.11959975E+02
  0.66277668E+00 -0.12016173E+02
  0.67750505E+00 -0.12072707E+02
  0.69223342E+00 -0.12128182E+02
  0.70696179E+00 -0.12169936E+02
  0.72169017E+00 -0.12186012E+02
  0.73641854E+00 -0.12204555E+02
  0.75114691E+00 -0.12232932E+02
  0.76587528E+00 -0.12271537E+02
  0.78060365E+00 -0.12318458E+02
  0.79533202E+00 -0.12371347E+02
  0.81006039E+00 -0.12428373E+02
  0.82478876E+00 -0.12488321E+02
  0.83951713E+00 -0.12550425E+02
  0.85424550E+00 -0.12614198E+02
  0.86897387E+00 -0.12679321E+02
  0.88370224E+00 -0.12745578E+02
  0.89843061E+00 -0.12812810E+02
  0.91315898E+00 -0.12880895E+02
  0.92788736E+00 -0.12949731E+02
  0.94261573E+00 -0.13019225E+02
  0.95734410E+00 -0.13089286E+02
  0.97207247E+00 -0.13159822E+02
  0.98680084E+00 -0.13230736E+02
  0.10015292E+01 -0.13301916E+02
  0.10162576E+01 -0.13373079E+02
  0.10309860E+01 -0.13389761E+02
  0.10457143E+01 -0.13378806E+02
  0.10604427E+01 -0.13361364E+02
  0.10751711E+01 -0.13339633E+02
  0.10898994E+01 -0.13314936E+02
  0.11046278E+01 -0.13288096E+02
  0.11193562E+01 -0.13259656E+02
  0.11340845E+01 -0.13230000E+02
  0.11488129E+01 -0.13199423E+02
  0.11635413E+01 -0.13168166E+02
  0.11782697E+01 -0.13136445E+02
  0.11929980E+01 -0.13104459E+02
  0.12077264E+01 -0.13072407E+02
  0.12224548E+01 -0.13040488E+02
  0.12371831E+01 -0.13008913E+02
  0.12519115E+01 -0.12977901E+02
  0.12666399E+01 -0.12947686E+02
  0.12813683E+01 -0.12918508E+02
  0.12960966E+01 -0.12890618E+02
  0.13108250E+01 -0.12864262E+02
  0.13255534E+01 -0.12839681E+02
  0.13402817E+01 -0.12817093E+02
  0.13550101E+01 -0.12796687E+02
  0.13697385E+01 -0.12778613E+02
  0.13844668E+01 -0.12762976E+02
  0.13991952E+01 -0.12749832E+02
  0.14139236E+01 -0.12739195E+02
  0.14286520E+01 -0.12731034E+02
  0.14433803E+01 -0.12725281E+02
  0.14581087E+01 -0.12721833E+02
  0.14728371E+01 -0.12720553E+02
  0.14875654E+01 -0.12721544E+02
  0.15022938E+01 -0.12724338E+02
  0.15170222E+01 -0.12728712E+02
  0.15317506E+01 -0.12734447E+02
  0.15464789E+01 -0.12741341E+02
  0.15612073E+01 -0.12749206E+02
  0.15759357E+01 -0.12757871E+02
  0.15906640E+01 -0.12767178E+02
  0.16053924E+01 -0.12776981E+02
  0.16201208E+01 -0.12787141E+02
  0.16348492E+01 -0.12797519E+02
  0.16495775E+01 -0.12807976E+02
  0.16643059E+01 -0.12818363E+02
  0.16790343E+01 -0.12828520E+02
  0.16937626E+01 -0.12838268E+02
  0.17084910E+01 -0.12847404E+02
  0.17232194E+01 -0.12855693E+02
  0.17379477E+01 -0.12862859E+02
  0.17526761E+01 -0.12868575E+02
  0.17674045E+01 -0.12872454E+02
  0.17821329E+01 -0.12874031E+02
  0.17968612E+01 -0.12872758E+02
  0.18115896E+01 -0.12868003E+02
  0.18263180E+01 -0.12859058E+02
  0.18410463E+01 -0.12845192E+02
  0.18557747E+01 -0.12825738E+02
  0.18705031E+01 -0.12800229E+02
  0.18852315E+01 -0.12768576E+02
  0.18999598E+01 -0.12731247E+02
  0.19146882E+01 -0.12689523E+02
  0.19294166E+01 -0.12646106E+02
  0.19441449E+01 -0.12606037E+02
  0.19588733E+01 -0.12572171E+02
  0.19736017E+01 -0.12539789E+02
  0.19883300E+01 -0.12505302E+02
  0.20030584E+01 -0.12468372E+02
  0.20177868E+01 -0.12429950E+02
  0.20325152E+01 -0.12391342E+02
  0.20472435E+01 -0.12353870E+02
  0.20619719E+01 -0.12318741E+02
  0.20767003E+01 -0.12286985E+02
  0.20914286E+01 -0.12259372E+02
  0.21061570E+01 -0.12236329E+02
  0.21208854E+01 -0.12217872E+02
  0.21356138E+01 -0.12203643E+02
  0.21503421E+01 -0.12193058E+02
  0.21650705E+01 -0.12185490E+02
  0.21797989E+01 -0.12180393E+02
  0.21945272E+01 -0.12177370E+02
  0.22092556E+01 -0.12176181E+02
  0.22239168E+01 -0.12176222E+02
  0.22385781E+01 -0.12175795E+02
  0.22532393E+01 -0.12174888E+02
  0.22679005E+01 -0.12173488E+02
  0.22825618E+01 -0.12171578E+02
  0.22972230E+01 -0.12169138E+02
  0.23118842E+01 -0.12166149E+02
  0.23265454E+01 -0.12162596E+02
  0.23412067E+01 -0.12158466E+02
  0.23558679E+01 -0.12153755E+02
  0.23705291E+01 -0.12148466E+02
  0.23851904E+01 -0.12142613E+02
  0.23998516E+01 -0.12136219E+02
  0.24145128E+01 -0.12129313E+02
  0.24291741E+01 -0.12121932E+02
  0.24438353E+01 -0.12114115E+02
  0.24584965E+01 -0.12105899E+02
  0.24731577E+01 -0.12097317E+02
  0.24878190E+01 -0.12088390E+02
  0.25024802E+01 -0.12079124E+02
  0.25171414E+01 -0.12069506E+02
  0.25318027E+01 -0.12059500E+02
  0.25464639E+01 -0.12049046E+02
  0.25611251E+01 -0.12038055E+02
  0.25757864E+01 -0.12026418E+02
  0.25904476E+01 -0.12013999E+02
  0.26051088E+01 -0.12000648E+02
  0.26197700E+01 -0.11986199E+02
  0.26344313E+01 -0.11970487E+02
  0.26490925E+01 -0.11953350E+02
  0.26637537E+01 -0.11934645E+02
  0.26784150E+01 -0.11914254E+02
  0.26930762E+01 -0.11892099E+02
  0.27077374E+01 -0.11868141E+02
  0.27223987E+01 -0.11842387E+02
  0.27370599E+01 -0.11814884E+02
  0.27517211E+01 -0.11785713E+02
  0.27663823E+01 -0.11754979E+02
  0.27810436E+01 -0.11722803E+02
  0.27957048E+01 -0.11689309E+02
  0.28103660E+01 -0.11654609E+02
  0.28250273E+01 -0.11618804E+02
  0.28396885E+01 -0.11581970E+02
  0.28543497E+01 -0.11544157E+02
  0.28690110E+01 -0.11505387E+02
  0.28836722E+01 -0.11465657E+02
  0.28983334E+01 -0.11424943E+02
  0.29129946E+01 -0.11383204E+02
  0.29276559E+01 -0.11340394E+02
  0.29423171E+01 -0.11296467E+02
  0.29569783E+01 -0.11251389E+02
  0.29716396E+01 -0.11205146E+02
  0.29863008E+01 -0.11157754E+02
  0.30009620E+01 -0.11109260E+02
  0.30156233E+01 -0.11059754E+02
  0.30302845E+01 -0.11009372E+02
  0.30449457E+01 -0.10958308E+02
  0.30596069E+01 -0.10906853E+02
  0.30742682E+01 -0.10855547E+02
  0.30889294E+01 -0.10813026E+02
  0.31035906E+01 -0.10789214E+02
  0.31182519E+01 -0.10765782E+02
  0.31329131E+01 -0.10742798E+02
  0.31475743E+01 -0.10720378E+02
  0.31622356E+01 -0.10698642E+02
  0.31768968E+01 -0.10677705E+02
  0.31915580E+01 -0.10657672E+02
  0.32062192E+01 -0.10638632E+02
  0.32208805E+01 -0.10620652E+02
  0.32355417E+01 -0.10603780E+02
  0.32502029E+01 -0.10588040E+02
  0.32648642E+01 -0.10573442E+02
  0.32795254E+01 -0.10559982E+02
  0.32941866E+01 -0.10547648E+02
  0.33088479E+01 -0.10536423E+02
  0.33235091E+01 -0.10526287E+02
  0.33381703E+01 -0.10517214E+02
  0.33528315E+01 -0.10509178E+02
  0.33674928E+01 -0.10502127E+02
  0.33821540E+01 -0.10495924E+02
  0.33968152E+01 -0.10490252E+02
  0.34114765E+01 -0.10485034E+02
  0.34261377E+01 -0.10480969E+02
  0.34407989E+01 -0.10478057E+02
  0.34554602E+01 -0.10476005E+02
  0.34701214E+01 -0.10474692E+02
  0.34847826E+01 -0.10474227E+02
  
  0.00000000E+00 -0.10427718E+02
  0.14728371E-01 -0.10429900E+02
  0.29456741E-01 -0.10436853E+02
  0.44185112E-01 -0.10448082E+02
  0.58913483E-01 -0.10461942E+02
  0.73641854E-01 -0.10473503E+02
  0.88370224E-01 -0.10479296E+02
  0.10309860E+00 -0.10481260E+02
  0.11782697E+00 -0.10481193E+02
  0.13255534E+00 -0.10484077E+02
  0.14728371E+00 -0.10493500E+02
  0.16201208E+00 -0.10505322E+02
  0.17674045E+00 -0.10518337E+02
  0.19146882E+00 -0.10532277E+02
  0.20619719E+00 -0.10547068E+02
  0.22092556E+00 -0.10562722E+02
  0.23565393E+00 -0.10579308E+02
  0.25038230E+00 -0.10596927E+02
  0.26511067E+00 -0.10615695E+02
  0.27983904E+00 -0.10635729E+02
  0.29456741E+00 -0.10657139E+02
  0.30929579E+00 -0.10680029E+02
  0.32402416E+00 -0.10704489E+02
  0.33875253E+00 -0.10730602E+02
  0.35348090E+00 -0.10758437E+02
  0.36820927E+00 -0.10788048E+02
  0.38293764E+00 -0.10819480E+02
  0.39766601E+00 -0.10852761E+02
  0.41239438E+00 -0.10887905E+02
  0.42712275E+00 -0.10924912E+02
  0.44185112E+00 -0.10963764E+02
  0.45657949E+00 -0.11004431E+02
  0.47130786E+00 -0.11046864E+02
  0.48603623E+00 -0.11091004E+02
  0.50076460E+00 -0.11136775E+02
  0.51549298E+00 -0.11184091E+02
  0.53022135E+00 -0.11232854E+02
  0.54494972E+00 -0.11282954E+02
  0.55967809E+00 -0.11334269E+02
  0.57440646E+00 -0.11386663E+02
  0.58913483E+00 -0.11439986E+02
  0.60386320E+00 -0.11494063E+02
  0.61859157E+00 -0.11548693E+02
  0.63331994E+00 -0.11603625E+02
  0.64804831E+00 -0.11658539E+02
  0.66277668E+00 -0.11712994E+02
  0.67750505E+00 -0.11766355E+02
  0.69223342E+00 -0.11817656E+02
  0.70696179E+00 -0.11865412E+02
  0.72169017E+00 -0.11907472E+02
  0.73641854E+00 -0.11941286E+02
  0.75114691E+00 -0.11965061E+02
  0.76587528E+00 -0.11979068E+02
  0.78060365E+00 -0.11985337E+02
  0.79533202E+00 -0.11986220E+02
  0.81006039E+00 -0.11983526E+02
  0.82478876E+00 -0.11978443E+02
  0.83951713E+00 -0.11971724E+02
  0.85424550E+00 -0.11963861E+02
  0.86897387E+00 -0.11955202E+02
  0.88370224E+00 -0.11946032E+02
  0.89843061E+00 -0.11936610E+02
  0.91315898E+00 -0.11927206E+02
  0.92788736E+00 -0.11918119E+02
  0.94261573E+00 -0.11909697E+02
  0.95734410E+00 -0.11902344E+02
  0.97207247E+00 -0.11896533E+02
  0.98680084E+00 -0.11892803E+02
  0.10015292E+01 -0.11891736E+02
  0.10162576E+01 -0.11893888E+02
  0.10309860E+01 -0.11899661E+02
  0.10457143E+01 -0.11909142E+02
  0.10604427E+01 -0.11922047E+02
  0.10751711E+01 -0.11937822E+02
  0.10898994E+01 -0.11955830E+02
  0.11046278E+01 -0.11975502E+02
  0.11193562E+01 -0.11996379E+02
  0.11340845E+01 -0.12018114E+02
  0.11488129E+01 -0.12040446E+02
  0.11635413E+01 -0.12063177E+02
  0.11782697E+01 -0.12086150E+02
  0.11929980E+01 -0.12109236E+02
  0.12077264E+01 -0.12132320E+02
  0.12224548E+01 -0.12155294E+02
  0.12371831E+01 -0.12178052E+02
  0.12519115E+01 -0.12200486E+02
  0.12666399E+01 -0.12222481E+02
  0.12813683E+01 -0.12243920E+02
  0.12960966E+01 -0.12264677E+02
  0.13108250E+01 -0.12284622E+02
  0.13255534E+01 -0.12303621E+02
  0.13402817E+01 -0.12321535E+02
  0.13550101E+01 -0.12338222E+02
  0.13697385E+01 -0.12353538E+02
  0.13844668E+01 -0.12367338E+02
  0.13991952E+01 -0.12379480E+02
  0.14139236E+01 -0.12389829E+02
  0.14286520E+01 -0.12398264E+02
  0.14433803E+01 -0.12404692E+02
  0.14581087E+01 -0.12409051E+02
  0.14728371E+01 -0.12411328E+02
  0.14875654E+01 -0.12409794E+02
  0.15022938E+01 -0.12406700E+02
  0.15170222E+01 -0.12402220E+02
  0.15317506E+01 -0.12396557E+02
  0.15464789E+01 -0.12389937E+02
  0.15612073E+01 -0.12382619E+02
  0.15759357E+01 -0.12374902E+02
  0.15906640E+01 -0.12367140E+02
  0.16053924E+01 -0.12359774E+02
  0.16201208E+01 -0.12353369E+02
  0.16348492E+01 -0.12348662E+02
  0.16495775E+01 -0.12346592E+02
  0.16643059E+01 -0.12348239E+02
  0.16790343E+01 -0.12354556E+02
  0.16937626E+01 -0.12365926E+02
  0.17084910E+01 -0.12381867E+02
  0.17232194E+01 -0.12401251E+02
  0.17379477E+01 -0.12422786E+02
  0.17526761E+01 -0.12445352E+02
  0.17674045E+01 -0.12468087E+02
  0.17821329E+01 -0.12490345E+02
  0.17968612E+01 -0.12511624E+02
  0.18115896E+01 -0.12531499E+02
  0.18263180E+01 -0.12549574E+02
  0.18410463E+01 -0.12565439E+02
  0.18557747E+01 -0.12578629E+02
  0.18705031E+01 -0.12588584E+02
  0.18852315E+01 -0.12594597E+02
  0.18999598E+01 -0.12595731E+02
  0.19146882E+01 -0.12590614E+02
  0.19294166E+01 -0.12576830E+02
  0.19441449E+01 -0.12550011E+02
  0.19588733E+01 -0.12508414E+02
  0.19736017E+01 -0.12458355E+02
  0.19883300E+01 -0.12405456E+02
  0.20030584E+01 -0.12352348E+02
  0.20177868E+01 -0.12300414E+02
  0.20325152E+01 -0.12250547E+02
  0.20472435E+01 -0.12203395E+02
  0.20619719E+01 -0.12159464E+02
  0.20767003E+01 -0.12119197E+02
  0.20914286E+01 -0.12083088E+02
  0.21061570E+01 -0.12052013E+02
  0.21208854E+01 -0.12027829E+02
  0.21356138E+01 -0.12010777E+02
  0.21503421E+01 -0.11997579E+02
  0.21650705E+01 -0.11986814E+02
  0.21797989E+01 -0.11978546E+02
  0.21945272E+01 -0.11973095E+02
  0.22092556E+01 -0.11970725E+02
  0.22239168E+01 -0.11971398E+02
  0.22385781E+01 -0.11971006E+02
  0.22532393E+01 -0.11969517E+02
  0.22679005E+01 -0.11966904E+02
  0.22825618E+01 -0.11963150E+02
  0.22972230E+01 -0.11958246E+02
  0.23118842E+01 -0.11952194E+02
  0.23265454E+01 -0.11945004E+02
  0.23412067E+01 -0.11936695E+02
  0.23558679E+01 -0.11927294E+02
  0.23705291E+01 -0.11916831E+02
  0.23851904E+01 -0.11905340E+02
  0.23998516E+01 -0.11892861E+02
  0.24145128E+01 -0.11879429E+02
  0.24291741E+01 -0.11865086E+02
  0.24438353E+01 -0.11849867E+02
  0.24584965E+01 -0.11833810E+02
  0.24731577E+01 -0.11816952E+02
  0.24878190E+01 -0.11799329E+02
  0.25024802E+01 -0.11780975E+02
  0.25171414E+01 -0.11761927E+02
  0.25318027E+01 -0.11742219E+02
  0.25464639E+01 -0.11721888E+02
  0.25611251E+01 -0.11700970E+02
  0.25757864E+01 -0.11679499E+02
  0.25904476E+01 -0.11657511E+02
  0.26051088E+01 -0.11635040E+02
  0.26197700E+01 -0.11612122E+02
  0.26344313E+01 -0.11588789E+02
  0.26490925E+01 -0.11565076E+02
  0.26637537E+01 -0.11541016E+02
  0.26784150E+01 -0.11516639E+02
  0.26930762E+01 -0.11491974E+02
  0.27077374E+01 -0.11467049E+02
  0.27223987E+01 -0.11441885E+02
  0.27370599E+01 -0.11416502E+02
  0.27517211E+01 -0.11390919E+02
  0.27663823E+01 -0.11365147E+02
  0.27810436E+01 -0.11339201E+02
  0.27957048E+01 -0.11313093E+02
  0.28103660E+01 -0.11286837E+02
  0.28250273E+01 -0.11260448E+02
  0.28396885E+01 -0.11233949E+02
  0.28543497E+01 -0.11207376E+02
  0.28690110E+01 -0.11180799E+02
  0.28836722E+01 -0.11154382E+02
  0.28983334E+01 -0.11128477E+02
  0.29129946E+01 -0.11103375E+02
  0.29276559E+01 -0.11078842E+02
  0.29423171E+01 -0.11054570E+02
  0.29569783E+01 -0.11030406E+02
  0.29716396E+01 -0.11006278E+02
  0.29863008E+01 -0.10982145E+02
  0.30009620E+01 -0.10957983E+02
  0.30156233E+01 -0.10933783E+02
  0.30302845E+01 -0.10909551E+02
  0.30449457E+01 -0.10885305E+02
  0.30596069E+01 -0.10861082E+02
  0.30742682E+01 -0.10836926E+02
  0.30889294E+01 -0.10806003E+02
  0.31035906E+01 -0.10766417E+02
  0.31182519E+01 -0.10738988E+02
  0.31329131E+01 -0.10714997E+02
  0.31475743E+01 -0.10692333E+02
  0.31622356E+01 -0.10670628E+02
  0.31768968E+01 -0.10649798E+02
  0.31915580E+01 -0.10629832E+02
  0.32062192E+01 -0.10610743E+02
  0.32208805E+01 -0.10592556E+02
  0.32355417E+01 -0.10575297E+02
  0.32502029E+01 -0.10558996E+02
  0.32648642E+01 -0.10543675E+02
  0.32795254E+01 -0.10529356E+02
  0.32941866E+01 -0.10516057E+02
  0.33088479E+01 -0.10503814E+02
  0.33235091E+01 -0.10492744E+02
  0.33381703E+01 -0.10483440E+02
  0.33528315E+01 -0.10479282E+02
  0.33674928E+01 -0.10480672E+02
  0.33821540E+01 -0.10481186E+02
  0.33968152E+01 -0.10478938E+02
  0.34114765E+01 -0.10472415E+02
  0.34261377E+01 -0.10460524E+02
  0.34407989E+01 -0.10447277E+02
  0.34554602E+01 -0.10436613E+02
  0.34701214E+01 -0.10429969E+02
  0.34847826E+01 -0.10427718E+02
  
  0.00000000E+00 -0.10427622E+02
  0.14728371E-01 -0.10428709E+02
  0.29456741E-01 -0.10430954E+02
  0.44185112E-01 -0.10434396E+02
  0.58913483E-01 -0.10439019E+02
  0.73641854E-01 -0.10444795E+02
  0.88370224E-01 -0.10451659E+02
  0.10309860E+00 -0.10459434E+02
  0.11782697E+00 -0.10467332E+02
  0.13255534E+00 -0.10470772E+02
  0.14728371E+00 -0.10466476E+02
  0.16201208E+00 -0.10458863E+02
  0.17674045E+00 -0.10449386E+02
  0.19146882E+00 -0.10438549E+02
  0.20619719E+00 -0.10426690E+02
  0.22092556E+00 -0.10414123E+02
  0.23565393E+00 -0.10401215E+02
  0.25038230E+00 -0.10388515E+02
  0.26511067E+00 -0.10377090E+02
  0.27983904E+00 -0.10369411E+02
  0.29456741E+00 -0.10370753E+02
  0.30929579E+00 -0.10385728E+02
  0.32402416E+00 -0.10410890E+02
  0.33875253E+00 -0.10440869E+02
  0.35348090E+00 -0.10472979E+02
  0.36820927E+00 -0.10506078E+02
  0.38293764E+00 -0.10539638E+02
  0.39766601E+00 -0.10573382E+02
  0.41239438E+00 -0.10607158E+02
  0.42712275E+00 -0.10640879E+02
  0.44185112E+00 -0.10674501E+02
  0.45657949E+00 -0.10708006E+02
  0.47130786E+00 -0.10741393E+02
  0.48603623E+00 -0.10774672E+02
  0.50076460E+00 -0.10807863E+02
  0.51549298E+00 -0.10840986E+02
  0.53022135E+00 -0.10874066E+02
  0.54494972E+00 -0.10907124E+02
  0.55967809E+00 -0.10940178E+02
  0.57440646E+00 -0.10973240E+02
  0.58913483E+00 -0.11006313E+02
  0.60386320E+00 -0.11039394E+02
  0.61859157E+00 -0.11072464E+02
  0.63331994E+00 -0.11105496E+02
  0.64804831E+00 -0.11138450E+02
  0.66277668E+00 -0.11171273E+02
  0.67750505E+00 -0.11203900E+02
  0.69223342E+00 -0.11236258E+02
  0.70696179E+00 -0.11268263E+02
  0.72169017E+00 -0.11299828E+02
  0.73641854E+00 -0.11330862E+02
  0.75114691E+00 -0.11361272E+02
  0.76587528E+00 -0.11390971E+02
  0.78060365E+00 -0.11419879E+02
  0.79533202E+00 -0.11447925E+02
  0.81006039E+00 -0.11475053E+02
  0.82478876E+00 -0.11501227E+02
  0.83951713E+00 -0.11526426E+02
  0.85424550E+00 -0.11550656E+02
  0.86897387E+00 -0.11573942E+02
  0.88370224E+00 -0.11596329E+02
  0.89843061E+00 -0.11617879E+02
  0.91315898E+00 -0.11638661E+02
  0.92788736E+00 -0.11658742E+02
  0.94261573E+00 -0.11678172E+02
  0.95734410E+00 -0.11696966E+02
  0.97207247E+00 -0.11715082E+02
  0.98680084E+00 -0.11732407E+02
  0.10015292E+01 -0.11748757E+02
  0.10162576E+01 -0.11763919E+02
  0.10309860E+01 -0.11777759E+02
  0.10457143E+01 -0.11790349E+02
  0.10604427E+01 -0.11802018E+02
  0.10751711E+01 -0.11813238E+02
  0.10898994E+01 -0.11824444E+02
  0.11046278E+01 -0.11835910E+02
  0.11193562E+01 -0.11847722E+02
  0.11340845E+01 -0.11859807E+02
  0.11488129E+01 -0.11871981E+02
  0.11635413E+01 -0.11883988E+02
  0.11782697E+01 -0.11895534E+02
  0.11929980E+01 -0.11906305E+02
  0.12077264E+01 -0.11915980E+02
  0.12224548E+01 -0.11924240E+02
  0.12371831E+01 -0.11930771E+02
  0.12519115E+01 -0.11935266E+02
  0.12666399E+01 -0.11937422E+02
  0.12813683E+01 -0.11936950E+02
  0.12960966E+01 -0.11933568E+02
  0.13108250E+01 -0.11927017E+02
  0.13255534E+01 -0.11917066E+02
  0.13402817E+01 -0.11903526E+02
  0.13550101E+01 -0.11886269E+02
  0.13697385E+01 -0.11865244E+02
  0.13844668E+01 -0.11840507E+02
  0.13991952E+01 -0.11812259E+02
  0.14139236E+01 -0.11780929E+02
  0.14286520E+01 -0.11747371E+02
  0.14433803E+01 -0.11713406E+02
  0.14581087E+01 -0.11683370E+02
  0.14728371E+01 -0.11667160E+02
  0.14875654E+01 -0.11682313E+02
  0.15022938E+01 -0.11714214E+02
  0.15170222E+01 -0.11753322E+02
  0.15317506E+01 -0.11795052E+02
  0.15464789E+01 -0.11837433E+02
  0.15612073E+01 -0.11879486E+02
  0.15759357E+01 -0.11920607E+02
  0.15906640E+01 -0.11960323E+02
  0.16053924E+01 -0.11998164E+02
  0.16201208E+01 -0.12033588E+02
  0.16348492E+01 -0.12065904E+02
  0.16495775E+01 -0.12094231E+02
  0.16643059E+01 -0.12117555E+02
  0.16790343E+01 -0.12134986E+02
  0.16937626E+01 -0.12146204E+02
  0.17084910E+01 -0.12151741E+02
  0.17232194E+01 -0.12152769E+02
  0.17379477E+01 -0.12150604E+02
  0.17526761E+01 -0.12146373E+02
  0.17674045E+01 -0.12140917E+02
  0.17821329E+01 -0.12134831E+02
  0.17968612E+01 -0.12128523E+02
  0.18115896E+01 -0.12122277E+02
  0.18263180E+01 -0.12116280E+02
  0.18410463E+01 -0.12110657E+02
  0.18557747E+01 -0.12105479E+02
  0.18705031E+01 -0.12100782E+02
  0.18852315E+01 -0.12096568E+02
  0.18999598E+01 -0.12092814E+02
  0.19146882E+01 -0.12089474E+02
  0.19294166E+01 -0.12086483E+02
  0.19441449E+01 -0.12083755E+02
  0.19588733E+01 -0.12081190E+02
  0.19736017E+01 -0.12078667E+02
  0.19883300E+01 -0.12076043E+02
  0.20030584E+01 -0.12073153E+02
  0.20177868E+01 -0.12069796E+02
  0.20325152E+01 -0.12065739E+02
  0.20472435E+01 -0.12060705E+02
  0.20619719E+01 -0.12054384E+02
  0.20767003E+01 -0.12046445E+02
  0.20914286E+01 -0.12036532E+02
  0.21061570E+01 -0.12024066E+02
  0.21208854E+01 -0.12007748E+02
  0.21356138E+01 -0.11988142E+02
  0.21503421E+01 -0.11969464E+02
  0.21650705E+01 -0.11954036E+02
  0.21797989E+01 -0.11942548E+02
  0.21945272E+01 -0.11935229E+02
  0.22092556E+01 -0.11932161E+02
  0.22239168E+01 -0.11932161E+02
  0.22385781E+01 -0.11931054E+02
  0.22532393E+01 -0.11928848E+02
  0.22679005E+01 -0.11925561E+02
  0.22825618E+01 -0.11921215E+02
  0.22972230E+01 -0.11915835E+02
  0.23118842E+01 -0.11909451E+02
  0.23265454E+01 -0.11902092E+02
  0.23412067E+01 -0.11893788E+02
  0.23558679E+01 -0.11884567E+02
  0.23705291E+01 -0.11874456E+02
  0.23851904E+01 -0.11863482E+02
  0.23998516E+01 -0.11851668E+02
  0.24145128E+01 -0.11839033E+02
  0.24291741E+01 -0.11825597E+02
  0.24438353E+01 -0.11811378E+02
  0.24584965E+01 -0.11796391E+02
  0.24731577E+01 -0.11780653E+02
  0.24878190E+01 -0.11764183E+02
  0.25024802E+01 -0.11746998E+02
  0.25171414E+01 -0.11729119E+02
  0.25318027E+01 -0.11710570E+02
  0.25464639E+01 -0.11691377E+02
  0.25611251E+01 -0.11671567E+02
  0.25757864E+01 -0.11651171E+02
  0.25904476E+01 -0.11630219E+02
  0.26051088E+01 -0.11608744E+02
  0.26197700E+01 -0.11586777E+02
  0.26344313E+01 -0.11564351E+02
  0.26490925E+01 -0.11541499E+02
  0.26637537E+01 -0.11518252E+02
  0.26784150E+01 -0.11494646E+02
  0.26930762E+01 -0.11470718E+02
  0.27077374E+01 -0.11446508E+02
  0.27223987E+01 -0.11422060E+02
  0.27370599E+01 -0.11397420E+02
  0.27517211E+01 -0.11372636E+02
  0.27663823E+01 -0.11347758E+02
  0.27810436E+01 -0.11322832E+02
  0.27957048E+01 -0.11297902E+02
  0.28103660E+01 -0.11273002E+02
  0.28250273E+01 -0.11248160E+02
  0.28396885E+01 -0.11223387E+02
  0.28543497E+01 -0.11198675E+02
  0.28690110E+01 -0.11173974E+02
  0.28836722E+01 -0.11149133E+02
  0.28983334E+01 -0.11123807E+02
  0.29129946E+01 -0.11097708E+02
  0.29276559E+01 -0.11071073E+02
  0.29423171E+01 -0.11044211E+02
  0.29569783E+01 -0.11017279E+02
  0.29716396E+01 -0.10990359E+02
  0.29863008E+01 -0.10963509E+02
  0.30009620E+01 -0.10936778E+02
  0.30156233E+01 -0.10910208E+02
  0.30302845E+01 -0.10883837E+02
  0.30449457E+01 -0.10857681E+02
  0.30596069E+01 -0.10831700E+02
  0.30742682E+01 -0.10805646E+02
  0.30889294E+01 -0.10778101E+02
  0.31035906E+01 -0.10741469E+02
  0.31182519E+01 -0.10693747E+02
  0.31329131E+01 -0.10644133E+02
  0.31475743E+01 -0.10595276E+02
  0.31622356E+01 -0.10548266E+02
  0.31768968E+01 -0.10504303E+02
  0.31915580E+01 -0.10465334E+02
  0.32062192E+01 -0.10434681E+02
  0.32208805E+01 -0.10416319E+02
  0.32355417E+01 -0.10410815E+02
  0.32502029E+01 -0.10414094E+02
  0.32648642E+01 -0.10421851E+02
  0.32795254E+01 -0.10431510E+02
  0.32941866E+01 -0.10441672E+02
  0.33088479E+01 -0.10451474E+02
  0.33235091E+01 -0.10460214E+02
  0.33381703E+01 -0.10466806E+02
  0.33528315E+01 -0.10467397E+02
  0.33674928E+01 -0.10461123E+02
  0.33821540E+01 -0.10453978E+02
  0.33968152E+01 -0.10447398E+02
  0.34114765E+01 -0.10441644E+02
  0.34261377E+01 -0.10436809E+02
  0.34407989E+01 -0.10432948E+02
  0.34554602E+01 -0.10430102E+02
  0.34701214E+01 -0.10428298E+02
  0.34847826E+01 -0.10427622E+02
  
  0.00000000E+00 -0.99054739E+01
  0.14728371E-01 -0.99076043E+01
  0.29456741E-01 -0.99116491E+01
  0.44185112E-01 -0.99179953E+01
  0.58913483E-01 -0.99267157E+01
  0.73641854E-01 -0.99377799E+01
  0.88370224E-01 -0.99511192E+01
  0.10309860E+00 -0.99666443E+01
  0.11782697E+00 -0.99842514E+01
  0.13255534E+00 -0.10003826E+02
  0.14728371E+00 -0.10025243E+02
  0.16201208E+00 -0.10048370E+02
  0.17674045E+00 -0.10073063E+02
  0.19146882E+00 -0.10099160E+02
  0.20619719E+00 -0.10126474E+02
  0.22092556E+00 -0.10154764E+02
  0.23565393E+00 -0.10183691E+02
  0.25038230E+00 -0.10212692E+02
  0.26511067E+00 -0.10240657E+02
  0.27983904E+00 -0.10265044E+02
  0.29456741E+00 -0.10280486E+02
  0.30929579E+00 -0.10282265E+02
  0.32402416E+00 -0.10273714E+02
  0.33875253E+00 -0.10260090E+02
  0.35348090E+00 -0.10243979E+02
  0.36820927E+00 -0.10226431E+02
  0.38293764E+00 -0.10207910E+02
  0.39766601E+00 -0.10188645E+02
  0.41239438E+00 -0.10168769E+02
  0.42712275E+00 -0.10148370E+02
  0.44185112E+00 -0.10127520E+02
  0.45657949E+00 -0.10106287E+02
  0.47130786E+00 -0.10084743E+02
  0.48603623E+00 -0.10062969E+02
  0.50076460E+00 -0.10041056E+02
  0.51549298E+00 -0.10019114E+02
  0.53022135E+00 -0.99972741E+01
  0.54494972E+00 -0.99757080E+01
  0.55967809E+00 -0.99546618E+01
  0.57440646E+00 -0.99345567E+01
  0.58913483E+00 -0.99162978E+01
  0.60386320E+00 -0.99024265E+01
  0.61859157E+00 -0.99011557E+01
  0.63331994E+00 -0.99250726E+01
  0.64804831E+00 -0.99673869E+01
  0.66277668E+00 -0.10016871E+02
  0.67750505E+00 -0.10069606E+02
  0.69223342E+00 -0.10124306E+02
  0.70696179E+00 -0.10180409E+02
  0.72169017E+00 -0.10237570E+02
  0.73641854E+00 -0.10295509E+02
  0.75114691E+00 -0.10353955E+02
  0.76587528E+00 -0.10412628E+02
  0.78060365E+00 -0.10471234E+02
  0.79533202E+00 -0.10529464E+02
  0.81006039E+00 -0.10587004E+02
  0.82478876E+00 -0.10643533E+02
  0.83951713E+00 -0.10698734E+02
  0.85424550E+00 -0.10752299E+02
  0.86897387E+00 -0.10803926E+02
  0.88370224E+00 -0.10853328E+02
  0.89843061E+00 -0.10900228E+02
  0.91315898E+00 -0.10944361E+02
  0.92788736E+00 -0.10985473E+02
  0.94261573E+00 -0.11023315E+02
  0.95734410E+00 -0.11057651E+02
  0.97207247E+00 -0.11088255E+02
  0.98680084E+00 -0.11114918E+02
  0.10015292E+01 -0.11137461E+02
  0.10162576E+01 -0.11155745E+02
  0.10309860E+01 -0.11169690E+02
  0.10457143E+01 -0.11179292E+02
  0.10604427E+01 -0.11184633E+02
  0.10751711E+01 -0.11185889E+02
  0.10898994E+01 -0.11183323E+02
  0.11046278E+01 -0.11177270E+02
  0.11193562E+01 -0.11168124E+02
  0.11340845E+01 -0.11156321E+02
  0.11488129E+01 -0.11142333E+02
  0.11635413E+01 -0.11126672E+02
  0.11782697E+01 -0.11109904E+02
  0.11929980E+01 -0.11092676E+02
  0.12077264E+01 -0.11075769E+02
  0.12224548E+01 -0.11060151E+02
  0.12371831E+01 -0.11047048E+02
  0.12519115E+01 -0.11037979E+02
  0.12666399E+01 -0.11034683E+02
  0.12813683E+01 -0.11038825E+02
  0.12960966E+01 -0.11051488E+02
  0.13108250E+01 -0.11072734E+02
  0.13255534E+01 -0.11101615E+02
  0.13402817E+01 -0.11136626E+02
  0.13550101E+01 -0.11176187E+02
  0.13697385E+01 -0.11218913E+02
  0.13844668E+01 -0.11263662E+02
  0.13991952E+01 -0.11309466E+02
  0.14139236E+01 -0.11355389E+02
  0.14286520E+01 -0.11400265E+02
  0.14433803E+01 -0.11442106E+02
  0.14581087E+01 -0.11476510E+02
  0.14728371E+01 -0.11493590E+02
  0.14875654E+01 -0.11477243E+02
  0.15022938E+01 -0.11440502E+02
  0.15170222E+01 -0.11393009E+02
  0.15317506E+01 -0.11339475E+02
  0.15464789E+01 -0.11282011E+02
  0.15612073E+01 -0.11221747E+02
  0.15759357E+01 -0.11159448E+02
  0.15906640E+01 -0.11095762E+02
  0.16053924E+01 -0.11031355E+02
  0.16201208E+01 -0.10967039E+02
  0.16348492E+01 -0.10903975E+02
  0.16495775E+01 -0.10844090E+02
  0.16643059E+01 -0.10790872E+02
  0.16790343E+01 -0.10749998E+02
  0.16937626E+01 -0.10726109E+02
  0.17084910E+01 -0.10716645E+02
  0.17232194E+01 -0.10715111E+02
  0.17379477E+01 -0.10716951E+02
  0.17526761E+01 -0.10719867E+02
  0.17674045E+01 -0.10722745E+02
  0.17821329E+01 -0.10725023E+02
  0.17968612E+01 -0.10726408E+02
  0.18115896E+01 -0.10726754E+02
  0.18263180E+01 -0.10726004E+02
  0.18410463E+01 -0.10724158E+02
  0.18557747E+01 -0.10721258E+02
  0.18705031E+01 -0.10717376E+02
  0.18852315E+01 -0.10712609E+02
  0.18999598E+01 -0.10707067E+02
  0.19146882E+01 -0.10700873E+02
  0.19294166E+01 -0.10694156E+02
  0.19441449E+01 -0.10687046E+02
  0.19588733E+01 -0.10679670E+02
  0.19736017E+01 -0.10672151E+02
  0.19883300E+01 -0.10664601E+02
  0.20030584E+01 -0.10657127E+02
  0.20177868E+01 -0.10649824E+02
  0.20325152E+01 -0.10642778E+02
  0.20472435E+01 -0.10636065E+02
  0.20619719E+01 -0.10629751E+02
  0.20767003E+01 -0.10623895E+02
  0.20914286E+01 -0.10618545E+02
  0.21061570E+01 -0.10613744E+02
  0.21208854E+01 -0.10609524E+02
  0.21356138E+01 -0.10605910E+02
  0.21503421E+01 -0.10602920E+02
  0.21650705E+01 -0.10600564E+02
  0.21797989E+01 -0.10598848E+02
  0.21945272E+01 -0.10597774E+02
  0.22092556E+01 -0.10597340E+02
  0.22239168E+01 -0.10596664E+02
  0.22385781E+01 -0.10595000E+02
  0.22532393E+01 -0.10592367E+02
  0.22679005E+01 -0.10588791E+02
  0.22825618E+01 -0.10584304E+02
  0.22972230E+01 -0.10578943E+02
  0.23118842E+01 -0.10572746E+02
  0.23265454E+01 -0.10565754E+02
  0.23412067E+01 -0.10558006E+02
  0.23558679E+01 -0.10549539E+02
  0.23705291E+01 -0.10540386E+02
  0.23851904E+01 -0.10530573E+02
  0.23998516E+01 -0.10520118E+02
  0.24145128E+01 -0.10509028E+02
  0.24291741E+01 -0.10497299E+02
  0.24438353E+01 -0.10484917E+02
  0.24584965E+01 -0.10471852E+02
  0.24731577E+01 -0.10458061E+02
  0.24878190E+01 -0.10443490E+02
  0.25024802E+01 -0.10428074E+02
  0.25171414E+01 -0.10411741E+02
  0.25318027E+01 -0.10394413E+02
  0.25464639E+01 -0.10376015E+02
  0.25611251E+01 -0.10356475E+02
  0.25757864E+01 -0.10335734E+02
  0.25904476E+01 -0.10313748E+02
  0.26051088E+01 -0.10290494E+02
  0.26197700E+01 -0.10265978E+02
  0.26344313E+01 -0.10240232E+02
  0.26490925E+01 -0.10213328E+02
  0.26637537E+01 -0.10185374E+02
  0.26784150E+01 -0.10156526E+02
  0.26930762E+01 -0.10126994E+02
  0.27077374E+01 -0.10097058E+02
  0.27223987E+01 -0.10067090E+02
  0.27370599E+01 -0.10037592E+02
  0.27517211E+01 -0.10009246E+02
  0.27663823E+01 -0.99829749E+01
  0.27810436E+01 -0.99599653E+01
  0.27957048E+01 -0.99415515E+01
  0.28103660E+01 -0.99288521E+01
  0.28250273E+01 -0.99222823E+01
  0.28396885E+01 -0.99213829E+01
  0.28543497E+01 -0.99251521E+01
  0.28690110E+01 -0.99325116E+01
  0.28836722E+01 -0.99425648E+01
  0.28983334E+01 -0.99546448E+01
  0.29129946E+01 -0.99682727E+01
  0.29276559E+01 -0.99831026E+01
  0.29423171E+01 -0.99988767E+01
  0.29569783E+01 -0.10015395E+02
  0.29716396E+01 -0.10032497E+02
  0.29863008E+01 -0.10050047E+02
  0.30009620E+01 -0.10067929E+02
  0.30156233E+01 -0.10086040E+02
  0.30302845E+01 -0.10104289E+02
  0.30449457E+01 -0.10122591E+02
  0.30596069E+01 -0.10140865E+02
  0.30742682E+01 -0.10159033E+02
  0.30889294E+01 -0.10177009E+02
  0.31035906E+01 -0.10194694E+02
  0.31182519E+01 -0.10211960E+02
  0.31329131E+01 -0.10228624E+02
  0.31475743E+01 -0.10244399E+02
  0.31622356E+01 -0.10258796E+02
  0.31768968E+01 -0.10270910E+02
  0.31915580E+01 -0.10278996E+02
  0.32062192E+01 -0.10279885E+02
  0.32208805E+01 -0.10269715E+02
  0.32355417E+01 -0.10247998E+02
  0.32502029E+01 -0.10218858E+02
  0.32648642E+01 -0.10186609E+02
  0.32795254E+01 -0.10153798E+02
  0.32941866E+01 -0.10121749E+02
  0.33088479E+01 -0.10091175E+02
  0.33235091E+01 -0.10062491E+02
  0.33381703E+01 -0.10035957E+02
  0.33528315E+01 -0.10011742E+02
  0.33674928E+01 -0.99899608E+01
  0.33821540E+01 -0.99706854E+01
  0.33968152E+01 -0.99539588E+01
  0.34114765E+01 -0.99397986E+01
  0.34261377E+01 -0.99281996E+01
  0.34407989E+01 -0.99191284E+01
  0.34554602E+01 -0.99125002E+01
  0.34701214E+01 -0.99081050E+01
  0.34847826E+01 -0.99054739E+01
  
  0.00000000E+00 -0.99054452E+01
  0.14728371E-01 -0.99043348E+01
  0.29456741E-01 -0.99031936E+01
  0.44185112E-01 -0.99016371E+01
  0.58913483E-01 -0.98995915E+01
  0.73641854E-01 -0.98970755E+01
  0.88370224E-01 -0.98941293E+01
  0.10309860E+00 -0.98907921E+01
  0.11782697E+00 -0.98870940E+01
  0.13255534E+00 -0.98830527E+01
  0.14728371E+00 -0.98786739E+01
  0.16201208E+00 -0.98739529E+01
  0.17674045E+00 -0.98688782E+01
  0.19146882E+00 -0.98634347E+01
  0.20619719E+00 -0.98576071E+01
  0.22092556E+00 -0.98513834E+01
  0.23565393E+00 -0.98447568E+01
  0.25038230E+00 -0.98377271E+01
  0.26511067E+00 -0.98303013E+01
  0.27983904E+00 -0.98224930E+01
  0.29456741E+00 -0.98143209E+01
  0.30929579E+00 -0.98058069E+01
  0.32402416E+00 -0.97969738E+01
  0.33875253E+00 -0.97878424E+01
  0.35348090E+00 -0.97784302E+01
  0.36820927E+00 -0.97687491E+01
  0.38293764E+00 -0.97588057E+01
  0.39766601E+00 -0.97486012E+01
  0.41239438E+00 -0.97381345E+01
  0.42712275E+00 -0.97274056E+01
  0.44185112E+00 -0.97164234E+01
  0.45657949E+00 -0.97052176E+01
  0.47130786E+00 -0.96938589E+01
  0.48603623E+00 -0.96825003E+01
  0.50076460E+00 -0.96714655E+01
  0.51549298E+00 -0.96614732E+01
  0.53022135E+00 -0.96542668E+01
  0.54494972E+00 -0.96542433E+01
  0.55967809E+00 -0.96691025E+01
  0.57440646E+00 -0.97001868E+01
  0.58913483E+00 -0.97394189E+01
  0.60386320E+00 -0.97791626E+01
  0.61859157E+00 -0.98092337E+01
  0.63331994E+00 -0.98163358E+01
  0.64804831E+00 -0.98070003E+01
  0.66277668E+00 -0.97923576E+01
  0.67750505E+00 -0.97762798E+01
  0.69223342E+00 -0.97600033E+01
  0.70696179E+00 -0.97440185E+01
  0.72169017E+00 -0.97285628E+01
  0.73641854E+00 -0.97137705E+01
  0.75114691E+00 -0.96997293E+01
  0.76587528E+00 -0.96865055E+01
  0.78060365E+00 -0.96741593E+01
  0.79533202E+00 -0.96627555E+01
  0.81006039E+00 -0.96523760E+01
  0.82478876E+00 -0.96431368E+01
  0.83951713E+00 -0.96352123E+01
  0.85424550E+00 -0.96288742E+01
  0.86897387E+00 -0.96245491E+01
  0.88370224E+00 -0.96228903E+01
  0.89843061E+00 -0.96248152E+01
  0.91315898E+00 -0.96313826E+01
  0.92788736E+00 -0.96434035E+01
  0.94261573E+00 -0.96610310E+01
  0.95734410E+00 -0.96837870E+01
  0.97207247E+00 -0.97109418E+01
  0.98680084E+00 -0.97418116E+01
  0.10015292E+01 -0.97758479E+01
  0.10162576E+01 -0.98126220E+01
  0.10309860E+01 -0.98517880E+01
  0.10457143E+01 -0.98930511E+01
  0.10604427E+01 -0.99361469E+01
  0.10751711E+01 -0.99808275E+01
  0.10898994E+01 -0.10026852E+02
  0.11046278E+01 -0.10073977E+02
  0.11193562E+01 -0.10121952E+02
  0.11340845E+01 -0.10170508E+02
  0.11488129E+01 -0.10219347E+02
  0.11635413E+01 -0.10268128E+02
  0.11782697E+01 -0.10316438E+02
  0.11929980E+01 -0.10363770E+02
  0.12077264E+01 -0.10409466E+02
  0.12224548E+01 -0.10452670E+02
  0.12371831E+01 -0.10492254E+02
  0.12519115E+01 -0.10526790E+02
  0.12666399E+01 -0.10554625E+02
  0.12813683E+01 -0.10574176E+02
  0.12960966E+01 -0.10584439E+02
  0.13108250E+01 -0.10585433E+02
  0.13255534E+01 -0.10578177E+02
  0.13402817E+01 -0.10564251E+02
  0.13550101E+01 -0.10545301E+02
  0.13697385E+01 -0.10522774E+02
  0.13844668E+01 -0.10497854E+02
  0.13991952E+01 -0.10471528E+02
  0.14139236E+01 -0.10444694E+02
  0.14286520E+01 -0.10418357E+02
  0.14433803E+01 -0.10393995E+02
  0.14581087E+01 -0.10374391E+02
  0.14728371E+01 -0.10364631E+02
  0.14875654E+01 -0.10374448E+02
  0.15022938E+01 -0.10392856E+02
  0.15170222E+01 -0.10414761E+02
  0.15317506E+01 -0.10437692E+02
  0.15464789E+01 -0.10460528E+02
  0.15612073E+01 -0.10482689E+02
  0.15759357E+01 -0.10503805E+02
  0.15906640E+01 -0.10523566E+02
  0.16053924E+01 -0.10541630E+02
  0.16201208E+01 -0.10557509E+02
  0.16348492E+01 -0.10570384E+02
  0.16495775E+01 -0.10578698E+02
  0.16643059E+01 -0.10579368E+02
  0.16790343E+01 -0.10567179E+02
  0.16937626E+01 -0.10538011E+02
  0.17084910E+01 -0.10495027E+02
  0.17232194E+01 -0.10445406E+02
  0.17379477E+01 -0.10394453E+02
  0.17526761E+01 -0.10345232E+02
  0.17674045E+01 -0.10299558E+02
  0.17821329E+01 -0.10258507E+02
  0.17968612E+01 -0.10222599E+02
  0.18115896E+01 -0.10191881E+02
  0.18263180E+01 -0.10166041E+02
  0.18410463E+01 -0.10144545E+02
  0.18557747E+01 -0.10126774E+02
  0.18705031E+01 -0.10112116E+02
  0.18852315E+01 -0.10100016E+02
  0.18999598E+01 -0.10089998E+02
  0.19146882E+01 -0.10081663E+02
  0.19294166E+01 -0.10074678E+02
  0.19441449E+01 -0.10068770E+02
  0.19588733E+01 -0.10063713E+02
  0.19736017E+01 -0.10059323E+02
  0.19883300E+01 -0.10055449E+02
  0.20030584E+01 -0.10051967E+02
  0.20177868E+01 -0.10048782E+02
  0.20325152E+01 -0.10045818E+02
  0.20472435E+01 -0.10043023E+02
  0.20619719E+01 -0.10040360E+02
  0.20767003E+01 -0.10037813E+02
  0.20914286E+01 -0.10035380E+02
  0.21061570E+01 -0.10033074E+02
  0.21208854E+01 -0.10030920E+02
  0.21356138E+01 -0.10028955E+02
  0.21503421E+01 -0.10027219E+02
  0.21650705E+01 -0.10025760E+02
  0.21797989E+01 -0.10024619E+02
  0.21945272E+01 -0.10023836E+02
  0.22092556E+01 -0.10023440E+02
  0.22239168E+01 -0.10022983E+02
  0.22385781E+01 -0.10021598E+02
  0.22532393E+01 -0.10019288E+02
  0.22679005E+01 -0.10016059E+02
  0.22825618E+01 -0.10011919E+02
  0.22972230E+01 -0.10006878E+02
  0.23118842E+01 -0.10000949E+02
  0.23265454E+01 -0.99941474E+01
  0.23412067E+01 -0.99864883E+01
  0.23558679E+01 -0.99779900E+01
  0.23705291E+01 -0.99686719E+01
  0.23851904E+01 -0.99585542E+01
  0.23998516E+01 -0.99476579E+01
  0.24145128E+01 -0.99360044E+01
  0.24291741E+01 -0.99236153E+01
  0.24438353E+01 -0.99105116E+01
  0.24584965E+01 -0.98967138E+01
  0.24731577E+01 -0.98822412E+01
  0.24878190E+01 -0.98671120E+01
  0.25024802E+01 -0.98513428E+01
  0.25171414E+01 -0.98349485E+01
  0.25318027E+01 -0.98179424E+01
  0.25464639E+01 -0.98003362E+01
  0.25611251E+01 -0.97821408E+01
  0.25757864E+01 -0.97633661E+01
  0.25904476E+01 -0.97440227E+01
  0.26051088E+01 -0.97241233E+01
  0.26197700E+01 -0.97036860E+01
  0.26344313E+01 -0.96827459E+01
  0.26490925E+01 -0.96614147E+01
  0.26637537E+01 -0.96409913E+01
  0.26784150E+01 -0.96452095E+01
  0.26930762E+01 -0.96581978E+01
  0.27077374E+01 -0.96703888E+01
  0.27223987E+01 -0.96813211E+01
  0.27370599E+01 -0.96906343E+01
  0.27517211E+01 -0.96978267E+01
  0.27663823E+01 -0.97021667E+01
  0.27810436E+01 -0.97026574E+01
  0.27957048E+01 -0.96981443E+01
  0.28103660E+01 -0.96876747E+01
  0.28250273E+01 -0.96709802E+01
  0.28396885E+01 -0.96486453E+01
  0.28543497E+01 -0.96217752E+01
  0.28690110E+01 -0.95915301E+01
  0.28836722E+01 -0.95588703E+01
  0.28983334E+01 -0.95245167E+01
  0.29129946E+01 -0.94890280E+01
  0.29276559E+01 -0.94537668E+01
  0.29423171E+01 -0.94649836E+01
  0.29569783E+01 -0.94881741E+01
  0.29716396E+01 -0.95110676E+01
  0.29863008E+01 -0.95334562E+01
  0.30009620E+01 -0.95552605E+01
  0.30156233E+01 -0.95764348E+01
  0.30302845E+01 -0.95969516E+01
  0.30449457E+01 -0.96167944E+01
  0.30596069E+01 -0.96359550E+01
  0.30742682E+01 -0.96544309E+01
  0.30889294E+01 -0.96722238E+01
  0.31035906E+01 -0.96893379E+01
  0.31182519E+01 -0.97057788E+01
  0.31329131E+01 -0.97215524E+01
  0.31475743E+01 -0.97366635E+01
  0.31622356E+01 -0.97511161E+01
  0.31768968E+01 -0.97649119E+01
  0.31915580E+01 -0.97780510E+01
  0.32062192E+01 -0.97905318E+01
  0.32208805E+01 -0.98023513E+01
  0.32355417E+01 -0.98135062E+01
  0.32502029E+01 -0.98239929E+01
  0.32648642E+01 -0.98338089E+01
  0.32795254E+01 -0.98429531E+01
  0.32941866E+01 -0.98514263E+01
  0.33088479E+01 -0.98592314E+01
  0.33235091E+01 -0.98663732E+01
  0.33381703E+01 -0.98728582E+01
  0.33528315E+01 -0.98786942E+01
  0.33674928E+01 -0.98838898E+01
  0.33821540E+01 -0.98884542E+01
  0.33968152E+01 -0.98923977E+01
  0.34114765E+01 -0.98957324E+01
  0.34261377E+01 -0.98984768E+01
  0.34407989E+01 -0.99006653E+01
  0.34554602E+01 -0.99023776E+01
  0.34701214E+01 -0.99038162E+01
  0.34847826E+01 -0.99054452E+01
  
  0.00000000E+00 -0.84929600E+01
  0.14728371E-01 -0.85061093E+01
  0.29456741E-01 -0.85230833E+01
  0.44185112E-01 -0.85402321E+01
  0.58913483E-01 -0.85573661E+01
  0.73641854E-01 -0.85744032E+01
  0.88370224E-01 -0.85912876E+01
  0.10309860E+00 -0.86079790E+01
  0.11782697E+00 -0.86244513E+01
  0.13255534E+00 -0.86406924E+01
  0.14728371E+00 -0.86567049E+01
  0.16201208E+00 -0.86725076E+01
  0.17674045E+00 -0.86881369E+01
  0.19146882E+00 -0.87036509E+01
  0.20619719E+00 -0.87191359E+01
  0.22092556E+00 -0.87347216E+01
  0.23565393E+00 -0.87506124E+01
  0.25038230E+00 -0.87671516E+01
  0.26511067E+00 -0.87849479E+01
  0.27983904E+00 -0.88050467E+01
  0.29456741E+00 -0.88288574E+01
  0.30929579E+00 -0.88573239E+01
  0.32402416E+00 -0.88901729E+01
  0.33875253E+00 -0.89264938E+01
  0.35348090E+00 -0.89654739E+01
  0.36820927E+00 -0.90065389E+01
  0.38293764E+00 -0.90492738E+01
  0.39766601E+00 -0.90933510E+01
  0.41239438E+00 -0.91384916E+01
  0.42712275E+00 -0.91844461E+01
  0.44185112E+00 -0.92309833E+01
  0.45657949E+00 -0.92778795E+01
  0.47130786E+00 -0.93249009E+01
  0.48603623E+00 -0.93717668E+01
  0.50076460E+00 -0.94180627E+01
  0.51549298E+00 -0.94630159E+01
  0.53022135E+00 -0.95048609E+01
  0.54494972E+00 -0.95391934E+01
  0.55967809E+00 -0.95582833E+01
  0.57440646E+00 -0.95606290E+01
  0.58913483E+00 -0.95537034E+01
  0.60386320E+00 -0.95429311E+01
  0.61859157E+00 -0.95306297E+01
  0.63331994E+00 -0.95178573E+01
  0.64804831E+00 -0.95052096E+01
  0.66277668E+00 -0.94930923E+01
  0.67750505E+00 -0.94818193E+01
  0.69223342E+00 -0.94716490E+01
  0.70696179E+00 -0.94627983E+01
  0.72169017E+00 -0.94554474E+01
  0.73641854E+00 -0.94497418E+01
  0.75114691E+00 -0.94457947E+01
  0.76587528E+00 -0.94436883E+01
  0.78060365E+00 -0.94434757E+01
  0.79533202E+00 -0.94451804E+01
  0.81006039E+00 -0.94487923E+01
  0.82478876E+00 -0.94542566E+01
  0.83951713E+00 -0.94614529E+01
  0.85424550E+00 -0.94701581E+01
  0.86897387E+00 -0.94799894E+01
  0.88370224E+00 -0.94903332E+01
  0.89843061E+00 -0.95003066E+01
  0.91315898E+00 -0.95088814E+01
  0.92788736E+00 -0.95152748E+01
  0.94261573E+00 -0.95193627E+01
  0.95734410E+00 -0.95216560E+01
  0.97207247E+00 -0.95229260E+01
  0.98680084E+00 -0.95239106E+01
  0.10015292E+01 -0.95252262E+01
  0.10162576E+01 -0.95273810E+01
  0.10309860E+01 -0.95308050E+01
  0.10457143E+01 -0.95358678E+01
  0.10604427E+01 -0.95428794E+01
  0.10751711E+01 -0.95520823E+01
  0.10898994E+01 -0.95636388E+01
  0.11046278E+01 -0.95776227E+01
  0.11193562E+01 -0.95940193E+01
  0.11340845E+01 -0.96127350E+01
  0.11488129E+01 -0.96336145E+01
  0.11635413E+01 -0.96564611E+01
  0.11782697E+01 -0.96810570E+01
  0.11929980E+01 -0.97071794E+01
  0.12077264E+01 -0.97346120E+01
  0.12224548E+01 -0.97631520E+01
  0.12371831E+01 -0.97926136E+01
  0.12519115E+01 -0.98228285E+01
  0.12666399E+01 -0.98536449E+01
  0.12813683E+01 -0.98849248E+01
  0.12960966E+01 -0.99165416E+01
  0.13108250E+01 -0.99483768E+01
  0.13255534E+01 -0.99803158E+01
  0.13402817E+01 -0.10012244E+02
  0.13550101E+01 -0.10044041E+02
  0.13697385E+01 -0.10075573E+02
  0.13844668E+01 -0.10106676E+02
  0.13991952E+01 -0.10137131E+02
  0.14139236E+01 -0.10166604E+02
  0.14286520E+01 -0.10194513E+02
  0.14433803E+01 -0.10219693E+02
  0.14581087E+01 -0.10239598E+02
  0.14728371E+01 -0.10249315E+02
  0.14875654E+01 -0.10239953E+02
  0.15022938E+01 -0.10221823E+02
  0.15170222E+01 -0.10200039E+02
  0.15317506E+01 -0.10177055E+02
  0.15464789E+01 -0.10153932E+02
  0.15612073E+01 -0.10131143E+02
  0.15759357E+01 -0.10108894E+02
  0.15906640E+01 -0.10087246E+02
  0.16053924E+01 -0.10066174E+02
  0.16201208E+01 -0.10045587E+02
  0.16348492E+01 -0.10025338E+02
  0.16495775E+01 -0.10005230E+02
  0.16643059E+01 -0.99850032E+01
  0.16790343E+01 -0.99643370E+01
  0.16937626E+01 -0.99428340E+01
  0.17084910E+01 -0.99200141E+01
  0.17232194E+01 -0.98953131E+01
  0.17379477E+01 -0.98681006E+01
  0.17526761E+01 -0.98377303E+01
  0.17674045E+01 -0.98036304E+01
  0.17821329E+01 -0.97654228E+01
  0.17968612E+01 -0.97230289E+01
  0.18115896E+01 -0.96767101E+01
  0.18263180E+01 -0.96270218E+01
  0.18410463E+01 -0.95747100E+01
  0.18557747E+01 -0.95206070E+01
  0.18705031E+01 -0.94655684E+01
  0.18852315E+01 -0.94104672E+01
  0.18999598E+01 -0.93562554E+01
  0.19146882E+01 -0.93041097E+01
  0.19294166E+01 -0.92557060E+01
  0.19441449E+01 -0.92135987E+01
  0.19588733E+01 -0.91811640E+01
  0.19736017E+01 -0.91607414E+01
  0.19883300E+01 -0.91511738E+01
  0.20030584E+01 -0.91490479E+01
  0.20177868E+01 -0.91513870E+01
  0.20325152E+01 -0.91563321E+01
  0.20472435E+01 -0.91627893E+01
  0.20619719E+01 -0.91700787E+01
  0.20767003E+01 -0.91777362E+01
  0.20914286E+01 -0.91854145E+01
  0.21061570E+01 -0.91928351E+01
  0.21208854E+01 -0.91997639E+01
  0.21356138E+01 -0.92060004E+01
  0.21503421E+01 -0.92113734E+01
  0.21650705E+01 -0.92157395E+01
  0.21797989E+01 -0.92189843E+01
  0.21945272E+01 -0.92210237E+01
  0.22092556E+01 -0.92218052E+01
  0.22239168E+01 -0.92226778E+01
  0.22385781E+01 -0.92245871E+01
  0.22532393E+01 -0.92275251E+01
  0.22679005E+01 -0.92314862E+01
  0.22825618E+01 -0.92364676E+01
  0.22972230E+01 -0.92424700E+01
  0.23118842E+01 -0.92494975E+01
  0.23265454E+01 -0.92575574E+01
  0.23412067E+01 -0.92666586E+01
  0.23558679E+01 -0.92768095E+01
  0.23705291E+01 -0.92880152E+01
  0.23851904E+01 -0.93002737E+01
  0.23998516E+01 -0.93135728E+01
  0.24145128E+01 -0.93278858E+01
  0.24291741E+01 -0.93431689E+01
  0.24438353E+01 -0.93593591E+01
  0.24584965E+01 -0.93763736E+01
  0.24731577E+01 -0.93941104E+01
  0.24878190E+01 -0.94124500E+01
  0.25024802E+01 -0.94312590E+01
  0.25171414E+01 -0.94503940E+01
  0.25318027E+01 -0.94697064E+01
  0.25464639E+01 -0.94890472E+01
  0.25611251E+01 -0.95082714E+01
  0.25757864E+01 -0.95272422E+01
  0.25904476E+01 -0.95458335E+01
  0.26051088E+01 -0.95639305E+01
  0.26197700E+01 -0.95814278E+01
  0.26344313E+01 -0.95982175E+01
  0.26490925E+01 -0.96141270E+01
  0.26637537E+01 -0.96278034E+01
  0.26784150E+01 -0.96154579E+01
  0.26930762E+01 -0.95928934E+01
  0.27077374E+01 -0.95695764E+01
  0.27223987E+01 -0.95458067E+01
  0.27370599E+01 -0.95216819E+01
  0.27517211E+01 -0.94972856E+01
  0.27663823E+01 -0.94727190E+01
  0.27810436E+01 -0.94481257E+01
  0.27957048E+01 -0.94237371E+01
  0.28103660E+01 -0.93999831E+01
  0.28250273E+01 -0.93777927E+01
  0.28396885E+01 -0.93594600E+01
  0.28543497E+01 -0.93503115E+01
  0.28690110E+01 -0.93558308E+01
  0.28836722E+01 -0.93724624E+01
  0.28983334E+01 -0.93938788E+01
  0.29129946E+01 -0.94169559E+01
  0.29276559E+01 -0.94394754E+01
  0.29423171E+01 -0.94149215E+01
  0.29569783E+01 -0.93777402E+01
  0.29716396E+01 -0.93402259E+01
  0.29863008E+01 -0.93026482E+01
  0.30009620E+01 -0.92651717E+01
  0.30156233E+01 -0.92279435E+01
  0.30302845E+01 -0.91911060E+01
  0.30449457E+01 -0.91548013E+01
  0.30596069E+01 -0.91191707E+01
  0.30742682E+01 -0.90843538E+01
  0.30889294E+01 -0.90504855E+01
  0.31035906E+01 -0.90176918E+01
  0.31182519E+01 -0.89860853E+01
  0.31329131E+01 -0.89557601E+01
  0.31475743E+01 -0.89267868E+01
  0.31622356E+01 -0.88992083E+01
  0.31768968E+01 -0.88730367E+01
  0.31915580E+01 -0.88482518E+01
  0.32062192E+01 -0.88248023E+01
  0.32208805E+01 -0.88026084E+01
  0.32355417E+01 -0.87815663E+01
  0.32502029E+01 -0.87615540E+01
  0.32648642E+01 -0.87424379E+01
  0.32795254E+01 -0.87240791E+01
  0.32941866E+01 -0.87063388E+01
  0.33088479E+01 -0.86890832E+01
  0.33235091E+01 -0.86721874E+01
  0.33381703E+01 -0.86555382E+01
  0.33528315E+01 -0.86390357E+01
  0.33674928E+01 -0.86225952E+01
  0.33821540E+01 -0.86061482E+01
  0.33968152E+01 -0.85896431E+01
  0.34114765E+01 -0.85730468E+01
  0.34261377E+01 -0.85563460E+01
  0.34407989E+01 -0.85395509E+01
  0.34554602E+01 -0.85227083E+01
  0.34701214E+01 -0.85059862E+01
  0.34847826E+01 -0.84929600E+01
  
  0.00000000E+00 -0.84926509E+01
  0.14728371E-01 -0.84935046E+01
  0.29456741E-01 -0.84952843E+01
  0.44185112E-01 -0.84982922E+01
  0.58913483E-01 -0.85025664E+01
  0.73641854E-01 -0.85081563E+01
  0.88370224E-01 -0.85151202E+01
  0.10309860E+00 -0.85235226E+01
  0.11782697E+00 -0.85334311E+01
  0.13255534E+00 -0.85449136E+01
  0.14728371E+00 -0.85580353E+01
  0.16201208E+00 -0.85728557E+01
  0.17674045E+00 -0.85894242E+01
  0.19146882E+00 -0.86077737E+01
  0.20619719E+00 -0.86279095E+01
  0.22092556E+00 -0.86497904E+01
  0.23565393E+00 -0.86732918E+01
  0.25038230E+00 -0.86981346E+01
  0.26511067E+00 -0.87237530E+01
  0.27983904E+00 -0.87491165E+01
  0.29456741E+00 -0.87727982E+01
  0.30929579E+00 -0.87937999E+01
  0.32402416E+00 -0.88123027E+01
  0.33875253E+00 -0.88290877E+01
  0.35348090E+00 -0.88448030E+01
  0.36820927E+00 -0.88598281E+01
  0.38293764E+00 -0.88743585E+01
  0.39766601E+00 -0.88884837E+01
  0.41239438E+00 -0.89022316E+01
  0.42712275E+00 -0.89155927E+01
  0.44185112E+00 -0.89285325E+01
  0.45657949E+00 -0.89409995E+01
  0.47130786E+00 -0.89529297E+01
  0.48603623E+00 -0.89642501E+01
  0.50076460E+00 -0.89748815E+01
  0.51549298E+00 -0.89847405E+01
  0.53022135E+00 -0.89937416E+01
  0.54494972E+00 -0.90017994E+01
  0.55967809E+00 -0.90088299E+01
  0.57440646E+00 -0.90147521E+01
  0.58913483E+00 -0.90194895E+01
  0.60386320E+00 -0.90229718E+01
  0.61859157E+00 -0.90251362E+01
  0.63331994E+00 -0.90259296E+01
  0.64804831E+00 -0.90253111E+01
  0.66277668E+00 -0.90232550E+01
  0.67750505E+00 -0.90197547E+01
  0.69223342E+00 -0.90148261E+01
  0.70696179E+00 -0.90085119E+01
  0.72169017E+00 -0.90008846E+01
  0.73641854E+00 -0.89920486E+01
  0.75114691E+00 -0.89821421E+01
  0.76587528E+00 -0.89713388E+01
  0.78060365E+00 -0.89598505E+01
  0.79533202E+00 -0.89479350E+01
  0.81006039E+00 -0.89359098E+01
  0.82478876E+00 -0.89241768E+01
  0.83951713E+00 -0.89132593E+01
  0.85424550E+00 -0.89038448E+01
  0.86897387E+00 -0.88967994E+01
  0.88370224E+00 -0.88930751E+01
  0.89843061E+00 -0.88934243E+01
  0.91315898E+00 -0.88980292E+01
  0.92788736E+00 -0.89063892E+01
  0.94261573E+00 -0.89175954E+01
  0.95734410E+00 -0.89306914E+01
  0.97207247E+00 -0.89448592E+01
  0.98680084E+00 -0.89594454E+01
  0.10015292E+01 -0.89739232E+01
  0.10162576E+01 -0.89878516E+01
  0.10309860E+01 -0.90008478E+01
  0.10457143E+01 -0.90125775E+01
  0.10604427E+01 -0.90227585E+01
  0.10751711E+01 -0.90311727E+01
  0.10898994E+01 -0.90376797E+01
  0.11046278E+01 -0.90422260E+01
  0.11193562E+01 -0.90448463E+01
  0.11340845E+01 -0.90456534E+01
  0.11488129E+01 -0.90448220E+01
  0.11635413E+01 -0.90425683E+01
  0.11782697E+01 -0.90391300E+01
  0.11929980E+01 -0.90347503E+01
  0.12077264E+01 -0.90296658E+01
  0.12224548E+01 -0.90240987E+01
  0.12371831E+01 -0.90182522E+01
  0.12519115E+01 -0.90123080E+01
  0.12666399E+01 -0.90064256E+01
  0.12813683E+01 -0.90007422E+01
  0.12960966E+01 -0.89953724E+01
  0.13108250E+01 -0.89904092E+01
  0.13255534E+01 -0.89859240E+01
  0.13402817E+01 -0.89819675E+01
  0.13550101E+01 -0.89785707E+01
  0.13697385E+01 -0.89757457E+01
  0.13844668E+01 -0.89734877E+01
  0.13991952E+01 -0.89717768E+01
  0.14139236E+01 -0.89705799E+01
  0.14286520E+01 -0.89698536E+01
  0.14433803E+01 -0.89695462E+01
  0.14581087E+01 -0.89696015E+01
  0.14728371E+01 -0.89699602E+01
  0.14875654E+01 -0.89688087E+01
  0.15022938E+01 -0.89680904E+01
  0.15170222E+01 -0.89677977E+01
  0.15317506E+01 -0.89679203E+01
  0.15464789E+01 -0.89684454E+01
  0.15612073E+01 -0.89693572E+01
  0.15759357E+01 -0.89706365E+01
  0.15906640E+01 -0.89722605E+01
  0.16053924E+01 -0.89742024E+01
  0.16201208E+01 -0.89764311E+01
  0.16348492E+01 -0.89789120E+01
  0.16495775E+01 -0.89816073E+01
  0.16643059E+01 -0.89844775E+01
  0.16790343E+01 -0.89874821E+01
  0.16937626E+01 -0.89905819E+01
  0.17084910E+01 -0.89937406E+01
  0.17232194E+01 -0.89969266E+01
  0.17379477E+01 -0.90001142E+01
  0.17526761E+01 -0.90032854E+01
  0.17674045E+01 -0.90064298E+01
  0.17821329E+01 -0.90095446E+01
  0.17968612E+01 -0.90126328E+01
  0.18115896E+01 -0.90156998E+01
  0.18263180E+01 -0.90187483E+01
  0.18410463E+01 -0.90217688E+01
  0.18557747E+01 -0.90247256E+01
  0.18705031E+01 -0.90275327E+01
  0.18852315E+01 -0.90300127E+01
  0.18999598E+01 -0.90318212E+01
  0.19146882E+01 -0.90323045E+01
  0.19294166E+01 -0.90302387E+01
  0.19441449E+01 -0.90234684E+01
  0.19588733E+01 -0.90089854E+01
  0.19736017E+01 -0.89848144E+01
  0.19883300E+01 -0.89525075E+01
  0.20030584E+01 -0.89159531E+01
  0.20177868E+01 -0.88787460E+01
  0.20325152E+01 -0.88435703E+01
  0.20472435E+01 -0.88125523E+01
  0.20619719E+01 -0.87873941E+01
  0.20767003E+01 -0.87690183E+01
  0.20914286E+01 -0.87571283E+01
  0.21061570E+01 -0.87503969E+01
  0.21208854E+01 -0.87471964E+01
  0.21356138E+01 -0.87461486E+01
  0.21503421E+01 -0.87462675E+01
  0.21650705E+01 -0.87468964E+01
  0.21797989E+01 -0.87476123E+01
  0.21945272E+01 -0.87481545E+01
  0.22092556E+01 -0.87483808E+01
  0.22239168E+01 -0.87484475E+01
  0.22385781E+01 -0.87483763E+01
  0.22532393E+01 -0.87481526E+01
  0.22679005E+01 -0.87477541E+01
  0.22825618E+01 -0.87471519E+01
  0.22972230E+01 -0.87463117E+01
  0.23118842E+01 -0.87451950E+01
  0.23265454E+01 -0.87437615E+01
  0.23412067E+01 -0.87419710E+01
  0.23558679E+01 -0.87397857E+01
  0.23705291E+01 -0.87371727E+01
  0.23851904E+01 -0.87341059E+01
  0.23998516E+01 -0.87305677E+01
  0.24145128E+01 -0.87265504E+01
  0.24291741E+01 -0.87220565E+01
  0.24438353E+01 -0.87170982E+01
  0.24584965E+01 -0.87116965E+01
  0.24731577E+01 -0.87058797E+01
  0.24878190E+01 -0.86996811E+01
  0.25024802E+01 -0.86931374E+01
  0.25171414E+01 -0.86863036E+01
  0.25318027E+01 -0.87046744E+01
  0.25464639E+01 -0.87267131E+01
  0.25611251E+01 -0.87494623E+01
  0.25757864E+01 -0.87729011E+01
  0.25904476E+01 -0.87970066E+01
  0.26051088E+01 -0.88217518E+01
  0.26197700E+01 -0.88471047E+01
  0.26344313E+01 -0.88730281E+01
  0.26490925E+01 -0.88994783E+01
  0.26637537E+01 -0.89264052E+01
  0.26784150E+01 -0.89537515E+01
  0.26930762E+01 -0.89814528E+01
  0.27077374E+01 -0.90094370E+01
  0.27223987E+01 -0.90376229E+01
  0.27370599E+01 -0.90659185E+01
  0.27517211E+01 -0.90942162E+01
  0.27663823E+01 -0.91223842E+01
  0.27810436E+01 -0.91502464E+01
  0.27957048E+01 -0.91775388E+01
  0.28103660E+01 -0.92037995E+01
  0.28250273E+01 -0.92280684E+01
  0.28396885E+01 -0.92480211E+01
  0.28543497E+01 -0.92583017E+01
  0.28690110E+01 -0.92533981E+01
  0.28836722E+01 -0.92368371E+01
  0.28983334E+01 -0.92149125E+01
  0.29129946E+01 -0.91906782E+01
  0.29276559E+01 -0.91653408E+01
  0.29423171E+01 -0.91394282E+01
  0.29569783E+01 -0.91132086E+01
  0.29716396E+01 -0.90868403E+01
  0.29863008E+01 -0.90604303E+01
  0.30009620E+01 -0.90340602E+01
  0.30156233E+01 -0.90077987E+01
  0.30302845E+01 -0.89817072E+01
  0.30449457E+01 -0.89558431E+01
  0.30596069E+01 -0.89302611E+01
  0.30742682E+01 -0.89050133E+01
  0.30889294E+01 -0.88801492E+01
  0.31035906E+01 -0.88557155E+01
  0.31182519E+01 -0.88317561E+01
  0.31329131E+01 -0.88083119E+01
  0.31475743E+01 -0.87854212E+01
  0.31622356E+01 -0.87631204E+01
  0.31768968E+01 -0.87414448E+01
  0.31915580E+01 -0.87204289E+01
  0.32062192E+01 -0.87001077E+01
  0.32208805E+01 -0.86805162E+01
  0.32355417E+01 -0.86616901E+01
  0.32502029E+01 -0.86436653E+01
  0.32648642E+01 -0.86264780E+01
  0.32795254E+01 -0.86101646E+01
  0.32941866E+01 -0.85947613E+01
  0.33088479E+01 -0.85803046E+01
  0.33235091E+01 -0.85668306E+01
  0.33381703E+01 -0.85543756E+01
  0.33528315E+01 -0.85429751E+01
  0.33674928E+01 -0.85326642E+01
  0.33821540E+01 -0.85234761E+01
  0.33968152E+01 -0.85154427E+01
  0.34114765E+01 -0.85085929E+01
  0.34261377E+01 -0.85029524E+01
  0.34407989E+01 -0.84985432E+01
  0.34554602E+01 -0.84953830E+01
  0.34701214E+01 -0.84934841E+01
  0.34847826E+01 -0.84926509E+01
  
  0.00000000E+00 -0.84842183E+01
  0.14728371E-01 -0.84708919E+01
  0.29456741E-01 -0.84543115E+01
  0.44185112E-01 -0.84378607E+01
  0.58913483E-01 -0.84217479E+01
  0.73641854E-01 -0.84060815E+01
  0.88370224E-01 -0.83909513E+01
  0.10309860E+00 -0.83764394E+01
  0.11782697E+00 -0.83626212E+01
  0.13255534E+00 -0.83495653E+01
  0.14728371E+00 -0.83373321E+01
  0.16201208E+00 -0.83259719E+01
  0.17674045E+00 -0.83155238E+01
  0.19146882E+00 -0.83060147E+01
  0.20619719E+00 -0.82974590E+01
  0.22092556E+00 -0.82898594E+01
  0.23565393E+00 -0.82832077E+01
  0.25038230E+00 -0.82774879E+01
  0.26511067E+00 -0.82726783E+01
  0.27983904E+00 -0.82687552E+01
  0.29456741E+00 -0.82656957E+01
  0.30929579E+00 -0.82634802E+01
  0.32402416E+00 -0.82620950E+01
  0.33875253E+00 -0.82615325E+01
  0.35348090E+00 -0.82617925E+01
  0.36820927E+00 -0.82628809E+01
  0.38293764E+00 -0.82648087E+01
  0.39766601E+00 -0.82675905E+01
  0.41239438E+00 -0.82712427E+01
  0.42712275E+00 -0.82757814E+01
  0.44185112E+00 -0.82812208E+01
  0.45657949E+00 -0.82875717E+01
  0.47130786E+00 -0.82948403E+01
  0.48603623E+00 -0.83030273E+01
  0.50076460E+00 -0.83121277E+01
  0.51549298E+00 -0.83221301E+01
  0.53022135E+00 -0.83330170E+01
  0.54494972E+00 -0.83447654E+01
  0.55967809E+00 -0.83573464E+01
  0.57440646E+00 -0.83707265E+01
  0.58913483E+00 -0.83848677E+01
  0.60386320E+00 -0.83997283E+01
  0.61859157E+00 -0.84152633E+01
  0.63331994E+00 -0.84314249E+01
  0.64804831E+00 -0.84481627E+01
  0.66277668E+00 -0.84654240E+01
  0.67750505E+00 -0.84831533E+01
  0.69223342E+00 -0.85012919E+01
  0.70696179E+00 -0.85197765E+01
  0.72169017E+00 -0.85385378E+01
  0.73641854E+00 -0.85574971E+01
  0.75114691E+00 -0.85765628E+01
  0.76587528E+00 -0.85956244E+01
  0.78060365E+00 -0.86145434E+01
  0.79533202E+00 -0.86331400E+01
  0.81006039E+00 -0.86511738E+01
  0.82478876E+00 -0.86683135E+01
  0.83951713E+00 -0.86840968E+01
  0.85424550E+00 -0.86978849E+01
  0.86897387E+00 -0.87088464E+01
  0.88370224E+00 -0.87160489E+01
  0.89843061E+00 -0.87187432E+01
  0.91315898E+00 -0.87167330E+01
  0.92788736E+00 -0.87104853E+01
  0.94261573E+00 -0.87008528E+01
  0.95734410E+00 -0.86887112E+01
  0.97207247E+00 -0.86747694E+01
  0.98680084E+00 -0.86595428E+01
  0.10015292E+01 -0.86433913E+01
  0.10162576E+01 -0.86265663E+01
  0.10309860E+01 -0.86092477E+01
  0.10457143E+01 -0.85915699E+01
  0.10604427E+01 -0.85736398E+01
  0.10751711E+01 -0.85555486E+01
  0.10898994E+01 -0.85373792E+01
  0.11046278E+01 -0.85192118E+01
  0.11193562E+01 -0.85011270E+01
  0.11340845E+01 -0.84832071E+01
  0.11488129E+01 -0.84655372E+01
  0.11635413E+01 -0.84482046E+01
  0.11782697E+01 -0.84312979E+01
  0.11929980E+01 -0.84149058E+01
  0.12077264E+01 -0.83991150E+01
  0.12224548E+01 -0.83840086E+01
  0.12371831E+01 -0.83696635E+01
  0.12519115E+01 -0.83561491E+01
  0.12666399E+01 -0.83435248E+01
  0.12813683E+01 -0.83318390E+01
  0.12960966E+01 -0.83211277E+01
  0.13108250E+01 -0.83114141E+01
  0.13255534E+01 -0.83027087E+01
  0.13402817E+01 -0.82950094E+01
  0.13550101E+01 -0.82883027E+01
  0.13697385E+01 -0.82825648E+01
  0.13844668E+01 -0.82777637E+01
  0.13991952E+01 -0.82738606E+01
  0.14139236E+01 -0.82708121E+01
  0.14286520E+01 -0.82685719E+01
  0.14433803E+01 -0.82670932E+01
  0.14581087E+01 -0.82663300E+01
  0.14728371E+01 -0.82662392E+01
  0.14875654E+01 -0.82664572E+01
  0.15022938E+01 -0.82673159E+01
  0.15170222E+01 -0.82687936E+01
  0.15317506E+01 -0.82708755E+01
  0.15464789E+01 -0.82735543E+01
  0.15612073E+01 -0.82768295E+01
  0.15759357E+01 -0.82807069E+01
  0.15906640E+01 -0.82851972E+01
  0.16053924E+01 -0.82903149E+01
  0.16201208E+01 -0.82960765E+01
  0.16348492E+01 -0.83024983E+01
  0.16495775E+01 -0.83095948E+01
  0.16643059E+01 -0.83173770E+01
  0.16790343E+01 -0.83258500E+01
  0.16937626E+01 -0.83350121E+01
  0.17084910E+01 -0.83448530E+01
  0.17232194E+01 -0.83553530E+01
  0.17379477E+01 -0.83664820E+01
  0.17526761E+01 -0.83781994E+01
  0.17674045E+01 -0.83904541E+01
  0.17821329E+01 -0.84031844E+01
  0.17968612E+01 -0.84163191E+01
  0.18115896E+01 -0.84297782E+01
  0.18263180E+01 -0.84434742E+01
  0.18410463E+01 -0.84573129E+01
  0.18557747E+01 -0.84711951E+01
  0.18705031E+01 -0.84850174E+01
  0.18852315E+01 -0.84986729E+01
  0.18999598E+01 -0.85120513E+01
  0.19146882E+01 -0.85250376E+01
  0.19294166E+01 -0.85375087E+01
  0.19441449E+01 -0.85493281E+01
  0.19588733E+01 -0.85603352E+01
  0.19736017E+01 -0.85703288E+01
  0.19883300E+01 -0.85790406E+01
  0.20030584E+01 -0.85860947E+01
  0.20177868E+01 -0.85909518E+01
  0.20325152E+01 -0.85928518E+01
  0.20472435E+01 -0.85908207E+01
  0.20619719E+01 -0.85838955E+01
  0.20767003E+01 -0.85716829E+01
  0.20914286E+01 -0.85549039E+01
  0.21061570E+01 -0.85352582E+01
  0.21208854E+01 -0.85147198E+01
  0.21356138E+01 -0.84949961E+01
  0.21503421E+01 -0.84773854E+01
  0.21650705E+01 -0.84628313E+01
  0.21797989E+01 -0.84520038E+01
  0.21945272E+01 -0.84453554E+01
  0.22092556E+01 -0.84431495E+01
  0.22239168E+01 -0.84438268E+01
  0.22385781E+01 -0.84457103E+01
  0.22532393E+01 -0.84487917E+01
  0.22679005E+01 -0.84530590E+01
  0.22825618E+01 -0.84584963E+01
  0.22972230E+01 -0.84650839E+01
  0.23118842E+01 -0.84727993E+01
  0.23265454E+01 -0.84816170E+01
  0.23412067E+01 -0.84915092E+01
  0.23558679E+01 -0.85024466E+01
  0.23705291E+01 -0.85143986E+01
  0.23851904E+01 -0.85273343E+01
  0.23998516E+01 -0.85412226E+01
  0.24145128E+01 -0.85560335E+01
  0.24291741E+01 -0.85717382E+01
  0.24438353E+01 -0.85883094E+01
  0.24584965E+01 -0.86057221E+01
  0.24731577E+01 -0.86239531E+01
  0.24878190E+01 -0.86429817E+01
  0.25024802E+01 -0.86627882E+01
  0.25171414E+01 -0.86833366E+01
  0.25318027E+01 -0.86791509E+01
  0.25464639E+01 -0.86717829E+01
  0.25611251E+01 -0.86642004E+01
  0.25757864E+01 -0.86564267E+01
  0.25904476E+01 -0.86484794E+01
  0.26051088E+01 -0.86403697E+01
  0.26197700E+01 -0.86321036E+01
  0.26344313E+01 -0.86236821E+01
  0.26490925E+01 -0.86151015E+01
  0.26637537E+01 -0.86063548E+01
  0.26784150E+01 -0.85974320E+01
  0.26930762E+01 -0.85883216E+01
  0.27077374E+01 -0.85790114E+01
  0.27223987E+01 -0.85694900E+01
  0.27370599E+01 -0.85597477E+01
  0.27517211E+01 -0.85497784E+01
  0.27663823E+01 -0.85395801E+01
  0.27810436E+01 -0.85291569E+01
  0.27957048E+01 -0.85185196E+01
  0.28103660E+01 -0.85076865E+01
  0.28250273E+01 -0.84966839E+01
  0.28396885E+01 -0.84855457E+01
  0.28543497E+01 -0.84743131E+01
  0.28690110E+01 -0.84630335E+01
  0.28836722E+01 -0.84517589E+01
  0.28983334E+01 -0.84405441E+01
  0.29129946E+01 -0.84294451E+01
  0.29276559E+01 -0.84185166E+01
  0.29423171E+01 -0.84078113E+01
  0.29569783E+01 -0.83973777E+01
  0.29716396E+01 -0.83872595E+01
  0.29863008E+01 -0.83774955E+01
  0.30009620E+01 -0.83681192E+01
  0.30156233E+01 -0.83591598E+01
  0.30302845E+01 -0.83506425E+01
  0.30449457E+01 -0.83425905E+01
  0.30596069E+01 -0.83350260E+01
  0.30742682E+01 -0.83279724E+01
  0.30889294E+01 -0.83214553E+01
  0.31035906E+01 -0.83155050E+01
  0.31182519E+01 -0.83101575E+01
  0.31329131E+01 -0.83054559E+01
  0.31475743E+01 -0.83014510E+01
  0.31622356E+01 -0.82982015E+01
  0.31768968E+01 -0.82957730E+01
  0.31915580E+01 -0.82942364E+01
  0.32062192E+01 -0.82936654E+01
  0.32208805E+01 -0.82941333E+01
  0.32355417E+01 -0.82957092E+01
  0.32502029E+01 -0.82984543E+01
  0.32648642E+01 -0.83024175E+01
  0.32795254E+01 -0.83076327E+01
  0.32941866E+01 -0.83141157E+01
  0.33088479E+01 -0.83218625E+01
  0.33235091E+01 -0.83308488E+01
  0.33381703E+01 -0.83410295E+01
  0.33528315E+01 -0.83523407E+01
  0.33674928E+01 -0.83647005E+01
  0.33821540E+01 -0.83780124E+01
  0.33968152E+01 -0.83921680E+01
  0.34114765E+01 -0.84070497E+01
  0.34261377E+01 -0.84225340E+01
  0.34407989E+01 -0.84384919E+01
  0.34554602E+01 -0.84547803E+01
  0.34701214E+01 -0.84711604E+01
  0.34847826E+01 -0.84842183E+01
  
  0.00000000E+00 -0.65710519E+01
  0.14728371E-01 -0.65706869E+01
  0.29456741E-01 -0.65697993E+01
  0.44185112E-01 -0.65684210E+01
  0.58913483E-01 -0.65666019E+01
  0.73641854E-01 -0.65644083E+01
  0.88370224E-01 -0.65619216E+01
  0.10309860E+00 -0.65592360E+01
  0.11782697E+00 -0.65564564E+01
  0.13255534E+00 -0.65536959E+01
  0.14728371E+00 -0.65510734E+01
  0.16201208E+00 -0.65487111E+01
  0.17674045E+00 -0.65467322E+01
  0.19146882E+00 -0.65452580E+01
  0.20619719E+00 -0.65444050E+01
  0.22092556E+00 -0.65442828E+01
  0.23565393E+00 -0.65449913E+01
  0.25038230E+00 -0.65466178E+01
  0.26511067E+00 -0.65492355E+01
  0.27983904E+00 -0.65529010E+01
  0.29456741E+00 -0.65576536E+01
  0.30929579E+00 -0.65635142E+01
  0.32402416E+00 -0.65704853E+01
  0.33875253E+00 -0.65785515E+01
  0.35348090E+00 -0.65876807E+01
  0.36820927E+00 -0.65978255E+01
  0.38293764E+00 -0.66089255E+01
  0.39766601E+00 -0.66209098E+01
  0.41239438E+00 -0.66336993E+01
  0.42712275E+00 -0.66472102E+01
  0.44185112E+00 -0.66613563E+01
  0.45657949E+00 -0.66760530E+01
  0.47130786E+00 -0.66912195E+01
  0.48603623E+00 -0.67067825E+01
  0.50076460E+00 -0.67226790E+01
  0.51549298E+00 -0.67388584E+01
  0.53022135E+00 -0.67552852E+01
  0.54494972E+00 -0.67719403E+01
  0.55967809E+00 -0.67888214E+01
  0.57440646E+00 -0.68059434E+01
  0.58913483E+00 -0.68233365E+01
  0.60386320E+00 -0.68410444E+01
  0.61859157E+00 -0.68591208E+01
  0.63331994E+00 -0.68776249E+01
  0.64804831E+00 -0.68966169E+01
  0.66277668E+00 -0.69161523E+01
  0.67750505E+00 -0.69362768E+01
  0.69223342E+00 -0.69570212E+01
  0.70696179E+00 -0.69783965E+01
  0.72169017E+00 -0.70003906E+01
  0.73641854E+00 -0.70229654E+01
  0.75114691E+00 -0.70460551E+01
  0.76587528E+00 -0.70695663E+01
  0.78060365E+00 -0.70933781E+01
  0.79533202E+00 -0.71173447E+01
  0.81006039E+00 -0.71412975E+01
  0.82478876E+00 -0.71650497E+01
  0.83951713E+00 -0.71883996E+01
  0.85424550E+00 -0.72111362E+01
  0.86897387E+00 -0.72330436E+01
  0.88370224E+00 -0.72539063E+01
  0.89843061E+00 -0.72735134E+01
  0.91315898E+00 -0.72916634E+01
  0.92788736E+00 -0.73081674E+01
  0.94261573E+00 -0.73228520E+01
  0.95734410E+00 -0.73355616E+01
  0.97207247E+00 -0.73461593E+01
  0.98680084E+00 -0.73545273E+01
  0.10015292E+01 -0.73605662E+01
  0.10162576E+01 -0.73641942E+01
  0.10309860E+01 -0.73653453E+01
  0.10457143E+01 -0.73639674E+01
  0.10604427E+01 -0.73600209E+01
  0.10751711E+01 -0.73534767E+01
  0.10898994E+01 -0.73443150E+01
  0.11046278E+01 -0.73325247E+01
  0.11193562E+01 -0.73181034E+01
  0.11340845E+01 -0.73010578E+01
  0.11488129E+01 -0.72814053E+01
  0.11635413E+01 -0.72591762E+01
  0.11782697E+01 -0.72344163E+01
  0.11929980E+01 -0.72071911E+01
  0.12077264E+01 -0.71775905E+01
  0.12224548E+01 -0.71457338E+01
  0.12371831E+01 -0.71117764E+01
  0.12519115E+01 -0.70759163E+01
  0.12666399E+01 -0.70384019E+01
  0.12813683E+01 -0.69995394E+01
  0.12960966E+01 -0.69597007E+01
  0.13108250E+01 -0.69193298E+01
  0.13255534E+01 -0.68789489E+01
  0.13402817E+01 -0.68391606E+01
  0.13550101E+01 -0.68006470E+01
  0.13697385E+01 -0.67641618E+01
  0.13844668E+01 -0.67305145E+01
  0.13991952E+01 -0.67005428E+01
  0.14139236E+01 -0.66750738E+01
  0.14286520E+01 -0.66548719E+01
  0.14433803E+01 -0.66405794E+01
  0.14581087E+01 -0.66326567E+01
  0.14728371E+01 -0.66313329E+01
  0.14875654E+01 -0.66349398E+01
  0.15022938E+01 -0.66450538E+01
  0.15170222E+01 -0.66612209E+01
  0.15317506E+01 -0.66827788E+01
  0.15464789E+01 -0.67089169E+01
  0.15612073E+01 -0.67387394E+01
  0.15759357E+01 -0.67713243E+01
  0.15906640E+01 -0.68057695E+01
  0.16053924E+01 -0.68412278E+01
  0.16201208E+01 -0.68769287E+01
  0.16348492E+01 -0.69121915E+01
  0.16495775E+01 -0.69464312E+01
  0.16643059E+01 -0.69791594E+01
  0.16790343E+01 -0.70099824E+01
  0.16937626E+01 -0.70385969E+01
  0.17084910E+01 -0.70647851E+01
  0.17232194E+01 -0.70884087E+01
  0.17379477E+01 -0.71094025E+01
  0.17526761E+01 -0.71277680E+01
  0.17674045E+01 -0.71435666E+01
  0.17821329E+01 -0.71569126E+01
  0.17968612E+01 -0.71679663E+01
  0.18115896E+01 -0.71769269E+01
  0.18263180E+01 -0.71840251E+01
  0.18410463E+01 -0.71895160E+01
  0.18557747E+01 -0.71936720E+01
  0.18705031E+01 -0.71967755E+01
  0.18852315E+01 -0.71991116E+01
  0.18999598E+01 -0.72009615E+01
  0.19146882E+01 -0.72025958E+01
  0.19294166E+01 -0.72042675E+01
  0.19441449E+01 -0.72062064E+01
  0.19588733E+01 -0.72086132E+01
  0.19736017E+01 -0.72116540E+01
  0.19883300E+01 -0.72154561E+01
  0.20030584E+01 -0.72201033E+01
  0.20177868E+01 -0.72256331E+01
  0.20325152E+01 -0.72320335E+01
  0.20472435E+01 -0.72392419E+01
  0.20619719E+01 -0.72471437E+01
  0.20767003E+01 -0.72555737E+01
  0.20914286E+01 -0.72643185E+01
  0.21061570E+01 -0.72731212E+01
  0.21208854E+01 -0.72816895E+01
  0.21356138E+01 -0.72897077E+01
  0.21503421E+01 -0.72968519E+01
  0.21650705E+01 -0.73028106E+01
  0.21797989E+01 -0.73073062E+01
  0.21945272E+01 -0.73101192E+01
  0.22092556E+01 -0.73111077E+01
  0.22239168E+01 -0.73104719E+01
  0.22385781E+01 -0.73088304E+01
  0.22532393E+01 -0.73062009E+01
  0.22679005E+01 -0.73026093E+01
  0.22825618E+01 -0.72980895E+01
  0.22972230E+01 -0.72926818E+01
  0.23118842E+01 -0.72864327E+01
  0.23265454E+01 -0.72793929E+01
  0.23412067E+01 -0.72716167E+01
  0.23558679E+01 -0.72631603E+01
  0.23705291E+01 -0.72540810E+01
  0.23851904E+01 -0.72444364E+01
  0.23998516E+01 -0.72342831E+01
  0.24145128E+01 -0.72236766E+01
  0.24291741E+01 -0.72126708E+01
  0.24438353E+01 -0.72013181E+01
  0.24584965E+01 -0.71896692E+01
  0.24731577E+01 -0.71777740E+01
  0.24878190E+01 -0.71656815E+01
  0.25024802E+01 -0.71534408E+01
  0.25171414E+01 -0.71411011E+01
  0.25318027E+01 -0.71287122E+01
  0.25464639E+01 -0.71163244E+01
  0.25611251E+01 -0.71039882E+01
  0.25757864E+01 -0.70917536E+01
  0.25904476E+01 -0.70796691E+01
  0.26051088E+01 -0.70677803E+01
  0.26197700E+01 -0.70561284E+01
  0.26344313E+01 -0.70447481E+01
  0.26490925E+01 -0.70336665E+01
  0.26637537E+01 -0.70229005E+01
  0.26784150E+01 -0.70124561E+01
  0.26930762E+01 -0.70023265E+01
  0.27077374E+01 -0.69924918E+01
  0.27223987E+01 -0.69829179E+01
  0.27370599E+01 -0.69735574E+01
  0.27517211E+01 -0.69643494E+01
  0.27663823E+01 -0.69552212E+01
  0.27810436E+01 -0.69460898E+01
  0.27957048E+01 -0.69368643E+01
  0.28103660E+01 -0.69274483E+01
  0.28250273E+01 -0.69177436E+01
  0.28396885E+01 -0.69076535E+01
  0.28543497E+01 -0.68970866E+01
  0.28690110E+01 -0.68859608E+01
  0.28836722E+01 -0.68742074E+01
  0.28983334E+01 -0.68617744E+01
  0.29129946E+01 -0.68486301E+01
  0.29276559E+01 -0.68347653E+01
  0.29423171E+01 -0.68201955E+01
  0.29569783E+01 -0.68049614E+01
  0.29716396E+01 -0.67891293E+01
  0.29863008E+01 -0.67727896E+01
  0.30009620E+01 -0.67560551E+01
  0.30156233E+01 -0.67390581E+01
  0.30302845E+01 -0.67219470E+01
  0.30449457E+01 -0.67048820E+01
  0.30596069E+01 -0.66880306E+01
  0.30742682E+01 -0.66715630E+01
  0.30889294E+01 -0.66556471E+01
  0.31035906E+01 -0.66404439E+01
  0.31182519E+01 -0.66261029E+01
  0.31329131E+01 -0.66127582E+01
  0.31475743E+01 -0.66005246E+01
  0.31622356E+01 -0.65894954E+01
  0.31768968E+01 -0.65797396E+01
  0.31915580E+01 -0.65713008E+01
  0.32062192E+01 -0.65641966E+01
  0.32208805E+01 -0.65584187E+01
  0.32355417E+01 -0.65539337E+01
  0.32502029E+01 -0.65506850E+01
  0.32648642E+01 -0.65485941E+01
  0.32795254E+01 -0.65475637E+01
  0.32941866E+01 -0.65474800E+01
  0.33088479E+01 -0.65482161E+01
  0.33235091E+01 -0.65496348E+01
  0.33381703E+01 -0.65515924E+01
  0.33528315E+01 -0.65539414E+01
  0.33674928E+01 -0.65565348E+01
  0.33821540E+01 -0.65592288E+01
  0.33968152E+01 -0.65618865E+01
  0.34114765E+01 -0.65643814E+01
  0.34261377E+01 -0.65666000E+01
  0.34407989E+01 -0.65684448E+01
  0.34554602E+01 -0.65698369E+01
  0.34701214E+01 -0.65707180E+01
  0.34847826E+01 -0.65710519E+01
  
  0.00000000E+00 -0.26777889E+01
  0.14728371E-01 -0.26785719E+01
  0.29456741E-01 -0.26807739E+01
  0.44185112E-01 -0.26843540E+01
  0.58913483E-01 -0.26892052E+01
  0.73641854E-01 -0.26951828E+01
  0.88370224E-01 -0.27021167E+01
  0.10309860E+00 -0.27098234E+01
  0.11782697E+00 -0.27181189E+01
  0.13255534E+00 -0.27268339E+01
  0.14728371E+00 -0.27358307E+01
  0.16201208E+00 -0.27450255E+01
  0.17674045E+00 -0.27544194E+01
  0.19146882E+00 -0.27641469E+01
  0.20619719E+00 -0.27745517E+01
  0.22092556E+00 -0.27862728E+01
  0.23565393E+00 -0.28002203E+01
  0.25038230E+00 -0.28171792E+01
  0.26511067E+00 -0.28371829E+01
  0.27983904E+00 -0.28595099E+01
  0.29456741E+00 -0.28832957E+01
  0.30929579E+00 -0.29079224E+01
  0.32402416E+00 -0.29330544E+01
  0.33875253E+00 -0.29585660E+01
  0.35348090E+00 -0.29844718E+01
  0.36820927E+00 -0.30108758E+01
  0.38293764E+00 -0.30379272E+01
  0.39766601E+00 -0.30657787E+01
  0.41239438E+00 -0.30945469E+01
  0.42712275E+00 -0.31242822E+01
  0.44185112E+00 -0.31549545E+01
  0.45657949E+00 -0.31864556E+01
  0.47130786E+00 -0.32186138E+01
  0.48603623E+00 -0.32512137E+01
  0.50076460E+00 -0.32840142E+01
  0.51549298E+00 -0.33167619E+01
  0.53022135E+00 -0.33492012E+01
  0.54494972E+00 -0.33810796E+01
  0.55967809E+00 -0.34121515E+01
  0.57440646E+00 -0.34421812E+01
  0.58913483E+00 -0.34709444E+01
  0.60386320E+00 -0.34982311E+01
  0.61859157E+00 -0.35238469E+01
  0.63331994E+00 -0.35476159E+01
  0.64804831E+00 -0.35693827E+01
  0.66277668E+00 -0.35890150E+01
  0.67750505E+00 -0.36064056E+01
  0.69223342E+00 -0.36214747E+01
  0.70696179E+00 -0.36341718E+01
  0.72169017E+00 -0.36444774E+01
  0.73641854E+00 -0.36524040E+01
  0.75114691E+00 -0.36579973E+01
  0.76587528E+00 -0.36613376E+01
  0.78060365E+00 -0.36625412E+01
  0.79533202E+00 -0.36617650E+01
  0.81006039E+00 -0.36592157E+01
  0.82478876E+00 -0.36551745E+01
  0.83951713E+00 -0.36500595E+01
  0.85424550E+00 -0.36445986E+01
  0.86897387E+00 -0.36403294E+01
  0.88370224E+00 -0.36407352E+01
  0.89843061E+00 -0.36505689E+01
  0.91315898E+00 -0.36692385E+01
  0.92788736E+00 -0.36923220E+01
  0.94261573E+00 -0.37172193E+01
  0.95734410E+00 -0.37428736E+01
  0.97207247E+00 -0.37688380E+01
  0.98680084E+00 -0.37949060E+01
  0.10015292E+01 -0.38209793E+01
  0.10162576E+01 -0.38470178E+01
  0.10309860E+01 -0.38730172E+01
  0.10457143E+01 -0.38989994E+01
  0.10604427E+01 -0.39250075E+01
  0.10751711E+01 -0.39511026E+01
  0.10898994E+01 -0.39773614E+01
  0.11046278E+01 -0.40038742E+01
  0.11193562E+01 -0.40307421E+01
  0.11340845E+01 -0.40580736E+01
  0.11488129E+01 -0.40859811E+01
  0.11635413E+01 -0.41145760E+01
  0.11782697E+01 -0.41439627E+01
  0.11929980E+01 -0.41742333E+01
  0.12077264E+01 -0.42054599E+01
  0.12224548E+01 -0.42376870E+01
  0.12371831E+01 -0.42709235E+01
  0.12519115E+01 -0.43051341E+01
  0.12666399E+01 -0.43402298E+01
  0.12813683E+01 -0.43760592E+01
  0.12960966E+01 -0.44123996E+01
  0.13108250E+01 -0.44489491E+01
  0.13255534E+01 -0.44853198E+01
  0.13402817E+01 -0.45210344E+01
  0.13550101E+01 -0.45555264E+01
  0.13697385E+01 -0.45881471E+01
  0.13844668E+01 -0.46181808E+01
  0.13991952E+01 -0.46448713E+01
  0.14139236E+01 -0.46674616E+01
  0.14286520E+01 -0.46852446E+01
  0.14433803E+01 -0.46976231E+01
  0.14581087E+01 -0.47041701E+01
  0.14728371E+01 -0.47046787E+01
  0.14875654E+01 -0.47017558E+01
  0.15022938E+01 -0.46927792E+01
  0.15170222E+01 -0.46781765E+01
  0.15317506E+01 -0.46585788E+01
  0.15464789E+01 -0.46347616E+01
  0.15612073E+01 -0.46075826E+01
  0.15759357E+01 -0.45779237E+01
  0.15906640E+01 -0.45466450E+01
  0.16053924E+01 -0.45145505E+01
  0.16201208E+01 -0.44823663E+01
  0.16348492E+01 -0.44507271E+01
  0.16495775E+01 -0.44201703E+01
  0.16643059E+01 -0.43911353E+01
  0.16790343E+01 -0.43639649E+01
  0.16937626E+01 -0.43389106E+01
  0.17084910E+01 -0.43161379E+01
  0.17232194E+01 -0.42957340E+01
  0.17379477E+01 -0.42777160E+01
  0.17526761E+01 -0.42620391E+01
  0.17674045E+01 -0.42486058E+01
  0.17821329E+01 -0.42372745E+01
  0.17968612E+01 -0.42278681E+01
  0.18115896E+01 -0.42201819E+01
  0.18263180E+01 -0.42139909E+01
  0.18410463E+01 -0.42090555E+01
  0.18557747E+01 -0.42051270E+01
  0.18705031E+01 -0.42019524E+01
  0.18852315E+01 -0.41992777E+01
  0.18999598E+01 -0.41968514E+01
  0.19146882E+01 -0.41944277E+01
  0.19294166E+01 -0.41917695E+01
  0.19441449E+01 -0.41886519E+01
  0.19588733E+01 -0.41848658E+01
  0.19736017E+01 -0.41802218E+01
  0.19883300E+01 -0.41745551E+01
  0.20030584E+01 -0.41677306E+01
  0.20177868E+01 -0.41596483E+01
  0.20325152E+01 -0.41502500E+01
  0.20472435E+01 -0.41395262E+01
  0.20619719E+01 -0.41275238E+01
  0.20767003E+01 -0.41143557E+01
  0.20914286E+01 -0.41002123E+01
  0.21061570E+01 -0.40853748E+01
  0.21208854E+01 -0.40702327E+01
  0.21356138E+01 -0.40553024E+01
  0.21503421E+01 -0.40412433E+01
  0.21650705E+01 -0.40288585E+01
  0.21797989E+01 -0.40190540E+01
  0.21945272E+01 -0.40127228E+01
  0.22092556E+01 -0.40105467E+01
  0.22239168E+01 -0.40105539E+01
  0.22385781E+01 -0.40109122E+01
  0.22532393E+01 -0.40116119E+01
  0.22679005E+01 -0.40126346E+01
  0.22825618E+01 -0.40139529E+01
  0.22972230E+01 -0.40155299E+01
  0.23118842E+01 -0.40173194E+01
  0.23265454E+01 -0.40192656E+01
  0.23412067E+01 -0.40213030E+01
  0.23558679E+01 -0.40233565E+01
  0.23705291E+01 -0.40253415E+01
  0.23851904E+01 -0.40271644E+01
  0.23998516E+01 -0.40287234E+01
  0.24145128E+01 -0.40299087E+01
  0.24291741E+01 -0.40306048E+01
  0.24438353E+01 -0.40306910E+01
  0.24584965E+01 -0.40300442E+01
  0.24731577E+01 -0.40285405E+01
  0.24878190E+01 -0.40260579E+01
  0.25024802E+01 -0.40224791E+01
  0.25171414E+01 -0.40176941E+01
  0.25318027E+01 -0.40116031E+01
  0.25464639E+01 -0.40041188E+01
  0.25611251E+01 -0.39951692E+01
  0.25757864E+01 -0.39846989E+01
  0.25904476E+01 -0.39726708E+01
  0.26051088E+01 -0.39590673E+01
  0.26197700E+01 -0.39438900E+01
  0.26344313E+01 -0.39271597E+01
  0.26490925E+01 -0.39089159E+01
  0.26637537E+01 -0.38892151E+01
  0.26784150E+01 -0.38681294E+01
  0.26930762E+01 -0.38457442E+01
  0.27077374E+01 -0.38221562E+01
  0.27223987E+01 -0.37974709E+01
  0.27370599E+01 -0.37717998E+01
  0.27517211E+01 -0.37452586E+01
  0.27663823E+01 -0.37179642E+01
  0.27810436E+01 -0.36900330E+01
  0.27957048E+01 -0.36615786E+01
  0.28103660E+01 -0.36327106E+01
  0.28250273E+01 -0.36035325E+01
  0.28396885E+01 -0.35741412E+01
  0.28543497E+01 -0.35446254E+01
  0.28690110E+01 -0.35150650E+01
  0.28836722E+01 -0.34855307E+01
  0.28983334E+01 -0.34560829E+01
  0.29129946E+01 -0.34267714E+01
  0.29276559E+01 -0.33976351E+01
  0.29423171E+01 -0.33687014E+01
  0.29569783E+01 -0.33399863E+01
  0.29716396E+01 -0.33114940E+01
  0.29863008E+01 -0.32832174E+01
  0.30009620E+01 -0.32551388E+01
  0.30156233E+01 -0.32272302E+01
  0.30302845E+01 -0.31994557E+01
  0.30449457E+01 -0.31717722E+01
  0.30596069E+01 -0.31441325E+01
  0.30742682E+01 -0.31164881E+01
  0.30889294E+01 -0.30887921E+01
  0.31035906E+01 -0.30610034E+01
  0.31182519E+01 -0.30330913E+01
  0.31329131E+01 -0.30050409E+01
  0.31475743E+01 -0.29768598E+01
  0.31622356E+01 -0.29485882E+01
  0.31768968E+01 -0.29203138E+01
  0.31915580E+01 -0.28921987E+01
  0.32062192E+01 -0.28645289E+01
  0.32208805E+01 -0.28378120E+01
  0.32355417E+01 -0.28129401E+01
  0.32502029E+01 -0.27912970E+01
  0.32648642E+01 -0.27742020E+01
  0.32795254E+01 -0.27615375E+01
  0.32941866E+01 -0.27517680E+01
  0.33088479E+01 -0.27434101E+01
  0.33235091E+01 -0.27356193E+01
  0.33381703E+01 -0.27280279E+01
  0.33528315E+01 -0.27205342E+01
  0.33674928E+01 -0.27131798E+01
  0.33821540E+01 -0.27060858E+01
  0.33968152E+01 -0.26994164E+01
  0.34114765E+01 -0.26933549E+01
  0.34261377E+01 -0.26880865E+01
  0.34407989E+01 -0.26837829E+01
  0.34554602E+01 -0.26805890E+01
  0.34701214E+01 -0.26786009E+01
  0.34847826E+01 -0.26777889E+01
  
  0.00000000E+00 -0.26775640E+01
  0.14728371E-01 -0.26768315E+01
  0.29456741E-01 -0.26747998E+01
  0.44185112E-01 -0.26714454E+01
  0.58913483E-01 -0.26667728E+01
  0.73641854E-01 -0.26607943E+01
  0.88370224E-01 -0.26535318E+01
  0.10309860E+00 -0.26450229E+01
  0.11782697E+00 -0.26353357E+01
  0.13255534E+00 -0.26246032E+01
  0.14728371E+00 -0.26131475E+01
  0.16201208E+00 -0.26089435E+01
  0.17674045E+00 -0.26331533E+01
  0.19146882E+00 -0.26579967E+01
  0.20619719E+00 -0.26821559E+01
  0.22092556E+00 -0.27047026E+01
  0.23565393E+00 -0.27245451E+01
  0.25038230E+00 -0.27408229E+01
  0.26511067E+00 -0.27535672E+01
  0.27983904E+00 -0.27637766E+01
  0.29456741E+00 -0.27729428E+01
  0.30929579E+00 -0.27828398E+01
  0.32402416E+00 -0.27953741E+01
  0.33875253E+00 -0.28116557E+01
  0.35348090E+00 -0.28311626E+01
  0.36820927E+00 -0.28525480E+01
  0.38293764E+00 -0.28746394E+01
  0.39766601E+00 -0.28966458E+01
  0.41239438E+00 -0.29180708E+01
  0.42712275E+00 -0.29386310E+01
  0.44185112E+00 -0.29582058E+01
  0.45657949E+00 -0.29767997E+01
  0.47130786E+00 -0.29945068E+01
  0.48603623E+00 -0.30114785E+01
  0.50076460E+00 -0.30278972E+01
  0.51549298E+00 -0.30439559E+01
  0.53022135E+00 -0.30598450E+01
  0.54494972E+00 -0.30757435E+01
  0.55967809E+00 -0.30918137E+01
  0.57440646E+00 -0.31081983E+01
  0.58913483E+00 -0.31250194E+01
  0.60386320E+00 -0.31423788E+01
  0.61859157E+00 -0.31603580E+01
  0.63331994E+00 -0.31790197E+01
  0.64804831E+00 -0.31984089E+01
  0.66277668E+00 -0.32185543E+01
  0.67750505E+00 -0.32394689E+01
  0.69223342E+00 -0.32611509E+01
  0.70696179E+00 -0.32835841E+01
  0.72169017E+00 -0.33067384E+01
  0.73641854E+00 -0.33305694E+01
  0.75114691E+00 -0.33550185E+01
  0.76587528E+00 -0.33800120E+01
  0.78060365E+00 -0.34054592E+01
  0.79533202E+00 -0.34312478E+01
  0.81006039E+00 -0.34572328E+01
  0.82478876E+00 -0.34832112E+01
  0.83951713E+00 -0.35088568E+01
  0.85424550E+00 -0.35335457E+01
  0.86897387E+00 -0.35558533E+01
  0.88370224E+00 -0.35724158E+01
  0.89843061E+00 -0.35786034E+01
  0.91315898E+00 -0.35751328E+01
  0.92788736E+00 -0.35665493E+01
  0.94261573E+00 -0.35555732E+01
  0.95734410E+00 -0.35433776E+01
  0.97207247E+00 -0.35305203E+01
  0.98680084E+00 -0.35173133E+01
  0.10015292E+01 -0.35039549E+01
  0.10162576E+01 -0.34905812E+01
  0.10309860E+01 -0.34772886E+01
  0.10457143E+01 -0.34641448E+01
  0.10604427E+01 -0.34511955E+01
  0.10751711E+01 -0.34384687E+01
  0.10898994E+01 -0.34259774E+01
  0.11046278E+01 -0.34137229E+01
  0.11193562E+01 -0.34016975E+01
  0.11340845E+01 -0.33898866E+01
  0.11488129E+01 -0.33782719E+01
  0.11635413E+01 -0.33668336E+01
  0.11782697E+01 -0.33555527E+01
  0.11929980E+01 -0.33444137E+01
  0.12077264E+01 -0.33334063E+01
  0.12224548E+01 -0.33225272E+01
  0.12371831E+01 -0.33117819E+01
  0.12519115E+01 -0.33011858E+01
  0.12666399E+01 -0.32907647E+01
  0.12813683E+01 -0.32805554E+01
  0.12960966E+01 -0.32706058E+01
  0.13108250E+01 -0.32609740E+01
  0.13255534E+01 -0.32517273E+01
  0.13402817E+01 -0.32429407E+01
  0.13550101E+01 -0.32346949E+01
  0.13697385E+01 -0.32270732E+01
  0.13844668E+01 -0.32201587E+01
  0.13991952E+01 -0.32140311E+01
  0.14139236E+01 -0.32087633E+01
  0.14286520E+01 -0.32044175E+01
  0.14433803E+01 -0.32010429E+01
  0.14581087E+01 -0.31986731E+01
  0.14728371E+01 -0.31973241E+01
  0.14875654E+01 -0.31979601E+01
  0.15022938E+01 -0.31994573E+01
  0.15170222E+01 -0.32017515E+01
  0.15317506E+01 -0.32047700E+01
  0.15464789E+01 -0.32084345E+01
  0.15612073E+01 -0.32126659E+01
  0.15759357E+01 -0.32173873E+01
  0.15906640E+01 -0.32225273E+01
  0.16053924E+01 -0.32280221E+01
  0.16201208E+01 -0.32338175E+01
  0.16348492E+01 -0.32398693E+01
  0.16495775E+01 -0.32461441E+01
  0.16643059E+01 -0.32526185E+01
  0.16790343E+01 -0.32592785E+01
  0.16937626E+01 -0.32661183E+01
  0.17084910E+01 -0.32731392E+01
  0.17232194E+01 -0.32803475E+01
  0.17379477E+01 -0.32877535E+01
  0.17526761E+01 -0.32953693E+01
  0.17674045E+01 -0.33032081E+01
  0.17821329E+01 -0.33112831E+01
  0.17968612E+01 -0.33196070E+01
  0.18115896E+01 -0.33281921E+01
  0.18263180E+01 -0.33370510E+01
  0.18410463E+01 -0.33461978E+01
  0.18557747E+01 -0.33556496E+01
  0.18705031E+01 -0.33654278E+01
  0.18852315E+01 -0.33755599E+01
  0.18999598E+01 -0.33860801E+01
  0.19146882E+01 -0.33970298E+01
  0.19294166E+01 -0.34084568E+01
  0.19441449E+01 -0.34204140E+01
  0.19588733E+01 -0.34329569E+01
  0.19736017E+01 -0.34461398E+01
  0.19883300E+01 -0.34600118E+01
  0.20030584E+01 -0.34746113E+01
  0.20177868E+01 -0.34899604E+01
  0.20325152E+01 -0.35060582E+01
  0.20472435E+01 -0.35228734E+01
  0.20619719E+01 -0.35403355E+01
  0.20767003E+01 -0.35583244E+01
  0.20914286E+01 -0.35766579E+01
  0.21061570E+01 -0.35950750E+01
  0.21208854E+01 -0.36132171E+01
  0.21356138E+01 -0.36306048E+01
  0.21503421E+01 -0.36466187E+01
  0.21650705E+01 -0.36604945E+01
  0.21797989E+01 -0.36713605E+01
  0.21945272E+01 -0.36783497E+01
  0.22092556E+01 -0.36807953E+01
  0.22239168E+01 -0.36807528E+01
  0.22385781E+01 -0.36806840E+01
  0.22532393E+01 -0.36805792E+01
  0.22679005E+01 -0.36804221E+01
  0.22825618E+01 -0.36801895E+01
  0.22972230E+01 -0.36798523E+01
  0.23118842E+01 -0.36793756E+01
  0.23265454E+01 -0.36787196E+01
  0.23412067E+01 -0.36778399E+01
  0.23558679E+01 -0.36766887E+01
  0.23705291E+01 -0.36752151E+01
  0.23851904E+01 -0.36733663E+01
  0.23998516E+01 -0.36710881E+01
  0.24145128E+01 -0.36683260E+01
  0.24291741E+01 -0.36650261E+01
  0.24438353E+01 -0.36611355E+01
  0.24584965E+01 -0.36566038E+01
  0.24731577E+01 -0.36513832E+01
  0.24878190E+01 -0.36454295E+01
  0.25024802E+01 -0.36387029E+01
  0.25171414E+01 -0.36311680E+01
  0.25318027E+01 -0.36227949E+01
  0.25464639E+01 -0.36135590E+01
  0.25611251E+01 -0.36034419E+01
  0.25757864E+01 -0.35924308E+01
  0.25904476E+01 -0.35805192E+01
  0.26051088E+01 -0.35677067E+01
  0.26197700E+01 -0.35539985E+01
  0.26344313E+01 -0.35394058E+01
  0.26490925E+01 -0.35239451E+01
  0.26637537E+01 -0.35076375E+01
  0.26784150E+01 -0.34905090E+01
  0.26930762E+01 -0.34725890E+01
  0.27077374E+01 -0.34539106E+01
  0.27223987E+01 -0.34345094E+01
  0.27370599E+01 -0.34144232E+01
  0.27517211E+01 -0.33936916E+01
  0.27663823E+01 -0.33723551E+01
  0.27810436E+01 -0.33504551E+01
  0.27957048E+01 -0.33280335E+01
  0.28103660E+01 -0.33051324E+01
  0.28250273E+01 -0.32817939E+01
  0.28396885E+01 -0.32580599E+01
  0.28543497E+01 -0.32339724E+01
  0.28690110E+01 -0.32095730E+01
  0.28836722E+01 -0.31849032E+01
  0.28983334E+01 -0.31600043E+01
  0.29129946E+01 -0.31349172E+01
  0.29276559E+01 -0.31096828E+01
  0.29423171E+01 -0.30843415E+01
  0.29569783E+01 -0.30589337E+01
  0.29716396E+01 -0.30334995E+01
  0.29863008E+01 -0.30080787E+01
  0.30009620E+01 -0.29827116E+01
  0.30156233E+01 -0.29574382E+01
  0.30302845E+01 -0.29322992E+01
  0.30449457E+01 -0.29073358E+01
  0.30596069E+01 -0.28825904E+01
  0.30742682E+01 -0.28581062E+01
  0.30889294E+01 -0.28339283E+01
  0.31035906E+01 -0.28101036E+01
  0.31182519E+01 -0.27866814E+01
  0.31329131E+01 -0.27637140E+01
  0.31475743E+01 -0.27412578E+01
  0.31622356E+01 -0.27270450E+01
  0.31768968E+01 -0.27303765E+01
  0.31915580E+01 -0.27322370E+01
  0.32062192E+01 -0.27323632E+01
  0.32208805E+01 -0.27302991E+01
  0.32355417E+01 -0.27252366E+01
  0.32502029E+01 -0.27159116E+01
  0.32648642E+01 -0.27011646E+01
  0.32795254E+01 -0.26813164E+01
  0.32941866E+01 -0.26581546E+01
  0.33088479E+01 -0.26334843E+01
  0.33235091E+01 -0.26094119E+01
  0.33381703E+01 -0.26162559E+01
  0.33528315E+01 -0.26270238E+01
  0.33674928E+01 -0.26371252E+01
  0.33821540E+01 -0.26462910E+01
  0.33968152E+01 -0.26543847E+01
  0.34114765E+01 -0.26613246E+01
  0.34261377E+01 -0.26670584E+01
  0.34407989E+01 -0.26715518E+01
  0.34554602E+01 -0.26747844E+01
  0.34701214E+01 -0.26767578E+01
  0.34847826E+01 -0.26775640E+01
  
  0.00000000E+00 -0.24418140E+01
  0.14728371E-01 -0.24432747E+01
  0.29456741E-01 -0.24481734E+01
  0.44185112E-01 -0.24562591E+01
  0.58913483E-01 -0.24673752E+01
  0.73641854E-01 -0.24813123E+01
  0.88370224E-01 -0.24978165E+01
  0.10309860E+00 -0.25165980E+01
  0.11782697E+00 -0.25373375E+01
  0.13255534E+00 -0.25596840E+01
  0.14728371E+00 -0.25832016E+01
  0.16201208E+00 -0.26000930E+01
  0.17674045E+00 -0.25902444E+01
  0.19146882E+00 -0.25847090E+01
  0.20619719E+00 -0.25888479E+01
  0.22092556E+00 -0.26011632E+01
  0.23565393E+00 -0.26176588E+01
  0.25038230E+00 -0.26362985E+01
  0.26511067E+00 -0.26560975E+01
  0.27983904E+00 -0.26763039E+01
  0.29456741E+00 -0.26960020E+01
  0.30929579E+00 -0.27138402E+01
  0.32402416E+00 -0.27281069E+01
  0.33875253E+00 -0.27377145E+01
  0.35348090E+00 -0.27430935E+01
  0.36820927E+00 -0.27454302E+01
  0.38293764E+00 -0.27457066E+01
  0.39766601E+00 -0.27445318E+01
  0.41239438E+00 -0.27422645E+01
  0.42712275E+00 -0.27391212E+01
  0.44185112E+00 -0.27352379E+01
  0.45657949E+00 -0.27307024E+01
  0.47130786E+00 -0.27255713E+01
  0.48603623E+00 -0.27198803E+01
  0.50076460E+00 -0.27136498E+01
  0.51549298E+00 -0.27068893E+01
  0.53022135E+00 -0.26996005E+01
  0.54494972E+00 -0.26917795E+01
  0.55967809E+00 -0.26834188E+01
  0.57440646E+00 -0.26745095E+01
  0.58913483E+00 -0.26650420E+01
  0.60386320E+00 -0.26550077E+01
  0.61859157E+00 -0.26444002E+01
  0.63331994E+00 -0.26332155E+01
  0.64804831E+00 -0.26214535E+01
  0.66277668E+00 -0.26091181E+01
  0.67750505E+00 -0.25962182E+01
  0.69223342E+00 -0.25827677E+01
  0.70696179E+00 -0.25687861E+01
  0.72169017E+00 -0.25542986E+01
  0.73641854E+00 -0.25393359E+01
  0.75114691E+00 -0.25239342E+01
  0.76587528E+00 -0.25081348E+01
  0.78060365E+00 -0.24919834E+01
  0.79533202E+00 -0.24755297E+01
  0.81006039E+00 -0.24588263E+01
  0.82478876E+00 -0.24419284E+01
  0.83951713E+00 -0.24248924E+01
  0.85424550E+00 -0.24077758E+01
  0.86897387E+00 -0.23906356E+01
  0.88370224E+00 -0.23735282E+01
  0.89843061E+00 -0.23565085E+01
  0.91315898E+00 -0.23396287E+01
  0.92788736E+00 -0.23229383E+01
  0.94261573E+00 -0.23064828E+01
  0.95734410E+00 -0.22903035E+01
  0.97207247E+00 -0.22744370E+01
  0.98680084E+00 -0.22589149E+01
  0.10015292E+01 -0.22437633E+01
  0.10162576E+01 -0.22290037E+01
  0.10309860E+01 -0.22146529E+01
  0.10457143E+01 -0.22007241E+01
  0.10604427E+01 -0.21872283E+01
  0.10751711E+01 -0.21741758E+01
  0.10898994E+01 -0.21615783E+01
  0.11046278E+01 -0.21494511E+01
  0.11193562E+01 -0.21378157E+01
  0.11340845E+01 -0.21267021E+01
  0.11488129E+01 -0.21161510E+01
  0.11635413E+01 -0.21062152E+01
  0.11782697E+01 -0.20969600E+01
  0.11929980E+01 -0.20884619E+01
  0.12077264E+01 -0.20808053E+01
  0.12224548E+01 -0.20740766E+01
  0.12371831E+01 -0.20683552E+01
  0.12519115E+01 -0.20637028E+01
  0.12666399E+01 -0.20601520E+01
  0.12813683E+01 -0.20576961E+01
  0.12960966E+01 -0.20562829E+01
  0.13108250E+01 -0.20558141E+01
  0.13255534E+01 -0.20561512E+01
  0.13402817E+01 -0.20571257E+01
  0.13550101E+01 -0.20585522E+01
  0.13697385E+01 -0.20602416E+01
  0.13844668E+01 -0.20620127E+01
  0.13991952E+01 -0.20637016E+01
  0.14139236E+01 -0.20651681E+01
  0.14286520E+01 -0.20662996E+01
  0.14433803E+01 -0.20670134E+01
  0.14581087E+01 -0.20672569E+01
  0.14728371E+01 -0.20670063E+01
  0.14875654E+01 -0.20675859E+01
  0.15022938E+01 -0.20674625E+01
  0.15170222E+01 -0.20666579E+01
  0.15317506E+01 -0.20652223E+01
  0.15464789E+01 -0.20632297E+01
  0.15612073E+01 -0.20607714E+01
  0.15759357E+01 -0.20579505E+01
  0.15906640E+01 -0.20548752E+01
  0.16053924E+01 -0.20516536E+01
  0.16201208E+01 -0.20483870E+01
  0.16348492E+01 -0.20451653E+01
  0.16495775E+01 -0.20420612E+01
  0.16643059E+01 -0.20391268E+01
  0.16790343E+01 -0.20363904E+01
  0.16937626E+01 -0.20338550E+01
  0.17084910E+01 -0.20314998E+01
  0.17232194E+01 -0.20292832E+01
  0.17379477E+01 -0.20271491E+01
  0.17526761E+01 -0.20250355E+01
  0.17674045E+01 -0.20228853E+01
  0.17821329E+01 -0.20206604E+01
  0.17968612E+01 -0.20183569E+01
  0.18115896E+01 -0.20160249E+01
  0.18263180E+01 -0.20137903E+01
  0.18410463E+01 -0.20118808E+01
  0.18557747E+01 -0.20106507E+01
  0.18705031E+01 -0.20105956E+01
  0.18852315E+01 -0.20123351E+01
  0.18999598E+01 -0.20165354E+01
  0.19146882E+01 -0.20237678E+01
  0.19294166E+01 -0.20343530E+01
  0.19441449E+01 -0.20482828E+01
  0.19588733E+01 -0.20652585E+01
  0.19736017E+01 -0.20847971E+01
  0.19883300E+01 -0.21063333E+01
  0.20030584E+01 -0.21292848E+01
  0.20177868E+01 -0.21530855E+01
  0.20325152E+01 -0.21772004E+01
  0.20472435E+01 -0.22011331E+01
  0.20619719E+01 -0.22244300E+01
  0.20767003E+01 -0.22466831E+01
  0.20914286E+01 -0.22675312E+01
  0.21061570E+01 -0.22866601E+01
  0.21208854E+01 -0.23038011E+01
  0.21356138E+01 -0.23187284E+01
  0.21503421E+01 -0.23312563E+01
  0.21650705E+01 -0.23412353E+01
  0.21797989E+01 -0.23485494E+01
  0.21945272E+01 -0.23531129E+01
  0.22092556E+01 -0.23548685E+01
  0.22239168E+01 -0.23544879E+01
  0.22385781E+01 -0.23534886E+01
  0.22532393E+01 -0.23518542E+01
  0.22679005E+01 -0.23495583E+01
  0.22825618E+01 -0.23465666E+01
  0.22972230E+01 -0.23428401E+01
  0.23118842E+01 -0.23383388E+01
  0.23265454E+01 -0.23330265E+01
  0.23412067E+01 -0.23268766E+01
  0.23558679E+01 -0.23198790E+01
  0.23705291E+01 -0.23120471E+01
  0.23851904E+01 -0.23034252E+01
  0.23998516E+01 -0.22940947E+01
  0.24145128E+01 -0.22841790E+01
  0.24291741E+01 -0.22738454E+01
  0.24438353E+01 -0.22633038E+01
  0.24584965E+01 -0.22528009E+01
  0.24731577E+01 -0.22426112E+01
  0.24878190E+01 -0.22330238E+01
  0.25024802E+01 -0.22243273E+01
  0.25171414E+01 -0.22167950E+01
  0.25318027E+01 -0.22106705E+01
  0.25464639E+01 -0.22061569E+01
  0.25611251E+01 -0.22034098E+01
  0.25757864E+01 -0.22025344E+01
  0.25904476E+01 -0.22035862E+01
  0.26051088E+01 -0.22065748E+01
  0.26197700E+01 -0.22114695E+01
  0.26344313E+01 -0.22182055E+01
  0.26490925E+01 -0.22266904E+01
  0.26637537E+01 -0.22368102E+01
  0.26784150E+01 -0.22484350E+01
  0.26930762E+01 -0.22614237E+01
  0.27077374E+01 -0.22756278E+01
  0.27223987E+01 -0.22908955E+01
  0.27370599E+01 -0.23070745E+01
  0.27517211E+01 -0.23240145E+01
  0.27663823E+01 -0.23415702E+01
  0.27810436E+01 -0.23596024E+01
  0.27957048E+01 -0.23779804E+01
  0.28103660E+01 -0.23965830E+01
  0.28250273E+01 -0.24152991E+01
  0.28396885E+01 -0.24340284E+01
  0.28543497E+01 -0.24526810E+01
  0.28690110E+01 -0.24711771E+01
  0.28836722E+01 -0.24894458E+01
  0.28983334E+01 -0.25074242E+01
  0.29129946E+01 -0.25250557E+01
  0.29276559E+01 -0.25422886E+01
  0.29423171E+01 -0.25590750E+01
  0.29569783E+01 -0.25753692E+01
  0.29716396E+01 -0.25911269E+01
  0.29863008E+01 -0.26063049E+01
  0.30009620E+01 -0.26208599E+01
  0.30156233E+01 -0.26347487E+01
  0.30302845E+01 -0.26479283E+01
  0.30449457E+01 -0.26603553E+01
  0.30596069E+01 -0.26719859E+01
  0.30742682E+01 -0.26827758E+01
  0.30889294E+01 -0.26926795E+01
  0.31035906E+01 -0.27016492E+01
  0.31182519E+01 -0.27096337E+01
  0.31329131E+01 -0.27165754E+01
  0.31475743E+01 -0.27224071E+01
  0.31622356E+01 -0.27193750E+01
  0.31768968E+01 -0.26981367E+01
  0.31915580E+01 -0.26776287E+01
  0.32062192E+01 -0.26579627E+01
  0.32208805E+01 -0.26393013E+01
  0.32355417E+01 -0.26219147E+01
  0.32502029E+01 -0.26063241E+01
  0.32648642E+01 -0.25936690E+01
  0.32795254E+01 -0.25863505E+01
  0.32941866E+01 -0.25870496E+01
  0.33088479E+01 -0.25944263E+01
  0.33235091E+01 -0.26038189E+01
  0.33381703E+01 -0.25833903E+01
  0.33528315E+01 -0.25596726E+01
  0.33674928E+01 -0.25372266E+01
  0.33821540E+01 -0.25164543E+01
  0.33968152E+01 -0.24976895E+01
  0.34114765E+01 -0.24812345E+01
  0.34261377E+01 -0.24673623E+01
  0.34407989E+01 -0.24563126E+01
  0.34554602E+01 -0.24482836E+01
  0.34701214E+01 -0.24434235E+01
  0.34847826E+01 -0.24418140E+01
  
  0.00000000E+00 -0.24416574E+01
  0.14728371E-01 -0.24424266E+01
  0.29456741E-01 -0.24443099E+01
  0.44185112E-01 -0.24474597E+01
  0.58913483E-01 -0.24518713E+01
  0.73641854E-01 -0.24575344E+01
  0.88370224E-01 -0.24644300E+01
  0.10309860E+00 -0.24725241E+01
  0.11782697E+00 -0.24817541E+01
  0.13255534E+00 -0.24920013E+01
  0.14728371E+00 -0.25030202E+01
  0.16201208E+00 -0.25142442E+01
  0.17674045E+00 -0.25241856E+01
  0.19146882E+00 -0.25290418E+01
  0.20619719E+00 -0.25240787E+01
  0.22092556E+00 -0.25107868E+01
  0.23565393E+00 -0.24930966E+01
  0.25038230E+00 -0.24729210E+01
  0.26511067E+00 -0.24510266E+01
  0.27983904E+00 -0.24277750E+01
  0.29456741E+00 -0.24033779E+01
  0.30929579E+00 -0.23779852E+01
  0.32402416E+00 -0.23517183E+01
  0.33875253E+00 -0.23246839E+01
  0.35348090E+00 -0.22969798E+01
  0.36820927E+00 -0.22686983E+01
  0.38293764E+00 -0.22399273E+01
  0.39766601E+00 -0.22107519E+01
  0.41239438E+00 -0.21812554E+01
  0.42712275E+00 -0.21515202E+01
  0.44185112E+00 -0.21216296E+01
  0.45657949E+00 -0.20916686E+01
  0.47130786E+00 -0.20617254E+01
  0.48603623E+00 -0.20318917E+01
  0.50076460E+00 -0.20022637E+01
  0.51549298E+00 -0.19729414E+01
  0.53022135E+00 -0.19440288E+01
  0.54494972E+00 -0.19156321E+01
  0.55967809E+00 -0.18878587E+01
  0.57440646E+00 -0.18608156E+01
  0.58913483E+00 -0.18346071E+01
  0.60386320E+00 -0.18093331E+01
  0.61859157E+00 -0.17850877E+01
  0.63331994E+00 -0.17619570E+01
  0.64804831E+00 -0.17400184E+01
  0.66277668E+00 -0.17193395E+01
  0.67750505E+00 -0.16999778E+01
  0.69223342E+00 -0.16819801E+01
  0.70696179E+00 -0.16653828E+01
  0.72169017E+00 -0.16502121E+01
  0.73641854E+00 -0.16364845E+01
  0.75114691E+00 -0.16242064E+01
  0.76587528E+00 -0.16133755E+01
  0.78060365E+00 -0.16039800E+01
  0.79533202E+00 -0.15959995E+01
  0.81006039E+00 -0.15894048E+01
  0.82478876E+00 -0.15841579E+01
  0.83951713E+00 -0.15802130E+01
  0.85424550E+00 -0.15775166E+01
  0.86897387E+00 -0.15760087E+01
  0.88370224E+00 -0.15756239E+01
  0.89843061E+00 -0.15762932E+01
  0.91315898E+00 -0.15779455E+01
  0.92788736E+00 -0.15805096E+01
  0.94261573E+00 -0.15839158E+01
  0.95734410E+00 -0.15880973E+01
  0.97207247E+00 -0.15929911E+01
  0.98680084E+00 -0.15985383E+01
  0.10015292E+01 -0.16046837E+01
  0.10162576E+01 -0.16113754E+01
  0.10309860E+01 -0.16185627E+01
  0.10457143E+01 -0.16261950E+01
  0.10604427E+01 -0.16342191E+01
  0.10751711E+01 -0.16425770E+01
  0.10898994E+01 -0.16512040E+01
  0.11046278E+01 -0.16600257E+01
  0.11193562E+01 -0.16689571E+01
  0.11340845E+01 -0.16779002E+01
  0.11488129E+01 -0.16867439E+01
  0.11635413E+01 -0.16953639E+01
  0.11782697E+01 -0.17036238E+01
  0.11929980E+01 -0.17113787E+01
  0.12077264E+01 -0.17184796E+01
  0.12224548E+01 -0.17247812E+01
  0.12371831E+01 -0.17301519E+01
  0.12519115E+01 -0.17344851E+01
  0.12666399E+01 -0.17377119E+01
  0.12813683E+01 -0.17398105E+01
  0.12960966E+01 -0.17408132E+01
  0.13108250E+01 -0.17408057E+01
  0.13255534E+01 -0.17399216E+01
  0.13402817E+01 -0.17383307E+01
  0.13550101E+01 -0.17362255E+01
  0.13697385E+01 -0.17338073E+01
  0.13844668E+01 -0.17312733E+01
  0.13991952E+01 -0.17288068E+01
  0.14139236E+01 -0.17265702E+01
  0.14286520E+01 -0.17247001E+01
  0.14433803E+01 -0.17233046E+01
  0.14581087E+01 -0.17224621E+01
  0.14728371E+01 -0.17222219E+01
  0.14875654E+01 -0.17221747E+01
  0.15022938E+01 -0.17227931E+01
  0.15170222E+01 -0.17240682E+01
  0.15317506E+01 -0.17259676E+01
  0.15464789E+01 -0.17284393E+01
  0.15612073E+01 -0.17314152E+01
  0.15759357E+01 -0.17348150E+01
  0.15906640E+01 -0.17385508E+01
  0.16053924E+01 -0.17425309E+01
  0.16201208E+01 -0.17466658E+01
  0.16348492E+01 -0.17508723E+01
  0.16495775E+01 -0.17550797E+01
  0.16643059E+01 -0.17592342E+01
  0.16790343E+01 -0.17633036E+01
  0.16937626E+01 -0.17672804E+01
  0.17084910E+01 -0.17711833E+01
  0.17232194E+01 -0.17750556E+01
  0.17379477E+01 -0.17789622E+01
  0.17526761E+01 -0.17829832E+01
  0.17674045E+01 -0.17872045E+01
  0.17821329E+01 -0.17917064E+01
  0.17968612E+01 -0.17965480E+01
  0.18115896E+01 -0.18017485E+01
  0.18263180E+01 -0.18072639E+01
  0.18410463E+01 -0.18129594E+01
  0.18557747E+01 -0.18185815E+01
  0.18705031E+01 -0.18237400E+01
  0.18852315E+01 -0.18279217E+01
  0.18999598E+01 -0.18305639E+01
  0.19146882E+01 -0.18311946E+01
  0.19294166E+01 -0.18295890E+01
  0.19441449E+01 -0.18258522E+01
  0.19588733E+01 -0.18203915E+01
  0.19736017E+01 -0.18138249E+01
  0.19883300E+01 -0.18068993E+01
  0.20030584E+01 -0.18004427E+01
  0.20177868E+01 -0.17953348E+01
  0.20325152E+01 -0.17924586E+01
  0.20472435E+01 -0.17925987E+01
  0.20619719E+01 -0.17962715E+01
  0.20767003E+01 -0.18035399E+01
  0.20914286E+01 -0.18139206E+01
  0.21061570E+01 -0.18264683E+01
  0.21208854E+01 -0.18399987E+01
  0.21356138E+01 -0.18533236E+01
  0.21503421E+01 -0.18654064E+01
  0.21650705E+01 -0.18754257E+01
  0.21797989E+01 -0.18827780E+01
  0.21945272E+01 -0.18870576E+01
  0.22092556E+01 -0.18880327E+01
  0.22239168E+01 -0.18860401E+01
  0.22385781E+01 -0.18818795E+01
  0.22532393E+01 -0.18755392E+01
  0.22679005E+01 -0.18669838E+01
  0.22825618E+01 -0.18561566E+01
  0.22972230E+01 -0.18429819E+01
  0.23118842E+01 -0.18273693E+01
  0.23265454E+01 -0.18092180E+01
  0.23412067E+01 -0.17884222E+01
  0.23558679E+01 -0.17648771E+01
  0.23705291E+01 -0.17384849E+01
  0.23851904E+01 -0.17091601E+01
  0.23998516E+01 -0.16768357E+01
  0.24145128E+01 -0.16414682E+01
  0.24291741E+01 -0.16030430E+01
  0.24438353E+01 -0.15615809E+01
  0.24584965E+01 -0.15171577E+01
  0.24731577E+01 -0.14700820E+01
  0.24878190E+01 -0.14445362E+01
  0.25024802E+01 -0.14551108E+01
  0.25171414E+01 -0.14668071E+01
  0.25318027E+01 -0.14791590E+01
  0.25464639E+01 -0.14921104E+01
  0.25611251E+01 -0.15056345E+01
  0.25757864E+01 -0.15197101E+01
  0.25904476E+01 -0.15343168E+01
  0.26051088E+01 -0.15494349E+01
  0.26197700E+01 -0.15650453E+01
  0.26344313E+01 -0.15811304E+01
  0.26490925E+01 -0.15976742E+01
  0.26637537E+01 -0.16146631E+01
  0.26784150E+01 -0.16320859E+01
  0.26930762E+01 -0.16499341E+01
  0.27077374E+01 -0.16682018E+01
  0.27223987E+01 -0.16868854E+01
  0.27370599E+01 -0.17059833E+01
  0.27517211E+01 -0.17254951E+01
  0.27663823E+01 -0.17454213E+01
  0.27810436E+01 -0.17657626E+01
  0.27957048E+01 -0.17865187E+01
  0.28103660E+01 -0.18076882E+01
  0.28250273E+01 -0.18292674E+01
  0.28396885E+01 -0.18512501E+01
  0.28543497E+01 -0.18736267E+01
  0.28690110E+01 -0.18963840E+01
  0.28836722E+01 -0.19195052E+01
  0.28983334E+01 -0.19429693E+01
  0.29129946E+01 -0.19667515E+01
  0.29276559E+01 -0.19908233E+01
  0.29423171E+01 -0.20151528E+01
  0.29569783E+01 -0.20397046E+01
  0.29716396E+01 -0.20644410E+01
  0.29863008E+01 -0.20893214E+01
  0.30009620E+01 -0.21143035E+01
  0.30156233E+01 -0.21393430E+01
  0.30302845E+01 -0.21643942E+01
  0.30449457E+01 -0.21894100E+01
  0.30596069E+01 -0.22143419E+01
  0.30742682E+01 -0.22391402E+01
  0.30889294E+01 -0.22637534E+01
  0.31035906E+01 -0.22881283E+01
  0.31182519E+01 -0.23122088E+01
  0.31329131E+01 -0.23359357E+01
  0.31475743E+01 -0.23592449E+01
  0.31622356E+01 -0.23820656E+01
  0.31768968E+01 -0.24043169E+01
  0.31915580E+01 -0.24259017E+01
  0.32062192E+01 -0.24466954E+01
  0.32208805E+01 -0.24665212E+01
  0.32355417E+01 -0.24850933E+01
  0.32502029E+01 -0.25018738E+01
  0.32648642E+01 -0.25157059E+01
  0.32795254E+01 -0.25241701E+01
  0.32941866E+01 -0.25245635E+01
  0.33088479E+01 -0.25181831E+01
  0.33235091E+01 -0.25087559E+01
  0.33381703E+01 -0.24985420E+01
  0.33528315E+01 -0.24885209E+01
  0.33674928E+01 -0.24791334E+01
  0.33821540E+01 -0.24706042E+01
  0.33968152E+01 -0.24630618E+01
  0.34114765E+01 -0.24565875E+01
  0.34261377E+01 -0.24512357E+01
  0.34407989E+01 -0.24470439E+01
  0.34554602E+01 -0.24440382E+01
  0.34701214E+01 -0.24422360E+01
  0.34847826E+01 -0.24416574E+01
  
  0.00000000E+00 -0.19883893E+00
  0.14728371E-01 -0.19650393E+00
  0.29456741E-01 -0.18977159E+00
  0.44185112E-01 -0.17871145E+00
  0.58913483E-01 -0.16343247E+00
  0.73641854E-01 -0.14407886E+00
  0.88370224E-01 -0.12082539E+00
  0.10309860E+00 -0.93872948E-01
  0.11782697E+00 -0.63444821E-01
  0.13255534E+00 -0.29784137E-01
  0.14728371E+00  0.68476780E-02
  0.16201208E+00  0.46171663E-01
  0.17674045E+00  0.87891885E-01
  0.19146882E+00  0.13169644E+00
  0.20619719E+00  0.17725949E+00
  0.22092556E+00  0.22424481E+00
  0.23565393E+00  0.27231072E+00
  0.25038230E+00  0.32111649E+00
  0.26511067E+00  0.37032917E+00
  0.27983904E+00  0.41963043E+00
  0.29456741E+00  0.46872227E+00
  0.30929579E+00  0.51733096E+00
  0.32402416E+00  0.56520868E+00
  0.33875253E+00  0.61213252E+00
  0.35348090E+00  0.65790102E+00
  0.36820927E+00  0.70232835E+00
  0.38293764E+00  0.74523654E+00
  0.39766601E+00  0.78644619E+00
  0.41239438E+00  0.82576596E+00
  0.42712275E+00  0.86298161E+00
  0.44185112E+00  0.89784505E+00
  0.45657949E+00  0.93006480E+00
  0.47130786E+00  0.95930002E+00
  0.48603623E+00  0.98516115E+00
  0.50076460E+00  0.10072222E+01
  0.51549298E+00  0.10250493E+01
  0.53022135E+00  0.10382496E+01
  0.54494972E+00  0.10465345E+01
  0.55967809E+00  0.10497849E+01
  0.57440646E+00  0.10480923E+01
  0.58913483E+00  0.10417595E+01
  0.60386320E+00  0.10312569E+01
  0.61859157E+00  0.10171549E+01
  0.63331994E+00  0.10000546E+01
  0.64804831E+00  0.98053661E+00
  0.66277668E+00  0.95913207E+00
  0.67750505E+00  0.93631295E+00
  0.69223342E+00  0.91249562E+00
  0.70696179E+00  0.88805060E+00
  0.72169017E+00  0.86331379E+00
  0.73641854E+00  0.83859585E+00
  0.75114691E+00  0.81418798E+00
  0.76587528E+00  0.79036338E+00
  0.78060365E+00  0.76737449E+00
  0.79533202E+00  0.74544651E+00
  0.81006039E+00  0.72476826E+00
  0.82478876E+00  0.70548125E+00
  0.83951713E+00  0.68766839E+00
  0.85424550E+00  0.67134382E+00
  0.86897387E+00  0.65644610E+00
  0.88370224E+00  0.64283811E+00
  0.89843061E+00  0.63031822E+00
  0.91315898E+00  0.61864715E+00
  0.92788736E+00  0.60759001E+00
  0.94261573E+00  0.59696316E+00
  0.95734410E+00  0.58666602E+00
  0.97207247E+00  0.57668191E+00
  0.98680084E+00  0.56705056E+00
  0.10015292E+01  0.55783057E+00
  0.10162576E+01  0.54906991E+00
  0.10309860E+01  0.54079151E+00
  0.10457143E+01  0.53299187E+00
  0.10604427E+01  0.52564716E+00
  0.10751711E+01  0.51872239E+00
  0.10898994E+01  0.51218068E+00
  0.11046278E+01  0.50599125E+00
  0.11193562E+01  0.50013539E+00
  0.11340845E+01  0.49461038E+00
  0.11488129E+01  0.48943134E+00
  0.11635413E+01  0.48463119E+00
  0.11782697E+01  0.48025897E+00
  0.11929980E+01  0.47637693E+00
  0.12077264E+01  0.47305639E+00
  0.12224548E+01  0.47037310E+00
  0.12371831E+01  0.46840206E+00
  0.12519115E+01  0.46721215E+00
  0.12666399E+01  0.46686097E+00
  0.12813683E+01  0.46738968E+00
  0.12960966E+01  0.46881825E+00
  0.13108250E+01  0.47114094E+00
  0.13255534E+01  0.47432210E+00
  0.13402817E+01  0.47829232E+00
  0.13550101E+01  0.48294491E+00
  0.13697385E+01  0.48813300E+00
  0.13844668E+01  0.49366740E+00
  0.13991952E+01  0.49931571E+00
  0.14139236E+01  0.50480296E+00
  0.14286520E+01  0.50981450E+00
  0.14433803E+01  0.51400146E+00
  0.14581087E+01  0.51698903E+00
  0.14728371E+01  0.51838777E+00
  0.14875654E+01  0.51883758E+00
  0.15022938E+01  0.51707061E+00
  0.15170222E+01  0.51262921E+00
  0.15317506E+01  0.50509219E+00
  0.15464789E+01  0.49409953E+00
  0.15612073E+01  0.47937257E+00
  0.15759357E+01  0.46072656E+00
  0.15906640E+01  0.43807406E+00
  0.16053924E+01  0.41141944E+00
  0.16201208E+01  0.38084619E+00
  0.16348492E+01  0.34649964E+00
  0.16495775E+01  0.30856774E+00
  0.16643059E+01  0.26726211E+00
  0.16790343E+01  0.22280096E+00
  0.16937626E+01  0.17539489E+00
  0.17084910E+01  0.12523635E+00
  0.17232194E+01  0.72492990E-01
  0.17379477E+01  0.17305157E-01
  0.17526761E+01 -0.40212428E-01
  0.17674045E+01 -0.99964976E-01
  0.17821329E+01 -0.16186818E+00
  0.17968612E+01 -0.22583560E+00
  0.18115896E+01 -0.29176369E+00
  0.18263180E+01 -0.35951576E+00
  0.18410463E+01 -0.42890644E+00
  0.18557747E+01 -0.49968835E+00
  0.18705031E+01 -0.57154250E+00
  0.18852315E+01 -0.64407356E+00
  0.18999598E+01 -0.71680996E+00
  0.19146882E+01 -0.78920790E+00
  0.19294166E+01 -0.86065761E+00
  0.19441449E+01 -0.93048937E+00
  0.19588733E+01 -0.99797745E+00
  0.19736017E+01 -0.10623404E+01
  0.19883300E+01 -0.11227389E+01
  0.20030584E+01 -0.11782754E+01
  0.20177868E+01 -0.12280084E+01
  0.20325152E+01 -0.12710019E+01
  0.20472435E+01 -0.13064359E+01
  0.20619719E+01 -0.13337856E+01
  0.20767003E+01 -0.13530169E+01
  0.20914286E+01 -0.13646905E+01
  0.21061570E+01 -0.13698916E+01
  0.21208854E+01 -0.13700245E+01
  0.21356138E+01 -0.13665985E+01
  0.21503421E+01 -0.13610942E+01
  0.21650705E+01 -0.13549122E+01
  0.21797989E+01 -0.13493475E+01
  0.21945272E+01 -0.13455224E+01
  0.22092556E+01 -0.13442423E+01
  0.22239168E+01 -0.13444248E+01
  0.22385781E+01 -0.13451336E+01
  0.22532393E+01 -0.13463722E+01
  0.22679005E+01 -0.13481449E+01
  0.22825618E+01 -0.13504577E+01
  0.22972230E+01 -0.13533171E+01
  0.23118842E+01 -0.13567304E+01
  0.23265454E+01 -0.13607056E+01
  0.23412067E+01 -0.13652506E+01
  0.23558679E+01 -0.13703732E+01
  0.23705291E+01 -0.13760811E+01
  0.23851904E+01 -0.13823812E+01
  0.23998516E+01 -0.13892792E+01
  0.24145128E+01 -0.13967796E+01
  0.24291741E+01 -0.14048837E+01
  0.24438353E+01 -0.14135864E+01
  0.24584965E+01 -0.14228586E+01
  0.24731577E+01 -0.14324708E+01
  0.24878190E+01 -0.14183518E+01
  0.25024802E+01 -0.13660539E+01
  0.25171414E+01 -0.13107484E+01
  0.25318027E+01 -0.12531002E+01
  0.25464639E+01 -0.11933870E+01
  0.25611251E+01 -0.11318738E+01
  0.25757864E+01 -0.10688313E+01
  0.25904476E+01 -0.10045329E+01
  0.26051088E+01 -0.93924773E+00
  0.26197700E+01 -0.87323409E+00
  0.26344313E+01 -0.80673249E+00
  0.26490925E+01 -0.73996060E+00
  0.26637537E+01 -0.67310990E+00
  0.26784150E+01 -0.60634440E+00
  0.26930762E+01 -0.53980144E+00
  0.27077374E+01 -0.47359449E+00
  0.27223987E+01 -0.40781745E+00
  0.27370599E+01 -0.34255029E+00
  0.27517211E+01 -0.27786520E+00
  0.27663823E+01 -0.21383299E+00
  0.27810436E+01 -0.15052867E+00
  0.27957048E+01 -0.88035596E-01
  0.28103660E+01 -0.26446825E-01
  0.28250273E+01  0.34137185E-01
  0.28396885E+01  0.93615259E-01
  0.28543497E+01  0.15189534E+00
  0.28690110E+01  0.20890333E+00
  0.28836722E+01  0.26458338E+00
  0.28983334E+01  0.31888088E+00
  0.29129946E+01  0.37170328E+00
  0.29276559E+01  0.42286215E+00
  0.29423171E+01  0.47200801E+00
  0.29569783E+01  0.51857439E+00
  0.29716396E+01  0.56175110E+00
  0.29863008E+01  0.60051084E+00
  0.30009620E+01  0.63371189E+00
  0.30156233E+01  0.66027326E+00
  0.30302845E+01  0.67936553E+00
  0.30449457E+01  0.69053253E+00
  0.30596069E+01  0.69370317E+00
  0.30742682E+01  0.68912531E+00
  0.30889294E+01  0.67727584E+00
  0.31035906E+01  0.65877940E+00
  0.31182519E+01  0.63434454E+00
  0.31329131E+01  0.60471650E+00
  0.31475743E+01  0.57064428E+00
  0.31622356E+01  0.53285909E+00
  0.31768968E+01  0.49206160E+00
  0.31915580E+01  0.44891512E+00
  0.32062192E+01  0.40404253E+00
  0.32208805E+01  0.35802538E+00
  0.32355417E+01  0.31140427E+00
  0.32502029E+01  0.26468000E+00
  0.32648642E+01  0.21831543E+00
  0.32795254E+01  0.17273816E+00
  0.32941866E+01  0.12834388E+00
  0.33088479E+01  0.85500413E-01
  0.33235091E+01  0.44552052E-01
  0.33381703E+01  0.58238287E-02
  0.33528315E+01 -0.30374835E-01
  0.33674928E+01 -0.63747629E-01
  0.33821540E+01 -0.94010484E-01
  0.33968152E+01 -0.12089265E+00
  0.34114765E+01 -0.14413987E+00
  0.34261377E+01 -0.16351939E+00
  0.34407989E+01 -0.17882656E+00
  0.34554602E+01 -0.18989204E+00
  0.34701214E+01 -0.19658898E+00
  0.34847826E+01 -0.19883893E+00
  
  0.00000000E+00  0.17706314E+00
  0.14728371E-01  0.17870902E+00
  0.29456741E-01  0.18402525E+00
  0.44185112E-01  0.19299324E+00
  0.58913483E-01  0.20557576E+00
  0.73641854E-01  0.22171513E+00
  0.88370224E-01  0.24133107E+00
  0.10309860E+00  0.26431821E+00
  0.11782697E+00  0.29054366E+00
  0.13255534E+00  0.31984468E+00
  0.14728371E+00  0.35202693E+00
  0.16201208E+00  0.38686358E+00
  0.17674045E+00  0.42409555E+00
  0.19146882E+00  0.46343307E+00
  0.20619719E+00  0.50455878E+00
  0.22092556E+00  0.54713228E+00
  0.23565393E+00  0.59079608E+00
  0.25038230E+00  0.63518280E+00
  0.26511067E+00  0.67992311E+00
  0.27983904E+00  0.72465406E+00
  0.29456741E+00  0.76902693E+00
  0.30929579E+00  0.81271410E+00
  0.32402416E+00  0.85541397E+00
  0.33875253E+00  0.89685353E+00
  0.35348090E+00  0.93678837E+00
  0.36820927E+00  0.97500000E+00
  0.38293764E+00  0.10112913E+01
  0.39766601E+00  0.10454805E+01
  0.41239438E+00  0.10773955E+01
  0.42712275E+00  0.11068696E+01
  0.44185112E+00  0.11337390E+01
  0.45657949E+00  0.11578461E+01
  0.47130786E+00  0.11790456E+01
  0.48603623E+00  0.11972155E+01
  0.50076460E+00  0.12122701E+01
  0.51549298E+00  0.12241681E+01
  0.53022135E+00  0.12329137E+01
  0.54494972E+00  0.12385437E+01
  0.55967809E+00  0.12411077E+01
  0.57440646E+00  0.12406496E+01
  0.58913483E+00  0.12372032E+01
  0.60386320E+00  0.12308034E+01
  0.61859157E+00  0.12215045E+01
  0.63331994E+00  0.12093950E+01
  0.64804831E+00  0.11946030E+01
  0.66277668E+00  0.11772947E+01
  0.67750505E+00  0.11576673E+01
  0.69223342E+00  0.11359428E+01
  0.70696179E+00  0.11123618E+01
  0.72169017E+00  0.10871802E+01
  0.73641854E+00  0.10606681E+01
  0.75114691E+00  0.10331101E+01
  0.76587528E+00  0.10048065E+01
  0.78060365E+00  0.97607488E+00
  0.79533202E+00  0.94725043E+00
  0.81006039E+00  0.91868501E+00
  0.82478876E+00  0.89074472E+00
  0.83951713E+00  0.86380599E+00
  0.85424550E+00  0.83825055E+00
  0.86897387E+00  0.81445873E+00
  0.88370224E+00  0.79279934E+00
  0.89843061E+00  0.77361251E+00
  0.91315898E+00  0.75718194E+00
  0.92788736E+00  0.74369661E+00
  0.94261573E+00  0.73321208E+00
  0.95734410E+00  0.72563036E+00
  0.97207247E+00  0.72071313E+00
  0.98680084E+00  0.71812469E+00
  0.10015292E+01  0.71748530E+00
  0.10162576E+01  0.71841601E+00
  0.10309860E+01  0.72056715E+00
  0.10457143E+01  0.72363231E+00
  0.10604427E+01  0.72735271E+00
  0.10751711E+01  0.73151661E+00
  0.10898994E+01  0.73595634E+00
  0.11046278E+01  0.74054459E+00
  0.11193562E+01  0.74519053E+00
  0.11340845E+01  0.74983593E+00
  0.11488129E+01  0.75445137E+00
  0.11635413E+01  0.75903238E+00
  0.11782697E+01  0.76359545E+00
  0.11929980E+01  0.76817380E+00
  0.12077264E+01  0.77281292E+00
  0.12224548E+01  0.77756591E+00
  0.12371831E+01  0.78248859E+00
  0.12519115E+01  0.78763470E+00
  0.12666399E+01  0.79305107E+00
  0.12813683E+01  0.79877307E+00
  0.12960966E+01  0.80482056E+00
  0.13108250E+01  0.81119419E+00
  0.13255534E+01  0.81787250E+00
  0.13402817E+01  0.82480955E+00
  0.13550101E+01  0.83193340E+00
  0.13697385E+01  0.83914517E+00
  0.13844668E+01  0.84631878E+00
  0.13991952E+01  0.85330125E+00
  0.14139236E+01  0.85991345E+00
  0.14286520E+01  0.86595139E+00
  0.14433803E+01  0.87118769E+00
  0.14581087E+01  0.87537365E+00
  0.14728371E+01  0.87824156E+00
  0.14875654E+01  0.87583614E+00
  0.15022938E+01  0.87190074E+00
  0.15170222E+01  0.86628196E+00
  0.15317506E+01  0.85880128E+00
  0.15464789E+01  0.84925195E+00
  0.15612073E+01  0.83739971E+00
  0.15759357E+01  0.82298838E+00
  0.15906640E+01  0.80575028E+00
  0.16053924E+01  0.78542018E+00
  0.16201208E+01  0.76175068E+00
  0.16348492E+01  0.73452707E+00
  0.16495775E+01  0.70358004E+00
  0.16643059E+01  0.66879559E+00
  0.16790343E+01  0.63012203E+00
  0.16937626E+01  0.58757437E+00
  0.17084910E+01  0.54123657E+00
  0.17232194E+01  0.49126175E+00
  0.17379477E+01  0.43787070E+00
  0.17526761E+01  0.38134857E+00
  0.17674045E+01  0.32203967E+00
  0.17821329E+01  0.26034023E+00
  0.17968612E+01  0.19668911E+00
  0.18115896E+01  0.13155654E+00
  0.18263180E+01  0.65431376E-01
  0.18410463E+01 -0.11926562E-02
  0.18557747E+01 -0.67830614E-01
  0.18705031E+01 -0.13401904E+00
  0.18852315E+01 -0.19932688E+00
  0.18999598E+01 -0.26336420E+00
  0.19146882E+01 -0.32578858E+00
  0.19294166E+01 -0.38630959E+00
  0.19441449E+01 -0.44469134E+00
  0.19588733E+01 -0.50075329E+00
  0.19736017E+01 -0.55436908E+00
  0.19883300E+01 -0.60546310E+00
  0.20030584E+01 -0.65400459E+00
  0.20177868E+01 -0.69999922E+00
  0.20325152E+01 -0.74347840E+00
  0.20472435E+01 -0.78448652E+00
  0.20619719E+01 -0.82306666E+00
  0.20767003E+01 -0.85924464E+00
  0.20914286E+01 -0.89301119E+00
  0.21061570E+01 -0.92430178E+00
  0.21208854E+01 -0.95297338E+00
  0.21356138E+01 -0.97877829E+00
  0.21503421E+01 -0.10013388E+01
  0.21650705E+01 -0.10201327E+01
  0.21797989E+01 -0.10345137E+01
  0.21945272E+01 -0.10437980E+01
  0.22092556E+01 -0.10474317E+01
  0.22239168E+01 -0.10469376E+01
  0.22385781E+01 -0.10462870E+01
  0.22532393E+01 -0.10454384E+01
  0.22679005E+01 -0.10443176E+01
  0.22825618E+01 -0.10428191E+01
  0.22972230E+01 -0.10408073E+01
  0.23118842E+01 -0.10381191E+01
  0.23265454E+01 -0.10345656E+01
  0.23412067E+01 -0.10299349E+01
  0.23558679E+01 -0.10239948E+01
  0.23705291E+01 -0.10164957E+01
  0.23851904E+01 -0.10071745E+01
  0.23998516E+01 -0.99575969E+00
  0.24145128E+01 -0.98197739E+00
  0.24291741E+01 -0.96555959E+00
  0.24438353E+01 -0.94625429E+00
  0.24584965E+01 -0.92383743E+00
  0.24731577E+01 -0.89812617E+00
  0.24878190E+01 -0.86899234E+00
  0.25024802E+01 -0.83637483E+00
  0.25171414E+01 -0.80028918E+00
  0.25318027E+01 -0.76083321E+00
  0.25464639E+01 -0.71818760E+00
  0.25611251E+01 -0.67261129E+00
  0.25757864E+01 -0.62443220E+00
  0.25904476E+01 -0.57403420E+00
  0.26051088E+01 -0.52184157E+00
  0.26197700E+01 -0.46830232E+00
  0.26344313E+01 -0.41387106E+00
  0.26490925E+01 -0.35899238E+00
  0.26637537E+01 -0.30408503E+00
  0.26784150E+01 -0.24952706E+00
  0.26930762E+01 -0.19564246E+00
  0.27077374E+01 -0.14268917E+00
  0.27223987E+01 -0.90849328E-01
  0.27370599E+01 -0.40221997E-01
  0.27517211E+01  0.91806330E-02
  0.27663823E+01  0.57432732E-01
  0.27810436E+01  0.10468897E+00
  0.27957048E+01  0.15117221E+00
  0.28103660E+01  0.19715358E+00
  0.28250273E+01  0.24292432E+00
  0.28396885E+01  0.28875922E+00
  0.28543497E+01  0.33487395E+00
  0.28690110E+01  0.38138154E+00
  0.28836722E+01  0.42825719E+00
  0.28983334E+01  0.47532166E+00
  0.29129946E+01  0.52224999E+00
  0.29276559E+01  0.56860451E+00
  0.29423171E+01  0.61388326E+00
  0.29569783E+01  0.65757095E+00
  0.29716396E+01  0.69917741E+00
  0.29863008E+01  0.73824462E+00
  0.30009620E+01  0.77430498E+00
  0.30156233E+01  0.80679791E+00
  0.30302845E+01  0.83499994E+00
  0.30449457E+01  0.85804355E+00
  0.30596069E+01  0.87504526E+00
  0.30742682E+01  0.88528271E+00
  0.30889294E+01  0.88833789E+00
  0.31035906E+01  0.88415873E+00
  0.31182519E+01  0.87303797E+00
  0.31329131E+01  0.85553688E+00
  0.31475743E+01  0.83238953E+00
  0.31622356E+01  0.80441503E+00
  0.31768968E+01  0.77245121E+00
  0.31915580E+01  0.73731175E+00
  0.32062192E+01  0.69976256E+00
  0.32208805E+01  0.66051142E+00
  0.32355417E+01  0.62020569E+00
  0.32502029E+01  0.57943446E+00
  0.32648642E+01  0.53873262E+00
  0.32795254E+01  0.49858557E+00
  0.32941866E+01  0.45943365E+00
  0.33088479E+01  0.42167611E+00
  0.33235091E+01  0.38567439E+00
  0.33381703E+01  0.35175482E+00
  0.33528315E+01  0.32021081E+00
  0.33674928E+01  0.29130467E+00
  0.33821540E+01  0.26526909E+00
  0.33968152E+01  0.24230820E+00
  0.34114765E+01  0.22259839E+00
  0.34261377E+01  0.20628868E+00
  0.34407989E+01  0.19350062E+00
  0.34554602E+01  0.18432806E+00
  0.34701214E+01  0.17883659E+00
  0.34847826E+01  0.17706314E+00
  
  0.00000000E+00  0.23559129E+01
  0.14728371E-01  0.23569143E+01
  0.29456741E-01  0.23598227E+01
  0.44185112E-01  0.23646040E+01
  0.58913483E-01  0.23712050E+01
  0.73641854E-01  0.23795528E+01
  0.88370224E-01  0.23895547E+01
  0.10309860E+00  0.24010952E+01
  0.11782697E+00  0.24140327E+01
  0.13255534E+00  0.24281928E+01
  0.14728371E+00  0.24433623E+01
  0.16201208E+00  0.24592795E+01
  0.17674045E+00  0.24756242E+01
  0.19146882E+00  0.24920044E+01
  0.20619719E+00  0.25079399E+01
  0.22092556E+00  0.25228426E+01
  0.23565393E+00  0.25359914E+01
  0.25038230E+00  0.25465007E+01
  0.26511067E+00  0.25532849E+01
  0.27983904E+00  0.25550262E+01
  0.29456741E+00  0.25502252E+01
  0.30929579E+00  0.25376065E+01
  0.32402416E+00  0.25170454E+01
  0.33875253E+00  0.24898819E+01
  0.35348090E+00  0.24579514E+01
  0.36820927E+00  0.24227889E+01
  0.38293764E+00  0.23854809E+01
  0.39766601E+00  0.23467273E+01
  0.41239438E+00  0.23069547E+01
  0.42712275E+00  0.22665292E+01
  0.44185112E+00  0.22260222E+01
  0.45657949E+00  0.21863158E+01
  0.47130786E+00  0.21484772E+01
  0.48603623E+00  0.21135836E+01
  0.50076460E+00  0.20826201E+01
  0.51549298E+00  0.20564359E+01
  0.53022135E+00  0.20357139E+01
  0.54494972E+00  0.20209388E+01
  0.55967809E+00  0.20123655E+01
  0.57440646E+00  0.20100003E+01
  0.58913483E+00  0.20136054E+01
  0.60386320E+00  0.20227290E+01
  0.61859157E+00  0.20367541E+01
  0.63331994E+00  0.20549552E+01
  0.64804831E+00  0.20765484E+01
  0.66277668E+00  0.21007280E+01
  0.67750505E+00  0.21266804E+01
  0.69223342E+00  0.21535701E+01
  0.70696179E+00  0.21804914E+01
  0.72169017E+00  0.22064235E+01
  0.73641854E+00  0.22303883E+01
  0.75114691E+00  0.22519785E+01
  0.76587528E+00  0.22715775E+01
  0.78060365E+00  0.22898106E+01
  0.79533202E+00  0.23071163E+01
  0.81006039E+00  0.23237302E+01
  0.82478876E+00  0.23397769E+01
  0.83951713E+00  0.23553381E+01
  0.85424550E+00  0.23704874E+01
  0.86897387E+00  0.23853067E+01
  0.88370224E+00  0.23998898E+01
  0.89843061E+00  0.24143395E+01
  0.91315898E+00  0.24287606E+01
  0.92788736E+00  0.24432503E+01
  0.94261573E+00  0.24578893E+01
  0.95734410E+00  0.24727325E+01
  0.97207247E+00  0.24878030E+01
  0.98680084E+00  0.25030882E+01
  0.10015292E+01  0.25185388E+01
  0.10162576E+01  0.25340712E+01
  0.10309860E+01  0.25495729E+01
  0.10457143E+01  0.25649096E+01
  0.10604427E+01  0.25799353E+01
  0.10751711E+01  0.25945019E+01
  0.10898994E+01  0.26084690E+01
  0.11046278E+01  0.26217130E+01
  0.11193562E+01  0.26341323E+01
  0.11340845E+01  0.26456520E+01
  0.11488129E+01  0.26562234E+01
  0.11635413E+01  0.26658226E+01
  0.11782697E+01  0.26744460E+01
  0.11929980E+01  0.26821051E+01
  0.12077264E+01  0.26888208E+01
  0.12224548E+01  0.26946182E+01
  0.12371831E+01  0.26995225E+01
  0.12519115E+01  0.27035560E+01
  0.12666399E+01  0.27067375E+01
  0.12813683E+01  0.27090826E+01
  0.12960966E+01  0.27106062E+01
  0.13108250E+01  0.27113260E+01
  0.13255534E+01  0.27112681E+01
  0.13402817E+01  0.27104729E+01
  0.13550101E+01  0.27090024E+01
  0.13697385E+01  0.27069477E+01
  0.13844668E+01  0.27044365E+01
  0.13991952E+01  0.27016386E+01
  0.14139236E+01  0.26987687E+01
  0.14286520E+01  0.26960839E+01
  0.14433803E+01  0.26938757E+01
  0.14581087E+01  0.26924554E+01
  0.14728371E+01  0.26921345E+01
  0.14875654E+01  0.26944861E+01
  0.15022938E+01  0.26978703E+01
  0.15170222E+01  0.27025379E+01
  0.15317506E+01  0.27087304E+01
  0.15464789E+01  0.27166661E+01
  0.15612073E+01  0.27265295E+01
  0.15759357E+01  0.27384648E+01
  0.15906640E+01  0.27525758E+01
  0.16053924E+01  0.27689293E+01
  0.16201208E+01  0.27875633E+01
  0.16348492E+01  0.28084949E+01
  0.16495775E+01  0.28317266E+01
  0.16643059E+01  0.28572457E+01
  0.16790343E+01  0.28850130E+01
  0.16937626E+01  0.29149368E+01
  0.17084910E+01  0.29468229E+01
  0.17232194E+01  0.29802872E+01
  0.17379477E+01  0.30146061E+01
  0.17526761E+01  0.30484627E+01
  0.17674045E+01  0.30795399E+01
  0.17821329E+01  0.31040089E+01
  0.17968612E+01  0.31164273E+01
  0.18115896E+01  0.31113880E+01
  0.18263180E+01  0.30870991E+01
  0.18410463E+01  0.30468183E+01
  0.18557747E+01  0.29960148E+01
  0.18705031E+01  0.29394386E+01
  0.18852315E+01  0.28803464E+01
  0.18999598E+01  0.28208022E+01
  0.19146882E+01  0.27620952E+01
  0.19294166E+01  0.27050363E+01
  0.19441449E+01  0.26501383E+01
  0.19588733E+01  0.25977245E+01
  0.19736017E+01  0.25479952E+01
  0.19883300E+01  0.25010704E+01
  0.20030584E+01  0.24570179E+01
  0.20177868E+01  0.24158732E+01
  0.20325152E+01  0.23776528E+01
  0.20472435E+01  0.23423637E+01
  0.20619719E+01  0.23100104E+01
  0.20767003E+01  0.22805985E+01
  0.20914286E+01  0.22541379E+01
  0.21061570E+01  0.22306432E+01
  0.21208854E+01  0.22101343E+01
  0.21356138E+01  0.21926354E+01
  0.21503421E+01  0.21781733E+01
  0.21650705E+01  0.21667765E+01
  0.21797989E+01  0.21584726E+01
  0.21945272E+01  0.21532871E+01
  0.22092556E+01  0.21512419E+01
  0.22239168E+01  0.21510136E+01
  0.22385781E+01  0.21515845E+01
  0.22532393E+01  0.21529981E+01
  0.22679005E+01  0.21553145E+01
  0.22825618E+01  0.21586094E+01
  0.22972230E+01  0.21629720E+01
  0.23118842E+01  0.21685027E+01
  0.23265454E+01  0.21753103E+01
  0.23412067E+01  0.21835090E+01
  0.23558679E+01  0.21932144E+01
  0.23705291E+01  0.22045392E+01
  0.23851904E+01  0.22175889E+01
  0.23998516E+01  0.22324560E+01
  0.24145128E+01  0.22492150E+01
  0.24291741E+01  0.22679164E+01
  0.24438353E+01  0.22885809E+01
  0.24584965E+01  0.23111932E+01
  0.24731577E+01  0.23356962E+01
  0.24878190E+01  0.23619852E+01
  0.25024802E+01  0.23899017E+01
  0.25171414E+01  0.24192283E+01
  0.25318027E+01  0.24496832E+01
  0.25464639E+01  0.24809151E+01
  0.25611251E+01  0.25124985E+01
  0.25757864E+01  0.25439287E+01
  0.25904476E+01  0.25746174E+01
  0.26051088E+01  0.26038893E+01
  0.26197700E+01  0.26309801E+01
  0.26344313E+01  0.26550417E+01
  0.26490925E+01  0.26751598E+01
  0.26637537E+01  0.26903999E+01
  0.26784150E+01  0.26998997E+01
  0.26930762E+01  0.27030197E+01
  0.27077374E+01  0.26995201E+01
  0.27223987E+01  0.26896687E+01
  0.27370599E+01  0.26741862E+01
  0.27517211E+01  0.26540431E+01
  0.27663823E+01  0.26302379E+01
  0.27810436E+01  0.26036592E+01
  0.27957048E+01  0.25750441E+01
  0.28103660E+01  0.25449929E+01
  0.28250273E+01  0.25140041E+01
  0.28396885E+01  0.24825109E+01
  0.28543497E+01  0.24509091E+01
  0.28690110E+01  0.24195788E+01
  0.28836722E+01  0.23888965E+01
  0.28983334E+01  0.23592407E+01
  0.29129946E+01  0.23309898E+01
  0.29276559E+01  0.23045127E+01
  0.29423171E+01  0.22801573E+01
  0.29569783E+01  0.22582480E+01
  0.29716396E+01  0.22391188E+01
  0.29863008E+01  0.22231979E+01
  0.30009620E+01  0.22111018E+01
  0.30156233E+01  0.22036438E+01
  0.30302845E+01  0.22017141E+01
  0.30449457E+01  0.22060992E+01
  0.30596069E+01  0.22173138E+01
  0.30742682E+01  0.22354746E+01
  0.30889294E+01  0.22602242E+01
  0.31035906E+01  0.22907120E+01
  0.31182519E+01  0.23256268E+01
  0.31329131E+01  0.23632620E+01
  0.31475743E+01  0.24015882E+01
  0.31622356E+01  0.24383266E+01
  0.31768968E+01  0.24710601E+01
  0.31915580E+01  0.24975183E+01
  0.32062192E+01  0.25161710E+01
  0.32208805E+01  0.25267571E+01
  0.32355417E+01  0.25300447E+01
  0.32502029E+01  0.25271879E+01
  0.32648642E+01  0.25194014E+01
  0.32795254E+01  0.25078935E+01
  0.32941866E+01  0.24938215E+01
  0.33088479E+01  0.24782261E+01
  0.33235091E+01  0.24619816E+01
  0.33381703E+01  0.24457830E+01
  0.33528315E+01  0.24301616E+01
  0.33674928E+01  0.24155134E+01
  0.33821540E+01  0.24021296E+01
  0.33968152E+01  0.23902218E+01
  0.34114765E+01  0.23799436E+01
  0.34261377E+01  0.23714054E+01
  0.34407989E+01  0.23646864E+01
  0.34554602E+01  0.23598422E+01
  0.34701214E+01  0.23569103E+01
  0.34847826E+01  0.23559129E+01
  
  0.00000000E+00  0.24304031E+01
  0.14728371E-01  0.24320689E+01
  0.29456741E-01  0.24362225E+01
  0.44185112E-01  0.24427754E+01
  0.58913483E-01  0.24515828E+01
  0.73641854E-01  0.24624467E+01
  0.88370224E-01  0.24751193E+01
  0.10309860E+00  0.24893080E+01
  0.11782697E+00  0.25046796E+01
  0.13255534E+00  0.25208620E+01
  0.14728371E+00  0.25374430E+01
  0.16201208E+00  0.25539642E+01
  0.17674045E+00  0.25699095E+01
  0.19146882E+00  0.25846906E+01
  0.20619719E+00  0.25976312E+01
  0.22092556E+00  0.26079635E+01
  0.23565393E+00  0.26148542E+01
  0.25038230E+00  0.26174872E+01
  0.26511067E+00  0.26152264E+01
  0.27983904E+00  0.26078429E+01
  0.29456741E+00  0.25956869E+01
  0.30929579E+00  0.25794637E+01
  0.32402416E+00  0.25594136E+01
  0.33875253E+00  0.25350169E+01
  0.35348090E+00  0.25058902E+01
  0.36820927E+00  0.24724169E+01
  0.38293764E+00  0.24356755E+01
  0.39766601E+00  0.23971732E+01
  0.41239438E+00  0.23585882E+01
  0.42712275E+00  0.23214863E+01
  0.44185112E+00  0.22870362E+01
  0.45657949E+00  0.22559105E+01
  0.47130786E+00  0.22284246E+01
  0.48603623E+00  0.22047188E+01
  0.50076460E+00  0.21848531E+01
  0.51549298E+00  0.21688306E+01
  0.53022135E+00  0.21565952E+01
  0.54494972E+00  0.21480271E+01
  0.55967809E+00  0.21429462E+01
  0.57440646E+00  0.21411222E+01
  0.58913483E+00  0.21422908E+01
  0.60386320E+00  0.21461716E+01
  0.61859157E+00  0.21524848E+01
  0.63331994E+00  0.21609662E+01
  0.64804831E+00  0.21713796E+01
  0.66277668E+00  0.21835305E+01
  0.67750505E+00  0.21972869E+01
  0.69223342E+00  0.22126179E+01
  0.70696179E+00  0.22296571E+01
  0.72169017E+00  0.22487585E+01
  0.73641854E+00  0.22703457E+01
  0.75114691E+00  0.22943877E+01
  0.76587528E+00  0.23201796E+01
  0.78060365E+00  0.23468895E+01
  0.79533202E+00  0.23739798E+01
  0.81006039E+00  0.24012137E+01
  0.82478876E+00  0.24285483E+01
  0.83951713E+00  0.24560499E+01
  0.85424550E+00  0.24838390E+01
  0.86897387E+00  0.25120539E+01
  0.88370224E+00  0.25408264E+01
  0.89843061E+00  0.25702656E+01
  0.91315898E+00  0.26004489E+01
  0.92788736E+00  0.26314166E+01
  0.94261573E+00  0.26631708E+01
  0.95734410E+00  0.26956760E+01
  0.97207247E+00  0.27288609E+01
  0.98680084E+00  0.27626208E+01
  0.10015292E+01  0.27968199E+01
  0.10162576E+01  0.28312940E+01
  0.10309860E+01  0.28658536E+01
  0.10457143E+01  0.29002856E+01
  0.10604427E+01  0.29343568E+01
  0.10751711E+01  0.29678159E+01
  0.10898994E+01  0.30003949E+01
  0.11046278E+01  0.30318105E+01
  0.11193562E+01  0.30617638E+01
  0.11340845E+01  0.30899393E+01
  0.11488129E+01  0.31160042E+01
  0.11635413E+01  0.31396095E+01
  0.11782697E+01  0.31603946E+01
  0.11929980E+01  0.31779975E+01
  0.12077264E+01  0.31920740E+01
  0.12224548E+01  0.32023247E+01
  0.12371831E+01  0.32085294E+01
  0.12519115E+01  0.32105823E+01
  0.12666399E+01  0.32085229E+01
  0.12813683E+01  0.32025531E+01
  0.12960966E+01  0.31930371E+01
  0.13108250E+01  0.31804833E+01
  0.13255534E+01  0.31655119E+01
  0.13402817E+01  0.31488158E+01
  0.13550101E+01  0.31311205E+01
  0.13697385E+01  0.31131483E+01
  0.13844668E+01  0.30955889E+01
  0.13991952E+01  0.30790775E+01
  0.14139236E+01  0.30641797E+01
  0.14286520E+01  0.30513847E+01
  0.14433803E+01  0.30411043E+01
  0.14581087E+01  0.30336789E+01
  0.14728371E+01  0.30293870E+01
  0.14875654E+01  0.30342000E+01
  0.15022938E+01  0.30415385E+01
  0.15170222E+01  0.30514887E+01
  0.15317506E+01  0.30641217E+01
  0.15464789E+01  0.30794940E+01
  0.15612073E+01  0.30976455E+01
  0.15759357E+01  0.31185957E+01
  0.15906640E+01  0.31423368E+01
  0.16053924E+01  0.31688275E+01
  0.16201208E+01  0.31979870E+01
  0.16348492E+01  0.32296904E+01
  0.16495775E+01  0.32637681E+01
  0.16643059E+01  0.33000074E+01
  0.16790343E+01  0.33381568E+01
  0.16937626E+01  0.33779294E+01
  0.17084910E+01  0.34190022E+01
  0.17232194E+01  0.34610017E+01
  0.17379477E+01  0.35034521E+01
  0.17526761E+01  0.35456084E+01
  0.17674045E+01  0.35858324E+01
  0.17821329E+01  0.36185901E+01
  0.17968612E+01  0.36285860E+01
  0.18115896E+01  0.36283105E+01
  0.18263180E+01  0.36441919E+01
  0.18410463E+01  0.36587848E+01
  0.18557747E+01  0.36022241E+01
  0.18705031E+01  0.35386511E+01
  0.18852315E+01  0.34759591E+01
  0.18999598E+01  0.34155599E+01
  0.19146882E+01  0.33579782E+01
  0.19294166E+01  0.33034476E+01
  0.19441449E+01  0.32520752E+01
  0.19588733E+01  0.32039019E+01
  0.19736017E+01  0.31589282E+01
  0.19883300E+01  0.31171282E+01
  0.20030584E+01  0.30784576E+01
  0.20177868E+01  0.30428586E+01
  0.20325152E+01  0.30102647E+01
  0.20472435E+01  0.29806031E+01
  0.20619719E+01  0.29537982E+01
  0.20767003E+01  0.29297739E+01
  0.20914286E+01  0.29084553E+01
  0.21061570E+01  0.28897716E+01
  0.21208854E+01  0.28736569E+01
  0.21356138E+01  0.28600527E+01
  0.21503421E+01  0.28489089E+01
  0.21650705E+01  0.28401851E+01
  0.21797989E+01  0.28338519E+01
  0.21945272E+01  0.28298915E+01
  0.22092556E+01  0.28282985E+01
  0.22239168E+01  0.28284456E+01
  0.22385781E+01  0.28297609E+01
  0.22532393E+01  0.28322487E+01
  0.22679005E+01  0.28359079E+01
  0.22825618E+01  0.28407302E+01
  0.22972230E+01  0.28466980E+01
  0.23118842E+01  0.28537818E+01
  0.23265454E+01  0.28619376E+01
  0.23412067E+01  0.28711048E+01
  0.23558679E+01  0.28812039E+01
  0.23705291E+01  0.28921344E+01
  0.23851904E+01  0.29037733E+01
  0.23998516E+01  0.29159730E+01
  0.24145128E+01  0.29285603E+01
  0.24291741E+01  0.29413341E+01
  0.24438353E+01  0.29540648E+01
  0.24584965E+01  0.29664932E+01
  0.24731577E+01  0.29783306E+01
  0.24878190E+01  0.29892608E+01
  0.25024802E+01  0.29989453E+01
  0.25171414E+01  0.30070312E+01
  0.25318027E+01  0.30131657E+01
  0.25464639E+01  0.30170159E+01
  0.25611251E+01  0.30182937E+01
  0.25757864E+01  0.30167850E+01
  0.25904476E+01  0.30123787E+01
  0.26051088E+01  0.30050894E+01
  0.26197700E+01  0.29950697E+01
  0.26344313E+01  0.29826065E+01
  0.26490925E+01  0.29680967E+01
  0.26637537E+01  0.29519951E+01
  0.26784150E+01  0.29347239E+01
  0.26930762E+01  0.29165407E+01
  0.27077374E+01  0.28974002E+01
  0.27223987E+01  0.28768982E+01
  0.27370599E+01  0.28543828E+01
  0.27517211E+01  0.28291961E+01
  0.27663823E+01  0.28009039E+01
  0.27810436E+01  0.27694042E+01
  0.27957048E+01  0.27349133E+01
  0.28103660E+01  0.26978839E+01
  0.28250273E+01  0.26589111E+01
  0.28396885E+01  0.26186539E+01
  0.28543497E+01  0.25777837E+01
  0.28690110E+01  0.25369581E+01
  0.28836722E+01  0.24968146E+01
  0.28983334E+01  0.24579805E+01
  0.29129946E+01  0.24210940E+01
  0.29276559E+01  0.23868319E+01
  0.29423171E+01  0.23559383E+01
  0.29569783E+01  0.23292337E+01
  0.29716396E+01  0.23075771E+01
  0.29863008E+01  0.22917563E+01
  0.30009620E+01  0.22823412E+01
  0.30156233E+01  0.22795935E+01
  0.30302845E+01  0.22834729E+01
  0.30449457E+01  0.22936810E+01
  0.30596069E+01  0.23096904E+01
  0.30742682E+01  0.23307545E+01
  0.30889294E+01  0.23559213E+01
  0.31035906E+01  0.23840602E+01
  0.31182519E+01  0.24139064E+01
  0.31329131E+01  0.24441260E+01
  0.31475743E+01  0.24734095E+01
  0.31622356E+01  0.25005976E+01
  0.31768968E+01  0.25248083E+01
  0.31915580E+01  0.25454412E+01
  0.32062192E+01  0.25619143E+01
  0.32208805E+01  0.25734441E+01
  0.32355417E+01  0.25794462E+01
  0.32502029E+01  0.25800537E+01
  0.32648642E+01  0.25760515E+01
  0.32795254E+01  0.25684737E+01
  0.32941866E+01  0.25582942E+01
  0.33088479E+01  0.25463186E+01
  0.33235091E+01  0.25331968E+01
  0.33381703E+01  0.25194674E+01
  0.33528315E+01  0.25055957E+01
  0.33674928E+01  0.24919964E+01
  0.33821540E+01  0.24790452E+01
  0.33968152E+01  0.24670833E+01
  0.34114765E+01  0.24564170E+01
  0.34261377E+01  0.24473155E+01
  0.34407989E+01  0.24400065E+01
  0.34554602E+01  0.24346722E+01
  0.34701214E+01  0.24314447E+01
  0.34847826E+01  0.24304031E+01
  
  0.00000000E+00  0.29581403E+01
  0.14728371E-01  0.29594922E+01
  0.29456741E-01  0.29635691E+01
  0.44185112E-01  0.29702328E+01
  0.58913483E-01  0.29792559E+01
  0.73641854E-01  0.29903245E+01
  0.88370224E-01  0.30030420E+01
  0.10309860E+00  0.30169358E+01
  0.11782697E+00  0.30314650E+01
  0.13255534E+00  0.30460352E+01
  0.14728371E+00  0.30600214E+01
  0.16201208E+00  0.30728061E+01
  0.17674045E+00  0.30838392E+01
  0.19146882E+00  0.30927246E+01
  0.20619719E+00  0.30993260E+01
  0.22092556E+00  0.31038716E+01
  0.23565393E+00  0.31070101E+01
  0.25038230E+00  0.31097676E+01
  0.26511067E+00  0.31133745E+01
  0.27983904E+00  0.31189912E+01
  0.29456741E+00  0.31274220E+01
  0.30929579E+00  0.31389183E+01
  0.32402416E+00  0.31531044E+01
  0.33875253E+00  0.31689976E+01
  0.35348090E+00  0.31852027E+01
  0.36820927E+00  0.32006206E+01
  0.38293764E+00  0.32154167E+01
  0.39766601E+00  0.32307495E+01
  0.41239438E+00  0.32476149E+01
  0.42712275E+00  0.32664350E+01
  0.44185112E+00  0.32872475E+01
  0.45657949E+00  0.33099262E+01
  0.47130786E+00  0.33343011E+01
  0.48603623E+00  0.33602073E+01
  0.50076460E+00  0.33874987E+01
  0.51549298E+00  0.34160444E+01
  0.53022135E+00  0.34457163E+01
  0.54494972E+00  0.34763721E+01
  0.55967809E+00  0.35078336E+01
  0.57440646E+00  0.35398631E+01
  0.58913483E+00  0.35721379E+01
  0.60386320E+00  0.36042246E+01
  0.61859157E+00  0.36355580E+01
  0.63331994E+00  0.36654306E+01
  0.64804831E+00  0.36930012E+01
  0.66277668E+00  0.37173380E+01
  0.67750505E+00  0.37375104E+01
  0.69223342E+00  0.37527366E+01
  0.70696179E+00  0.37625732E+01
  0.72169017E+00  0.37670934E+01
  0.73641854E+00  0.37669728E+01
  0.75114691E+00  0.37634272E+01
  0.76587528E+00  0.37580182E+01
  0.78060365E+00  0.37524085E+01
  0.79533202E+00  0.37481514E+01
  0.81006039E+00  0.37465553E+01
  0.82478876E+00  0.37486227E+01
  0.83951713E+00  0.37550448E+01
  0.85424550E+00  0.37662280E+01
  0.86897387E+00  0.37823369E+01
  0.88370224E+00  0.38033410E+01
  0.89843061E+00  0.38290617E+01
  0.91315898E+00  0.38592128E+01
  0.92788736E+00  0.38934349E+01
  0.94261573E+00  0.39313235E+01
  0.95734410E+00  0.39724504E+01
  0.97207247E+00  0.40163786E+01
  0.98680084E+00  0.40626742E+01
  0.10015292E+01  0.41109129E+01
  0.10162576E+01  0.41606845E+01
  0.10309860E+01  0.42115937E+01
  0.10457143E+01  0.42632588E+01
  0.10604427E+01  0.43153069E+01
  0.10751711E+01  0.43673626E+01
  0.10898994E+01  0.44190261E+01
  0.11046278E+01  0.44698283E+01
  0.11193562E+01  0.45191286E+01
  0.11340845E+01  0.45658641E+01
  0.11488129E+01  0.46079037E+01
  0.11635413E+01  0.46407674E+01
  0.11782697E+01  0.46585422E+01
  0.11929980E+01  0.46620752E+01
  0.12077264E+01  0.46587996E+01
  0.12224548E+01  0.46544956E+01
  0.12371831E+01  0.46523702E+01
  0.12519115E+01  0.46542708E+01
  0.12666399E+01  0.46612968E+01
  0.12813683E+01  0.46740440E+01
  0.12960966E+01  0.46927217E+01
  0.13108250E+01  0.47172292E+01
  0.13255534E+01  0.47472172E+01
  0.13402817E+01  0.47821394E+01
  0.13550101E+01  0.48212912E+01
  0.13697385E+01  0.48638281E+01
  0.13844668E+01  0.49087583E+01
  0.13991952E+01  0.49548971E+01
  0.14139236E+01  0.50007649E+01
  0.14286520E+01  0.50444055E+01
  0.14433803E+01  0.50831049E+01
  0.14581087E+01  0.51130503E+01
  0.14728371E+01  0.51291260E+01
  0.14875654E+01  0.51130832E+01
  0.15022938E+01  0.50807937E+01
  0.15170222E+01  0.50359865E+01
  0.15317506E+01  0.49820896E+01
  0.15464789E+01  0.49214893E+01
  0.15612073E+01  0.48556865E+01
  0.15759357E+01  0.47856360E+01
  0.15906640E+01  0.47120008E+01
  0.16053924E+01  0.46353022E+01
  0.16201208E+01  0.45560040E+01
  0.16348492E+01  0.44745575E+01
  0.16495775E+01  0.43914291E+01
  0.16643059E+01  0.43071206E+01
  0.16790343E+01  0.42221920E+01
  0.16937626E+01  0.41372954E+01
  0.17084910E+01  0.40532304E+01
  0.17232194E+01  0.39710432E+01
  0.17379477E+01  0.38922115E+01
  0.17526761E+01  0.38190248E+01
  0.17674045E+01  0.37555181E+01
  0.17821329E+01  0.37107209E+01
  0.17968612E+01  0.37037345E+01
  0.18115896E+01  0.37207414E+01
  0.18263180E+01  0.37148105E+01
  0.18410463E+01  0.36901736E+01
  0.18557747E+01  0.37375413E+01
  0.18705031E+01  0.38002842E+01
  0.18852315E+01  0.38689779E+01
  0.18999598E+01  0.39381326E+01
  0.19146882E+01  0.40025287E+01
  0.19294166E+01  0.40595154E+01
  0.19441449E+01  0.41099405E+01
  0.19588733E+01  0.41556881E+01
  0.19736017E+01  0.41980588E+01
  0.19883300E+01  0.42377133E+01
  0.20030584E+01  0.42749351E+01
  0.20177868E+01  0.43098128E+01
  0.20325152E+01  0.43423377E+01
  0.20472435E+01  0.43724563E+01
  0.20619719E+01  0.44000992E+01
  0.20767003E+01  0.44251982E+01
  0.20914286E+01  0.44476964E+01
  0.21061570E+01  0.44675536E+01
  0.21208854E+01  0.44847486E+01
  0.21356138E+01  0.44992785E+01
  0.21503421E+01  0.45111552E+01
  0.21650705E+01  0.45204004E+01
  0.21797989E+01  0.45270394E+01
  0.21945272E+01  0.45310949E+01
  0.22092556E+01  0.45325814E+01
  0.22239168E+01  0.45320569E+01
  0.22385781E+01  0.45302992E+01
  0.22532393E+01  0.45271844E+01
  0.22679005E+01  0.45225216E+01
  0.22825618E+01  0.45160721E+01
  0.22972230E+01  0.45075735E+01
  0.23118842E+01  0.44967669E+01
  0.23265454E+01  0.44834238E+01
  0.23412067E+01  0.44673722E+01
  0.23558679E+01  0.44485159E+01
  0.23705291E+01  0.44268493E+01
  0.23851904E+01  0.44024639E+01
  0.23998516E+01  0.43755486E+01
  0.24145128E+01  0.43463840E+01
  0.24291741E+01  0.43153331E+01
  0.24438353E+01  0.42828287E+01
  0.24584965E+01  0.42493592E+01
  0.24731577E+01  0.42154538E+01
  0.24878190E+01  0.41816649E+01
  0.25024802E+01  0.41485486E+01
  0.25171414E+01  0.41166377E+01
  0.25318027E+01  0.40864046E+01
  0.25464639E+01  0.40582019E+01
  0.25611251E+01  0.40321624E+01
  0.25757864E+01  0.40080128E+01
  0.25904476E+01  0.39847271E+01
  0.26051088E+01  0.39600820E+01
  0.26197700E+01  0.39311488E+01
  0.26344313E+01  0.38969728E+01
  0.26490925E+01  0.38595371E+01
  0.26637537E+01  0.38212762E+01
  0.26784150E+01  0.37838121E+01
  0.26930762E+01  0.37481141E+01
  0.27077374E+01  0.37147674E+01
  0.27223987E+01  0.36840943E+01
  0.27370599E+01  0.36561887E+01
  0.27517211E+01  0.36309274E+01
  0.27663823E+01  0.36079940E+01
  0.27810436E+01  0.35869288E+01
  0.27957048E+01  0.35671987E+01
  0.28103660E+01  0.35482704E+01
  0.28250273E+01  0.35296716E+01
  0.28396885E+01  0.35110298E+01
  0.28543497E+01  0.34920893E+01
  0.28690110E+01  0.34727090E+01
  0.28836722E+01  0.34528491E+01
  0.28983334E+01  0.34325518E+01
  0.29129946E+01  0.34119204E+01
  0.29276559E+01  0.33911015E+01
  0.29423171E+01  0.33702693E+01
  0.29569783E+01  0.33496142E+01
  0.29716396E+01  0.33293352E+01
  0.29863008E+01  0.33096346E+01
  0.30009620E+01  0.32907161E+01
  0.30156233E+01  0.32727836E+01
  0.30302845E+01  0.32560408E+01
  0.30449457E+01  0.32406902E+01
  0.30596069E+01  0.32269278E+01
  0.30742682E+01  0.32149286E+01
  0.30889294E+01  0.32048094E+01
  0.31035906E+01  0.31965472E+01
  0.31182519E+01  0.31898121E+01
  0.31329131E+01  0.31836863E+01
  0.31475743E+01  0.31764181E+01
  0.31622356E+01  0.31659412E+01
  0.31768968E+01  0.31517576E+01
  0.31915580E+01  0.31359497E+01
  0.32062192E+01  0.31214245E+01
  0.32208805E+01  0.31100288E+01
  0.32355417E+01  0.31020814E+01
  0.32502029E+01  0.30967024E+01
  0.32648642E+01  0.30924196E+01
  0.32795254E+01  0.30877716E+01
  0.32941866E+01  0.30817051E+01
  0.33088479E+01  0.30737084E+01
  0.33235091E+01  0.30637507E+01
  0.33381703E+01  0.30521373E+01
  0.33528315E+01  0.30393634E+01
  0.33674928E+01  0.30260042E+01
  0.33821540E+01  0.30126444E+01
  0.33968152E+01  0.29998391E+01
  0.34114765E+01  0.29880924E+01
  0.34261377E+01  0.29778461E+01
  0.34407989E+01  0.29694722E+01
  0.34554602E+01  0.29632669E+01
  0.34701214E+01  0.29594459E+01
  0.34847826E+01  0.29581403E+01
  
  0.00000000E+00  0.40139530E+01
  0.14728371E-01  0.40088019E+01
  0.29456741E-01  0.39995224E+01
  0.44185112E-01  0.39860897E+01
  0.58913483E-01  0.39687525E+01
  0.73641854E-01  0.39476615E+01
  0.88370224E-01  0.39229141E+01
  0.10309860E+00  0.38945989E+01
  0.11782697E+00  0.38628085E+01
  0.13255534E+00  0.38276495E+01
  0.14728371E+00  0.37892689E+01
  0.16201208E+00  0.37478946E+01
  0.17674045E+00  0.37038727E+01
  0.19146882E+00  0.36576875E+01
  0.20619719E+00  0.36099646E+01
  0.22092556E+00  0.35614684E+01
  0.23565393E+00  0.35131038E+01
  0.25038230E+00  0.34659220E+01
  0.26511067E+00  0.34211257E+01
  0.27983904E+00  0.33800585E+01
  0.29456741E+00  0.33441633E+01
  0.30929579E+00  0.33149024E+01
  0.32402416E+00  0.32936596E+01
  0.33875253E+00  0.32816641E+01
  0.35348090E+00  0.32798574E+01
  0.36820927E+00  0.32883539E+01
  0.38293764E+00  0.33057069E+01
  0.39766601E+00  0.33294049E+01
  0.41239438E+00  0.33571907E+01
  0.42712275E+00  0.33875628E+01
  0.44185112E+00  0.34196179E+01
  0.45657949E+00  0.34528271E+01
  0.47130786E+00  0.34868947E+01
  0.48603623E+00  0.35216770E+01
  0.50076460E+00  0.35571327E+01
  0.51549298E+00  0.35932856E+01
  0.53022135E+00  0.36301941E+01
  0.54494972E+00  0.36679233E+01
  0.55967809E+00  0.37065210E+01
  0.57440646E+00  0.37459972E+01
  0.58913483E+00  0.37863070E+01
  0.60386320E+00  0.38273366E+01
  0.61859157E+00  0.38688908E+01
  0.63331994E+00  0.39106782E+01
  0.64804831E+00  0.39522947E+01
  0.66277668E+00  0.39932100E+01
  0.67750505E+00  0.40327789E+01
  0.69223342E+00  0.40703099E+01
  0.70696179E+00  0.41052185E+01
  0.72169017E+00  0.41372279E+01
  0.73641854E+00  0.41664943E+01
  0.75114691E+00  0.41935512E+01
  0.76587528E+00  0.42191109E+01
  0.78060365E+00  0.42438677E+01
  0.79533202E+00  0.42683918E+01
  0.81006039E+00  0.42931045E+01
  0.82478876E+00  0.43182916E+01
  0.83951713E+00  0.43441224E+01
  0.85424550E+00  0.43706644E+01
  0.86897387E+00  0.43978935E+01
  0.88370224E+00  0.44257025E+01
  0.89843061E+00  0.44539113E+01
  0.91315898E+00  0.44822792E+01
  0.92788736E+00  0.45105208E+01
  0.94261573E+00  0.45383245E+01
  0.95734410E+00  0.45653730E+01
  0.97207247E+00  0.45913637E+01
  0.98680084E+00  0.46160266E+01
  0.10015292E+01  0.46391376E+01
  0.10162576E+01  0.46605217E+01
  0.10309860E+01  0.46800441E+01
  0.10457143E+01  0.46975848E+01
  0.10604427E+01  0.47129986E+01
  0.10751711E+01  0.47260740E+01
  0.10898994E+01  0.47365201E+01
  0.11046278E+01  0.47440334E+01
  0.11193562E+01  0.47485155E+01
  0.11340845E+01  0.47505332E+01
  0.11488129E+01  0.47521943E+01
  0.11635413E+01  0.47585527E+01
  0.11782697E+01  0.47766401E+01
  0.11929980E+01  0.48070801E+01
  0.12077264E+01  0.48440343E+01
  0.12224548E+01  0.48832535E+01
  0.12371831E+01  0.49228691E+01
  0.12519115E+01  0.49620959E+01
  0.12666399E+01  0.50005690E+01
  0.12813683E+01  0.50380698E+01
  0.12960966E+01  0.50744018E+01
  0.13108250E+01  0.51093290E+01
  0.13255534E+01  0.51425486E+01
  0.13402817E+01  0.51736960E+01
  0.13550101E+01  0.52023858E+01
  0.13697385E+01  0.52282896E+01
  0.13844668E+01  0.52512326E+01
  0.13991952E+01  0.52712590E+01
  0.14139236E+01  0.52886024E+01
  0.14286520E+01  0.53034557E+01
  0.14433803E+01  0.53152916E+01
  0.14581087E+01  0.53214221E+01
  0.14728371E+01  0.53175298E+01
  0.14875654E+01  0.53193864E+01
  0.15022938E+01  0.53146499E+01
  0.15170222E+01  0.53076521E+01
  0.15317506E+01  0.53005223E+01
  0.15464789E+01  0.52934114E+01
  0.15612073E+01  0.52842892E+01
  0.15759357E+01  0.52590178E+01
  0.15906640E+01  0.51959102E+01
  0.16053924E+01  0.51165478E+01
  0.16201208E+01  0.50309159E+01
  0.16348492E+01  0.49414408E+01
  0.16495775E+01  0.48493620E+01
  0.16643059E+01  0.47555990E+01
  0.16790343E+01  0.46609305E+01
  0.16937626E+01  0.45660499E+01
  0.17084910E+01  0.44715875E+01
  0.17232194E+01  0.43781271E+01
  0.17379477E+01  0.42862246E+01
  0.17526761E+01  0.41964462E+01
  0.17674045E+01  0.41094574E+01
  0.17821329E+01  0.40262740E+01
  0.17968612E+01  0.39491365E+01
  0.18115896E+01  0.38852825E+01
  0.18263180E+01  0.38573879E+01
  0.18410463E+01  0.38756423E+01
  0.18557747E+01  0.39137945E+01
  0.18705031E+01  0.39594529E+01
  0.18852315E+01  0.40105494E+01
  0.18999598E+01  0.40685299E+01
  0.19146882E+01  0.41359962E+01
  0.19294166E+01  0.42135165E+01
  0.19441449E+01  0.42983615E+01
  0.19588733E+01  0.43868242E+01
  0.19736017E+01  0.44757907E+01
  0.19883300E+01  0.45628084E+01
  0.20030584E+01  0.46458801E+01
  0.20177868E+01  0.47233731E+01
  0.20325152E+01  0.47940283E+01
  0.20472435E+01  0.48570064E+01
  0.20619719E+01  0.49119173E+01
  0.20767003E+01  0.49588020E+01
  0.20914286E+01  0.49980574E+01
  0.21061570E+01  0.50303239E+01
  0.21208854E+01  0.50563627E+01
  0.21356138E+01  0.50769486E+01
  0.21503421E+01  0.50927930E+01
  0.21650705E+01  0.51044970E+01
  0.21797989E+01  0.51125294E+01
  0.21945272E+01  0.51172205E+01
  0.22092556E+01  0.51187639E+01
  0.22239168E+01  0.51163966E+01
  0.22385781E+01  0.51097509E+01
  0.22532393E+01  0.50988457E+01
  0.22679005E+01  0.50837137E+01
  0.22825618E+01  0.50644055E+01
  0.22972230E+01  0.50409956E+01
  0.23118842E+01  0.50135882E+01
  0.23265454E+01  0.49823223E+01
  0.23412067E+01  0.49473753E+01
  0.23558679E+01  0.49089651E+01
  0.23705291E+01  0.48673486E+01
  0.23851904E+01  0.48228187E+01
  0.23998516E+01  0.47756994E+01
  0.24145128E+01  0.47263389E+01
  0.24291741E+01  0.46751026E+01
  0.24438353E+01  0.46223652E+01
  0.24584965E+01  0.45685046E+01
  0.24731577E+01  0.45138955E+01
  0.24878190E+01  0.44589065E+01
  0.25024802E+01  0.44038994E+01
  0.25171414E+01  0.43492351E+01
  0.25318027E+01  0.42952885E+01
  0.25464639E+01  0.42424838E+01
  0.25611251E+01  0.41913692E+01
  0.25757864E+01  0.41427788E+01
  0.25904476E+01  0.40981596E+01
  0.26051088E+01  0.40600051E+01
  0.26197700E+01  0.40313667E+01
  0.26344313E+01  0.40131904E+01
  0.26490925E+01  0.40033805E+01
  0.26637537E+01  0.39993165E+01
  0.26784150E+01  0.39991404E+01
  0.26930762E+01  0.40016063E+01
  0.27077374E+01  0.40058006E+01
  0.27223987E+01  0.40109947E+01
  0.27370599E+01  0.40165784E+01
  0.27517211E+01  0.40220292E+01
  0.27663823E+01  0.40268958E+01
  0.27810436E+01  0.40307859E+01
  0.27957048E+01  0.40333555E+01
  0.28103660E+01  0.40342980E+01
  0.28250273E+01  0.40333351E+01
  0.28396885E+01  0.40302086E+01
  0.28543497E+01  0.40246753E+01
  0.28690110E+01  0.40165050E+01
  0.28836722E+01  0.40054803E+01
  0.28983334E+01  0.39914005E+01
  0.29129946E+01  0.39740862E+01
  0.29276559E+01  0.39533860E+01
  0.29423171E+01  0.39291841E+01
  0.29569783E+01  0.39014097E+01
  0.29716396E+01  0.38700481E+01
  0.29863008E+01  0.38351527E+01
  0.30009620E+01  0.37968606E+01
  0.30156233E+01  0.37554085E+01
  0.30302845E+01  0.37111515E+01
  0.30449457E+01  0.36645816E+01
  0.30596069E+01  0.36163490E+01
  0.30742682E+01  0.35672885E+01
  0.30889294E+01  0.35184624E+01
  0.31035906E+01  0.34712412E+01
  0.31182519E+01  0.34274584E+01
  0.31329131E+01  0.33896609E+01
  0.31475743E+01  0.33612931E+01
  0.31622356E+01  0.33460670E+01
  0.31768968E+01  0.33459052E+01
  0.31915580E+01  0.33596865E+01
  0.32062192E+01  0.33847132E+01
  0.32208805E+01  0.34183367E+01
  0.32355417E+01  0.34583420E+01
  0.32502029E+01  0.35028457E+01
  0.32648642E+01  0.35501968E+01
  0.32795254E+01  0.35989377E+01
  0.32941866E+01  0.36477944E+01
  0.33088479E+01  0.36956738E+01
  0.33235091E+01  0.37416649E+01
  0.33381703E+01  0.37850425E+01
  0.33528315E+01  0.38252701E+01
  0.33674928E+01  0.38619922E+01
  0.33821540E+01  0.38950038E+01
  0.33968152E+01  0.39242001E+01
  0.34114765E+01  0.39495198E+01
  0.34261377E+01  0.39709002E+01
  0.34407989E+01  0.39882347E+01
  0.34554602E+01  0.40013099E+01
  0.34701214E+01  0.40097905E+01
  0.34847826E+01  0.40139530E+01
  
  0.00000000E+00  0.40139834E+01
  0.14728371E-01  0.40161921E+01
  0.29456741E-01  0.40178218E+01
  0.44185112E-01  0.40200041E+01
  0.58913483E-01  0.40226046E+01
  0.73641854E-01  0.40148254E+01
  0.88370224E-01  0.39946364E+01
  0.10309860E+00  0.39709617E+01
  0.11782697E+00  0.39451528E+01
  0.13255534E+00  0.39181628E+01
  0.14728371E+00  0.38910027E+01
  0.16201208E+00  0.38647397E+01
  0.17674045E+00  0.38404412E+01
  0.19146882E+00  0.38191079E+01
  0.20619719E+00  0.38016000E+01
  0.22092556E+00  0.37885625E+01
  0.23565393E+00  0.37803650E+01
  0.25038230E+00  0.37770810E+01
  0.26511067E+00  0.37785231E+01
  0.27983904E+00  0.37843203E+01
  0.29456741E+00  0.37940127E+01
  0.30929579E+00  0.38071323E+01
  0.32402416E+00  0.38232574E+01
  0.33875253E+00  0.38420387E+01
  0.35348090E+00  0.38632034E+01
  0.36820927E+00  0.38865454E+01
  0.38293764E+00  0.39119085E+01
  0.39766601E+00  0.39391667E+01
  0.41239438E+00  0.39682044E+01
  0.42712275E+00  0.39988974E+01
  0.44185112E+00  0.40310959E+01
  0.45657949E+00  0.40646104E+01
  0.47130786E+00  0.40992002E+01
  0.48603623E+00  0.41345659E+01
  0.50076460E+00  0.41703447E+01
  0.51549298E+00  0.42061097E+01
  0.53022135E+00  0.42413724E+01
  0.54494972E+00  0.42755910E+01
  0.55967809E+00  0.43081866E+01
  0.57440646E+00  0.43385732E+01
  0.58913483E+00  0.43662075E+01
  0.60386320E+00  0.43906680E+01
  0.61859157E+00  0.44117651E+01
  0.63331994E+00  0.44296781E+01
  0.64804831E+00  0.44450913E+01
  0.66277668E+00  0.44592819E+01
  0.67750505E+00  0.44740878E+01
  0.69223342E+00  0.44916930E+01
  0.70696179E+00  0.45142147E+01
  0.72169017E+00  0.45432057E+01
  0.73641854E+00  0.45793032E+01
  0.75114691E+00  0.46222127E+01
  0.76587528E+00  0.46709863E+01
  0.78060365E+00  0.47243728E+01
  0.79533202E+00  0.47810637E+01
  0.81006039E+00  0.48397905E+01
  0.82478876E+00  0.48993025E+01
  0.83951713E+00  0.49582501E+01
  0.85424550E+00  0.50149626E+01
  0.86897387E+00  0.50671088E+01
  0.88370224E+00  0.51113682E+01
  0.89843061E+00  0.51438100E+01
  0.91315898E+00  0.51619708E+01
  0.92788736E+00  0.51670196E+01
  0.94261573E+00  0.51626978E+01
  0.95734410E+00  0.51528072E+01
  0.97207247E+00  0.51401793E+01
  0.98680084E+00  0.51267618E+01
  0.10015292E+01  0.51138973E+01
  0.10162576E+01  0.51025174E+01
  0.10309860E+01  0.50932511E+01
  0.10457143E+01  0.50864905E+01
  0.10604427E+01  0.50824452E+01
  0.10751711E+01  0.50812042E+01
  0.10898994E+01  0.50828052E+01
  0.11046278E+01  0.50872989E+01
  0.11193562E+01  0.50947775E+01
  0.11340845E+01  0.51053403E+01
  0.11488129E+01  0.51190042E+01
  0.11635413E+01  0.51356157E+01
  0.11782697E+01  0.51548239E+01
  0.11929980E+01  0.51761279E+01
  0.12077264E+01  0.51989579E+01
  0.12224548E+01  0.52227501E+01
  0.12371831E+01  0.52469967E+01
  0.12519115E+01  0.52712758E+01
  0.12666399E+01  0.52952701E+01
  0.12813683E+01  0.53187801E+01
  0.12960966E+01  0.53417332E+01
  0.13108250E+01  0.53641876E+01
  0.13255534E+01  0.53863229E+01
  0.13402817E+01  0.54084056E+01
  0.13550101E+01  0.54307150E+01
  0.13697385E+01  0.54534120E+01
  0.13844668E+01  0.54763291E+01
  0.13991952E+01  0.54985564E+01
  0.14139236E+01  0.55167983E+01
  0.14286520E+01  0.55171372E+01
  0.14433803E+01  0.54920063E+01
  0.14581087E+01  0.54675577E+01
  0.14728371E+01  0.54600146E+01
  0.14875654E+01  0.54659697E+01
  0.15022938E+01  0.54877418E+01
  0.15170222E+01  0.55013882E+01
  0.15317506E+01  0.54725767E+01
  0.15464789E+01  0.54222247E+01
  0.15612073E+01  0.53638309E+01
  0.15759357E+01  0.53146581E+01
  0.15906640E+01  0.52981805E+01
  0.16053924E+01  0.52941876E+01
  0.16201208E+01  0.52938517E+01
  0.16348492E+01  0.52957660E+01
  0.16495775E+01  0.52996140E+01
  0.16643059E+01  0.53053275E+01
  0.16790343E+01  0.53129242E+01
  0.16937626E+01  0.53224651E+01
  0.17084910E+01  0.53340403E+01
  0.17232194E+01  0.53477633E+01
  0.17379477E+01  0.53637659E+01
  0.17526761E+01  0.53821926E+01
  0.17674045E+01  0.54031937E+01
  0.17821329E+01  0.54269147E+01
  0.17968612E+01  0.54534850E+01
  0.18115896E+01  0.54830037E+01
  0.18263180E+01  0.55155230E+01
  0.18410463E+01  0.55510303E+01
  0.18557747E+01  0.55894284E+01
  0.18705031E+01  0.56305150E+01
  0.18852315E+01  0.56739620E+01
  0.18999598E+01  0.57193001E+01
  0.19146882E+01  0.57659147E+01
  0.19294166E+01  0.58130668E+01
  0.19441449E+01  0.58599607E+01
  0.19588733E+01  0.59058748E+01
  0.19736017E+01  0.59503436E+01
  0.19883300E+01  0.59933163E+01
  0.20030584E+01  0.60351676E+01
  0.20177868E+01  0.60764640E+01
  0.20325152E+01  0.61174206E+01
  0.20472435E+01  0.61564208E+01
  0.20619719E+01  0.61835282E+01
  0.20767003E+01  0.61851673E+01
  0.20914286E+01  0.61746646E+01
  0.21061570E+01  0.61608230E+01
  0.21208854E+01  0.61462997E+01
  0.21356138E+01  0.61324147E+01
  0.21503421E+01  0.61200488E+01
  0.21650705E+01  0.61098454E+01
  0.21797989E+01  0.61022765E+01
  0.21945272E+01  0.60976685E+01
  0.22092556E+01  0.60962141E+01
  0.22239168E+01  0.60967127E+01
  0.22385781E+01  0.60981406E+01
  0.22532393E+01  0.61005844E+01
  0.22679005E+01  0.61041727E+01
  0.22825618E+01  0.61090565E+01
  0.22972230E+01  0.61153843E+01
  0.23118842E+01  0.61232743E+01
  0.23265454E+01  0.61327872E+01
  0.23412067E+01  0.61439035E+01
  0.23558679E+01  0.61565055E+01
  0.23705291E+01  0.61703693E+01
  0.23851904E+01  0.61851643E+01
  0.23998516E+01  0.62004611E+01
  0.24145128E+01  0.62157466E+01
  0.24291741E+01  0.62304423E+01
  0.24438353E+01  0.62439268E+01
  0.24584965E+01  0.62555578E+01
  0.24731577E+01  0.62646946E+01
  0.24878190E+01  0.62707196E+01
  0.25024802E+01  0.62730581E+01
  0.25171414E+01  0.62711972E+01
  0.25318027E+01  0.62647022E+01
  0.25464639E+01  0.62532322E+01
  0.25611251E+01  0.62365525E+01
  0.25757864E+01  0.62145438E+01
  0.25904476E+01  0.61872088E+01
  0.26051088E+01  0.61546724E+01
  0.26197700E+01  0.61171783E+01
  0.26344313E+01  0.60750799E+01
  0.26490925E+01  0.60288254E+01
  0.26637537E+01  0.59789391E+01
  0.26784150E+01  0.59259980E+01
  0.26930762E+01  0.58706054E+01
  0.27077374E+01  0.58133633E+01
  0.27223987E+01  0.57548429E+01
  0.27370599E+01  0.56955575E+01
  0.27517211E+01  0.56359378E+01
  0.27663823E+01  0.55763122E+01
  0.27810436E+01  0.55168947E+01
  0.27957048E+01  0.54577806E+01
  0.28103660E+01  0.53989527E+01
  0.28250273E+01  0.53402952E+01
  0.28396885E+01  0.52816165E+01
  0.28543497E+01  0.52226765E+01
  0.28690110E+01  0.51632172E+01
  0.28836722E+01  0.51029937E+01
  0.28983334E+01  0.50418019E+01
  0.29129946E+01  0.49795025E+01
  0.29276559E+01  0.49160388E+01
  0.29423171E+01  0.48514477E+01
  0.29569783E+01  0.47858637E+01
  0.29716396E+01  0.47195153E+01
  0.29863008E+01  0.46527142E+01
  0.30009620E+01  0.45858393E+01
  0.30156233E+01  0.45193144E+01
  0.30302845E+01  0.44535851E+01
  0.30449457E+01  0.43890950E+01
  0.30596069E+01  0.43262667E+01
  0.30742682E+01  0.42654896E+01
  0.30889294E+01  0.42071159E+01
  0.31035906E+01  0.41514661E+01
  0.31182519E+01  0.40988413E+01
  0.31329131E+01  0.40495399E+01
  0.31475743E+01  0.40038774E+01
  0.31622356E+01  0.39622043E+01
  0.31768968E+01  0.39249219E+01
  0.31915580E+01  0.38924889E+01
  0.32062192E+01  0.38654149E+01
  0.32208805E+01  0.38442297E+01
  0.32355417E+01  0.38294225E+01
  0.32502029E+01  0.38213482E+01
  0.32648642E+01  0.38201193E+01
  0.32795254E+01  0.38255176E+01
  0.32941866E+01  0.38369651E+01
  0.33088479E+01  0.38535694E+01
  0.33235091E+01  0.38742217E+01
  0.33381703E+01  0.38977046E+01
  0.33528315E+01  0.39227774E+01
  0.33674928E+01  0.39482340E+01
  0.33821540E+01  0.39729427E+01
  0.33968152E+01  0.39958586E+01
  0.34114765E+01  0.40158127E+01
  0.34261377E+01  0.40273257E+01
  0.34407989E+01  0.40235215E+01
  0.34554602E+01  0.40191204E+01
  0.34701214E+01  0.40162144E+01
  0.34847826E+01  0.40139834E+01
  
  0.00000000E+00  0.40684343E+01
  0.14728371E-01  0.40661973E+01
  0.29456741E-01  0.40599382E+01
  0.44185112E-01  0.40497547E+01
  0.58913483E-01  0.40366661E+01
  0.73641854E-01  0.40322882E+01
  0.88370224E-01  0.40395325E+01
  0.10309860E+00  0.40504734E+01
  0.11782697E+00  0.40649035E+01
  0.13255534E+00  0.40831605E+01
  0.14728371E+00  0.41056365E+01
  0.16201208E+00  0.41327094E+01
  0.17674045E+00  0.41647004E+01
  0.19146882E+00  0.42018167E+01
  0.20619719E+00  0.42440453E+01
  0.22092556E+00  0.42909336E+01
  0.23565393E+00  0.43411368E+01
  0.25038230E+00  0.43919686E+01
  0.26511067E+00  0.44407423E+01
  0.27983904E+00  0.44873844E+01
  0.29456741E+00  0.45332605E+01
  0.30929579E+00  0.45792611E+01
  0.32402416E+00  0.46256735E+01
  0.33875253E+00  0.46724502E+01
  0.35348090E+00  0.47193725E+01
  0.36820927E+00  0.47661326E+01
  0.38293764E+00  0.48123788E+01
  0.39766601E+00  0.48577435E+01
  0.41239438E+00  0.49018644E+01
  0.42712275E+00  0.49444004E+01
  0.44185112E+00  0.49850454E+01
  0.45657949E+00  0.50235388E+01
  0.47130786E+00  0.50596747E+01
  0.48603623E+00  0.50933080E+01
  0.50076460E+00  0.51243593E+01
  0.51549298E+00  0.51528167E+01
  0.53022135E+00  0.51787360E+01
  0.54494972E+00  0.52022372E+01
  0.55967809E+00  0.52234995E+01
  0.57440646E+00  0.52427512E+01
  0.58913483E+00  0.52602568E+01
  0.60386320E+00  0.52762998E+01
  0.61859157E+00  0.52911612E+01
  0.63331994E+00  0.53050956E+01
  0.64804831E+00  0.53183082E+01
  0.66277668E+00  0.53309358E+01
  0.67750505E+00  0.53430355E+01
  0.69223342E+00  0.53545821E+01
  0.70696179E+00  0.53654723E+01
  0.72169017E+00  0.53755353E+01
  0.73641854E+00  0.53845481E+01
  0.75114691E+00  0.53922592E+01
  0.76587528E+00  0.53984192E+01
  0.78060365E+00  0.54028208E+01
  0.79533202E+00  0.54053479E+01
  0.81006039E+00  0.54060369E+01
  0.82478876E+00  0.54051612E+01
  0.83951713E+00  0.54033590E+01
  0.85424550E+00  0.54018384E+01
  0.86897387E+00  0.54026904E+01
  0.88370224E+00  0.54091792E+01
  0.89843061E+00  0.54253152E+01
  0.91315898E+00  0.54537152E+01
  0.92788736E+00  0.54933514E+01
  0.94261573E+00  0.55404792E+01
  0.95734410E+00  0.55909126E+01
  0.97207247E+00  0.56405643E+01
  0.98680084E+00  0.56842818E+01
  0.10015292E+01  0.57138637E+01
  0.10162576E+01  0.57197486E+01
  0.10309860E+01  0.57018383E+01
  0.10457143E+01  0.56699041E+01
  0.10604427E+01  0.56325470E+01
  0.10751711E+01  0.55949141E+01
  0.10898994E+01  0.55602870E+01
  0.11046278E+01  0.55310380E+01
  0.11193562E+01  0.55089284E+01
  0.11340845E+01  0.54951184E+01
  0.11488129E+01  0.54901120E+01
  0.11635413E+01  0.54937646E+01
  0.11782697E+01  0.55053865E+01
  0.11929980E+01  0.55238991E+01
  0.12077264E+01  0.55479780E+01
  0.12224548E+01  0.55761486E+01
  0.12371831E+01  0.56068300E+01
  0.12519115E+01  0.56383382E+01
  0.12666399E+01  0.56688577E+01
  0.12813683E+01  0.56963947E+01
  0.12960966E+01  0.57187453E+01
  0.13108250E+01  0.57335762E+01
  0.13255534E+01  0.57387807E+01
  0.13402817E+01  0.57331563E+01
  0.13550101E+01  0.57169879E+01
  0.13697385E+01  0.56919289E+01
  0.13844668E+01  0.56603443E+01
  0.13991952E+01  0.56249936E+01
  0.14139236E+01  0.55904777E+01
  0.14286520E+01  0.55718064E+01
  0.14433803E+01  0.55783785E+01
  0.14581087E+01  0.55884273E+01
  0.14728371E+01  0.55925234E+01
  0.14875654E+01  0.55856124E+01
  0.15022938E+01  0.55697797E+01
  0.15170222E+01  0.55605686E+01
  0.15317506E+01  0.55875196E+01
  0.15464789E+01  0.56285506E+01
  0.15612073E+01  0.56722290E+01
  0.15759357E+01  0.57159575E+01
  0.15906640E+01  0.57586622E+01
  0.16053924E+01  0.57997375E+01
  0.16201208E+01  0.58387955E+01
  0.16348492E+01  0.58755760E+01
  0.16495775E+01  0.59099047E+01
  0.16643059E+01  0.59416705E+01
  0.16790343E+01  0.59708112E+01
  0.16937626E+01  0.59973050E+01
  0.17084910E+01  0.60211643E+01
  0.17232194E+01  0.60424326E+01
  0.17379477E+01  0.60611826E+01
  0.17526761E+01  0.60775158E+01
  0.17674045E+01  0.60915631E+01
  0.17821329E+01  0.61034858E+01
  0.17968612E+01  0.61134781E+01
  0.18115896E+01  0.61217697E+01
  0.18263180E+01  0.61286288E+01
  0.18410463E+01  0.61343661E+01
  0.18557747E+01  0.61393376E+01
  0.18705031E+01  0.61439464E+01
  0.18852315E+01  0.61486398E+01
  0.18999598E+01  0.61538967E+01
  0.19146882E+01  0.61601955E+01
  0.19294166E+01  0.61679472E+01
  0.19441449E+01  0.61773772E+01
  0.19588733E+01  0.61883499E+01
  0.19736017E+01  0.62001853E+01
  0.19883300E+01  0.62115980E+01
  0.20030584E+01  0.62209331E+01
  0.20177868E+01  0.62267470E+01
  0.20325152E+01  0.62286030E+01
  0.20472435E+01  0.62285080E+01
  0.20619719E+01  0.62370801E+01
  0.20767003E+01  0.62685008E+01
  0.20914286E+01  0.63097546E+01
  0.21061570E+01  0.63520192E+01
  0.21208854E+01  0.63923651E+01
  0.21356138E+01  0.64290613E+01
  0.21503421E+01  0.64607792E+01
  0.21650705E+01  0.64864600E+01
  0.21797989E+01  0.65052916E+01
  0.21945272E+01  0.65167010E+01
  0.22092556E+01  0.65203502E+01
  0.22239168E+01  0.65210617E+01
  0.22385781E+01  0.65224384E+01
  0.22532393E+01  0.65244941E+01
  0.22679005E+01  0.65272498E+01
  0.22825618E+01  0.65307254E+01
  0.22972230E+01  0.65349304E+01
  0.23118842E+01  0.65398558E+01
  0.23265454E+01  0.65454666E+01
  0.23412067E+01  0.65516979E+01
  0.23558679E+01  0.65584527E+01
  0.23705291E+01  0.65656026E+01
  0.23851904E+01  0.65729899E+01
  0.23998516E+01  0.65804321E+01
  0.24145128E+01  0.65877262E+01
  0.24291741E+01  0.65946549E+01
  0.24438353E+01  0.66009924E+01
  0.24584965E+01  0.66065103E+01
  0.24731577E+01  0.66109840E+01
  0.24878190E+01  0.66141981E+01
  0.25024802E+01  0.66159522E+01
  0.25171414E+01  0.66160662E+01
  0.25318027E+01  0.66143848E+01
  0.25464639E+01  0.66107827E+01
  0.25611251E+01  0.66051683E+01
  0.25757864E+01  0.65974876E+01
  0.25904476E+01  0.65877263E+01
  0.26051088E+01  0.65759109E+01
  0.26197700E+01  0.65621062E+01
  0.26344313E+01  0.65464094E+01
  0.26490925E+01  0.65289411E+01
  0.26637537E+01  0.65098301E+01
  0.26784150E+01  0.64891962E+01
  0.26930762E+01  0.64671291E+01
  0.27077374E+01  0.64436657E+01
  0.27223987E+01  0.64187675E+01
  0.27370599E+01  0.63922992E+01
  0.27517211E+01  0.63640143E+01
  0.27663823E+01  0.63335524E+01
  0.27810436E+01  0.63004634E+01
  0.27957048E+01  0.62642707E+01
  0.28103660E+01  0.62245748E+01
  0.28250273E+01  0.61811592E+01
  0.28396885E+01  0.61340413E+01
  0.28543497E+01  0.60834359E+01
  0.28690110E+01  0.60296674E+01
  0.28836722E+01  0.59730857E+01
  0.28983334E+01  0.59140177E+01
  0.29129946E+01  0.58527509E+01
  0.29276559E+01  0.57895362E+01
  0.29423171E+01  0.57245975E+01
  0.29569783E+01  0.56581432E+01
  0.29716396E+01  0.55903759E+01
  0.29863008E+01  0.55215001E+01
  0.30009620E+01  0.54517279E+01
  0.30156233E+01  0.53812820E+01
  0.30302845E+01  0.53103978E+01
  0.30449457E+01  0.52393225E+01
  0.30596069E+01  0.51683133E+01
  0.30742682E+01  0.50976333E+01
  0.30889294E+01  0.50275449E+01
  0.31035906E+01  0.49583014E+01
  0.31182519E+01  0.48901328E+01
  0.31329131E+01  0.48232243E+01
  0.31475743E+01  0.47576808E+01
  0.31622356E+01  0.46934690E+01
  0.31768968E+01  0.46303576E+01
  0.31915580E+01  0.45680061E+01
  0.32062192E+01  0.45064845E+01
  0.32208805E+01  0.44467639E+01
  0.32355417E+01  0.43901964E+01
  0.32502029E+01  0.43377811E+01
  0.32648642E+01  0.42900372E+01
  0.32795254E+01  0.42471401E+01
  0.32941866E+01  0.42090424E+01
  0.33088479E+01  0.41755478E+01
  0.33235091E+01  0.41463597E+01
  0.33381703E+01  0.41211168E+01
  0.33528315E+01  0.40994275E+01
  0.33674928E+01  0.40809061E+01
  0.33821540E+01  0.40652155E+01
  0.33968152E+01  0.40521313E+01
  0.34114765E+01  0.40418054E+01
  0.34261377E+01  0.40389644E+01
  0.34407989E+01  0.40499651E+01
  0.34554602E+01  0.40597347E+01
  0.34701214E+01  0.40658527E+01
  0.34847826E+01  0.40684343E+01
  
  0.00000000E+00  0.40684631E+01
  0.14728371E-01  0.40707838E+01
  0.29456741E-01  0.40770560E+01
  0.44185112E-01  0.40863570E+01
  0.58913483E-01  0.40980211E+01
  0.73641854E-01  0.41117369E+01
  0.88370224E-01  0.41273764E+01
  0.10309860E+00  0.41448994E+01
  0.11782697E+00  0.41643142E+01
  0.13255534E+00  0.41856625E+01
  0.14728371E+00  0.42090146E+01
  0.16201208E+00  0.42344720E+01
  0.17674045E+00  0.42621778E+01
  0.19146882E+00  0.42923464E+01
  0.20619719E+00  0.43253375E+01
  0.22092556E+00  0.43618428E+01
  0.23565393E+00  0.44033044E+01
  0.25038230E+00  0.44523324E+01
  0.26511067E+00  0.45113370E+01
  0.27983904E+00  0.45798941E+01
  0.29456741E+00  0.46559096E+01
  0.30929579E+00  0.47375334E+01
  0.32402416E+00  0.48232995E+01
  0.33875253E+00  0.49118820E+01
  0.35348090E+00  0.50019652E+01
  0.36820927E+00  0.50922048E+01
  0.38293764E+00  0.51812341E+01
  0.39766601E+00  0.52676897E+01
  0.41239438E+00  0.53502482E+01
  0.42712275E+00  0.54276676E+01
  0.44185112E+00  0.54988291E+01
  0.45657949E+00  0.55627790E+01
  0.47130786E+00  0.56187678E+01
  0.48603623E+00  0.56662859E+01
  0.50076460E+00  0.57050946E+01
  0.51549298E+00  0.57352524E+01
  0.53022135E+00  0.57571332E+01
  0.54494972E+00  0.57714362E+01
  0.55967809E+00  0.57791826E+01
  0.57440646E+00  0.57816954E+01
  0.58913483E+00  0.57805544E+01
  0.60386320E+00  0.57775212E+01
  0.61859157E+00  0.57744295E+01
  0.63331994E+00  0.57730432E+01
  0.64804831E+00  0.57748985E+01
  0.66277668E+00  0.57811573E+01
  0.67750505E+00  0.57925024E+01
  0.69223342E+00  0.58091018E+01
  0.70696179E+00  0.58306417E+01
  0.72169017E+00  0.58564140E+01
  0.73641854E+00  0.58854272E+01
  0.75114691E+00  0.59165157E+01
  0.76587528E+00  0.59484329E+01
  0.78060365E+00  0.59799218E+01
  0.79533202E+00  0.60097686E+01
  0.81006039E+00  0.60368415E+01
  0.82478876E+00  0.60601216E+01
  0.83951713E+00  0.60787271E+01
  0.85424550E+00  0.60919350E+01
  0.86897387E+00  0.60991997E+01
  0.88370224E+00  0.61001707E+01
  0.89843061E+00  0.60947123E+01
  0.91315898E+00  0.60829276E+01
  0.92788736E+00  0.60652009E+01
  0.94261573E+00  0.60422791E+01
  0.95734410E+00  0.60154543E+01
  0.97207247E+00  0.59869997E+01
  0.98680084E+00  0.59611951E+01
  0.10015292E+01  0.59459858E+01
  0.10162576E+01  0.59510652E+01
  0.10309860E+01  0.59769251E+01
  0.10457143E+01  0.60143870E+01
  0.10604427E+01  0.60556101E+01
  0.10751711E+01  0.60963502E+01
  0.10898994E+01  0.61343243E+01
  0.11046278E+01  0.61681650E+01
  0.11193562E+01  0.61969788E+01
  0.11340845E+01  0.62201690E+01
  0.11488129E+01  0.62373619E+01
  0.11635413E+01  0.62483758E+01
  0.11782697E+01  0.62532079E+01
  0.11929980E+01  0.62520281E+01
  0.12077264E+01  0.62451775E+01
  0.12224548E+01  0.62331702E+01
  0.12371831E+01  0.62167010E+01
  0.12519115E+01  0.61966636E+01
  0.12666399E+01  0.61741819E+01
  0.12813683E+01  0.61506520E+01
  0.12960966E+01  0.61277658E+01
  0.13108250E+01  0.61074233E+01
  0.13255534E+01  0.60913754E+01
  0.13402817E+01  0.60805553E+01
  0.13550101E+01  0.60745249E+01
  0.13697385E+01  0.60716581E+01
  0.13844668E+01  0.60699476E+01
  0.13991952E+01  0.60677392E+01
  0.14139236E+01  0.60640818E+01
  0.14286520E+01  0.60588271E+01
  0.14433803E+01  0.60526558E+01
  0.14581087E+01  0.60470623E+01
  0.14728371E+01  0.60441892E+01
  0.14875654E+01  0.60473599E+01
  0.15022938E+01  0.60571106E+01
  0.15170222E+01  0.60738089E+01
  0.15317506E+01  0.60968177E+01
  0.15464789E+01  0.61249936E+01
  0.15612073E+01  0.61571271E+01
  0.15759357E+01  0.61921573E+01
  0.15906640E+01  0.62292191E+01
  0.16053924E+01  0.62676181E+01
  0.16201208E+01  0.63067895E+01
  0.16348492E+01  0.63462601E+01
  0.16495775E+01  0.63856199E+01
  0.16643059E+01  0.64245008E+01
  0.16790343E+01  0.64625632E+01
  0.16937626E+01  0.64994859E+01
  0.17084910E+01  0.65349606E+01
  0.17232194E+01  0.65686888E+01
  0.17379477E+01  0.66003823E+01
  0.17526761E+01  0.66297656E+01
  0.17674045E+01  0.66565810E+01
  0.17821329E+01  0.66805963E+01
  0.17968612E+01  0.67016139E+01
  0.18115896E+01  0.67194823E+01
  0.18263180E+01  0.67341083E+01
  0.18410463E+01  0.67454715E+01
  0.18557747E+01  0.67536404E+01
  0.18705031E+01  0.67587907E+01
  0.18852315E+01  0.67612276E+01
  0.18999598E+01  0.67614125E+01
  0.19146882E+01  0.67599969E+01
  0.19294166E+01  0.67578617E+01
  0.19441449E+01  0.67561586E+01
  0.19588733E+01  0.67563348E+01
  0.19736017E+01  0.67601033E+01
  0.19883300E+01  0.67692945E+01
  0.20030584E+01  0.67855384E+01
  0.20177868E+01  0.68098280E+01
  0.20325152E+01  0.68421689E+01
  0.20472435E+01  0.68815434E+01
  0.20619719E+01  0.69261939E+01
  0.20767003E+01  0.69740176E+01
  0.20914286E+01  0.70228760E+01
  0.21061570E+01  0.70707665E+01
  0.21208854E+01  0.71158913E+01
  0.21356138E+01  0.71566773E+01
  0.21503421E+01  0.71917792E+01
  0.21650705E+01  0.72200816E+01
  0.21797989E+01  0.72407049E+01
  0.21945272E+01  0.72530118E+01
  0.22092556E+01  0.72566155E+01
  0.22239168E+01  0.72582587E+01
  0.22385781E+01  0.72617245E+01
  0.22532393E+01  0.72668203E+01
  0.22679005E+01  0.72732489E+01
  0.22825618E+01  0.72806257E+01
  0.22972230E+01  0.72884997E+01
  0.23118842E+01  0.72963763E+01
  0.23265454E+01  0.73037399E+01
  0.23412067E+01  0.73100757E+01
  0.23558679E+01  0.73148892E+01
  0.23705291E+01  0.73177232E+01
  0.23851904E+01  0.73181722E+01
  0.23998516E+01  0.73158936E+01
  0.24145128E+01  0.73106168E+01
  0.24291741E+01  0.73021483E+01
  0.24438353E+01  0.72903749E+01
  0.24584965E+01  0.72752636E+01
  0.24731577E+01  0.72568587E+01
  0.24878190E+01  0.72352762E+01
  0.25024802E+01  0.72106956E+01
  0.25171414E+01  0.71833488E+01
  0.25318027E+01  0.71535070E+01
  0.25464639E+01  0.71214660E+01
  0.25611251E+01  0.70875293E+01
  0.25757864E+01  0.70519929E+01
  0.25904476E+01  0.70151296E+01
  0.26051088E+01  0.69771767E+01
  0.26197700E+01  0.69383278E+01
  0.26344313E+01  0.68987291E+01
  0.26490925E+01  0.68584815E+01
  0.26637537E+01  0.68176476E+01
  0.26784150E+01  0.67762642E+01
  0.26930762E+01  0.67343567E+01
  0.27077374E+01  0.66919567E+01
  0.27223987E+01  0.66491207E+01
  0.27370599E+01  0.66059467E+01
  0.27517211E+01  0.65625878E+01
  0.27663823E+01  0.65192539E+01
  0.27810436E+01  0.64761892E+01
  0.27957048E+01  0.64336131E+01
  0.28103660E+01  0.63916231E+01
  0.28250273E+01  0.63500974E+01
  0.28396885E+01  0.63086554E+01
  0.28543497E+01  0.62667070E+01
  0.28690110E+01  0.62235556E+01
  0.28836722E+01  0.61784986E+01
  0.28983334E+01  0.61308931E+01
  0.29129946E+01  0.60801894E+01
  0.29276559E+01  0.60259465E+01
  0.29423171E+01  0.59678372E+01
  0.29569783E+01  0.59056523E+01
  0.29716396E+01  0.58393023E+01
  0.29863008E+01  0.57688187E+01
  0.30009620E+01  0.56943539E+01
  0.30156233E+01  0.56161789E+01
  0.30302845E+01  0.55346788E+01
  0.30449457E+01  0.54503455E+01
  0.30596069E+01  0.53637678E+01
  0.30742682E+01  0.52756194E+01
  0.30889294E+01  0.51866451E+01
  0.31035906E+01  0.50976467E+01
  0.31182519E+01  0.50094713E+01
  0.31329131E+01  0.49230056E+01
  0.31475743E+01  0.48391842E+01
  0.31622356E+01  0.47590198E+01
  0.31768968E+01  0.46836379E+01
  0.31915580E+01  0.46141655E+01
  0.32062192E+01  0.45511928E+01
  0.32208805E+01  0.44942689E+01
  0.32355417E+01  0.44424146E+01
  0.32502029E+01  0.43948553E+01
  0.32648642E+01  0.43511519E+01
  0.32795254E+01  0.43110756E+01
  0.32941866E+01  0.42745013E+01
  0.33088479E+01  0.42413506E+01
  0.33235091E+01  0.42115631E+01
  0.33381703E+01  0.41850794E+01
  0.33528315E+01  0.41618265E+01
  0.33674928E+01  0.41417011E+01
  0.33821540E+01  0.41245520E+01
  0.33968152E+01  0.41101653E+01
  0.34114765E+01  0.40982656E+01
  0.34261377E+01  0.40885416E+01
  0.34407989E+01  0.40807116E+01
  0.34554602E+01  0.40746449E+01
  0.34701214E+01  0.40705153E+01
  0.34847826E+01  0.40684631E+01
  
