
     Program BANDS v.7.4.1 starts on 13Mar2026 at  4:16:51 

     This program is part of the open-source Quantum ESPRESSO suite
     for quantum simulation of materials; please cite
         "P. Giannozzi et al., J. Phys.:Condens. Matter 21 395502 (2009);
         "P. Giannozzi et al., J. Phys.:Condens. Matter 29 465901 (2017);
         "P. Giannozzi et al., J. Chem. Phys. 152 154105 (2020);
          URL http://www.quantum-espresso.org", 
     in publications or presentations arising from this work. More details at
     http://www.quantum-espresso.org/quote

     Parallel version (MPI), running on     1 processors

     MPI processes distributed on     1 nodes
     7176 MiB available memory on the printing compute node when the environment starts
 

     Reading xml data from directory:

     ./tmp/crsi2n4.save/

     IMPORTANT: XC functional enforced from input :
     Exchange-correlation= PBE
                           (   1   4   3   4   0   0   0)
     Any further DFT definition will be discarded
     Please, verify this is what you really want

 
     G-vector sticks info
     --------------------
     sticks:   dense  smooth     PW     G-vecs:    dense   smooth      PW
     Sum         847     673    199               140931   100699   16111
 
     Using Slab Decomposition
 
 ----2D----2D----2D----2D----2D----2D----2D----2D----2D----2D----2D----2D
  The code is running with the 2D cutoff
  Please refer to:
  Sohier, T., Calandra, M., & Mauri, F. (2017), 
  Density functional perturbation theory for gated two-dimensional heterostructures:
  Theoretical developments and application to flexural phonons in graphene.
  Physical Review B, 96(7), 75448. https://doi.org/10.1103/PhysRevB.96.075448
 ----2D----2D----2D----2D----2D----2D----2D----2D----2D----2D----2D----2D
     Reading collected, re-writing distributed wavefunctions
     high-symmetry point:  0.0000 0.0000 0.0000   x coordinate   0.0000
     high-symmetry point:  0.3333 0.5774 0.0000   x coordinate   0.6667
     high-symmetry point:  0.5000 0.2887 0.0000   x coordinate   1.0000
     high-symmetry point:  0.0000 0.0000 0.0000   x coordinate   1.5774

     Plottable bands (eV) written to file bands.dat.gnu
     Bands written to file bands.dat

 **************************************************************************

                    xk=(   0.00000,   0.00000,   0.00000  )

     point group C_1 (1)    
     there are  1 classes
     the character table:

       E    
A      1.00

     the symmetry operations in each class and the name of the first element:

     E        1
                                                                 

     Band symmetry, C_1 (1)     point group:

     e(  1 -  1) =    -77.73918  eV     1   --> A              
     e(  2 -  3) =    -48.97550  eV     2   -->   2 A              
     e(  4 -  4) =    -48.85084  eV     1   --> A              
     e(  5 -  5) =    -23.86763  eV     1   --> A              
     e(  6 -  6) =    -23.76494  eV     1   --> A              
     e(  7 -  7) =    -21.27555  eV     1   --> A              
     e(  8 -  8) =    -19.87686  eV     1   --> A              
     e(  9 -  9) =    -13.47480  eV     1   --> A              
     e( 10 - 10) =    -10.76552  eV     1   --> A              
     e( 11 - 11) =     -9.19407  eV     1   --> A              
     e( 12 - 12) =     -9.19384  eV     1   --> A              
     e( 13 - 13) =     -9.12750  eV     1   --> A              
     e( 14 - 14) =     -9.12681  eV     1   --> A              
     e( 15 - 15) =     -8.91281  eV     1   --> A              
     e( 16 - 17) =     -8.67900  eV     2   -->   2 A              
     e( 18 - 18) =     -7.39971  eV     1   --> A              
     e( 19 - 19) =     -7.39843  eV     1   --> A              
     e( 20 - 20) =     -7.10397  eV     1   --> A              
     e( 21 - 21) =     -5.17966  eV     1   --> A              
     e( 22 - 22) =     -3.35389  eV     1   --> A              
     e( 23 - 23) =     -3.35250  eV     1   --> A              
     e( 24 - 24) =     -3.15436  eV     1   --> A              
     e( 25 - 25) =     -3.15403  eV     1   --> A              
     e( 26 - 26) =     -1.50121  eV     1   --> A              
     e( 27 - 27) =     -1.20693  eV     1   --> A              
     e( 28 - 28) =      1.38488  eV     1   --> A              
     e( 29 - 29) =      1.80087  eV     1   --> A              
     e( 30 - 30) =      1.83736  eV     1   --> A              
     e( 31 - 31) =      2.61778  eV     1   --> A              
     e( 32 - 32) =      2.61849  eV     1   --> A              
     e( 33 - 33) =      2.71929  eV     1   --> A              
     e( 34 - 34) =      2.72022  eV     1   --> A              
     e( 35 - 35) =      3.21500  eV     1   --> A              

 **************************************************************************

 **************************************************************************

                    xk=(   0.00333,   0.00577,   0.00000  )

     Band symmetry, C_1 (1)     point group:

     e(  1 -  1) =    -77.73918  eV     1   --> A              
     e(  2 -  3) =    -48.97554  eV     2   -->   2 A              
     e(  4 -  4) =    -48.85083  eV     1   --> A              
     e(  5 -  5) =    -23.86710  eV     1   --> A              
     e(  6 -  6) =    -23.76441  eV     1   --> A              
     e(  7 -  7) =    -21.27517  eV     1   --> A              
     e(  8 -  8) =    -19.87666  eV     1   --> A              
     e(  9 -  9) =    -13.47441  eV     1   --> A              
     e( 10 - 10) =    -10.76534  eV     1   --> A              
     e( 11 - 11) =     -9.19751  eV     1   --> A              
     e( 12 - 12) =     -9.19459  eV     1   --> A              
     e( 13 - 13) =     -9.12983  eV     1   --> A              
     e( 14 - 14) =     -9.12807  eV     1   --> A              
     e( 15 - 15) =     -8.91101  eV     1   --> A              
     e( 16 - 16) =     -8.68000  eV     1   --> A              
     e( 17 - 17) =     -8.67869  eV     1   --> A              
     e( 18 - 18) =     -7.40083  eV     1   --> A              
     e( 19 - 19) =     -7.39897  eV     1   --> A              
     e( 20 - 20) =     -7.10282  eV     1   --> A              
     e( 21 - 21) =     -5.18000  eV     1   --> A              
     e( 22 - 22) =     -3.35334  eV     1   --> A              
     e( 23 - 23) =     -3.35311  eV     1   --> A              
     e( 24 - 24) =     -3.15522  eV     1   --> A              
     e( 25 - 25) =     -3.15438  eV     1   --> A              
     e( 26 - 26) =     -1.49891  eV     1   --> A              
     e( 27 - 27) =     -1.20496  eV     1   --> A              
     e( 28 - 28) =      1.38649  eV     1   --> A              
     e( 29 - 29) =      1.80158  eV     1   --> A              
     e( 30 - 30) =      1.83783  eV     1   --> A              
     e( 31 - 31) =      2.61407  eV     1   --> A              
     e( 32 - 32) =      2.61993  eV     1   --> A              
     e( 33 - 33) =      2.71625  eV     1   --> A              
     e( 34 - 34) =      2.72073  eV     1   --> A              
     e( 35 - 35) =      3.21928  eV     1   --> A              

 **************************************************************************

 **************************************************************************

                    xk=(   0.00667,   0.01155,   0.00000  )

     Band symmetry, C_1 (1)     point group:

     e(  1 -  1) =    -77.73915  eV     1   --> A              
     e(  2 -  2) =    -48.97574  eV     1   --> A              
     e(  3 -  3) =    -48.97556  eV     1   --> A              
     e(  4 -  4) =    -48.85079  eV     1   --> A              
     e(  5 -  5) =    -23.86551  eV     1   --> A              
     e(  6 -  6) =    -23.76284  eV     1   --> A              
     e(  7 -  7) =    -21.27401  eV     1   --> A              
     e(  8 -  8) =    -19.87606  eV     1   --> A              
     e(  9 -  9) =    -13.47321  eV     1   --> A              
     e( 10 - 10) =    -10.76481  eV     1   --> A              
     e( 11 - 11) =     -9.20828  eV     1   --> A              
     e( 12 - 12) =     -9.19616  eV     1   --> A              
     e( 13 - 13) =     -9.13879  eV     1   --> A              
     e( 14 - 14) =     -9.12980  eV     1   --> A              
     e( 15 - 15) =     -8.90586  eV     1   --> A              
     e( 16 - 16) =     -8.68324  eV     1   --> A              
     e( 17 - 17) =     -8.67776  eV     1   --> A              
     e( 18 - 18) =     -7.40413  eV     1   --> A              
     e( 19 - 19) =     -7.40060  eV     1   --> A              
     e( 20 - 20) =     -7.09946  eV     1   --> A              
     e( 21 - 21) =     -5.18100  eV     1   --> A              
     e( 22 - 22) =     -3.35494  eV     1   --> A              
     e( 23 - 23) =     -3.35167  eV     1   --> A              
     e( 24 - 24) =     -3.15777  eV     1   --> A              
     e( 25 - 25) =     -3.15543  eV     1   --> A              
     e( 26 - 26) =     -1.49205  eV     1   --> A              
     e( 27 - 27) =     -1.19907  eV     1   --> A              
     e( 28 - 28) =      1.39131  eV     1   --> A              
     e( 29 - 29) =      1.80370  eV     1   --> A              
     e( 30 - 30) =      1.83922  eV     1   --> A              
     e( 31 - 31) =      2.60305  eV     1   --> A              
     e( 32 - 32) =      2.62422  eV     1   --> A              
     e( 33 - 33) =      2.70474  eV     1   --> A              
     e( 34 - 34) =      2.72502  eV     1   --> A              
     e( 35 - 35) =      3.23170  eV     1   --> A              

 **************************************************************************

 **************************************************************************

                    xk=(   0.01000,   0.01732,   0.00000  )

     Band symmetry, C_1 (1)     point group:

     e(  1 -  1) =    -77.73911  eV     1   --> A              
     e(  2 -  2) =    -48.97606  eV     1   --> A              
     e(  3 -  3) =    -48.97564  eV     1   --> A              
     e(  4 -  4) =    -48.85073  eV     1   --> A              
     e(  5 -  5) =    -23.86286  eV     1   --> A              
     e(  6 -  6) =    -23.76022  eV     1   --> A              
     e(  7 -  7) =    -21.27208  eV     1   --> A              
     e(  8 -  8) =    -19.87506  eV     1   --> A              
     e(  9 -  9) =    -13.47122  eV     1   --> A              
     e( 10 - 10) =    -10.76392  eV     1   --> A              
     e( 11 - 11) =     -9.22556  eV     1   --> A              
     e( 12 - 12) =     -9.19888  eV     1   --> A              
     e( 13 - 13) =     -9.15339  eV     1   --> A              
     e( 14 - 14) =     -9.13272  eV     1   --> A              
     e( 15 - 15) =     -8.89802  eV     1   --> A              
     e( 16 - 16) =     -8.68858  eV     1   --> A              
     e( 17 - 17) =     -8.67623  eV     1   --> A              
     e( 18 - 18) =     -7.40943  eV     1   --> A              
     e( 19 - 19) =     -7.40333  eV     1   --> A              
     e( 20 - 20) =     -7.09408  eV     1   --> A              
     e( 21 - 21) =     -5.18269  eV     1   --> A              
     e( 22 - 22) =     -3.35793  eV     1   --> A              
     e( 23 - 23) =     -3.34891  eV     1   --> A              
     e( 24 - 24) =     -3.16194  eV     1   --> A              
     e( 25 - 25) =     -3.15718  eV     1   --> A              
     e( 26 - 26) =     -1.48071  eV     1   --> A              
     e( 27 - 27) =     -1.18931  eV     1   --> A              
     e( 28 - 28) =      1.39931  eV     1   --> A              
     e( 29 - 29) =      1.80722  eV     1   --> A              
     e( 30 - 30) =      1.84153  eV     1   --> A              
     e( 31 - 31) =      2.58502  eV     1   --> A              
     e( 32 - 32) =      2.63136  eV     1   --> A              
     e( 33 - 33) =      2.68668  eV     1   --> A              
     e( 34 - 34) =      2.73219  eV     1   --> A              
     e( 35 - 35) =      3.25116  eV     1   --> A              

 **************************************************************************

 **************************************************************************

                    xk=(   0.01333,   0.02309,   0.00000  )

     Band symmetry, C_1 (1)     point group:

     e(  1 -  1) =    -77.73906  eV     1   --> A              
     e(  2 -  2) =    -48.97652  eV     1   --> A              
     e(  3 -  3) =    -48.97574  eV     1   --> A              
     e(  4 -  4) =    -48.85065  eV     1   --> A              
     e(  5 -  5) =    -23.85915  eV     1   --> A              
     e(  6 -  6) =    -23.75656  eV     1   --> A              
     e(  7 -  7) =    -21.26939  eV     1   --> A              
     e(  8 -  8) =    -19.87367  eV     1   --> A              
     e(  9 -  9) =    -13.46845  eV     1   --> A              
     e( 10 - 10) =    -10.76269  eV     1   --> A              
     e( 11 - 11) =     -9.24864  eV     1   --> A              
     e( 12 - 12) =     -9.20313  eV     1   --> A              
     e( 13 - 13) =     -9.17302  eV     1   --> A              
     e( 14 - 14) =     -9.13689  eV     1   --> A              
     e( 15 - 15) =     -8.88827  eV     1   --> A              
     e( 16 - 16) =     -8.69594  eV     1   --> A              
     e( 17 - 17) =     -8.67411  eV     1   --> A              
     e( 18 - 18) =     -7.41646  eV     1   --> A              
     e( 19 - 19) =     -7.40717  eV     1   --> A              
     e( 20 - 20) =     -7.08702  eV     1   --> A              
     e( 21 - 21) =     -5.18511  eV     1   --> A              
     e( 22 - 22) =     -3.36204  eV     1   --> A              
     e( 23 - 23) =     -3.34505  eV     1   --> A              
     e( 24 - 24) =     -3.16763  eV     1   --> A              
     e( 25 - 25) =     -3.15963  eV     1   --> A              
     e( 26 - 26) =     -1.46500  eV     1   --> A              
     e( 27 - 27) =     -1.17577  eV     1   --> A              
     e( 28 - 28) =      1.41043  eV     1   --> A              
     e( 29 - 29) =      1.81210  eV     1   --> A              
     e( 30 - 30) =      1.84471  eV     1   --> A              
     e( 31 - 31) =      2.56049  eV     1   --> A              
     e( 32 - 32) =      2.64120  eV     1   --> A              
     e( 33 - 33) =      2.66335  eV     1   --> A              
     e( 34 - 34) =      2.74222  eV     1   --> A              
     e( 35 - 35) =      3.27634  eV     1   --> A              

 **************************************************************************

 **************************************************************************

                    xk=(   0.01667,   0.02887,   0.00000  )

     Band symmetry, C_1 (1)     point group:

     e(  1 -  1) =    -77.73899  eV     1   --> A              
     e(  2 -  2) =    -48.97711  eV     1   --> A              
     e(  3 -  3) =    -48.97588  eV     1   --> A              
     e(  4 -  4) =    -48.85055  eV     1   --> A              
     e(  5 -  5) =    -23.85437  eV     1   --> A              
     e(  6 -  6) =    -23.75185  eV     1   --> A              
     e(  7 -  7) =    -21.26593  eV     1   --> A              
     e(  8 -  8) =    -19.87188  eV     1   --> A              
     e(  9 -  9) =    -13.46489  eV     1   --> A              
     e( 10 - 10) =    -10.76111  eV     1   --> A              
     e( 11 - 11) =     -9.27684  eV     1   --> A              
     e( 12 - 12) =     -9.21150  eV     1   --> A              
     e( 13 - 13) =     -9.19489  eV     1   --> A              
     e( 14 - 14) =     -9.14233  eV     1   --> A              
     e( 15 - 15) =     -8.87732  eV     1   --> A              
     e( 16 - 16) =     -8.70521  eV     1   --> A              
     e( 17 - 17) =     -8.67143  eV     1   --> A              
     e( 18 - 18) =     -7.42496  eV     1   --> A              
     e( 19 - 19) =     -7.41213  eV     1   --> A              
     e( 20 - 20) =     -7.07864  eV     1   --> A              
     e( 21 - 21) =     -5.18827  eV     1   --> A              
     e( 22 - 22) =     -3.36717  eV     1   --> A              
     e( 23 - 23) =     -3.34013  eV     1   --> A              
     e( 24 - 24) =     -3.17471  eV     1   --> A              
     e( 25 - 25) =     -3.16277  eV     1   --> A              
     e( 26 - 26) =     -1.44509  eV     1   --> A              
     e( 27 - 27) =     -1.15855  eV     1   --> A              
     e( 28 - 28) =      1.42461  eV     1   --> A              
     e( 29 - 29) =      1.81828  eV     1   --> A              
     e( 30 - 30) =      1.84875  eV     1   --> A              
     e( 31 - 31) =      2.53019  eV     1   --> A              
     e( 32 - 32) =      2.63461  eV     1   --> A              
     e( 33 - 33) =      2.65488  eV     1   --> A              
     e( 34 - 34) =      2.75514  eV     1   --> A              
     e( 35 - 35) =      3.30593  eV     1   --> A              

 **************************************************************************

 **************************************************************************

                    xk=(   0.02000,   0.03464,   0.00000  )

     Band symmetry, C_1 (1)     point group:

     e(  1 -  1) =    -77.73891  eV     1   --> A              
     e(  2 -  2) =    -48.97782  eV     1   --> A              
     e(  3 -  3) =    -48.97604  eV     1   --> A              
     e(  4 -  4) =    -48.85043  eV     1   --> A              
     e(  5 -  5) =    -23.84855  eV     1   --> A              
     e(  6 -  6) =    -23.74610  eV     1   --> A              
     e(  7 -  7) =    -21.26171  eV     1   --> A              
     e(  8 -  8) =    -19.86970  eV     1   --> A              
     e(  9 -  9) =    -13.46055  eV     1   --> A              
     e( 10 - 10) =    -10.75919  eV     1   --> A              
     e( 11 - 11) =     -9.30959  eV     1   --> A              
     e( 12 - 12) =     -9.23486  eV     1   --> A              
     e( 13 - 13) =     -9.20792  eV     1   --> A              
     e( 14 - 14) =     -9.14907  eV     1   --> A              
     e( 15 - 15) =     -8.86572  eV     1   --> A              
     e( 16 - 16) =     -8.71624  eV     1   --> A              
     e( 17 - 17) =     -8.66820  eV     1   --> A              
     e( 18 - 18) =     -7.43463  eV     1   --> A              
     e( 19 - 19) =     -7.41825  eV     1   --> A              
     e( 20 - 20) =     -7.06930  eV     1   --> A              
     e( 21 - 21) =     -5.19223  eV     1   --> A              
     e( 22 - 22) =     -3.37324  eV     1   --> A              
     e( 23 - 23) =     -3.33418  eV     1   --> A              
     e( 24 - 24) =     -3.18302  eV     1   --> A              
     e( 25 - 25) =     -3.16659  eV     1   --> A              
     e( 26 - 26) =     -1.42119  eV     1   --> A              
     e( 27 - 27) =     -1.13780  eV     1   --> A              
     e( 28 - 28) =      1.44175  eV     1   --> A              
     e( 29 - 29) =      1.82568  eV     1   --> A              
     e( 30 - 30) =      1.85358  eV     1   --> A              
     e( 31 - 31) =      2.49500  eV     1   --> A              
     e( 32 - 32) =      2.60313  eV     1   --> A              
     e( 33 - 33) =      2.67043  eV     1   --> A              
     e( 34 - 34) =      2.77095  eV     1   --> A              
     e( 35 - 35) =      3.33887  eV     1   --> A              

 **************************************************************************

 **************************************************************************

                    xk=(   0.02333,   0.04041,   0.00000  )

     Band symmetry, C_1 (1)     point group:

     e(  1 -  1) =    -77.73881  eV     1   --> A              
     e(  2 -  2) =    -48.97866  eV     1   --> A              
     e(  3 -  3) =    -48.97624  eV     1   --> A              
     e(  4 -  4) =    -48.85028  eV     1   --> A              
     e(  5 -  5) =    -23.84166  eV     1   --> A              
     e(  6 -  6) =    -23.73930  eV     1   --> A              
     e(  7 -  7) =    -21.25674  eV     1   --> A              
     e(  8 -  8) =    -19.86713  eV     1   --> A              
     e(  9 -  9) =    -13.45545  eV     1   --> A              
     e( 10 - 10) =    -10.75696  eV     1   --> A              
     e( 11 - 11) =     -9.34647  eV     1   --> A              
     e( 12 - 12) =     -9.26926  eV     1   --> A              
     e( 13 - 13) =     -9.21584  eV     1   --> A              
     e( 14 - 14) =     -9.15714  eV     1   --> A              
     e( 15 - 15) =     -8.85396  eV     1   --> A              
     e( 16 - 16) =     -8.72878  eV     1   --> A              
     e( 17 - 17) =     -8.66443  eV     1   --> A              
     e( 18 - 18) =     -7.44522  eV     1   --> A              
     e( 19 - 19) =     -7.42553  eV     1   --> A              
     e( 20 - 20) =     -7.05937  eV     1   --> A              
     e( 21 - 21) =     -5.19705  eV     1   --> A              
     e( 22 - 22) =     -3.38011  eV     1   --> A              
     e( 23 - 23) =     -3.32724  eV     1   --> A              
     e( 24 - 24) =     -3.19236  eV     1   --> A              
     e( 25 - 25) =     -3.17107  eV     1   --> A              
     e( 26 - 26) =     -1.39353  eV     1   --> A              
     e( 27 - 27) =     -1.11368  eV     1   --> A              
     e( 28 - 28) =      1.46172  eV     1   --> A              
     e( 29 - 29) =      1.83420  eV     1   --> A              
     e( 30 - 30) =      1.85914  eV     1   --> A              
     e( 31 - 31) =      2.45580  eV     1   --> A              
     e( 32 - 32) =      2.56824  eV     1   --> A              
     e( 33 - 33) =      2.68909  eV     1   --> A              
     e( 34 - 34) =      2.78968  eV     1   --> A              
     e( 35 - 35) =      3.37433  eV     1   --> A              

 **************************************************************************

 **************************************************************************

                    xk=(   0.02667,   0.04619,   0.00000  )

     Band symmetry, C_1 (1)     point group:

     e(  1 -  1) =    -77.73869  eV     1   --> A              
     e(  2 -  2) =    -48.97962  eV     1   --> A              
     e(  3 -  3) =    -48.97646  eV     1   --> A              
     e(  4 -  4) =    -48.85011  eV     1   --> A              
     e(  5 -  5) =    -23.83373  eV     1   --> A              
     e(  6 -  6) =    -23.73147  eV     1   --> A              
     e(  7 -  7) =    -21.25101  eV     1   --> A              
     e(  8 -  8) =    -19.86417  eV     1   --> A              
     e(  9 -  9) =    -13.44960  eV     1   --> A              
     e( 10 - 10) =    -10.75441  eV     1   --> A              
     e( 11 - 11) =     -9.38716  eV     1   --> A              
     e( 12 - 12) =     -9.30922  eV     1   --> A              
     e( 13 - 13) =     -9.22392  eV     1   --> A              
     e( 14 - 14) =     -9.16657  eV     1   --> A              
     e( 15 - 15) =     -8.84247  eV     1   --> A              
     e( 16 - 16) =     -8.74248  eV     1   --> A              
     e( 17 - 17) =     -8.66012  eV     1   --> A              
     e( 18 - 18) =     -7.45653  eV     1   --> A              
     e( 19 - 19) =     -7.43401  eV     1   --> A              
     e( 20 - 20) =     -7.04917  eV     1   --> A              
     e( 21 - 21) =     -5.20277  eV     1   --> A              
     e( 22 - 22) =     -3.38767  eV     1   --> A              
     e( 23 - 23) =     -3.31939  eV     1   --> A              
     e( 24 - 24) =     -3.20255  eV     1   --> A              
     e( 25 - 25) =     -3.17617  eV     1   --> A              
     e( 26 - 26) =     -1.36235  eV     1   --> A              
     e( 27 - 27) =     -1.08637  eV     1   --> A              
     e( 28 - 28) =      1.48437  eV     1   --> A              
     e( 29 - 29) =      1.84367  eV     1   --> A              
     e( 30 - 30) =      1.86536  eV     1   --> A              
     e( 31 - 31) =      2.41343  eV     1   --> A              
     e( 32 - 32) =      2.53060  eV     1   --> A              
     e( 33 - 33) =      2.71067  eV     1   --> A              
     e( 34 - 34) =      2.81135  eV     1   --> A              
     e( 35 - 35) =      3.41170  eV     1   --> A              

 **************************************************************************

 **************************************************************************

                    xk=(   0.03000,   0.05196,   0.00000  )

     Band symmetry, C_1 (1)     point group:

     e(  1 -  1) =    -77.73856  eV     1   --> A              
     e(  2 -  2) =    -48.98071  eV     1   --> A              
     e(  3 -  3) =    -48.97672  eV     1   --> A              
     e(  4 -  4) =    -48.84992  eV     1   --> A              
     e(  5 -  5) =    -23.82474  eV     1   --> A              
     e(  6 -  6) =    -23.72260  eV     1   --> A              
     e(  7 -  7) =    -21.24453  eV     1   --> A              
     e(  8 -  8) =    -19.86083  eV     1   --> A              
     e(  9 -  9) =    -13.44300  eV     1   --> A              
     e( 10 - 10) =    -10.75157  eV     1   --> A              
     e( 11 - 11) =     -9.43139  eV     1   --> A              
     e( 12 - 12) =     -9.35376  eV     1   --> A              
     e( 13 - 13) =     -9.23290  eV     1   --> A              
     e( 14 - 14) =     -9.17739  eV     1   --> A              
     e( 15 - 15) =     -8.83200  eV     1   --> A              
     e( 16 - 16) =     -8.75661  eV     1   --> A              
     e( 17 - 17) =     -8.65528  eV     1   --> A              
     e( 18 - 18) =     -7.46838  eV     1   --> A              
     e( 19 - 19) =     -7.44371  eV     1   --> A              
     e( 20 - 20) =     -7.03897  eV     1   --> A              
     e( 21 - 21) =     -5.20944  eV     1   --> A              
     e( 22 - 22) =     -3.39577  eV     1   --> A              
     e( 23 - 23) =     -3.31070  eV     1   --> A              
     e( 24 - 24) =     -3.21337  eV     1   --> A              
     e( 25 - 25) =     -3.18183  eV     1   --> A              
     e( 26 - 26) =     -1.32791  eV     1   --> A              
     e( 27 - 27) =     -1.05607  eV     1   --> A              
     e( 28 - 28) =      1.50948  eV     1   --> A              
     e( 29 - 29) =      1.85386  eV     1   --> A              
     e( 30 - 30) =      1.87218  eV     1   --> A              
     e( 31 - 31) =      2.36867  eV     1   --> A              
     e( 32 - 32) =      2.49076  eV     1   --> A              
     e( 33 - 33) =      2.73513  eV     1   --> A              
     e( 34 - 34) =      2.83597  eV     1   --> A              
     e( 35 - 35) =      3.45057  eV     1   --> A              

 **************************************************************************

 **************************************************************************

                    xk=(   0.03333,   0.05774,   0.00000  )

     Band symmetry, C_1 (1)     point group:

     e(  1 -  1) =    -77.73842  eV     1   --> A              
     e(  2 -  2) =    -48.98192  eV     1   --> A              
     e(  3 -  3) =    -48.97700  eV     1   --> A              
     e(  4 -  4) =    -48.84971  eV     1   --> A              
     e(  5 -  5) =    -23.81471  eV     1   --> A              
     e(  6 -  6) =    -23.71270  eV     1   --> A              
     e(  7 -  7) =    -21.23732  eV     1   --> A              
     e(  8 -  8) =    -19.85711  eV     1   --> A              
     e(  9 -  9) =    -13.43569  eV     1   --> A              
     e( 10 - 10) =    -10.74845  eV     1   --> A              
     e( 11 - 11) =     -9.47898  eV     1   --> A              
     e( 12 - 12) =     -9.40247  eV     1   --> A              
     e( 13 - 13) =     -9.24299  eV     1   --> A              
     e( 14 - 14) =     -9.18963  eV     1   --> A              
     e( 15 - 15) =     -8.82431  eV     1   --> A              
     e( 16 - 16) =     -8.76931  eV     1   --> A              
     e( 17 - 17) =     -8.64988  eV     1   --> A              
     e( 18 - 18) =     -7.48063  eV     1   --> A              
     e( 19 - 19) =     -7.45464  eV     1   --> A              
     e( 20 - 20) =     -7.02901  eV     1   --> A              
     e( 21 - 21) =     -5.21711  eV     1   --> A              
     e( 22 - 22) =     -3.40428  eV     1   --> A              
     e( 23 - 23) =     -3.30137  eV     1   --> A              
     e( 24 - 24) =     -3.22463  eV     1   --> A              
     e( 25 - 25) =     -3.18796  eV     1   --> A              
     e( 26 - 26) =     -1.29048  eV     1   --> A              
     e( 27 - 27) =     -1.02300  eV     1   --> A              
     e( 28 - 28) =      1.53680  eV     1   --> A              
     e( 29 - 29) =      1.86435  eV     1   --> A              
     e( 30 - 30) =      1.87957  eV     1   --> A              
     e( 31 - 31) =      2.32227  eV     1   --> A              
     e( 32 - 32) =      2.44930  eV     1   --> A              
     e( 33 - 33) =      2.76247  eV     1   --> A              
     e( 34 - 34) =      2.86357  eV     1   --> A              
     e( 35 - 35) =      3.49059  eV     1   --> A              

 **************************************************************************

 **************************************************************************

                    xk=(   0.03667,   0.06351,   0.00000  )

     Band symmetry, C_1 (1)     point group:

     e(  1 -  1) =    -77.73826  eV     1   --> A              
     e(  2 -  2) =    -48.98325  eV     1   --> A              
     e(  3 -  3) =    -48.97732  eV     1   --> A              
     e(  4 -  4) =    -48.84947  eV     1   --> A              
     e(  5 -  5) =    -23.80363  eV     1   --> A              
     e(  6 -  6) =    -23.70176  eV     1   --> A              
     e(  7 -  7) =    -21.22938  eV     1   --> A              
     e(  8 -  8) =    -19.85302  eV     1   --> A              
     e(  9 -  9) =    -13.42766  eV     1   --> A              
     e( 10 - 10) =    -10.74508  eV     1   --> A              
     e( 11 - 11) =     -9.52974  eV     1   --> A              
     e( 12 - 12) =     -9.45501  eV     1   --> A              
     e( 13 - 13) =     -9.25430  eV     1   --> A              
     e( 14 - 14) =     -9.20331  eV     1   --> A              
     e( 15 - 15) =     -8.82386  eV     1   --> A              
     e( 16 - 16) =     -8.77606  eV     1   --> A              
     e( 17 - 17) =     -8.64393  eV     1   --> A              
     e( 18 - 18) =     -7.49322  eV     1   --> A              
     e( 19 - 19) =     -7.46683  eV     1   --> A              
     e( 20 - 20) =     -7.01951  eV     1   --> A              
     e( 21 - 21) =     -5.22584  eV     1   --> A              
     e( 22 - 22) =     -3.41306  eV     1   --> A              
     e( 23 - 23) =     -3.29171  eV     1   --> A              
     e( 24 - 24) =     -3.23607  eV     1   --> A              
     e( 25 - 25) =     -3.19432  eV     1   --> A              
     e( 26 - 26) =     -1.25032  eV     1   --> A              
     e( 27 - 27) =     -0.98737  eV     1   --> A              
     e( 28 - 28) =      1.56594  eV     1   --> A              
     e( 29 - 29) =      1.87452  eV     1   --> A              
     e( 30 - 30) =      1.88753  eV     1   --> A              
     e( 31 - 31) =      2.27501  eV     1   --> A              
     e( 32 - 32) =      2.40696  eV     1   --> A              
     e( 33 - 33) =      2.79266  eV     1   --> A              
     e( 34 - 34) =      2.89415  eV     1   --> A              
     e( 35 - 35) =      3.53153  eV     1   --> A              

 **************************************************************************

 **************************************************************************

                    xk=(   0.04000,   0.06928,   0.00000  )

     Band symmetry, C_1 (1)     point group:

     e(  1 -  1) =    -77.73809  eV     1   --> A              
     e(  2 -  2) =    -48.98470  eV     1   --> A              
     e(  3 -  3) =    -48.97766  eV     1   --> A              
     e(  4 -  4) =    -48.84922  eV     1   --> A              
     e(  5 -  5) =    -23.79151  eV     1   --> A              
     e(  6 -  6) =    -23.68980  eV     1   --> A              
     e(  7 -  7) =    -21.22072  eV     1   --> A              
     e(  8 -  8) =    -19.84856  eV     1   --> A              
     e(  9 -  9) =    -13.41896  eV     1   --> A              
     e( 10 - 10) =    -10.74149  eV     1   --> A              
     e( 11 - 11) =     -9.58352  eV     1   --> A              
     e( 12 - 12) =     -9.51106  eV     1   --> A              
     e( 13 - 13) =     -9.26693  eV     1   --> A              
     e( 14 - 14) =     -9.21844  eV     1   --> A              
     e( 15 - 15) =     -8.83406  eV     1   --> A              
     e( 16 - 16) =     -8.77328  eV     1   --> A              
     e( 17 - 17) =     -8.63741  eV     1   --> A              
     e( 18 - 18) =     -7.50607  eV     1   --> A              
     e( 19 - 19) =     -7.48024  eV     1   --> A              
     e( 20 - 20) =     -7.01061  eV     1   --> A              
     e( 21 - 21) =     -5.23567  eV     1   --> A              
     e( 22 - 22) =     -3.42198  eV     1   --> A              
     e( 23 - 23) =     -3.28245  eV     1   --> A              
     e( 24 - 24) =     -3.24726  eV     1   --> A              
     e( 25 - 25) =     -3.20048  eV     1   --> A              
     e( 26 - 26) =     -1.20771  eV     1   --> A              
     e( 27 - 27) =     -0.94941  eV     1   --> A              
     e( 28 - 28) =      1.59636  eV     1   --> A              
     e( 29 - 29) =      1.88360  eV     1   --> A              
     e( 30 - 30) =      1.89594  eV     1   --> A              
     e( 31 - 31) =      2.22789  eV     1   --> A              
     e( 32 - 32) =      2.36463  eV     1   --> A              
     e( 33 - 33) =      2.82568  eV     1   --> A              
     e( 34 - 34) =      2.92774  eV     1   --> A              
     e( 35 - 35) =      3.57323  eV     1   --> A              

 **************************************************************************

 **************************************************************************

                    xk=(   0.04333,   0.07506,   0.00000  )

     Band symmetry, C_1 (1)     point group:

     e(  1 -  1) =    -77.73790  eV     1   --> A              
     e(  2 -  2) =    -48.98627  eV     1   --> A              
     e(  3 -  3) =    -48.97804  eV     1   --> A              
     e(  4 -  4) =    -48.84894  eV     1   --> A              
     e(  5 -  5) =    -23.77836  eV     1   --> A              
     e(  6 -  6) =    -23.67681  eV     1   --> A              
     e(  7 -  7) =    -21.21134  eV     1   --> A              
     e(  8 -  8) =    -19.84375  eV     1   --> A              
     e(  9 -  9) =    -13.40959  eV     1   --> A              
     e( 10 - 10) =    -10.73771  eV     1   --> A              
     e( 11 - 11) =     -9.64017  eV     1   --> A              
     e( 12 - 12) =     -9.57031  eV     1   --> A              
     e( 13 - 13) =     -9.28096  eV     1   --> A              
     e( 14 - 14) =     -9.23503  eV     1   --> A              
     e( 15 - 15) =     -8.85105  eV     1   --> A              
     e( 16 - 16) =     -8.76470  eV     1   --> A              
     e( 17 - 17) =     -8.63030  eV     1   --> A              
     e( 18 - 18) =     -7.51921  eV     1   --> A              
     e( 19 - 19) =     -7.49484  eV     1   --> A              
     e( 20 - 20) =     -7.00246  eV     1   --> A              
     e( 21 - 21) =     -5.24662  eV     1   --> A              
     e( 22 - 22) =     -3.43090  eV     1   --> A              
     e( 23 - 23) =     -3.27574  eV     1   --> A              
     e( 24 - 24) =     -3.25689  eV     1   --> A              
     e( 25 - 25) =     -3.20550  eV     1   --> A              
     e( 26 - 26) =     -1.16289  eV     1   --> A              
     e( 27 - 27) =     -0.90933  eV     1   --> A              
     e( 28 - 28) =      1.62724  eV     1   --> A              
     e( 29 - 29) =      1.89120  eV     1   --> A              
     e( 30 - 30) =      1.90383  eV     1   --> A              
     e( 31 - 31) =      2.18235  eV     1   --> A              
     e( 32 - 32) =      2.32346  eV     1   --> A              
     e( 33 - 33) =      2.86148  eV     1   --> A              
     e( 34 - 34) =      2.96434  eV     1   --> A              
     e( 35 - 35) =      3.61555  eV     1   --> A              

 **************************************************************************

 **************************************************************************

                    xk=(   0.04667,   0.08083,   0.00000  )

     Band symmetry, C_1 (1)     point group:

     e(  1 -  1) =    -77.73770  eV     1   --> A              
     e(  2 -  2) =    -48.98794  eV     1   --> A              
     e(  3 -  3) =    -48.97844  eV     1   --> A              
     e(  4 -  4) =    -48.84864  eV     1   --> A              
     e(  5 -  5) =    -23.76417  eV     1   --> A              
     e(  6 -  6) =    -23.66281  eV     1   --> A              
     e(  7 -  7) =    -21.20126  eV     1   --> A              
     e(  8 -  8) =    -19.83857  eV     1   --> A              
     e(  9 -  9) =    -13.39958  eV     1   --> A              
     e( 10 - 10) =    -10.73380  eV     1   --> A              
     e( 11 - 11) =     -9.69954  eV     1   --> A              
     e( 12 - 12) =     -9.63246  eV     1   --> A              
     e( 13 - 13) =     -9.29652  eV     1   --> A              
     e( 14 - 14) =     -9.25303  eV     1   --> A              
     e( 15 - 15) =     -8.87114  eV     1   --> A              
     e( 16 - 16) =     -8.75388  eV     1   --> A              
     e( 17 - 17) =     -8.62259  eV     1   --> A              
     e( 18 - 18) =     -7.53273  eV     1   --> A              
     e( 19 - 19) =     -7.51049  eV     1   --> A              
     e( 20 - 20) =     -6.99517  eV     1   --> A              
     e( 21 - 21) =     -5.25872  eV     1   --> A              
     e( 22 - 22) =     -3.43971  eV     1   --> A              
     e( 23 - 23) =     -3.27767  eV     1   --> A              
     e( 24 - 24) =     -3.26065  eV     1   --> A              
     e( 25 - 25) =     -3.20748  eV     1   --> A              
     e( 26 - 26) =     -1.11612  eV     1   --> A              
     e( 27 - 27) =     -0.86738  eV     1   --> A              
     e( 28 - 28) =      1.65716  eV     1   --> A              
     e( 29 - 29) =      1.89764  eV     1   --> A              
     e( 30 - 30) =      1.90874  eV     1   --> A              
     e( 31 - 31) =      2.14083  eV     1   --> A              
     e( 32 - 32) =      2.28487  eV     1   --> A              
     e( 33 - 33) =      2.90000  eV     1   --> A              
     e( 34 - 34) =      3.00395  eV     1   --> A              
     e( 35 - 35) =      3.65840  eV     1   --> A              

 **************************************************************************

 **************************************************************************

                    xk=(   0.05000,   0.08660,   0.00000  )

     Band symmetry, C_1 (1)     point group:

     e(  1 -  1) =    -77.73749  eV     1   --> A              
     e(  2 -  2) =    -48.98973  eV     1   --> A              
     e(  3 -  3) =    -48.97888  eV     1   --> A              
     e(  4 -  4) =    -48.84833  eV     1   --> A              
     e(  5 -  5) =    -23.74896  eV     1   --> A              
     e(  6 -  6) =    -23.64779  eV     1   --> A              
     e(  7 -  7) =    -21.19049  eV     1   --> A              
     e(  8 -  8) =    -19.83305  eV     1   --> A              
     e(  9 -  9) =    -13.38897  eV     1   --> A              
     e( 10 - 10) =    -10.72980  eV     1   --> A              
     e( 11 - 11) =     -9.76147  eV     1   --> A              
     e( 12 - 12) =     -9.69719  eV     1   --> A              
     e( 13 - 13) =     -9.31375  eV     1   --> A              
     e( 14 - 14) =     -9.27237  eV     1   --> A              
     e( 15 - 15) =     -8.89288  eV     1   --> A              
     e( 16 - 16) =     -8.74211  eV     1   --> A              
     e( 17 - 17) =     -8.61428  eV     1   --> A              
     e( 18 - 18) =     -7.54693  eV     1   --> A              
     e( 19 - 19) =     -7.52686  eV     1   --> A              
     e( 20 - 20) =     -6.98880  eV     1   --> A              
     e( 21 - 21) =     -5.27198  eV     1   --> A              
     e( 22 - 22) =     -3.44828  eV     1   --> A              
     e( 23 - 23) =     -3.28689  eV     1   --> A              
     e( 24 - 24) =     -3.26214  eV     1   --> A              
     e( 25 - 25) =     -3.20412  eV     1   --> A              
     e( 26 - 26) =     -1.06764  eV     1   --> A              
     e( 27 - 27) =     -0.82376  eV     1   --> A              
     e( 28 - 28) =      1.68372  eV     1   --> A              
     e( 29 - 29) =      1.90370  eV     1   --> A              
     e( 30 - 30) =      1.90685  eV     1   --> A              
     e( 31 - 31) =      2.10737  eV     1   --> A              
     e( 32 - 32) =      2.25057  eV     1   --> A              
     e( 33 - 33) =      2.94116  eV     1   --> A              
     e( 34 - 34) =      3.04657  eV     1   --> A              
     e( 35 - 35) =      3.70172  eV     1   --> A              

 **************************************************************************

 **************************************************************************

                    xk=(   0.05333,   0.09238,   0.00000  )

     Band symmetry, C_1 (1)     point group:

     e(  1 -  1) =    -77.73726  eV     1   --> A              
     e(  2 -  2) =    -48.99162  eV     1   --> A              
     e(  3 -  3) =    -48.97935  eV     1   --> A              
     e(  4 -  4) =    -48.84799  eV     1   --> A              
     e(  5 -  5) =    -23.73273  eV     1   --> A              
     e(  6 -  6) =    -23.63176  eV     1   --> A              
     e(  7 -  7) =    -21.17903  eV     1   --> A              
     e(  8 -  8) =    -19.82719  eV     1   --> A              
     e(  9 -  9) =    -13.37777  eV     1   --> A              
     e( 10 - 10) =    -10.72580  eV     1   --> A              
     e( 11 - 11) =     -9.82581  eV     1   --> A              
     e( 12 - 12) =     -9.76419  eV     1   --> A              
     e( 13 - 13) =     -9.33281  eV     1   --> A              
     e( 14 - 14) =     -9.29296  eV     1   --> A              
     e( 15 - 15) =     -8.91569  eV     1   --> A              
     e( 16 - 16) =     -8.72986  eV     1   --> A              
     e( 17 - 17) =     -8.60536  eV     1   --> A              
     e( 18 - 18) =     -7.56246  eV     1   --> A              
     e( 19 - 19) =     -7.54327  eV     1   --> A              
     e( 20 - 20) =     -6.98343  eV     1   --> A              
     e( 21 - 21) =     -5.28640  eV     1   --> A              
     e( 22 - 22) =     -3.45652  eV     1   --> A              
     e( 23 - 23) =     -3.29750  eV     1   --> A              
     e( 24 - 24) =     -3.26753  eV     1   --> A              
     e( 25 - 25) =     -3.19508  eV     1   --> A              
     e( 26 - 26) =     -1.01769  eV     1   --> A              
     e( 27 - 27) =     -0.77869  eV     1   --> A              
     e( 28 - 28) =      1.70297  eV     1   --> A              
     e( 29 - 29) =      1.89210  eV     1   --> A              
     e( 30 - 30) =      1.91290  eV     1   --> A              
     e( 31 - 31) =      2.08688  eV     1   --> A              
     e( 32 - 32) =      2.22236  eV     1   --> A              
     e( 33 - 33) =      2.98487  eV     1   --> A              
     e( 34 - 34) =      3.09217  eV     1   --> A              
     e( 35 - 35) =      3.74546  eV     1   --> A              

 **************************************************************************

 **************************************************************************

                    xk=(   0.05667,   0.09815,   0.00000  )

     Band symmetry, C_1 (1)     point group:

     e(  1 -  1) =    -77.73703  eV     1   --> A              
     e(  2 -  2) =    -48.99361  eV     1   --> A              
     e(  3 -  3) =    -48.97984  eV     1   --> A              
     e(  4 -  4) =    -48.84763  eV     1   --> A              
     e(  5 -  5) =    -23.71548  eV     1   --> A              
     e(  6 -  6) =    -23.61473  eV     1   --> A              
     e(  7 -  7) =    -21.16692  eV     1   --> A              
     e(  8 -  8) =    -19.82100  eV     1   --> A              
     e(  9 -  9) =    -13.36604  eV     1   --> A              
     e( 10 - 10) =    -10.72190  eV     1   --> A              
     e( 11 - 11) =     -9.89238  eV     1   --> A              
     e( 12 - 12) =     -9.83312  eV     1   --> A              
     e( 13 - 13) =     -9.35389  eV     1   --> A              
     e( 14 - 14) =     -9.31465  eV     1   --> A              
     e( 15 - 15) =     -8.93929  eV     1   --> A              
     e( 16 - 16) =     -8.71730  eV     1   --> A              
     e( 17 - 17) =     -8.59584  eV     1   --> A              
     e( 18 - 18) =     -7.58022  eV     1   --> A              
     e( 19 - 19) =     -7.55882  eV     1   --> A              
     e( 20 - 20) =     -6.97908  eV     1   --> A              
     e( 21 - 21) =     -5.30197  eV     1   --> A              
     e( 22 - 22) =     -3.46433  eV     1   --> A              
     e( 23 - 23) =     -3.30815  eV     1   --> A              
     e( 24 - 24) =     -3.27639  eV     1   --> A              
     e( 25 - 25) =     -3.18208  eV     1   --> A              
     e( 26 - 26) =     -0.96648  eV     1   --> A              
     e( 27 - 27) =     -0.73239  eV     1   --> A              
     e( 28 - 28) =      1.70983  eV     1   --> A              
     e( 29 - 29) =      1.86408  eV     1   --> A              
     e( 30 - 30) =      1.92765  eV     1   --> A              
     e( 31 - 31) =      2.08119  eV     1   --> A              
     e( 32 - 32) =      2.20171  eV     1   --> A              
     e( 33 - 33) =      3.03098  eV     1   --> A              
     e( 34 - 34) =      3.14072  eV     1   --> A              
     e( 35 - 35) =      3.78958  eV     1   --> A              

 **************************************************************************

 **************************************************************************

                    xk=(   0.06000,   0.10392,   0.00000  )

     Band symmetry, C_1 (1)     point group:

     e(  1 -  1) =    -77.73677  eV     1   --> A              
     e(  2 -  2) =    -48.99571  eV     1   --> A              
     e(  3 -  3) =    -48.98037  eV     1   --> A              
     e(  4 -  4) =    -48.84726  eV     1   --> A              
     e(  5 -  5) =    -23.69722  eV     1   --> A              
     e(  6 -  6) =    -23.59671  eV     1   --> A              
     e(  7 -  7) =    -21.15414  eV     1   --> A              
     e(  8 -  8) =    -19.81448  eV     1   --> A              
     e(  9 -  9) =    -13.35379  eV     1   --> A              
     e( 10 - 10) =    -10.71825  eV     1   --> A              
     e( 11 - 11) =     -9.96101  eV     1   --> A              
     e( 12 - 12) =     -9.90366  eV     1   --> A              
     e( 13 - 13) =     -9.37715  eV     1   --> A              
     e( 14 - 14) =     -9.33730  eV     1   --> A              
     e( 15 - 15) =     -8.96349  eV     1   --> A              
     e( 16 - 16) =     -8.70450  eV     1   --> A              
     e( 17 - 17) =     -8.58570  eV     1   --> A              
     e( 18 - 18) =     -7.60059  eV     1   --> A              
     e( 19 - 19) =     -7.57306  eV     1   --> A              
     e( 20 - 20) =     -6.97580  eV     1   --> A              
     e( 21 - 21) =     -5.31866  eV     1   --> A              
     e( 22 - 22) =     -3.47163  eV     1   --> A              
     e( 23 - 23) =     -3.31853  eV     1   --> A              
     e( 24 - 24) =     -3.28750  eV     1   --> A              
     e( 25 - 25) =     -3.16664  eV     1   --> A              
     e( 26 - 26) =     -0.91423  eV     1   --> A              
     e( 27 - 27) =     -0.68505  eV     1   --> A              
     e( 28 - 28) =      1.70092  eV     1   --> A              
     e( 29 - 29) =      1.82542  eV     1   --> A              
     e( 30 - 30) =      1.95145  eV     1   --> A              
     e( 31 - 31) =      2.08706  eV     1   --> A              
     e( 32 - 32) =      2.18926  eV     1   --> A              
     e( 33 - 33) =      3.07933  eV     1   --> A              
     e( 34 - 34) =      3.19218  eV     1   --> A              
     e( 35 - 35) =      3.83410  eV     1   --> A              

 **************************************************************************

 **************************************************************************

                    xk=(   0.06333,   0.10970,   0.00000  )

     Band symmetry, C_1 (1)     point group:

     e(  1 -  1) =    -77.73651  eV     1   --> A              
     e(  2 -  2) =    -48.99790  eV     1   --> A              
     e(  3 -  3) =    -48.98093  eV     1   --> A              
     e(  4 -  4) =    -48.84687  eV     1   --> A              
     e(  5 -  5) =    -23.67796  eV     1   --> A              
     e(  6 -  6) =    -23.57769  eV     1   --> A              
     e(  7 -  7) =    -21.14073  eV     1   --> A              
     e(  8 -  8) =    -19.80765  eV     1   --> A              
     e(  9 -  9) =    -13.34108  eV     1   --> A              
     e( 10 - 10) =    -10.71505  eV     1   --> A              
     e( 11 - 11) =    -10.03147  eV     1   --> A              
     e( 12 - 12) =     -9.97544  eV     1   --> A              
     e( 13 - 13) =     -9.40272  eV     1   --> A              
     e( 14 - 14) =     -9.36082  eV     1   --> A              
     e( 15 - 15) =     -8.98819  eV     1   --> A              
     e( 16 - 16) =     -8.69152  eV     1   --> A              
     e( 17 - 17) =     -8.57498  eV     1   --> A              
     e( 18 - 18) =     -7.62331  eV     1   --> A              
     e( 19 - 19) =     -7.58624  eV     1   --> A              
     e( 20 - 20) =     -6.97358  eV     1   --> A              
     e( 21 - 21) =     -5.33645  eV     1   --> A              
     e( 22 - 22) =     -3.47838  eV     1   --> A              
     e( 23 - 23) =     -3.32854  eV     1   --> A              
     e( 24 - 24) =     -3.30013  eV     1   --> A              
     e( 25 - 25) =     -3.14958  eV     1   --> A              
     e( 26 - 26) =     -0.86114  eV     1   --> A              
     e( 27 - 27) =     -0.63688  eV     1   --> A              
     e( 28 - 28) =      1.67709  eV     1   --> A              
     e( 29 - 29) =      1.78039  eV     1   --> A              
     e( 30 - 30) =      1.98407  eV     1   --> A              
     e( 31 - 31) =      2.10012  eV     1   --> A              
     e( 32 - 32) =      2.18467  eV     1   --> A              
     e( 33 - 33) =      3.12973  eV     1   --> A              
     e( 34 - 34) =      3.24649  eV     1   --> A              
     e( 35 - 35) =      3.87904  eV     1   --> A              

 **************************************************************************

 **************************************************************************

                    xk=(   0.06667,   0.11547,   0.00000  )

     Band symmetry, C_1 (1)     point group:

     e(  1 -  1) =    -77.73623  eV     1   --> A              
     e(  2 -  2) =    -49.00019  eV     1   --> A              
     e(  3 -  3) =    -48.98151  eV     1   --> A              
     e(  4 -  4) =    -48.84646  eV     1   --> A              
     e(  5 -  5) =    -23.65770  eV     1   --> A              
     e(  6 -  6) =    -23.55769  eV     1   --> A              
     e(  7 -  7) =    -21.12670  eV     1   --> A              
     e(  8 -  8) =    -19.80052  eV     1   --> A              
     e(  9 -  9) =    -13.32796  eV     1   --> A              
     e( 10 - 10) =    -10.71260  eV     1   --> A              
     e( 11 - 11) =    -10.10348  eV     1   --> A              
     e( 12 - 12) =    -10.04805  eV     1   --> A              
     e( 13 - 13) =     -9.43062  eV     1   --> A              
     e( 14 - 14) =     -9.38519  eV     1   --> A              
     e( 15 - 15) =     -9.01329  eV     1   --> A              
     e( 16 - 16) =     -8.67836  eV     1   --> A              
     e( 17 - 17) =     -8.56367  eV     1   --> A              
     e( 18 - 18) =     -7.64802  eV     1   --> A              
     e( 19 - 19) =     -7.59868  eV     1   --> A              
     e( 20 - 20) =     -6.97242  eV     1   --> A              
     e( 21 - 21) =     -5.35529  eV     1   --> A              
     e( 22 - 22) =     -3.48450  eV     1   --> A              
     e( 23 - 23) =     -3.33811  eV     1   --> A              
     e( 24 - 24) =     -3.31392  eV     1   --> A              
     e( 25 - 25) =     -3.13131  eV     1   --> A              
     e( 26 - 26) =     -0.80741  eV     1   --> A              
     e( 27 - 27) =     -0.58804  eV     1   --> A              
     e( 28 - 28) =      1.64193  eV     1   --> A              
     e( 29 - 29) =      1.73169  eV     1   --> A              
     e( 30 - 30) =      2.02334  eV     1   --> A              
     e( 31 - 31) =      2.11740  eV     1   --> A              
     e( 32 - 32) =      2.18693  eV     1   --> A              
     e( 33 - 33) =      3.18192  eV     1   --> A              
     e( 34 - 34) =      3.30356  eV     1   --> A              
     e( 35 - 35) =      3.92446  eV     1   --> A              

 **************************************************************************

 **************************************************************************

                    xk=(   0.07000,   0.12124,   0.00000  )

     Band symmetry, C_1 (1)     point group:

     e(  1 -  1) =    -77.73594  eV     1   --> A              
     e(  2 -  2) =    -49.00256  eV     1   --> A              
     e(  3 -  3) =    -48.98213  eV     1   --> A              
     e(  4 -  4) =    -48.84603  eV     1   --> A              
     e(  5 -  5) =    -23.63645  eV     1   --> A              
     e(  6 -  6) =    -23.53671  eV     1   --> A              
     e(  7 -  7) =    -21.11205  eV     1   --> A              
     e(  8 -  8) =    -19.79310  eV     1   --> A              
     e(  9 -  9) =    -13.31446  eV     1   --> A              
     e( 10 - 10) =    -10.71136  eV     1   --> A              
     e( 11 - 11) =    -10.17671  eV     1   --> A              
     e( 12 - 12) =    -10.12101  eV     1   --> A              
     e( 13 - 13) =     -9.46078  eV     1   --> A              
     e( 14 - 14) =     -9.41044  eV     1   --> A              
     e( 15 - 15) =     -9.03874  eV     1   --> A              
     e( 16 - 16) =     -8.66504  eV     1   --> A              
     e( 17 - 17) =     -8.55179  eV     1   --> A              
     e( 18 - 18) =     -7.67449  eV     1   --> A              
     e( 19 - 19) =     -7.61056  eV     1   --> A              
     e( 20 - 20) =     -6.97230  eV     1   --> A              
     e( 21 - 21) =     -5.37513  eV     1   --> A              
     e( 22 - 22) =     -3.48997  eV     1   --> A              
     e( 23 - 23) =     -3.34722  eV     1   --> A              
     e( 24 - 24) =     -3.32864  eV     1   --> A              
     e( 25 - 25) =     -3.11208  eV     1   --> A              
     e( 26 - 26) =     -0.75319  eV     1   --> A              
     e( 27 - 27) =     -0.53871  eV     1   --> A              
     e( 28 - 28) =      1.59914  eV     1   --> A              
     e( 29 - 29) =      1.68071  eV     1   --> A              
     e( 30 - 30) =      2.06706  eV     1   --> A              
     e( 31 - 31) =      2.13718  eV     1   --> A              
     e( 32 - 32) =      2.19497  eV     1   --> A              
     e( 33 - 33) =      3.23562  eV     1   --> A              
     e( 34 - 34) =      3.36329  eV     1   --> A              
     e( 35 - 35) =      3.97044  eV     1   --> A              

 **************************************************************************

 **************************************************************************

                    xk=(   0.07333,   0.12702,   0.00000  )

     Band symmetry, C_1 (1)     point group:

     e(  1 -  1) =    -77.73565  eV     1   --> A              
     e(  2 -  2) =    -49.00502  eV     1   --> A              
     e(  3 -  3) =    -48.98278  eV     1   --> A              
     e(  4 -  4) =    -48.84559  eV     1   --> A              
     e(  5 -  5) =    -23.61423  eV     1   --> A              
     e(  6 -  6) =    -23.51476  eV     1   --> A              
     e(  7 -  7) =    -21.09682  eV     1   --> A              
     e(  8 -  8) =    -19.78539  eV     1   --> A              
     e(  9 -  9) =    -13.30065  eV     1   --> A              
     e( 10 - 10) =    -10.71207  eV     1   --> A              
     e( 11 - 11) =    -10.25074  eV     1   --> A              
     e( 12 - 12) =    -10.19368  eV     1   --> A              
     e( 13 - 13) =     -9.49309  eV     1   --> A              
     e( 14 - 14) =     -9.43667  eV     1   --> A              
     e( 15 - 15) =     -9.06451  eV     1   --> A              
     e( 16 - 16) =     -8.65156  eV     1   --> A              
     e( 17 - 17) =     -8.53939  eV     1   --> A              
     e( 18 - 18) =     -7.70257  eV     1   --> A              
     e( 19 - 19) =     -7.62197  eV     1   --> A              
     e( 20 - 20) =     -6.97321  eV     1   --> A              
     e( 21 - 21) =     -5.39590  eV     1   --> A              
     e( 22 - 22) =     -3.49478  eV     1   --> A              
     e( 23 - 23) =     -3.35596  eV     1   --> A              
     e( 24 - 24) =     -3.34408  eV     1   --> A              
     e( 25 - 25) =     -3.09202  eV     1   --> A              
     e( 26 - 26) =     -0.69868  eV     1   --> A              
     e( 27 - 27) =     -0.48905  eV     1   --> A              
     e( 28 - 28) =      1.55150  eV     1   --> A              
     e( 29 - 29) =      1.62826  eV     1   --> A              
     e( 30 - 30) =      2.11337  eV     1   --> A              
     e( 31 - 31) =      2.15861  eV     1   --> A              
     e( 32 - 32) =      2.20800  eV     1   --> A              
     e( 33 - 33) =      3.29048  eV     1   --> A              
     e( 34 - 34) =      3.42555  eV     1   --> A              
     e( 35 - 35) =      4.01714  eV     1   --> A              

 **************************************************************************

 **************************************************************************

                    xk=(   0.07667,   0.13279,   0.00000  )

     Band symmetry, C_1 (1)     point group:

     e(  1 -  1) =    -77.73534  eV     1   --> A              
     e(  2 -  2) =    -49.00756  eV     1   --> A              
     e(  3 -  3) =    -48.98346  eV     1   --> A              
     e(  4 -  4) =    -48.84513  eV     1   --> A              
     e(  5 -  5) =    -23.59103  eV     1   --> A              
     e(  6 -  6) =    -23.49185  eV     1   --> A              
     e(  7 -  7) =    -21.08101  eV     1   --> A              
     e(  8 -  8) =    -19.77741  eV     1   --> A              
     e(  9 -  9) =    -13.28659  eV     1   --> A              
     e( 10 - 10) =    -10.71590  eV     1   --> A              
     e( 11 - 11) =    -10.32502  eV     1   --> A              
     e( 12 - 12) =    -10.26504  eV     1   --> A              
     e( 13 - 13) =     -9.52742  eV     1   --> A              
     e( 14 - 14) =     -9.46395  eV     1   --> A              
     e( 15 - 15) =     -9.09057  eV     1   --> A              
     e( 16 - 16) =     -8.63793  eV     1   --> A              
     e( 17 - 17) =     -8.52647  eV     1   --> A              
     e( 18 - 18) =     -7.73220  eV     1   --> A              
     e( 19 - 19) =     -7.63293  eV     1   --> A              
     e( 20 - 20) =     -6.97512  eV     1   --> A              
     e( 21 - 21) =     -5.41754  eV     1   --> A              
     e( 22 - 22) =     -3.49893  eV     1   --> A              
     e( 23 - 23) =     -3.36508  eV     1   --> A              
     e( 24 - 24) =     -3.35939  eV     1   --> A              
     e( 25 - 25) =     -3.07125  eV     1   --> A              
     e( 26 - 26) =     -0.64403  eV     1   --> A              
     e( 27 - 27) =     -0.43921  eV     1   --> A              
     e( 28 - 28) =      1.50092  eV     1   --> A              
     e( 29 - 29) =      1.57488  eV     1   --> A              
     e( 30 - 30) =      2.15931  eV     1   --> A              
     e( 31 - 31) =      2.18251  eV     1   --> A              
     e( 32 - 32) =      2.22580  eV     1   --> A              
     e( 33 - 33) =      3.34612  eV     1   --> A              
     e( 34 - 34) =      3.49018  eV     1   --> A              
     e( 35 - 35) =      4.06472  eV     1   --> A              

 **************************************************************************

 **************************************************************************

                    xk=(   0.08000,   0.13856,   0.00000  )

     Band symmetry, C_1 (1)     point group:

     e(  1 -  1) =    -77.73502  eV     1   --> A              
     e(  2 -  2) =    -49.01018  eV     1   --> A              
     e(  3 -  3) =    -48.98417  eV     1   --> A              
     e(  4 -  4) =    -48.84465  eV     1   --> A              
     e(  5 -  5) =    -23.56687  eV     1   --> A              
     e(  6 -  6) =    -23.46798  eV     1   --> A              
     e(  7 -  7) =    -21.06465  eV     1   --> A              
     e(  8 -  8) =    -19.76918  eV     1   --> A              
     e(  9 -  9) =    -13.27233  eV     1   --> A              
     e( 10 - 10) =    -10.72483  eV     1   --> A              
     e( 11 - 11) =    -10.39904  eV     1   --> A              
     e( 12 - 12) =    -10.33333  eV     1   --> A              
     e( 13 - 13) =     -9.56362  eV     1   --> A              
     e( 14 - 14) =     -9.49237  eV     1   --> A              
     e( 15 - 15) =     -9.11690  eV     1   --> A              
     e( 16 - 16) =     -8.62415  eV     1   --> A              
     e( 17 - 17) =     -8.51308  eV     1   --> A              
     e( 18 - 18) =     -7.76328  eV     1   --> A              
     e( 19 - 19) =     -7.64342  eV     1   --> A              
     e( 20 - 20) =     -6.97799  eV     1   --> A              
     e( 21 - 21) =     -5.43998  eV     1   --> A              
     e( 22 - 22) =     -3.50244  eV     1   --> A              
     e( 23 - 23) =     -3.37913  eV     1   --> A              
     e( 24 - 24) =     -3.36994  eV     1   --> A              
     e( 25 - 25) =     -3.04985  eV     1   --> A              
     e( 26 - 26) =     -0.58939  eV     1   --> A              
     e( 27 - 27) =     -0.38933  eV     1   --> A              
     e( 28 - 28) =      1.44866  eV     1   --> A              
     e( 29 - 29) =      1.52100  eV     1   --> A              
     e( 30 - 30) =      2.19358  eV     1   --> A              
     e( 31 - 31) =      2.21741  eV     1   --> A              
     e( 32 - 32) =      2.24954  eV     1   --> A              
     e( 33 - 33) =      3.40208  eV     1   --> A              
     e( 34 - 34) =      3.55698  eV     1   --> A              
     e( 35 - 35) =      4.11342  eV     1   --> A              

 **************************************************************************

 **************************************************************************

                    xk=(   0.08333,   0.14434,   0.00000  )

     Band symmetry, C_1 (1)     point group:

     e(  1 -  1) =    -77.73469  eV     1   --> A              
     e(  2 -  2) =    -49.01287  eV     1   --> A              
     e(  3 -  3) =    -48.98491  eV     1   --> A              
     e(  4 -  4) =    -48.84416  eV     1   --> A              
     e(  5 -  5) =    -23.54175  eV     1   --> A              
     e(  6 -  6) =    -23.44318  eV     1   --> A              
     e(  7 -  7) =    -21.04775  eV     1   --> A              
     e(  8 -  8) =    -19.76070  eV     1   --> A              
     e(  9 -  9) =    -13.25797  eV     1   --> A              
     e( 10 - 10) =    -10.74184  eV     1   --> A              
     e( 11 - 11) =    -10.47250  eV     1   --> A              
     e( 12 - 12) =    -10.39552  eV     1   --> A              
     e( 13 - 13) =     -9.60159  eV     1   --> A              
     e( 14 - 14) =     -9.52199  eV     1   --> A              
     e( 15 - 15) =     -9.14350  eV     1   --> A              
     e( 16 - 16) =     -8.61023  eV     1   --> A              
     e( 17 - 17) =     -8.49926  eV     1   --> A              
     e( 18 - 18) =     -7.79576  eV     1   --> A              
     e( 19 - 19) =     -7.65345  eV     1   --> A              
     e( 20 - 20) =     -6.98179  eV     1   --> A              
     e( 21 - 21) =     -5.46313  eV     1   --> A              
     e( 22 - 22) =     -3.50537  eV     1   --> A              
     e( 23 - 23) =     -3.39646  eV     1   --> A              
     e( 24 - 24) =     -3.37730  eV     1   --> A              
     e( 25 - 25) =     -3.02790  eV     1   --> A              
     e( 26 - 26) =     -0.53492  eV     1   --> A              
     e( 27 - 27) =     -0.33954  eV     1   --> A              
     e( 28 - 28) =      1.39554  eV     1   --> A              
     e( 29 - 29) =      1.46700  eV     1   --> A              
     e( 30 - 30) =      2.21651  eV     1   --> A              
     e( 31 - 31) =      2.25591  eV     1   --> A              
     e( 32 - 32) =      2.28511  eV     1   --> A              
     e( 33 - 33) =      3.45788  eV     1   --> A              
     e( 34 - 34) =      3.62572  eV     1   --> A              
     e( 35 - 35) =      4.16349  eV     1   --> A              

 **************************************************************************

 **************************************************************************

                    xk=(   0.08667,   0.15011,   0.00000  )

     Band symmetry, C_1 (1)     point group:

     e(  1 -  1) =    -77.73435  eV     1   --> A              
     e(  2 -  2) =    -49.01562  eV     1   --> A              
     e(  3 -  3) =    -48.98568  eV     1   --> A              
     e(  4 -  4) =    -48.84365  eV     1   --> A              
     e(  5 -  5) =    -23.51570  eV     1   --> A              
     e(  6 -  6) =    -23.41744  eV     1   --> A              
     e(  7 -  7) =    -21.03034  eV     1   --> A              
     e(  8 -  8) =    -19.75199  eV     1   --> A              
     e(  9 -  9) =    -13.24358  eV     1   --> A              
     e( 10 - 10) =    -10.77068  eV     1   --> A              
     e( 11 - 11) =    -10.54564  eV     1   --> A              
     e( 12 - 12) =    -10.44731  eV     1   --> A              
     e( 13 - 13) =     -9.64119  eV     1   --> A              
     e( 14 - 14) =     -9.55283  eV     1   --> A              
     e( 15 - 15) =     -9.17036  eV     1   --> A              
     e( 16 - 16) =     -8.59618  eV     1   --> A              
     e( 17 - 17) =     -8.48506  eV     1   --> A              
     e( 18 - 18) =     -7.82958  eV     1   --> A              
     e( 19 - 19) =     -7.66299  eV     1   --> A              
     e( 20 - 20) =     -6.98649  eV     1   --> A              
     e( 21 - 21) =     -5.48692  eV     1   --> A              
     e( 22 - 22) =     -3.50781  eV     1   --> A              
     e( 23 - 23) =     -3.41465  eV     1   --> A              
     e( 24 - 24) =     -3.38377  eV     1   --> A              
     e( 25 - 25) =     -3.00545  eV     1   --> A              
     e( 26 - 26) =     -0.48076  eV     1   --> A              
     e( 27 - 27) =     -0.28997  eV     1   --> A              
     e( 28 - 28) =      1.34217  eV     1   --> A              
     e( 29 - 29) =      1.41320  eV     1   --> A              
     e( 30 - 30) =      2.23728  eV     1   --> A              
     e( 31 - 31) =      2.28669  eV     1   --> A              
     e( 32 - 32) =      2.33382  eV     1   --> A              
     e( 33 - 33) =      3.51300  eV     1   --> A              
     e( 34 - 34) =      3.69612  eV     1   --> A              
     e( 35 - 35) =      4.21526  eV     1   --> A              

 **************************************************************************

 **************************************************************************

                    xk=(   0.09000,   0.15588,   0.00000  )

     Band symmetry, C_1 (1)     point group:

     e(  1 -  1) =    -77.73400  eV     1   --> A              
     e(  2 -  2) =    -49.01844  eV     1   --> A              
     e(  3 -  3) =    -48.98648  eV     1   --> A              
     e(  4 -  4) =    -48.84314  eV     1   --> A              
     e(  5 -  5) =    -23.48870  eV     1   --> A              
     e(  6 -  6) =    -23.39078  eV     1   --> A              
     e(  7 -  7) =    -21.01243  eV     1   --> A              
     e(  8 -  8) =    -19.74306  eV     1   --> A              
     e(  9 -  9) =    -13.22925  eV     1   --> A              
     e( 10 - 10) =    -10.81398  eV     1   --> A              
     e( 11 - 11) =    -10.61907  eV     1   --> A              
     e( 12 - 12) =    -10.48512  eV     1   --> A              
     e( 13 - 13) =     -9.68232  eV     1   --> A              
     e( 14 - 14) =     -9.58494  eV     1   --> A              
     e( 15 - 15) =     -9.19749  eV     1   --> A              
     e( 16 - 16) =     -8.58202  eV     1   --> A              
     e( 17 - 17) =     -8.47054  eV     1   --> A              
     e( 18 - 18) =     -7.86465  eV     1   --> A              
     e( 19 - 19) =     -7.67201  eV     1   --> A              
     e( 20 - 20) =     -6.99206  eV     1   --> A              
     e( 21 - 21) =     -5.51126  eV     1   --> A              
     e( 22 - 22) =     -3.50990  eV     1   --> A              
     e( 23 - 23) =     -3.43335  eV     1   --> A              
     e( 24 - 24) =     -3.38958  eV     1   --> A              
     e( 25 - 25) =     -2.98257  eV     1   --> A              
     e( 26 - 26) =     -0.42704  eV     1   --> A              
     e( 27 - 27) =     -0.24070  eV     1   --> A              
     e( 28 - 28) =      1.28899  eV     1   --> A              
     e( 29 - 29) =      1.35988  eV     1   --> A              
     e( 30 - 30) =      2.25743  eV     1   --> A              
     e( 31 - 31) =      2.31584  eV     1   --> A              
     e( 32 - 32) =      2.38735  eV     1   --> A              
     e( 33 - 33) =      3.56689  eV     1   --> A              
     e( 34 - 34) =      3.76785  eV     1   --> A              
     e( 35 - 35) =      4.26902  eV     1   --> A              

 **************************************************************************

 **************************************************************************

                    xk=(   0.09333,   0.16166,   0.00000  )

     Band symmetry, C_1 (1)     point group:

     e(  1 -  1) =    -77.73364  eV     1   --> A              
     e(  2 -  2) =    -49.02132  eV     1   --> A              
     e(  3 -  3) =    -48.98731  eV     1   --> A              
     e(  4 -  4) =    -48.84261  eV     1   --> A              
     e(  5 -  5) =    -23.46079  eV     1   --> A              
     e(  6 -  6) =    -23.36320  eV     1   --> A              
     e(  7 -  7) =    -20.99406  eV     1   --> A              
     e(  8 -  8) =    -19.73393  eV     1   --> A              
     e(  9 -  9) =    -13.21509  eV     1   --> A              
     e( 10 - 10) =    -10.87105  eV     1   --> A              
     e( 11 - 11) =    -10.69316  eV     1   --> A              
     e( 12 - 12) =    -10.50898  eV     1   --> A              
     e( 13 - 13) =     -9.72488  eV     1   --> A              
     e( 14 - 14) =     -9.61832  eV     1   --> A              
     e( 15 - 15) =     -9.22489  eV     1   --> A              
     e( 16 - 16) =     -8.56775  eV     1   --> A              
     e( 17 - 17) =     -8.45577  eV     1   --> A              
     e( 18 - 18) =     -7.90088  eV     1   --> A              
     e( 19 - 19) =     -7.68049  eV     1   --> A              
     e( 20 - 20) =     -6.99845  eV     1   --> A              
     e( 21 - 21) =     -5.53606  eV     1   --> A              
     e( 22 - 22) =     -3.51194  eV     1   --> A              
     e( 23 - 23) =     -3.45227  eV     1   --> A              
     e( 24 - 24) =     -3.39472  eV     1   --> A              
     e( 25 - 25) =     -2.95933  eV     1   --> A              
     e( 26 - 26) =     -0.37392  eV     1   --> A              
     e( 27 - 27) =     -0.19187  eV     1   --> A              
     e( 28 - 28) =      1.23636  eV     1   --> A              
     e( 29 - 29) =      1.30727  eV     1   --> A              
     e( 30 - 30) =      2.27731  eV     1   --> A              
     e( 31 - 31) =      2.34549  eV     1   --> A              
     e( 32 - 32) =      2.44272  eV     1   --> A              
     e( 33 - 33) =      3.61904  eV     1   --> A              
     e( 34 - 34) =      3.84054  eV     1   --> A              
     e( 35 - 35) =      4.32509  eV     1   --> A              

 **************************************************************************

 **************************************************************************

                    xk=(   0.09667,   0.16743,   0.00000  )

     Band symmetry, C_1 (1)     point group:

     e(  1 -  1) =    -77.73327  eV     1   --> A              
     e(  2 -  2) =    -49.02426  eV     1   --> A              
     e(  3 -  3) =    -48.98817  eV     1   --> A              
     e(  4 -  4) =    -48.84206  eV     1   --> A              
     e(  5 -  5) =    -23.43196  eV     1   --> A              
     e(  6 -  6) =    -23.33472  eV     1   --> A              
     e(  7 -  7) =    -20.97523  eV     1   --> A              
     e(  8 -  8) =    -19.72461  eV     1   --> A              
     e(  9 -  9) =    -13.20120  eV     1   --> A              
     e( 10 - 10) =    -10.93858  eV     1   --> A              
     e( 11 - 11) =    -10.76775  eV     1   --> A              
     e( 12 - 12) =    -10.52204  eV     1   --> A              
     e( 13 - 13) =     -9.76877  eV     1   --> A              
     e( 14 - 14) =     -9.65298  eV     1   --> A              
     e( 15 - 15) =     -9.25255  eV     1   --> A              
     e( 16 - 16) =     -8.55339  eV     1   --> A              
     e( 17 - 17) =     -8.44083  eV     1   --> A              
     e( 18 - 18) =     -7.93818  eV     1   --> A              
     e( 19 - 19) =     -7.68839  eV     1   --> A              
     e( 20 - 20) =     -7.00561  eV     1   --> A              
     e( 21 - 21) =     -5.56124  eV     1   --> A              
     e( 22 - 22) =     -3.51454  eV     1   --> A              
     e( 23 - 23) =     -3.47087  eV     1   --> A              
     e( 24 - 24) =     -3.39916  eV     1   --> A              
     e( 25 - 25) =     -2.93578  eV     1   --> A              
     e( 26 - 26) =     -0.32153  eV     1   --> A              
     e( 27 - 27) =     -0.14356  eV     1   --> A              
     e( 28 - 28) =      1.18457  eV     1   --> A              
     e( 29 - 29) =      1.25560  eV     1   --> A              
     e( 30 - 30) =      2.29699  eV     1   --> A              
     e( 31 - 31) =      2.37591  eV     1   --> A              
     e( 32 - 32) =      2.49913  eV     1   --> A              
     e( 33 - 33) =      3.66899  eV     1   --> A              
     e( 34 - 34) =      3.91375  eV     1   --> A              
     e( 35 - 35) =      4.38373  eV     1   --> A              

 **************************************************************************

 **************************************************************************

                    xk=(   0.10000,   0.17321,   0.00000  )

     Band symmetry, C_1 (1)     point group:

     e(  1 -  1) =    -77.73290  eV     1   --> A              
     e(  2 -  2) =    -49.02724  eV     1   --> A              
     e(  3 -  3) =    -48.98906  eV     1   --> A              
     e(  4 -  4) =    -48.84151  eV     1   --> A              
     e(  5 -  5) =    -23.40224  eV     1   --> A              
     e(  6 -  6) =    -23.30536  eV     1   --> A              
     e(  7 -  7) =    -20.95598  eV     1   --> A              
     e(  8 -  8) =    -19.71512  eV     1   --> A              
     e(  9 -  9) =    -13.18771  eV     1   --> A              
     e( 10 - 10) =    -11.01303  eV     1   --> A              
     e( 11 - 11) =    -10.84247  eV     1   --> A              
     e( 12 - 12) =    -10.52788  eV     1   --> A              
     e( 13 - 13) =     -9.81391  eV     1   --> A              
     e( 14 - 14) =     -9.68889  eV     1   --> A              
     e( 15 - 15) =     -9.28046  eV     1   --> A              
     e( 16 - 16) =     -8.53896  eV     1   --> A              
     e( 17 - 17) =     -8.42582  eV     1   --> A              
     e( 18 - 18) =     -7.97641  eV     1   --> A              
     e( 19 - 19) =     -7.69569  eV     1   --> A              
     e( 20 - 20) =     -7.01353  eV     1   --> A              
     e( 21 - 21) =     -5.58671  eV     1   --> A              
     e( 22 - 22) =     -3.51934  eV     1   --> A              
     e( 23 - 23) =     -3.48762  eV     1   --> A              
     e( 24 - 24) =     -3.40280  eV     1   --> A              
     e( 25 - 25) =     -2.91197  eV     1   --> A              
     e( 26 - 26) =     -0.27002  eV     1   --> A              
     e( 27 - 27) =     -0.09587  eV     1   --> A              
     e( 28 - 28) =      1.13390  eV     1   --> A              
     e( 29 - 29) =      1.20506  eV     1   --> A              
     e( 30 - 30) =      2.31642  eV     1   --> A              
     e( 31 - 31) =      2.40707  eV     1   --> A              
     e( 32 - 32) =      2.55626  eV     1   --> A              
     e( 33 - 33) =      3.71635  eV     1   --> A              
     e( 34 - 34) =      3.98700  eV     1   --> A              
     e( 35 - 35) =      4.44512  eV     1   --> A              

 **************************************************************************

 **************************************************************************

                    xk=(   0.10333,   0.17898,   0.00000  )

     Band symmetry, C_1 (1)     point group:

     e(  1 -  1) =    -77.73252  eV     1   --> A              
     e(  2 -  2) =    -49.03027  eV     1   --> A              
     e(  3 -  3) =    -48.98999  eV     1   --> A              
     e(  4 -  4) =    -48.84094  eV     1   --> A              
     e(  5 -  5) =    -23.37163  eV     1   --> A              
     e(  6 -  6) =    -23.27512  eV     1   --> A              
     e(  7 -  7) =    -20.93633  eV     1   --> A              
     e(  8 -  8) =    -19.70547  eV     1   --> A              
     e(  9 -  9) =    -13.17475  eV     1   --> A              
     e( 10 - 10) =    -11.09187  eV     1   --> A              
     e( 11 - 11) =    -10.91695  eV     1   --> A              
     e( 12 - 12) =    -10.52915  eV     1   --> A              
     e( 13 - 13) =     -9.86020  eV     1   --> A              
     e( 14 - 14) =     -9.72605  eV     1   --> A              
     e( 15 - 15) =     -9.30864  eV     1   --> A              
     e( 16 - 16) =     -8.52449  eV     1   --> A              
     e( 17 - 17) =     -8.41087  eV     1   --> A              
     e( 18 - 18) =     -8.01542  eV     1   --> A              
     e( 19 - 19) =     -7.70236  eV     1   --> A              
     e( 20 - 20) =     -7.02216  eV     1   --> A              
     e( 21 - 21) =     -5.61239  eV     1   --> A              
     e( 22 - 22) =     -3.52977  eV     1   --> A              
     e( 23 - 23) =     -3.49920  eV     1   --> A              
     e( 24 - 24) =     -3.40556  eV     1   --> A              
     e( 25 - 25) =     -2.88798  eV     1   --> A              
     e( 26 - 26) =     -0.21956  eV     1   --> A              
     e( 27 - 27) =     -0.04892  eV     1   --> A              
     e( 28 - 28) =      1.08462  eV     1   --> A              
     e( 29 - 29) =      1.15583  eV     1   --> A              
     e( 30 - 30) =      2.33554  eV     1   --> A              
     e( 31 - 31) =      2.43887  eV     1   --> A              
     e( 32 - 32) =      2.61393  eV     1   --> A              
     e( 33 - 33) =      3.76084  eV     1   --> A              
     e( 34 - 34) =      4.05972  eV     1   --> A              
     e( 35 - 35) =      4.50932  eV     1   --> A              

 **************************************************************************

 **************************************************************************

                    xk=(   0.10667,   0.18475,   0.00000  )

     Band symmetry, C_1 (1)     point group:

     e(  1 -  1) =    -77.73213  eV     1   --> A              
     e(  2 -  2) =    -49.03333  eV     1   --> A              
     e(  3 -  3) =    -48.99094  eV     1   --> A              
     e(  4 -  4) =    -48.84036  eV     1   --> A              
     e(  5 -  5) =    -23.34014  eV     1   --> A              
     e(  6 -  6) =    -23.24401  eV     1   --> A              
     e(  7 -  7) =    -20.91631  eV     1   --> A              
     e(  8 -  8) =    -19.69568  eV     1   --> A              
     e(  9 -  9) =    -13.16250  eV     1   --> A              
     e( 10 - 10) =    -11.17347  eV     1   --> A              
     e( 11 - 11) =    -10.99081  eV     1   --> A              
     e( 12 - 12) =    -10.52749  eV     1   --> A              
     e( 13 - 13) =     -9.90757  eV     1   --> A              
     e( 14 - 14) =     -9.76443  eV     1   --> A              
     e( 15 - 15) =     -9.33705  eV     1   --> A              
     e( 16 - 16) =     -8.51001  eV     1   --> A              
     e( 17 - 17) =     -8.39618  eV     1   --> A              
     e( 18 - 18) =     -8.05497  eV     1   --> A              
     e( 19 - 19) =     -7.70837  eV     1   --> A              
     e( 20 - 20) =     -7.03148  eV     1   --> A              
     e( 21 - 21) =     -5.63820  eV     1   --> A              
     e( 22 - 22) =     -3.54662  eV     1   --> A              
     e( 23 - 23) =     -3.50499  eV     1   --> A              
     e( 24 - 24) =     -3.40731  eV     1   --> A              
     e( 25 - 25) =     -2.86384  eV     1   --> A              
     e( 26 - 26) =     -0.17034  eV     1   --> A              
     e( 27 - 27) =     -0.00281  eV     1   --> A              
     e( 28 - 28) =      1.03700  eV     1   --> A              
     e( 29 - 29) =      1.10811  eV     1   --> A              
     e( 30 - 30) =      2.35426  eV     1   --> A              
     e( 31 - 31) =      2.47121  eV     1   --> A              
     e( 32 - 32) =      2.67204  eV     1   --> A              
     e( 33 - 33) =      3.80233  eV     1   --> A              
     e( 34 - 34) =      4.13135  eV     1   --> A              
     e( 35 - 35) =      4.57626  eV     1   --> A              

 **************************************************************************

 **************************************************************************

                    xk=(   0.11000,   0.19053,   0.00000  )

     Band symmetry, C_1 (1)     point group:

     e(  1 -  1) =    -77.73173  eV     1   --> A              
     e(  2 -  2) =    -49.03643  eV     1   --> A              
     e(  3 -  3) =    -48.99192  eV     1   --> A              
     e(  4 -  4) =    -48.83978  eV     1   --> A              
     e(  5 -  5) =    -23.30780  eV     1   --> A              
     e(  6 -  6) =    -23.21205  eV     1   --> A              
     e(  7 -  7) =    -20.89594  eV     1   --> A              
     e(  8 -  8) =    -19.68577  eV     1   --> A              
     e(  9 -  9) =    -13.15111  eV     1   --> A              
     e( 10 - 10) =    -11.25682  eV     1   --> A              
     e( 11 - 11) =    -11.06372  eV     1   --> A              
     e( 12 - 12) =    -10.52396  eV     1   --> A              
     e( 13 - 13) =     -9.95594  eV     1   --> A              
     e( 14 - 14) =     -9.80397  eV     1   --> A              
     e( 15 - 15) =     -9.36569  eV     1   --> A              
     e( 16 - 16) =     -8.49556  eV     1   --> A              
     e( 17 - 17) =     -8.38205  eV     1   --> A              
     e( 18 - 18) =     -8.09474  eV     1   --> A              
     e( 19 - 19) =     -7.71370  eV     1   --> A              
     e( 20 - 20) =     -7.04144  eV     1   --> A              
     e( 21 - 21) =     -5.66404  eV     1   --> A              
     e( 22 - 22) =     -3.56666  eV     1   --> A              
     e( 23 - 23) =     -3.50833  eV     1   --> A              
     e( 24 - 24) =     -3.40793  eV     1   --> A              
     e( 25 - 25) =     -2.83964  eV     1   --> A              
     e( 26 - 26) =     -0.12257  eV     1   --> A              
     e( 27 - 27) =      0.04232  eV     1   --> A              
     e( 28 - 28) =      0.99133  eV     1   --> A              
     e( 29 - 29) =      1.06209  eV     1   --> A              
     e( 30 - 30) =      2.37246  eV     1   --> A              
     e( 31 - 31) =      2.50399  eV     1   --> A              
     e( 32 - 32) =      2.73051  eV     1   --> A              
     e( 33 - 33) =      3.84081  eV     1   --> A              
     e( 34 - 34) =      4.20127  eV     1   --> A              
     e( 35 - 35) =      4.64572  eV     1   --> A              

 **************************************************************************

 **************************************************************************

                    xk=(   0.11333,   0.19630,   0.00000  )

     Band symmetry, C_1 (1)     point group:

     e(  1 -  1) =    -77.73133  eV     1   --> A              
     e(  2 -  2) =    -49.03956  eV     1   --> A              
     e(  3 -  3) =    -48.99294  eV     1   --> A              
     e(  4 -  4) =    -48.83918  eV     1   --> A              
     e(  5 -  5) =    -23.27462  eV     1   --> A              
     e(  6 -  6) =    -23.17926  eV     1   --> A              
     e(  7 -  7) =    -20.87525  eV     1   --> A              
     e(  8 -  8) =    -19.67576  eV     1   --> A              
     e(  9 -  9) =    -13.14078  eV     1   --> A              
     e( 10 - 10) =    -11.34129  eV     1   --> A              
     e( 11 - 11) =    -11.13536  eV     1   --> A              
     e( 12 - 12) =    -10.51920  eV     1   --> A              
     e( 13 - 13) =    -10.00526  eV     1   --> A              
     e( 14 - 14) =     -9.84462  eV     1   --> A              
     e( 15 - 15) =     -9.39454  eV     1   --> A              
     e( 16 - 16) =     -8.48122  eV     1   --> A              
     e( 17 - 17) =     -8.36899  eV     1   --> A              
     e( 18 - 18) =     -8.13415  eV     1   --> A              
     e( 19 - 19) =     -7.71831  eV     1   --> A              
     e( 20 - 20) =     -7.05204  eV     1   --> A              
     e( 21 - 21) =     -5.68985  eV     1   --> A              
     e( 22 - 22) =     -3.58807  eV     1   --> A              
     e( 23 - 23) =     -3.51120  eV     1   --> A              
     e( 24 - 24) =     -3.40733  eV     1   --> A              
     e( 25 - 25) =     -2.81542  eV     1   --> A              
     e( 26 - 26) =     -0.07651  eV     1   --> A              
     e( 27 - 27) =      0.08631  eV     1   --> A              
     e( 28 - 28) =      0.94793  eV     1   --> A              
     e( 29 - 29) =      1.01800  eV     1   --> A              
     e( 30 - 30) =      2.39005  eV     1   --> A              
     e( 31 - 31) =      2.53712  eV     1   --> A              
     e( 32 - 32) =      2.78927  eV     1   --> A              
     e( 33 - 33) =      3.87641  eV     1   --> A              
     e( 34 - 34) =      4.26886  eV     1   --> A              
     e( 35 - 35) =      4.71737  eV     1   --> A              

 **************************************************************************

 **************************************************************************

                    xk=(   0.11667,   0.20207,   0.00000  )

     Band symmetry, C_1 (1)     point group:

     e(  1 -  1) =    -77.73093  eV     1   --> A              
     e(  2 -  2) =    -49.04272  eV     1   --> A              
     e(  3 -  3) =    -48.99398  eV     1   --> A              
     e(  4 -  4) =    -48.83858  eV     1   --> A              
     e(  5 -  5) =    -23.24061  eV     1   --> A              
     e(  6 -  6) =    -23.14565  eV     1   --> A              
     e(  7 -  7) =    -20.85427  eV     1   --> A              
     e(  8 -  8) =    -19.66566  eV     1   --> A              
     e(  9 -  9) =    -13.13172  eV     1   --> A              
     e( 10 - 10) =    -11.42643  eV     1   --> A              
     e( 11 - 11) =    -11.20543  eV     1   --> A              
     e( 12 - 12) =    -10.51367  eV     1   --> A              
     e( 13 - 13) =    -10.05543  eV     1   --> A              
     e( 14 - 14) =     -9.88630  eV     1   --> A              
     e( 15 - 15) =     -9.42357  eV     1   --> A              
     e( 16 - 16) =     -8.46708  eV     1   --> A              
     e( 17 - 17) =     -8.35800  eV     1   --> A              
     e( 18 - 18) =     -8.17209  eV     1   --> A              
     e( 19 - 19) =     -7.72218  eV     1   --> A              
     e( 20 - 20) =     -7.06323  eV     1   --> A              
     e( 21 - 21) =     -5.71553  eV     1   --> A              
     e( 22 - 22) =     -3.61017  eV     1   --> A              
     e( 23 - 23) =     -3.51435  eV     1   --> A              
     e( 24 - 24) =     -3.40544  eV     1   --> A              
     e( 25 - 25) =     -2.79125  eV     1   --> A              
     e( 26 - 26) =     -0.03248  eV     1   --> A              
     e( 27 - 27) =      0.12896  eV     1   --> A              
     e( 28 - 28) =      0.90718  eV     1   --> A              
     e( 29 - 29) =      0.97609  eV     1   --> A              
     e( 30 - 30) =      2.40693  eV     1   --> A              
     e( 31 - 31) =      2.57049  eV     1   --> A              
     e( 32 - 32) =      2.84828  eV     1   --> A              
     e( 33 - 33) =      3.90934  eV     1   --> A              
     e( 34 - 34) =      4.33357  eV     1   --> A              
     e( 35 - 35) =      4.79073  eV     1   --> A              

 **************************************************************************

 **************************************************************************

                    xk=(   0.12000,   0.20785,   0.00000  )

     Band symmetry, C_1 (1)     point group:

     e(  1 -  1) =    -77.73052  eV     1   --> A              
     e(  2 -  2) =    -49.04589  eV     1   --> A              
     e(  3 -  3) =    -48.99505  eV     1   --> A              
     e(  4 -  4) =    -48.83797  eV     1   --> A              
     e(  5 -  5) =    -23.20578  eV     1   --> A              
     e(  6 -  6) =    -23.11123  eV     1   --> A              
     e(  7 -  7) =    -20.83303  eV     1   --> A              
     e(  8 -  8) =    -19.65549  eV     1   --> A              
     e(  9 -  9) =    -13.12416  eV     1   --> A              
     e( 10 - 10) =    -11.51193  eV     1   --> A              
     e( 11 - 11) =    -11.27359  eV     1   --> A              
     e( 12 - 12) =    -10.50772  eV     1   --> A              
     e( 13 - 13) =    -10.10641  eV     1   --> A              
     e( 14 - 14) =     -9.92891  eV     1   --> A              
     e( 15 - 15) =     -9.45276  eV     1   --> A              
     e( 16 - 16) =     -8.45337  eV     1   --> A              
     e( 17 - 17) =     -8.35119  eV     1   --> A              
     e( 18 - 18) =     -8.20626  eV     1   --> A              
     e( 19 - 19) =     -7.72529  eV     1   --> A              
     e( 20 - 20) =     -7.07499  eV     1   --> A              
     e( 21 - 21) =     -5.74103  eV     1   --> A              
     e( 22 - 22) =     -3.63271  eV     1   --> A              
     e( 23 - 23) =     -3.51806  eV     1   --> A              
     e( 24 - 24) =     -3.40228  eV     1   --> A              
     e( 25 - 25) =     -2.76719  eV     1   --> A              
     e( 26 - 26) =      0.00915  eV     1   --> A              
     e( 27 - 27) =      0.17000  eV     1   --> A              
     e( 28 - 28) =      0.86950  eV     1   --> A              
     e( 29 - 29) =      0.93670  eV     1   --> A              
     e( 30 - 30) =      2.42302  eV     1   --> A              
     e( 31 - 31) =      2.60400  eV     1   --> A              
     e( 32 - 32) =      2.90752  eV     1   --> A              
     e( 33 - 33) =      3.93991  eV     1   --> A              
     e( 34 - 34) =      4.39493  eV     1   --> A              
     e( 35 - 35) =      4.86523  eV     1   --> A              

 **************************************************************************

 **************************************************************************

                    xk=(   0.12333,   0.21362,   0.00000  )

     Band symmetry, C_1 (1)     point group:

     e(  1 -  1) =    -77.73010  eV     1   --> A              
     e(  2 -  2) =    -49.04908  eV     1   --> A              
     e(  3 -  3) =    -48.99616  eV     1   --> A              
     e(  4 -  4) =    -48.83735  eV     1   --> A              
     e(  5 -  5) =    -23.17016  eV     1   --> A              
     e(  6 -  6) =    -23.07603  eV     1   --> A              
     e(  7 -  7) =    -20.81156  eV     1   --> A              
     e(  8 -  8) =    -19.64527  eV     1   --> A              
     e(  9 -  9) =    -13.11836  eV     1   --> A              
     e( 10 - 10) =    -11.59753  eV     1   --> A              
     e( 11 - 11) =    -11.33953  eV     1   --> A              
     e( 12 - 12) =    -10.50165  eV     1   --> A              
     e( 13 - 13) =    -10.15812  eV     1   --> A              
     e( 14 - 14) =     -9.97230  eV     1   --> A              
     e( 15 - 15) =     -9.48208  eV     1   --> A              
     e( 16 - 16) =     -8.44062  eV     1   --> A              
     e( 17 - 17) =     -8.35260  eV     1   --> A              
     e( 18 - 18) =     -8.23208  eV     1   --> A              
     e( 19 - 19) =     -7.72762  eV     1   --> A              
     e( 20 - 20) =     -7.08730  eV     1   --> A              
     e( 21 - 21) =     -5.76627  eV     1   --> A              
     e( 22 - 22) =     -3.65552  eV     1   --> A              
     e( 23 - 23) =     -3.52247  eV     1   --> A              
     e( 24 - 24) =     -3.39787  eV     1   --> A              
     e( 25 - 25) =     -2.74329  eV     1   --> A              
     e( 26 - 26) =      0.04788  eV     1   --> A              
     e( 27 - 27) =      0.20908  eV     1   --> A              
     e( 28 - 28) =      0.83540  eV     1   --> A              
     e( 29 - 29) =      0.90025  eV     1   --> A              
     e( 30 - 30) =      2.43826  eV     1   --> A              
     e( 31 - 31) =      2.63754  eV     1   --> A              
     e( 32 - 32) =      2.96697  eV     1   --> A              
     e( 33 - 33) =      3.96848  eV     1   --> A              
     e( 34 - 34) =      4.45266  eV     1   --> A              
     e( 35 - 35) =      4.94024  eV     1   --> A              

 **************************************************************************

 **************************************************************************

                    xk=(   0.12667,   0.21939,   0.00000  )

     Band symmetry, C_1 (1)     point group:

     e(  1 -  1) =    -77.72968  eV     1   --> A              
     e(  2 -  2) =    -49.05227  eV     1   --> A              
     e(  3 -  3) =    -48.99729  eV     1   --> A              
     e(  4 -  4) =    -48.83673  eV     1   --> A              
     e(  5 -  5) =    -23.13377  eV     1   --> A              
     e(  6 -  6) =    -23.04005  eV     1   --> A              
     e(  7 -  7) =    -20.78988  eV     1   --> A              
     e(  8 -  8) =    -19.63503  eV     1   --> A              
     e(  9 -  9) =    -13.11459  eV     1   --> A              
     e( 10 - 10) =    -11.68307  eV     1   --> A              
     e( 11 - 11) =    -11.40290  eV     1   --> A              
     e( 12 - 12) =    -10.49578  eV     1   --> A              
     e( 13 - 13) =    -10.21051  eV     1   --> A              
     e( 14 - 14) =    -10.01626  eV     1   --> A              
     e( 15 - 15) =     -9.51150  eV     1   --> A              
     e( 16 - 16) =     -8.43072  eV     1   --> A              
     e( 17 - 17) =     -8.36548  eV     1   --> A              
     e( 18 - 18) =     -8.24449  eV     1   --> A              
     e( 19 - 19) =     -7.72914  eV     1   --> A              
     e( 20 - 20) =     -7.10013  eV     1   --> A              
     e( 21 - 21) =     -5.79117  eV     1   --> A              
     e( 22 - 22) =     -3.67851  eV     1   --> A              
     e( 23 - 23) =     -3.52759  eV     1   --> A              
     e( 24 - 24) =     -3.39230  eV     1   --> A              
     e( 25 - 25) =     -2.71963  eV     1   --> A              
     e( 26 - 26) =      0.08314  eV     1   --> A              
     e( 27 - 27) =      0.24573  eV     1   --> A              
     e( 28 - 28) =      0.80548  eV     1   --> A              
     e( 29 - 29) =      0.86729  eV     1   --> A              
     e( 30 - 30) =      2.45260  eV     1   --> A              
     e( 31 - 31) =      2.67100  eV     1   --> A              
     e( 32 - 32) =      3.02661  eV     1   --> A              
     e( 33 - 33) =      3.99543  eV     1   --> A              
     e( 34 - 34) =      4.50662  eV     1   --> A              
     e( 35 - 35) =      5.01504  eV     1   --> A              

 **************************************************************************

 **************************************************************************

                    xk=(   0.13000,   0.22517,   0.00000  )

     Band symmetry, C_1 (1)     point group:

     e(  1 -  1) =    -77.72926  eV     1   --> A              
     e(  2 -  2) =    -49.05547  eV     1   --> A              
     e(  3 -  3) =    -48.99846  eV     1   --> A              
     e(  4 -  4) =    -48.83610  eV     1   --> A              
     e(  5 -  5) =    -23.09661  eV     1   --> A              
     e(  6 -  6) =    -23.00333  eV     1   --> A              
     e(  7 -  7) =    -20.76803  eV     1   --> A              
     e(  8 -  8) =    -19.62478  eV     1   --> A              
     e(  9 -  9) =    -13.11314  eV     1   --> A              
     e( 10 - 10) =    -11.76836  eV     1   --> A              
     e( 11 - 11) =    -11.46335  eV     1   --> A              
     e( 12 - 12) =    -10.49048  eV     1   --> A              
     e( 13 - 13) =    -10.26348  eV     1   --> A              
     e( 14 - 14) =    -10.06051  eV     1   --> A              
     e( 15 - 15) =     -9.54096  eV     1   --> A              
     e( 16 - 16) =     -8.43176  eV     1   --> A              
     e( 17 - 17) =     -8.38065  eV     1   --> A              
     e( 18 - 18) =     -8.24455  eV     1   --> A              
     e( 19 - 19) =     -7.72983  eV     1   --> A              
     e( 20 - 20) =     -7.11345  eV     1   --> A              
     e( 21 - 21) =     -5.81566  eV     1   --> A              
     e( 22 - 22) =     -3.70160  eV     1   --> A              
     e( 23 - 23) =     -3.53343  eV     1   --> A              
     e( 24 - 24) =     -3.38567  eV     1   --> A              
     e( 25 - 25) =     -2.69625  eV     1   --> A              
     e( 26 - 26) =      0.11426  eV     1   --> A              
     e( 27 - 27) =      0.27932  eV     1   --> A              
     e( 28 - 28) =      0.78038  eV     1   --> A              
     e( 29 - 29) =      0.83858  eV     1   --> A              
     e( 30 - 30) =      2.46600  eV     1   --> A              
     e( 31 - 31) =      2.70426  eV     1   --> A              
     e( 32 - 32) =      3.08644  eV     1   --> A              
     e( 33 - 33) =      4.02116  eV     1   --> A              
     e( 34 - 34) =      4.55685  eV     1   --> A              
     e( 35 - 35) =      5.08887  eV     1   --> A              

 **************************************************************************

 **************************************************************************

                    xk=(   0.13333,   0.23094,   0.00000  )

     Band symmetry, C_1 (1)     point group:

     e(  1 -  1) =    -77.72883  eV     1   --> A              
     e(  2 -  2) =    -49.05867  eV     1   --> A              
     e(  3 -  3) =    -48.99965  eV     1   --> A              
     e(  4 -  4) =    -48.83547  eV     1   --> A              
     e(  5 -  5) =    -23.05872  eV     1   --> A              
     e(  6 -  6) =    -22.96587  eV     1   --> A              
     e(  7 -  7) =    -20.74605  eV     1   --> A              
     e(  8 -  8) =    -19.61454  eV     1   --> A              
     e(  9 -  9) =    -13.11430  eV     1   --> A              
     e( 10 - 10) =    -11.85329  eV     1   --> A              
     e( 11 - 11) =    -11.52055  eV     1   --> A              
     e( 12 - 12) =    -10.48629  eV     1   --> A              
     e( 13 - 13) =    -10.31694  eV     1   --> A              
     e( 14 - 14) =    -10.10461  eV     1   --> A              
     e( 15 - 15) =     -9.57044  eV     1   --> A              
     e( 16 - 16) =     -8.45600  eV     1   --> A              
     e( 17 - 17) =     -8.38038  eV     1   --> A              
     e( 18 - 18) =     -8.23780  eV     1   --> A              
     e( 19 - 19) =     -7.72967  eV     1   --> A              
     e( 20 - 20) =     -7.12724  eV     1   --> A              
     e( 21 - 21) =     -5.83969  eV     1   --> A              
     e( 22 - 22) =     -3.72471  eV     1   --> A              
     e( 23 - 23) =     -3.53995  eV     1   --> A              
     e( 24 - 24) =     -3.37809  eV     1   --> A              
     e( 25 - 25) =     -2.67323  eV     1   --> A              
     e( 26 - 26) =      0.14048  eV     1   --> A              
     e( 27 - 27) =      0.30899  eV     1   --> A              
     e( 28 - 28) =      0.76079  eV     1   --> A              
     e( 29 - 29) =      0.81508  eV     1   --> A              
     e( 30 - 30) =      2.47846  eV     1   --> A              
     e( 31 - 31) =      2.73720  eV     1   --> A              
     e( 32 - 32) =      3.14644  eV     1   --> A              
     e( 33 - 33) =      4.04609  eV     1   --> A              
     e( 34 - 34) =      4.60354  eV     1   --> A              
     e( 35 - 35) =      5.16095  eV     1   --> A              

 **************************************************************************

 **************************************************************************

                    xk=(   0.13667,   0.23671,   0.00000  )

     Band symmetry, C_1 (1)     point group:

     e(  1 -  1) =    -77.72840  eV     1   --> A              
     e(  2 -  2) =    -49.06186  eV     1   --> A              
     e(  3 -  3) =    -49.00087  eV     1   --> A              
     e(  4 -  4) =    -48.83484  eV     1   --> A              
     e(  5 -  5) =    -23.02011  eV     1   --> A              
     e(  6 -  6) =    -22.92770  eV     1   --> A              
     e(  7 -  7) =    -20.72396  eV     1   --> A              
     e(  8 -  8) =    -19.60433  eV     1   --> A              
     e(  9 -  9) =    -13.11836  eV     1   --> A              
     e( 10 - 10) =    -11.93773  eV     1   --> A              
     e( 11 - 11) =    -11.57414  eV     1   --> A              
     e( 12 - 12) =    -10.48407  eV     1   --> A              
     e( 13 - 13) =    -10.37067  eV     1   --> A              
     e( 14 - 14) =    -10.14789  eV     1   --> A              
     e( 15 - 15) =     -9.59989  eV     1   --> A              
     e( 16 - 16) =     -8.49359  eV     1   --> A              
     e( 17 - 17) =     -8.37072  eV     1   --> A              
     e( 18 - 18) =     -8.22806  eV     1   --> A              
     e( 19 - 19) =     -7.72866  eV     1   --> A              
     e( 20 - 20) =     -7.14148  eV     1   --> A              
     e( 21 - 21) =     -5.86320  eV     1   --> A              
     e( 22 - 22) =     -3.74780  eV     1   --> A              
     e( 23 - 23) =     -3.54710  eV     1   --> A              
     e( 24 - 24) =     -3.36968  eV     1   --> A              
     e( 25 - 25) =     -2.65061  eV     1   --> A              
     e( 26 - 26) =      0.16110  eV     1   --> A              
     e( 27 - 27) =      0.33373  eV     1   --> A              
     e( 28 - 28) =      0.74731  eV     1   --> A              
     e( 29 - 29) =      0.79796  eV     1   --> A              
     e( 30 - 30) =      2.48998  eV     1   --> A              
     e( 31 - 31) =      2.76971  eV     1   --> A              
     e( 32 - 32) =      3.20663  eV     1   --> A              
     e( 33 - 33) =      4.07062  eV     1   --> A              
     e( 34 - 34) =      4.64695  eV     1   --> A              
     e( 35 - 35) =      5.23043  eV     1   --> A              

 **************************************************************************

 **************************************************************************

                    xk=(   0.14000,   0.24249,   0.00000  )

     Band symmetry, C_1 (1)     point group:

     e(  1 -  1) =    -77.72797  eV     1   --> A              
     e(  2 -  2) =    -49.06504  eV     1   --> A              
     e(  3 -  3) =    -49.00212  eV     1   --> A              
     e(  4 -  4) =    -48.83420  eV     1   --> A              
     e(  5 -  5) =    -22.98080  eV     1   --> A              
     e(  6 -  6) =    -22.88884  eV     1   --> A              
     e(  7 -  7) =    -20.70180  eV     1   --> A              
     e(  8 -  8) =    -19.59418  eV     1   --> A              
     e(  9 -  9) =    -13.12560  eV     1   --> A              
     e( 10 - 10) =    -12.02158  eV     1   --> A              
     e( 11 - 11) =    -11.62381  eV     1   --> A              
     e( 12 - 12) =    -10.48561  eV     1   --> A              
     e( 13 - 13) =    -10.42388  eV     1   --> A              
     e( 14 - 14) =    -10.18928  eV     1   --> A              
     e( 15 - 15) =     -9.62927  eV     1   --> A              
     e( 16 - 16) =     -8.53574  eV     1   --> A              
     e( 17 - 17) =     -8.35867  eV     1   --> A              
     e( 18 - 18) =     -8.21716  eV     1   --> A              
     e( 19 - 19) =     -7.72678  eV     1   --> A              
     e( 20 - 20) =     -7.15613  eV     1   --> A              
     e( 21 - 21) =     -5.88611  eV     1   --> A              
     e( 22 - 22) =     -3.77079  eV     1   --> A              
     e( 23 - 23) =     -3.55484  eV     1   --> A              
     e( 24 - 24) =     -3.36051  eV     1   --> A              
     e( 25 - 25) =     -2.62846  eV     1   --> A              
     e( 26 - 26) =      0.17563  eV     1   --> A              
     e( 27 - 27) =      0.35247  eV     1   --> A              
     e( 28 - 28) =      0.74043  eV     1   --> A              
     e( 29 - 29) =      0.78839  eV     1   --> A              
     e( 30 - 30) =      2.50060  eV     1   --> A              
     e( 31 - 31) =      2.80165  eV     1   --> A              
     e( 32 - 32) =      3.26697  eV     1   --> A              
     e( 33 - 33) =      4.09513  eV     1   --> A              
     e( 34 - 34) =      4.68733  eV     1   --> A              
     e( 35 - 35) =      5.29645  eV     1   --> A              

 **************************************************************************

 **************************************************************************

                    xk=(   0.14333,   0.24826,   0.00000  )

     Band symmetry, C_1 (1)     point group:

     e(  1 -  1) =    -77.72754  eV     1   --> A              
     e(  2 -  2) =    -49.06820  eV     1   --> A              
     e(  3 -  3) =    -49.00341  eV     1   --> A              
     e(  4 -  4) =    -48.83356  eV     1   --> A              
     e(  5 -  5) =    -22.94081  eV     1   --> A              
     e(  6 -  6) =    -22.84932  eV     1   --> A              
     e(  7 -  7) =    -20.67961  eV     1   --> A              
     e(  8 -  8) =    -19.58411  eV     1   --> A              
     e(  9 -  9) =    -13.13627  eV     1   --> A              
     e( 10 - 10) =    -12.10474  eV     1   --> A              
     e( 11 - 11) =    -11.66925  eV     1   --> A              
     e( 12 - 12) =    -10.49872  eV     1   --> A              
     e( 13 - 13) =    -10.47033  eV     1   --> A              
     e( 14 - 14) =    -10.22719  eV     1   --> A              
     e( 15 - 15) =     -9.65853  eV     1   --> A              
     e( 16 - 16) =     -8.57987  eV     1   --> A              
     e( 17 - 17) =     -8.34600  eV     1   --> A              
     e( 18 - 18) =     -8.20597  eV     1   --> A              
     e( 19 - 19) =     -7.72402  eV     1   --> A              
     e( 20 - 20) =     -7.17116  eV     1   --> A              
     e( 21 - 21) =     -5.90837  eV     1   --> A              
     e( 22 - 22) =     -3.79364  eV     1   --> A              
     e( 23 - 23) =     -3.56314  eV     1   --> A              
     e( 24 - 24) =     -3.35069  eV     1   --> A              
     e( 25 - 25) =     -2.60683  eV     1   --> A              
     e( 26 - 26) =      0.18392  eV     1   --> A              
     e( 27 - 27) =      0.36434  eV     1   --> A              
     e( 28 - 28) =      0.74042  eV     1   --> A              
     e( 29 - 29) =      0.78715  eV     1   --> A              
     e( 30 - 30) =      2.51037  eV     1   --> A              
     e( 31 - 31) =      2.83290  eV     1   --> A              
     e( 32 - 32) =      3.32746  eV     1   --> A              
     e( 33 - 33) =      4.12001  eV     1   --> A              
     e( 34 - 34) =      4.72493  eV     1   --> A              
     e( 35 - 35) =      5.35810  eV     1   --> A              

 **************************************************************************

 **************************************************************************

                    xk=(   0.14667,   0.25403,   0.00000  )

     Band symmetry, C_1 (1)     point group:

     e(  1 -  1) =    -77.72711  eV     1   --> A              
     e(  2 -  2) =    -49.07134  eV     1   --> A              
     e(  3 -  3) =    -49.00472  eV     1   --> A              
     e(  4 -  4) =    -48.83292  eV     1   --> A              
     e(  5 -  5) =    -22.90018  eV     1   --> A              
     e(  6 -  6) =    -22.80914  eV     1   --> A              
     e(  7 -  7) =    -20.65741  eV     1   --> A              
     e(  8 -  8) =    -19.57414  eV     1   --> A              
     e(  9 -  9) =    -13.15057  eV     1   --> A              
     e( 10 - 10) =    -12.18712  eV     1   --> A              
     e( 11 - 11) =    -11.71024  eV     1   --> A              
     e( 12 - 12) =    -10.54266  eV     1   --> A              
     e( 13 - 13) =    -10.49291  eV     1   --> A              
     e( 14 - 14) =    -10.25943  eV     1   --> A              
     e( 15 - 15) =     -9.68763  eV     1   --> A              
     e( 16 - 16) =     -8.62501  eV     1   --> A              
     e( 17 - 17) =     -8.33325  eV     1   --> A              
     e( 18 - 18) =     -8.19497  eV     1   --> A              
     e( 19 - 19) =     -7.72039  eV     1   --> A              
     e( 20 - 20) =     -7.18654  eV     1   --> A              
     e( 21 - 21) =     -5.92993  eV     1   --> A              
     e( 22 - 22) =     -3.81629  eV     1   --> A              
     e( 23 - 23) =     -3.57195  eV     1   --> A              
     e( 24 - 24) =     -3.34030  eV     1   --> A              
     e( 25 - 25) =     -2.58579  eV     1   --> A              
     e( 26 - 26) =      0.18627  eV     1   --> A              
     e( 27 - 27) =      0.36904  eV     1   --> A              
     e( 28 - 28) =      0.74731  eV     1   --> A              
     e( 29 - 29) =      0.79421  eV     1   --> A              
     e( 30 - 30) =      2.51937  eV     1   --> A              
     e( 31 - 31) =      2.86336  eV     1   --> A              
     e( 32 - 32) =      3.38807  eV     1   --> A              
     e( 33 - 33) =      4.14561  eV     1   --> A              
     e( 34 - 34) =      4.75987  eV     1   --> A              
     e( 35 - 35) =      5.41436  eV     1   --> A              

 **************************************************************************

 **************************************************************************

                    xk=(   0.15000,   0.25981,   0.00000  )

     Band symmetry, C_1 (1)     point group:

     e(  1 -  1) =    -77.72668  eV     1   --> A              
     e(  2 -  2) =    -49.07446  eV     1   --> A              
     e(  3 -  3) =    -49.00606  eV     1   --> A              
     e(  4 -  4) =    -48.83227  eV     1   --> A              
     e(  5 -  5) =    -22.85892  eV     1   --> A              
     e(  6 -  6) =    -22.76835  eV     1   --> A              
     e(  7 -  7) =    -20.63525  eV     1   --> A              
     e(  8 -  8) =    -19.56429  eV     1   --> A              
     e(  9 -  9) =    -13.16863  eV     1   --> A              
     e( 10 - 10) =    -12.26863  eV     1   --> A              
     e( 11 - 11) =    -11.74661  eV     1   --> A              
     e( 12 - 12) =    -10.59690  eV     1   --> A              
     e( 13 - 13) =    -10.51427  eV     1   --> A              
     e( 14 - 14) =    -10.28381  eV     1   --> A              
     e( 15 - 15) =     -9.71652  eV     1   --> A              
     e( 16 - 16) =     -8.67068  eV     1   --> A              
     e( 17 - 17) =     -8.32065  eV     1   --> A              
     e( 18 - 18) =     -8.18444  eV     1   --> A              
     e( 19 - 19) =     -7.71590  eV     1   --> A              
     e( 20 - 20) =     -7.20222  eV     1   --> A              
     e( 21 - 21) =     -5.95073  eV     1   --> A              
     e( 22 - 22) =     -3.83871  eV     1   --> A              
     e( 23 - 23) =     -3.58123  eV     1   --> A              
     e( 24 - 24) =     -3.32940  eV     1   --> A              
     e( 25 - 25) =     -2.56538  eV     1   --> A              
     e( 26 - 26) =      0.18345  eV     1   --> A              
     e( 27 - 27) =      0.36710  eV     1   --> A              
     e( 28 - 28) =      0.76074  eV     1   --> A              
     e( 29 - 29) =      0.80872  eV     1   --> A              
     e( 30 - 30) =      2.52769  eV     1   --> A              
     e( 31 - 31) =      2.89291  eV     1   --> A              
     e( 32 - 32) =      3.44874  eV     1   --> A              
     e( 33 - 33) =      4.17226  eV     1   --> A              
     e( 34 - 34) =      4.79222  eV     1   --> A              
     e( 35 - 35) =      5.46415  eV     1   --> A              

 **************************************************************************

 **************************************************************************

                    xk=(   0.15333,   0.26558,   0.00000  )

     Band symmetry, C_1 (1)     point group:

     e(  1 -  1) =    -77.72625  eV     1   --> A              
     e(  2 -  2) =    -49.07754  eV     1   --> A              
     e(  3 -  3) =    -49.00742  eV     1   --> A              
     e(  4 -  4) =    -48.83163  eV     1   --> A              
     e(  5 -  5) =    -22.81705  eV     1   --> A              
     e(  6 -  6) =    -22.72696  eV     1   --> A              
     e(  7 -  7) =    -20.61317  eV     1   --> A              
     e(  8 -  8) =    -19.55459  eV     1   --> A              
     e(  9 -  9) =    -13.19050  eV     1   --> A              
     e( 10 - 10) =    -12.34920  eV     1   --> A              
     e( 11 - 11) =    -11.77826  eV     1   --> A              
     e( 12 - 12) =    -10.65277  eV     1   --> A              
     e( 13 - 13) =    -10.54392  eV     1   --> A              
     e( 14 - 14) =    -10.29941  eV     1   --> A              
     e( 15 - 15) =     -9.74515  eV     1   --> A              
     e( 16 - 16) =     -8.71661  eV     1   --> A              
     e( 17 - 17) =     -8.30835  eV     1   --> A              
     e( 18 - 18) =     -8.17457  eV     1   --> A              
     e( 19 - 19) =     -7.71056  eV     1   --> A              
     e( 20 - 20) =     -7.21816  eV     1   --> A              
     e( 21 - 21) =     -5.97071  eV     1   --> A              
     e( 22 - 22) =     -3.86084  eV     1   --> A              
     e( 23 - 23) =     -3.59094  eV     1   --> A              
     e( 24 - 24) =     -3.31805  eV     1   --> A              
     e( 25 - 25) =     -2.54566  eV     1   --> A              
     e( 26 - 26) =      0.17642  eV     1   --> A              
     e( 27 - 27) =      0.35965  eV     1   --> A              
     e( 28 - 28) =      0.77990  eV     1   --> A              
     e( 29 - 29) =      0.82940  eV     1   --> A              
     e( 30 - 30) =      2.53545  eV     1   --> A              
     e( 31 - 31) =      2.92146  eV     1   --> A              
     e( 32 - 32) =      3.50941  eV     1   --> A              
     e( 33 - 33) =      4.20025  eV     1   --> A              
     e( 34 - 34) =      4.82194  eV     1   --> A              
     e( 35 - 35) =      5.50629  eV     1   --> A              

 **************************************************************************

 **************************************************************************

                    xk=(   0.15667,   0.27135,   0.00000  )

     Band symmetry, C_1 (1)     point group:

     e(  1 -  1) =    -77.72581  eV     1   --> A              
     e(  2 -  2) =    -49.08059  eV     1   --> A              
     e(  3 -  3) =    -49.00882  eV     1   --> A              
     e(  4 -  4) =    -48.83099  eV     1   --> A              
     e(  5 -  5) =    -22.77462  eV     1   --> A              
     e(  6 -  6) =    -22.68500  eV     1   --> A              
     e(  7 -  7) =    -20.59119  eV     1   --> A              
     e(  8 -  8) =    -19.54505  eV     1   --> A              
     e(  9 -  9) =    -13.21614  eV     1   --> A              
     e( 10 - 10) =    -12.42874  eV     1   --> A              
     e( 11 - 11) =    -11.80520  eV     1   --> A              
     e( 12 - 12) =    -10.70931  eV     1   --> A              
     e( 13 - 13) =    -10.58179  eV     1   --> A              
     e( 14 - 14) =    -10.30723  eV     1   --> A              
     e( 15 - 15) =     -9.77348  eV     1   --> A              
     e( 16 - 16) =     -8.76259  eV     1   --> A              
     e( 17 - 17) =     -8.29645  eV     1   --> A              
     e( 18 - 18) =     -8.16549  eV     1   --> A              
     e( 19 - 19) =     -7.70441  eV     1   --> A              
     e( 20 - 20) =     -7.23430  eV     1   --> A              
     e( 21 - 21) =     -5.98983  eV     1   --> A              
     e( 22 - 22) =     -3.88266  eV     1   --> A              
     e( 23 - 23) =     -3.60105  eV     1   --> A              
     e( 24 - 24) =     -3.30633  eV     1   --> A              
     e( 25 - 25) =     -2.52667  eV     1   --> A              
     e( 26 - 26) =      0.16622  eV     1   --> A              
     e( 27 - 27) =      0.34809  eV     1   --> A              
     e( 28 - 28) =      0.80374  eV     1   --> A              
     e( 29 - 29) =      0.85485  eV     1   --> A              
     e( 30 - 30) =      2.54275  eV     1   --> A              
     e( 31 - 31) =      2.94893  eV     1   --> A              
     e( 32 - 32) =      3.56997  eV     1   --> A              
     e( 33 - 33) =      4.22985  eV     1   --> A              
     e( 34 - 34) =      4.84888  eV     1   --> A              
     e( 35 - 35) =      5.53947  eV     1   --> A              

 **************************************************************************

 **************************************************************************

                    xk=(   0.16000,   0.27713,   0.00000  )

     Band symmetry, C_1 (1)     point group:

     e(  1 -  1) =    -77.72538  eV     1   --> A              
     e(  2 -  2) =    -49.08359  eV     1   --> A              
     e(  3 -  3) =    -49.01024  eV     1   --> A              
     e(  4 -  4) =    -48.83035  eV     1   --> A              
     e(  5 -  5) =    -22.73163  eV     1   --> A              
     e(  6 -  6) =    -22.64250  eV     1   --> A              
     e(  7 -  7) =    -20.56936  eV     1   --> A              
     e(  8 -  8) =    -19.53571  eV     1   --> A              
     e(  9 -  9) =    -13.24543  eV     1   --> A              
     e( 10 - 10) =    -12.50719  eV     1   --> A              
     e( 11 - 11) =    -11.82753  eV     1   --> A              
     e( 12 - 12) =    -10.76628  eV     1   --> A              
     e( 13 - 13) =    -10.62603  eV     1   --> A              
     e( 14 - 14) =    -10.30928  eV     1   --> A              
     e( 15 - 15) =     -9.80145  eV     1   --> A              
     e( 16 - 16) =     -8.80847  eV     1   --> A              
     e( 17 - 17) =     -8.28506  eV     1   --> A              
     e( 18 - 18) =     -8.15729  eV     1   --> A              
     e( 19 - 19) =     -7.69749  eV     1   --> A              
     e( 20 - 20) =     -7.25057  eV     1   --> A              
     e( 21 - 21) =     -6.00804  eV     1   --> A              
     e( 22 - 22) =     -3.90414  eV     1   --> A              
     e( 23 - 23) =     -3.61150  eV     1   --> A              
     e( 24 - 24) =     -3.29426  eV     1   --> A              
     e( 25 - 25) =     -2.50847  eV     1   --> A              
     e( 26 - 26) =      0.15382  eV     1   --> A              
     e( 27 - 27) =      0.33372  eV     1   --> A              
     e( 28 - 28) =      0.83119  eV     1   --> A              
     e( 29 - 29) =      0.88387  eV     1   --> A              
     e( 30 - 30) =      2.54975  eV     1   --> A              
     e( 31 - 31) =      2.97526  eV     1   --> A              
     e( 32 - 32) =      3.63029  eV     1   --> A              
     e( 33 - 33) =      4.26130  eV     1   --> A              
     e( 34 - 34) =      4.87290  eV     1   --> A              
     e( 35 - 35) =      5.56233  eV     1   --> A              

 **************************************************************************

 **************************************************************************

                    xk=(   0.16333,   0.28290,   0.00000  )

     Band symmetry, C_1 (1)     point group:

     e(  1 -  1) =    -77.72495  eV     1   --> A              
     e(  2 -  2) =    -49.08655  eV     1   --> A              
     e(  3 -  3) =    -49.01169  eV     1   --> A              
     e(  4 -  4) =    -48.82972  eV     1   --> A              
     e(  5 -  5) =    -22.68813  eV     1   --> A              
     e(  6 -  6) =    -22.59949  eV     1   --> A              
     e(  7 -  7) =    -20.54771  eV     1   --> A              
     e(  8 -  8) =    -19.52658  eV     1   --> A              
     e(  9 -  9) =    -13.27814  eV     1   --> A              
     e( 10 - 10) =    -12.58448  eV     1   --> A              
     e( 11 - 11) =    -11.84544  eV     1   --> A              
     e( 12 - 12) =    -10.82356  eV     1   --> A              
     e( 13 - 13) =    -10.67481  eV     1   --> A              
     e( 14 - 14) =    -10.30746  eV     1   --> A              
     e( 15 - 15) =     -9.82904  eV     1   --> A              
     e( 16 - 16) =     -8.85411  eV     1   --> A              
     e( 17 - 17) =     -8.27429  eV     1   --> A              
     e( 18 - 18) =     -8.15002  eV     1   --> A              
     e( 19 - 19) =     -7.68988  eV     1   --> A              
     e( 20 - 20) =     -7.26690  eV     1   --> A              
     e( 21 - 21) =     -6.02529  eV     1   --> A              
     e( 22 - 22) =     -3.92525  eV     1   --> A              
     e( 23 - 23) =     -3.62226  eV     1   --> A              
     e( 24 - 24) =     -3.28192  eV     1   --> A              
     e( 25 - 25) =     -2.49110  eV     1   --> A              
     e( 26 - 26) =      0.14004  eV     1   --> A              
     e( 27 - 27) =      0.31762  eV     1   --> A              
     e( 28 - 28) =      0.86134  eV     1   --> A              
     e( 29 - 29) =      0.91550  eV     1   --> A              
     e( 30 - 30) =      2.55656  eV     1   --> A              
     e( 31 - 31) =      3.00042  eV     1   --> A              
     e( 32 - 32) =      3.69016  eV     1   --> A              
     e( 33 - 33) =      4.29478  eV     1   --> A              
     e( 34 - 34) =      4.89380  eV     1   --> A              
     e( 35 - 35) =      5.57342  eV     1   --> A              

 **************************************************************************

 **************************************************************************

                    xk=(   0.16667,   0.28868,   0.00000  )

     Band symmetry, C_1 (1)     point group:

     e(  1 -  1) =    -77.72453  eV     1   --> A              
     e(  2 -  2) =    -49.08946  eV     1   --> A              
     e(  3 -  3) =    -49.01317  eV     1   --> A              
     e(  4 -  4) =    -48.82908  eV     1   --> A              
     e(  5 -  5) =    -22.64414  eV     1   --> A              
     e(  6 -  6) =    -22.55599  eV     1   --> A              
     e(  7 -  7) =    -20.52628  eV     1   --> A              
     e(  8 -  8) =    -19.51768  eV     1   --> A              
     e(  9 -  9) =    -13.31400  eV     1   --> A              
     e( 10 - 10) =    -12.66052  eV     1   --> A              
     e( 11 - 11) =    -11.85919  eV     1   --> A              
     e( 12 - 12) =    -10.88109  eV     1   --> A              
     e( 13 - 13) =    -10.72677  eV     1   --> A              
     e( 14 - 14) =    -10.30313  eV     1   --> A              
     e( 15 - 15) =     -9.85618  eV     1   --> A              
     e( 16 - 16) =     -8.89940  eV     1   --> A              
     e( 17 - 17) =     -8.26427  eV     1   --> A              
     e( 18 - 18) =     -8.14369  eV     1   --> A              
     e( 19 - 19) =     -7.68165  eV     1   --> A              
     e( 20 - 20) =     -7.28318  eV     1   --> A              
     e( 21 - 21) =     -6.04152  eV     1   --> A              
     e( 22 - 22) =     -3.94599  eV     1   --> A              
     e( 23 - 23) =     -3.63327  eV     1   --> A              
     e( 24 - 24) =     -3.26932  eV     1   --> A              
     e( 25 - 25) =     -2.47459  eV     1   --> A              
     e( 26 - 26) =      0.12553  eV     1   --> A              
     e( 27 - 27) =      0.30056  eV     1   --> A              
     e( 28 - 28) =      0.89345  eV     1   --> A              
     e( 29 - 29) =      0.94900  eV     1   --> A              
     e( 30 - 30) =      2.56336  eV     1   --> A              
     e( 31 - 31) =      3.02440  eV     1   --> A              
     e( 32 - 32) =      3.74933  eV     1   --> A              
     e( 33 - 33) =      4.33044  eV     1   --> A              
     e( 34 - 34) =      4.91147  eV     1   --> A              
     e( 35 - 35) =      5.57156  eV     1   --> A              

 **************************************************************************

 **************************************************************************

                    xk=(   0.17000,   0.29445,   0.00000  )

     Band symmetry, C_1 (1)     point group:

     e(  1 -  1) =    -77.72410  eV     1   --> A              
     e(  2 -  2) =    -49.09232  eV     1   --> A              
     e(  3 -  3) =    -49.01468  eV     1   --> A              
     e(  4 -  4) =    -48.82845  eV     1   --> A              
     e(  5 -  5) =    -22.59970  eV     1   --> A              
     e(  6 -  6) =    -22.51204  eV     1   --> A              
     e(  7 -  7) =    -20.50512  eV     1   --> A              
     e(  8 -  8) =    -19.50904  eV     1   --> A              
     e(  9 -  9) =    -13.35266  eV     1   --> A              
     e( 10 - 10) =    -12.73526  eV     1   --> A              
     e( 11 - 11) =    -11.86908  eV     1   --> A              
     e( 12 - 12) =    -10.93879  eV     1   --> A              
     e( 13 - 13) =    -10.78101  eV     1   --> A              
     e( 14 - 14) =    -10.29719  eV     1   --> A              
     e( 15 - 15) =     -9.88285  eV     1   --> A              
     e( 16 - 16) =     -8.94421  eV     1   --> A              
     e( 17 - 17) =     -8.25517  eV     1   --> A              
     e( 18 - 18) =     -8.13829  eV     1   --> A              
     e( 19 - 19) =     -7.67292  eV     1   --> A              
     e( 20 - 20) =     -7.29929  eV     1   --> A              
     e( 21 - 21) =     -6.05671  eV     1   --> A              
     e( 22 - 22) =     -3.96636  eV     1   --> A              
     e( 23 - 23) =     -3.64446  eV     1   --> A              
     e( 24 - 24) =     -3.25652  eV     1   --> A              
     e( 25 - 25) =     -2.45899  eV     1   --> A              
     e( 26 - 26) =      0.11081  eV     1   --> A              
     e( 27 - 27) =      0.28314  eV     1   --> A              
     e( 28 - 28) =      0.92695  eV     1   --> A              
     e( 29 - 29) =      0.98381  eV     1   --> A              
     e( 30 - 30) =      2.57027  eV     1   --> A              
     e( 31 - 31) =      3.04720  eV     1   --> A              
     e( 32 - 32) =      3.80745  eV     1   --> A              
     e( 33 - 33) =      4.36840  eV     1   --> A              
     e( 34 - 34) =      4.92592  eV     1   --> A              
     e( 35 - 35) =      5.55658  eV     1   --> A              

 **************************************************************************

 **************************************************************************

                    xk=(   0.17333,   0.30022,   0.00000  )

     Band symmetry, C_1 (1)     point group:

     e(  1 -  1) =    -77.72368  eV     1   --> A              
     e(  2 -  2) =    -49.09511  eV     1   --> A              
     e(  3 -  3) =    -49.01621  eV     1   --> A              
     e(  4 -  4) =    -48.82783  eV     1   --> A              
     e(  5 -  5) =    -22.55483  eV     1   --> A              
     e(  6 -  6) =    -22.46768  eV     1   --> A              
     e(  7 -  7) =    -20.48425  eV     1   --> A              
     e(  8 -  8) =    -19.50069  eV     1   --> A              
     e(  9 -  9) =    -13.39376  eV     1   --> A              
     e( 10 - 10) =    -12.80863  eV     1   --> A              
     e( 11 - 11) =    -11.87548  eV     1   --> A              
     e( 12 - 12) =    -10.99661  eV     1   --> A              
     e( 13 - 13) =    -10.83697  eV     1   --> A              
     e( 14 - 14) =    -10.29021  eV     1   --> A              
     e( 15 - 15) =     -9.90900  eV     1   --> A              
     e( 16 - 16) =     -8.98844  eV     1   --> A              
     e( 17 - 17) =     -8.24718  eV     1   --> A              
     e( 18 - 18) =     -8.13371  eV     1   --> A              
     e( 19 - 19) =     -7.66384  eV     1   --> A              
     e( 20 - 20) =     -7.31509  eV     1   --> A              
     e( 21 - 21) =     -6.07081  eV     1   --> A              
     e( 22 - 22) =     -3.98636  eV     1   --> A              
     e( 23 - 23) =     -3.65578  eV     1   --> A              
     e( 24 - 24) =     -3.24356  eV     1   --> A              
     e( 25 - 25) =     -2.44432  eV     1   --> A              
     e( 26 - 26) =      0.09625  eV     1   --> A              
     e( 27 - 27) =      0.26575  eV     1   --> A              
     e( 28 - 28) =      0.96141  eV     1   --> A              
     e( 29 - 29) =      1.01953  eV     1   --> A              
     e( 30 - 30) =      2.57746  eV     1   --> A              
     e( 31 - 31) =      3.06886  eV     1   --> A              
     e( 32 - 32) =      3.86408  eV     1   --> A              
     e( 33 - 33) =      4.40871  eV     1   --> A              
     e( 34 - 34) =      4.93740  eV     1   --> A              
     e( 35 - 35) =      5.52991  eV     1   --> A              

 **************************************************************************

 **************************************************************************

                    xk=(   0.17667,   0.30600,   0.00000  )

     Band symmetry, C_1 (1)     point group:

     e(  1 -  1) =    -77.72326  eV     1   --> A              
     e(  2 -  2) =    -49.09785  eV     1   --> A              
     e(  3 -  3) =    -49.01777  eV     1   --> A              
     e(  4 -  4) =    -48.82721  eV     1   --> A              
     e(  5 -  5) =    -22.50958  eV     1   --> A              
     e(  6 -  6) =    -22.42293  eV     1   --> A              
     e(  7 -  7) =    -20.46372  eV     1   --> A              
     e(  8 -  8) =    -19.49263  eV     1   --> A              
     e(  9 -  9) =    -13.43690  eV     1   --> A              
     e( 10 - 10) =    -12.88057  eV     1   --> A              
     e( 11 - 11) =    -11.87876  eV     1   --> A              
     e( 12 - 12) =    -11.05447  eV     1   --> A              
     e( 13 - 13) =    -10.89423  eV     1   --> A              
     e( 14 - 14) =    -10.28261  eV     1   --> A              
     e( 15 - 15) =     -9.93460  eV     1   --> A              
     e( 16 - 16) =     -9.03196  eV     1   --> A              
     e( 17 - 17) =     -8.24055  eV     1   --> A              
     e( 18 - 18) =     -8.12983  eV     1   --> A              
     e( 19 - 19) =     -7.65459  eV     1   --> A              
     e( 20 - 20) =     -7.33038  eV     1   --> A              
     e( 21 - 21) =     -6.08377  eV     1   --> A              
     e( 22 - 22) =     -4.00601  eV     1   --> A              
     e( 23 - 23) =     -3.66714  eV     1   --> A              
     e( 24 - 24) =     -3.23046  eV     1   --> A              
     e( 25 - 25) =     -2.43061  eV     1   --> A              
     e( 26 - 26) =      0.08216  eV     1   --> A              
     e( 27 - 27) =      0.24871  eV     1   --> A              
     e( 28 - 28) =      0.99647  eV     1   --> A              
     e( 29 - 29) =      1.05589  eV     1   --> A              
     e( 30 - 30) =      2.58505  eV     1   --> A              
     e( 31 - 31) =      3.08944  eV     1   --> A              
     e( 32 - 32) =      3.91865  eV     1   --> A              
     e( 33 - 33) =      4.45143  eV     1   --> A              
     e( 34 - 34) =      4.94642  eV     1   --> A              
     e( 35 - 35) =      5.49402  eV     1   --> A              

 **************************************************************************

 **************************************************************************

                    xk=(   0.18000,   0.31177,   0.00000  )

     Band symmetry, C_1 (1)     point group:

     e(  1 -  1) =    -77.72285  eV     1   --> A              
     e(  2 -  2) =    -49.10051  eV     1   --> A              
     e(  3 -  3) =    -49.01935  eV     1   --> A              
     e(  4 -  4) =    -48.82659  eV     1   --> A              
     e(  5 -  5) =    -22.46397  eV     1   --> A              
     e(  6 -  6) =    -22.37784  eV     1   --> A              
     e(  7 -  7) =    -20.44356  eV     1   --> A              
     e(  8 -  8) =    -19.48491  eV     1   --> A              
     e(  9 -  9) =    -13.48171  eV     1   --> A              
     e( 10 - 10) =    -12.95101  eV     1   --> A              
     e( 11 - 11) =    -11.87932  eV     1   --> A              
     e( 12 - 12) =    -11.11230  eV     1   --> A              
     e( 13 - 13) =    -10.95253  eV     1   --> A              
     e( 14 - 14) =    -10.27466  eV     1   --> A              
     e( 15 - 15) =     -9.95960  eV     1   --> A              
     e( 16 - 16) =     -9.07465  eV     1   --> A              
     e( 17 - 17) =     -8.23557  eV     1   --> A              
     e( 18 - 18) =     -8.12646  eV     1   --> A              
     e( 19 - 19) =     -7.64541  eV     1   --> A              
     e( 20 - 20) =     -7.34494  eV     1   --> A              
     e( 21 - 21) =     -6.09557  eV     1   --> A              
     e( 22 - 22) =     -4.02534  eV     1   --> A              
     e( 23 - 23) =     -3.67847  eV     1   --> A              
     e( 24 - 24) =     -3.21727  eV     1   --> A              
     e( 25 - 25) =     -2.41789  eV     1   --> A              
     e( 26 - 26) =      0.06875  eV     1   --> A              
     e( 27 - 27) =      0.23222  eV     1   --> A              
     e( 28 - 28) =      1.03185  eV     1   --> A              
     e( 29 - 29) =      1.09266  eV     1   --> A              
     e( 30 - 30) =      2.59321  eV     1   --> A              
     e( 31 - 31) =      3.10902  eV     1   --> A              
     e( 32 - 32) =      3.97045  eV     1   --> A              
     e( 33 - 33) =      4.49654  eV     1   --> A              
     e( 34 - 34) =      4.95386  eV     1   --> A              
     e( 35 - 35) =      5.45132  eV     1   --> A              

 **************************************************************************

 **************************************************************************

                    xk=(   0.18333,   0.31754,   0.00000  )

     Band symmetry, C_1 (1)     point group:

     e(  1 -  1) =    -77.72244  eV     1   --> A              
     e(  2 -  2) =    -49.10311  eV     1   --> A              
     e(  3 -  3) =    -49.02096  eV     1   --> A              
     e(  4 -  4) =    -48.82598  eV     1   --> A              
     e(  5 -  5) =    -22.41805  eV     1   --> A              
     e(  6 -  6) =    -22.33244  eV     1   --> A              
     e(  7 -  7) =    -20.42382  eV     1   --> A              
     e(  8 -  8) =    -19.47752  eV     1   --> A              
     e(  9 -  9) =    -13.52779  eV     1   --> A              
     e( 10 - 10) =    -13.01990  eV     1   --> A              
     e( 11 - 11) =    -11.87754  eV     1   --> A              
     e( 12 - 12) =    -11.16999  eV     1   --> A              
     e( 13 - 13) =    -11.01166  eV     1   --> A              
     e( 14 - 14) =    -10.26659  eV     1   --> A              
     e( 15 - 15) =     -9.98399  eV     1   --> A              
     e( 16 - 16) =     -9.11639  eV     1   --> A              
     e( 17 - 17) =     -8.23257  eV     1   --> A              
     e( 18 - 18) =     -8.12338  eV     1   --> A              
     e( 19 - 19) =     -7.63658  eV     1   --> A              
     e( 20 - 20) =     -7.35845  eV     1   --> A              
     e( 21 - 21) =     -6.10617  eV     1   --> A              
     e( 22 - 22) =     -4.04440  eV     1   --> A              
     e( 23 - 23) =     -3.68967  eV     1   --> A              
     e( 24 - 24) =     -3.20399  eV     1   --> A              
     e( 25 - 25) =     -2.40617  eV     1   --> A              
     e( 26 - 26) =      0.05618  eV     1   --> A              
     e( 27 - 27) =      0.21644  eV     1   --> A              
     e( 28 - 28) =      1.06732  eV     1   --> A              
     e( 29 - 29) =      1.12973  eV     1   --> A              
     e( 30 - 30) =      2.60205  eV     1   --> A              
     e( 31 - 31) =      3.12768  eV     1   --> A              
     e( 32 - 32) =      4.01861  eV     1   --> A              
     e( 33 - 33) =      4.54400  eV     1   --> A              
     e( 34 - 34) =      4.96090  eV     1   --> A              
     e( 35 - 35) =      5.40384  eV     1   --> A              

 **************************************************************************

 **************************************************************************

                    xk=(   0.18667,   0.32332,   0.00000  )

     Band symmetry, C_1 (1)     point group:

     e(  1 -  1) =    -77.72204  eV     1   --> A              
     e(  2 -  2) =    -49.10563  eV     1   --> A              
     e(  3 -  3) =    -49.02260  eV     1   --> A              
     e(  4 -  4) =    -48.82538  eV     1   --> A              
     e(  5 -  5) =    -22.37185  eV     1   --> A              
     e(  6 -  6) =    -22.28677  eV     1   --> A              
     e(  7 -  7) =    -20.40453  eV     1   --> A              
     e(  8 -  8) =    -19.47050  eV     1   --> A              
     e(  9 -  9) =    -13.57480  eV     1   --> A              
     e( 10 - 10) =    -13.08716  eV     1   --> A              
     e( 11 - 11) =    -11.87385  eV     1   --> A              
     e( 12 - 12) =    -11.22741  eV     1   --> A              
     e( 13 - 13) =    -11.07147  eV     1   --> A              
     e( 14 - 14) =    -10.25860  eV     1   --> A              
     e( 15 - 15) =    -10.00771  eV     1   --> A              
     e( 16 - 16) =     -9.15705  eV     1   --> A              
     e( 17 - 17) =     -8.23187  eV     1   --> A              
     e( 18 - 18) =     -8.12035  eV     1   --> A              
     e( 19 - 19) =     -7.62848  eV     1   --> A              
     e( 20 - 20) =     -7.37057  eV     1   --> A              
     e( 21 - 21) =     -6.11556  eV     1   --> A              
     e( 22 - 22) =     -4.06323  eV     1   --> A              
     e( 23 - 23) =     -3.70066  eV     1   --> A              
     e( 24 - 24) =     -3.19068  eV     1   --> A              
     e( 25 - 25) =     -2.39547  eV     1   --> A              
     e( 26 - 26) =      0.04457  eV     1   --> A              
     e( 27 - 27) =      0.20146  eV     1   --> A              
     e( 28 - 28) =      1.10265  eV     1   --> A              
     e( 29 - 29) =      1.16700  eV     1   --> A              
     e( 30 - 30) =      2.61171  eV     1   --> A              
     e( 31 - 31) =      3.14553  eV     1   --> A              
     e( 32 - 32) =      4.06216  eV     1   --> A              
     e( 33 - 33) =      4.59373  eV     1   --> A              
     e( 34 - 34) =      4.96899  eV     1   --> A              
     e( 35 - 35) =      5.35318  eV     1   --> A              

 **************************************************************************

 **************************************************************************

                    xk=(   0.19000,   0.32909,   0.00000  )

     Band symmetry, C_1 (1)     point group:

     e(  1 -  1) =    -77.72164  eV     1   --> A              
     e(  2 -  2) =    -49.10807  eV     1   --> A              
     e(  3 -  3) =    -49.02426  eV     1   --> A              
     e(  4 -  4) =    -48.82479  eV     1   --> A              
     e(  5 -  5) =    -22.32543  eV     1   --> A              
     e(  6 -  6) =    -22.24087  eV     1   --> A              
     e(  7 -  7) =    -20.38572  eV     1   --> A              
     e(  8 -  8) =    -19.46387  eV     1   --> A              
     e(  9 -  9) =    -13.62241  eV     1   --> A              
     e( 10 - 10) =    -13.15273  eV     1   --> A              
     e( 11 - 11) =    -11.86866  eV     1   --> A              
     e( 12 - 12) =    -11.28438  eV     1   --> A              
     e( 13 - 13) =    -11.13182  eV     1   --> A              
     e( 14 - 14) =    -10.25087  eV     1   --> A              
     e( 15 - 15) =    -10.03074  eV     1   --> A              
     e( 16 - 16) =     -9.19646  eV     1   --> A              
     e( 17 - 17) =     -8.23373  eV     1   --> A              
     e( 18 - 18) =     -8.11720  eV     1   --> A              
     e( 19 - 19) =     -7.62152  eV     1   --> A              
     e( 20 - 20) =     -7.38085  eV     1   --> A              
     e( 21 - 21) =     -6.12370  eV     1   --> A              
     e( 22 - 22) =     -4.08190  eV     1   --> A              
     e( 23 - 23) =     -3.71133  eV     1   --> A              
     e( 24 - 24) =     -3.17734  eV     1   --> A              
     e( 25 - 25) =     -2.38580  eV     1   --> A              
     e( 26 - 26) =      0.03399  eV     1   --> A              
     e( 27 - 27) =      0.18736  eV     1   --> A              
     e( 28 - 28) =      1.13766  eV     1   --> A              
     e( 29 - 29) =      1.20443  eV     1   --> A              
     e( 30 - 30) =      2.62229  eV     1   --> A              
     e( 31 - 31) =      3.16267  eV     1   --> A              
     e( 32 - 32) =      4.10006  eV     1   --> A              
     e( 33 - 33) =      4.64553  eV     1   --> A              
     e( 34 - 34) =      4.97969  eV     1   --> A              
     e( 35 - 35) =      5.30068  eV     1   --> A              

 **************************************************************************

 **************************************************************************

                    xk=(   0.19333,   0.33486,   0.00000  )

     Band symmetry, C_1 (1)     point group:

     e(  1 -  1) =    -77.72124  eV     1   --> A              
     e(  2 -  2) =    -49.11043  eV     1   --> A              
     e(  3 -  3) =    -49.02594  eV     1   --> A              
     e(  4 -  4) =    -48.82420  eV     1   --> A              
     e(  5 -  5) =    -22.27880  eV     1   --> A              
     e(  6 -  6) =    -22.19478  eV     1   --> A              
     e(  7 -  7) =    -20.36744  eV     1   --> A              
     e(  8 -  8) =    -19.45764  eV     1   --> A              
     e(  9 -  9) =    -13.67030  eV     1   --> A              
     e( 10 - 10) =    -13.21657  eV     1   --> A              
     e( 11 - 11) =    -11.86246  eV     1   --> A              
     e( 12 - 12) =    -11.34064  eV     1   --> A              
     e( 13 - 13) =    -11.19262  eV     1   --> A              
     e( 14 - 14) =    -10.24359  eV     1   --> A              
     e( 15 - 15) =    -10.05303  eV     1   --> A              
     e( 16 - 16) =     -9.23447  eV     1   --> A              
     e( 17 - 17) =     -8.23832  eV     1   --> A              
     e( 18 - 18) =     -8.11385  eV     1   --> A              
     e( 19 - 19) =     -7.61616  eV     1   --> A              
     e( 20 - 20) =     -7.38880  eV     1   --> A              
     e( 21 - 21) =     -6.13057  eV     1   --> A              
     e( 22 - 22) =     -4.10048  eV     1   --> A              
     e( 23 - 23) =     -3.72156  eV     1   --> A              
     e( 24 - 24) =     -3.16401  eV     1   --> A              
     e( 25 - 25) =     -2.37715  eV     1   --> A              
     e( 26 - 26) =      0.02450  eV     1   --> A              
     e( 27 - 27) =      0.17422  eV     1   --> A              
     e( 28 - 28) =      1.17217  eV     1   --> A              
     e( 29 - 29) =      1.24199  eV     1   --> A              
     e( 30 - 30) =      2.63389  eV     1   --> A              
     e( 31 - 31) =      3.17921  eV     1   --> A              
     e( 32 - 32) =      4.13136  eV     1   --> A              
     e( 33 - 33) =      4.69903  eV     1   --> A              
     e( 34 - 34) =      4.99447  eV     1   --> A              
     e( 35 - 35) =      5.24761  eV     1   --> A              

 **************************************************************************

 **************************************************************************

                    xk=(   0.19667,   0.34064,   0.00000  )

     Band symmetry, C_1 (1)     point group:

     e(  1 -  1) =    -77.72085  eV     1   --> A              
     e(  2 -  2) =    -49.11270  eV     1   --> A              
     e(  3 -  3) =    -49.02764  eV     1   --> A              
     e(  4 -  4) =    -48.82363  eV     1   --> A              
     e(  5 -  5) =    -22.23204  eV     1   --> A              
     e(  6 -  6) =    -22.14855  eV     1   --> A              
     e(  7 -  7) =    -20.34972  eV     1   --> A              
     e(  8 -  8) =    -19.45182  eV     1   --> A              
     e(  9 -  9) =    -13.71820  eV     1   --> A              
     e( 10 - 10) =    -13.27861  eV     1   --> A              
     e( 11 - 11) =    -11.85582  eV     1   --> A              
     e( 12 - 12) =    -11.39581  eV     1   --> A              
     e( 13 - 13) =    -11.25377  eV     1   --> A              
     e( 14 - 14) =    -10.23695  eV     1   --> A              
     e( 15 - 15) =    -10.07453  eV     1   --> A              
     e( 16 - 16) =     -9.27092  eV     1   --> A              
     e( 17 - 17) =     -8.24571  eV     1   --> A              
     e( 18 - 18) =     -8.11033  eV     1   --> A              
     e( 19 - 19) =     -7.61285  eV     1   --> A              
     e( 20 - 20) =     -7.39397  eV     1   --> A              
     e( 21 - 21) =     -6.13618  eV     1   --> A              
     e( 22 - 22) =     -4.11905  eV     1   --> A              
     e( 23 - 23) =     -3.73127  eV     1   --> A              
     e( 24 - 24) =     -3.15070  eV     1   --> A              
     e( 25 - 25) =     -2.36954  eV     1   --> A              
     e( 26 - 26) =      0.01613  eV     1   --> A              
     e( 27 - 27) =      0.16207  eV     1   --> A              
     e( 28 - 28) =      1.20601  eV     1   --> A              
     e( 29 - 29) =      1.27967  eV     1   --> A              
     e( 30 - 30) =      2.64661  eV     1   --> A              
     e( 31 - 31) =      3.19526  eV     1   --> A              
     e( 32 - 32) =      4.15535  eV     1   --> A              
     e( 33 - 33) =      4.75343  eV     1   --> A              
     e( 34 - 34) =      5.01451  eV     1   --> A              
     e( 35 - 35) =      5.19551  eV     1   --> A              

 **************************************************************************

 **************************************************************************

                    xk=(   0.20000,   0.34641,   0.00000  )

     Band symmetry, C_1 (1)     point group:

     e(  1 -  1) =    -77.72047  eV     1   --> A              
     e(  2 -  2) =    -49.11489  eV     1   --> A              
     e(  3 -  3) =    -49.02937  eV     1   --> A              
     e(  4 -  4) =    -48.82306  eV     1   --> A              
     e(  5 -  5) =    -22.18517  eV     1   --> A              
     e(  6 -  6) =    -22.10223  eV     1   --> A              
     e(  7 -  7) =    -20.33259  eV     1   --> A              
     e(  8 -  8) =    -19.44645  eV     1   --> A              
     e(  9 -  9) =    -13.76585  eV     1   --> A              
     e( 10 - 10) =    -13.33879  eV     1   --> A              
     e( 11 - 11) =    -11.84955  eV     1   --> A              
     e( 12 - 12) =    -11.44926  eV     1   --> A              
     e( 13 - 13) =    -11.31518  eV     1   --> A              
     e( 14 - 14) =    -10.23120  eV     1   --> A              
     e( 15 - 15) =    -10.09515  eV     1   --> A              
     e( 16 - 16) =     -9.30562  eV     1   --> A              
     e( 17 - 17) =     -8.25587  eV     1   --> A              
     e( 18 - 18) =     -8.10677  eV     1   --> A              
     e( 19 - 19) =     -7.61188  eV     1   --> A              
     e( 20 - 20) =     -7.39600  eV     1   --> A              
     e( 21 - 21) =     -6.14052  eV     1   --> A              
     e( 22 - 22) =     -4.13768  eV     1   --> A              
     e( 23 - 23) =     -3.74033  eV     1   --> A              
     e( 24 - 24) =     -3.13744  eV     1   --> A              
     e( 25 - 25) =     -2.36294  eV     1   --> A              
     e( 26 - 26) =      0.00889  eV     1   --> A              
     e( 27 - 27) =      0.15093  eV     1   --> A              
     e( 28 - 28) =      1.23904  eV     1   --> A              
     e( 29 - 29) =      1.31748  eV     1   --> A              
     e( 30 - 30) =      2.66052  eV     1   --> A              
     e( 31 - 31) =      3.21093  eV     1   --> A              
     e( 32 - 32) =      4.17175  eV     1   --> A              
     e( 33 - 33) =      4.80683  eV     1   --> A              
     e( 34 - 34) =      5.04041  eV     1   --> A              
     e( 35 - 35) =      5.14685  eV     1   --> A              

 **************************************************************************

 **************************************************************************

                    xk=(   0.20333,   0.35218,   0.00000  )

     Band symmetry, C_1 (1)     point group:

     e(  1 -  1) =    -77.72010  eV     1   --> A              
     e(  2 -  2) =    -49.11698  eV     1   --> A              
     e(  3 -  3) =    -49.03112  eV     1   --> A              
     e(  4 -  4) =    -48.82250  eV     1   --> A              
     e(  5 -  5) =    -22.13825  eV     1   --> A              
     e(  6 -  6) =    -22.05586  eV     1   --> A              
     e(  7 -  7) =    -20.31609  eV     1   --> A              
     e(  8 -  8) =    -19.44152  eV     1   --> A              
     e(  9 -  9) =    -13.81301  eV     1   --> A              
     e( 10 - 10) =    -13.39706  eV     1   --> A              
     e( 11 - 11) =    -11.84477  eV     1   --> A              
     e( 12 - 12) =    -11.50001  eV     1   --> A              
     e( 13 - 13) =    -11.37677  eV     1   --> A              
     e( 14 - 14) =    -10.22661  eV     1   --> A              
     e( 15 - 15) =    -10.11477  eV     1   --> A              
     e( 16 - 16) =     -9.33837  eV     1   --> A              
     e( 17 - 17) =     -8.26870  eV     1   --> A              
     e( 18 - 18) =     -8.10334  eV     1   --> A              
     e( 19 - 19) =     -7.61333  eV     1   --> A              
     e( 20 - 20) =     -7.39477  eV     1   --> A              
     e( 21 - 21) =     -6.14359  eV     1   --> A              
     e( 22 - 22) =     -4.15647  eV     1   --> A              
     e( 23 - 23) =     -3.74864  eV     1   --> A              
     e( 24 - 24) =     -3.12423  eV     1   --> A              
     e( 25 - 25) =     -2.35736  eV     1   --> A              
     e( 26 - 26) =      0.00278  eV     1   --> A              
     e( 27 - 27) =      0.14084  eV     1   --> A              
     e( 28 - 28) =      1.27114  eV     1   --> A              
     e( 29 - 29) =      1.35539  eV     1   --> A              
     e( 30 - 30) =      2.67568  eV     1   --> A              
     e( 31 - 31) =      3.22631  eV     1   --> A              
     e( 32 - 32) =      4.18077  eV     1   --> A              
     e( 33 - 33) =      4.85429  eV     1   --> A              
     e( 34 - 34) =      5.07177  eV     1   --> A              
     e( 35 - 35) =      5.10744  eV     1   --> A              

 **************************************************************************

 **************************************************************************

                    xk=(   0.20667,   0.35796,   0.00000  )

     Band symmetry, C_1 (1)     point group:

     e(  1 -  1) =    -77.71973  eV     1   --> A              
     e(  2 -  2) =    -49.11898  eV     1   --> A              
     e(  3 -  3) =    -49.03290  eV     1   --> A              
     e(  4 -  4) =    -48.82196  eV     1   --> A              
     e(  5 -  5) =    -22.09132  eV     1   --> A              
     e(  6 -  6) =    -22.00949  eV     1   --> A              
     e(  7 -  7) =    -20.30024  eV     1   --> A              
     e(  8 -  8) =    -19.43705  eV     1   --> A              
     e(  9 -  9) =    -13.85949  eV     1   --> A              
     e( 10 - 10) =    -13.45336  eV     1   --> A              
     e( 11 - 11) =    -11.84329  eV     1   --> A              
     e( 12 - 12) =    -11.54640  eV     1   --> A              
     e( 13 - 13) =    -11.43844  eV     1   --> A              
     e( 14 - 14) =    -10.22360  eV     1   --> A              
     e( 15 - 15) =    -10.13317  eV     1   --> A              
     e( 16 - 16) =     -9.36897  eV     1   --> A              
     e( 17 - 17) =     -8.28409  eV     1   --> A              
     e( 18 - 18) =     -8.10026  eV     1   --> A              
     e( 19 - 19) =     -7.61700  eV     1   --> A              
     e( 20 - 20) =     -7.39042  eV     1   --> A              
     e( 21 - 21) =     -6.14541  eV     1   --> A              
     e( 22 - 22) =     -4.17548  eV     1   --> A              
     e( 23 - 23) =     -3.75611  eV     1   --> A              
     e( 24 - 24) =     -3.11111  eV     1   --> A              
     e( 25 - 25) =     -2.35278  eV     1   --> A              
     e( 26 - 26) =     -0.00221  eV     1   --> A              
     e( 27 - 27) =      0.13182  eV     1   --> A              
     e( 28 - 28) =      1.30221  eV     1   --> A              
     e( 29 - 29) =      1.39340  eV     1   --> A              
     e( 30 - 30) =      2.69212  eV     1   --> A              
     e( 31 - 31) =      3.24148  eV     1   --> A              
     e( 32 - 32) =      4.18307  eV     1   --> A              
     e( 33 - 33) =      4.88339  eV     1   --> A              
     e( 34 - 34) =      5.08585  eV     1   --> A              
     e( 35 - 35) =      5.11205  eV     1   --> A              

 **************************************************************************

 **************************************************************************

                    xk=(   0.21000,   0.36373,   0.00000  )

     Band symmetry, C_1 (1)     point group:

     e(  1 -  1) =    -77.71937  eV     1   --> A              
     e(  2 -  2) =    -49.12088  eV     1   --> A              
     e(  3 -  3) =    -49.03469  eV     1   --> A              
     e(  4 -  4) =    -48.82142  eV     1   --> A              
     e(  5 -  5) =    -22.04445  eV     1   --> A              
     e(  6 -  6) =    -21.96318  eV     1   --> A              
     e(  7 -  7) =    -20.28508  eV     1   --> A              
     e(  8 -  8) =    -19.43305  eV     1   --> A              
     e(  9 -  9) =    -13.90509  eV     1   --> A              
     e( 10 - 10) =    -13.50764  eV     1   --> A              
     e( 11 - 11) =    -11.84779  eV     1   --> A              
     e( 12 - 12) =    -11.58596  eV     1   --> A              
     e( 13 - 13) =    -11.50001  eV     1   --> A              
     e( 14 - 14) =    -10.22272  eV     1   --> A              
     e( 15 - 15) =    -10.14996  eV     1   --> A              
     e( 16 - 16) =     -9.39721  eV     1   --> A              
     e( 17 - 17) =     -8.30191  eV     1   --> A              
     e( 18 - 18) =     -8.09776  eV     1   --> A              
     e( 19 - 19) =     -7.62246  eV     1   --> A              
     e( 20 - 20) =     -7.38328  eV     1   --> A              
     e( 21 - 21) =     -6.14598  eV     1   --> A              
     e( 22 - 22) =     -4.19479  eV     1   --> A              
     e( 23 - 23) =     -3.76264  eV     1   --> A              
     e( 24 - 24) =     -3.09807  eV     1   --> A              
     e( 25 - 25) =     -2.34918  eV     1   --> A              
     e( 26 - 26) =     -0.00610  eV     1   --> A              
     e( 27 - 27) =      0.12388  eV     1   --> A              
     e( 28 - 28) =      1.33218  eV     1   --> A              
     e( 29 - 29) =      1.43146  eV     1   --> A              
     e( 30 - 30) =      2.70988  eV     1   --> A              
     e( 31 - 31) =      3.25652  eV     1   --> A              
     e( 32 - 32) =      4.17965  eV     1   --> A              
     e( 33 - 33) =      4.87912  eV     1   --> A              
     e( 34 - 34) =      5.10339  eV     1   --> A              
     e( 35 - 35) =      5.15385  eV     1   --> A              

 **************************************************************************

 **************************************************************************

                    xk=(   0.21333,   0.36950,   0.00000  )

     Band symmetry, C_1 (1)     point group:

     e(  1 -  1) =    -77.71901  eV     1   --> A              
     e(  2 -  2) =    -49.12268  eV     1   --> A              
     e(  3 -  3) =    -49.03650  eV     1   --> A              
     e(  4 -  4) =    -48.82090  eV     1   --> A              
     e(  5 -  5) =    -21.99767  eV     1   --> A              
     e(  6 -  6) =    -21.91698  eV     1   --> A              
     e(  7 -  7) =    -20.27063  eV     1   --> A              
     e(  8 -  8) =    -19.42954  eV     1   --> A              
     e(  9 -  9) =    -13.94964  eV     1   --> A              
     e( 10 - 10) =    -13.55984  eV     1   --> A              
     e( 11 - 11) =    -11.86153  eV     1   --> A              
     e( 12 - 12) =    -11.61594  eV     1   --> A              
     e( 13 - 13) =    -11.56096  eV     1   --> A              
     e( 14 - 14) =    -10.22474  eV     1   --> A              
     e( 15 - 15) =    -10.16455  eV     1   --> A              
     e( 16 - 16) =     -9.42288  eV     1   --> A              
     e( 17 - 17) =     -8.32203  eV     1   --> A              
     e( 18 - 18) =     -8.09607  eV     1   --> A              
     e( 19 - 19) =     -7.62917  eV     1   --> A              
     e( 20 - 20) =     -7.37384  eV     1   --> A              
     e( 21 - 21) =     -6.14535  eV     1   --> A              
     e( 22 - 22) =     -4.21448  eV     1   --> A              
     e( 23 - 23) =     -3.76816  eV     1   --> A              
     e( 24 - 24) =     -3.08514  eV     1   --> A              
     e( 25 - 25) =     -2.34654  eV     1   --> A              
     e( 26 - 26) =     -0.00893  eV     1   --> A              
     e( 27 - 27) =      0.11702  eV     1   --> A              
     e( 28 - 28) =      1.36100  eV     1   --> A              
     e( 29 - 29) =      1.46950  eV     1   --> A              
     e( 30 - 30) =      2.72897  eV     1   --> A              
     e( 31 - 31) =      3.27150  eV     1   --> A              
     e( 32 - 32) =      4.17163  eV     1   --> A              
     e( 33 - 33) =      4.84827  eV     1   --> A              
     e( 34 - 34) =      5.14750  eV     1   --> A              
     e( 35 - 35) =      5.20109  eV     1   --> A              

 **************************************************************************

 **************************************************************************

                    xk=(   0.21667,   0.37528,   0.00000  )

     Band symmetry, C_1 (1)     point group:

     e(  1 -  1) =    -77.71867  eV     1   --> A              
     e(  2 -  2) =    -49.12438  eV     1   --> A              
     e(  3 -  3) =    -49.03834  eV     1   --> A              
     e(  4 -  4) =    -48.82039  eV     1   --> A              
     e(  5 -  5) =    -21.95106  eV     1   --> A              
     e(  6 -  6) =    -21.87094  eV     1   --> A              
     e(  7 -  7) =    -20.25693  eV     1   --> A              
     e(  8 -  8) =    -19.42650  eV     1   --> A              
     e(  9 -  9) =    -13.99297  eV     1   --> A              
     e( 10 - 10) =    -13.60990  eV     1   --> A              
     e( 11 - 11) =    -11.88669  eV     1   --> A              
     e( 12 - 12) =    -11.63976  eV     1   --> A              
     e( 13 - 13) =    -11.61573  eV     1   --> A              
     e( 14 - 14) =    -10.23042  eV     1   --> A              
     e( 15 - 15) =    -10.17635  eV     1   --> A              
     e( 16 - 16) =     -9.44578  eV     1   --> A              
     e( 17 - 17) =     -8.34433  eV     1   --> A              
     e( 18 - 18) =     -8.09541  eV     1   --> A              
     e( 19 - 19) =     -7.63653  eV     1   --> A              
     e( 20 - 20) =     -7.36254  eV     1   --> A              
     e( 21 - 21) =     -6.14353  eV     1   --> A              
     e( 22 - 22) =     -4.23458  eV     1   --> A              
     e( 23 - 23) =     -3.77261  eV     1   --> A              
     e( 24 - 24) =     -3.07231  eV     1   --> A              
     e( 25 - 25) =     -2.34483  eV     1   --> A              
     e( 26 - 26) =     -0.01072  eV     1   --> A              
     e( 27 - 27) =      0.11127  eV     1   --> A              
     e( 28 - 28) =      1.38865  eV     1   --> A              
     e( 29 - 29) =      1.50746  eV     1   --> A              
     e( 30 - 30) =      2.74938  eV     1   --> A              
     e( 31 - 31) =      3.28647  eV     1   --> A              
     e( 32 - 32) =      4.16013  eV     1   --> A              
     e( 33 - 33) =      4.80633  eV     1   --> A              
     e( 34 - 34) =      5.19874  eV     1   --> A              
     e( 35 - 35) =      5.25499  eV     1   --> A              

 **************************************************************************

 **************************************************************************

                    xk=(   0.22000,   0.38105,   0.00000  )

     Band symmetry, C_1 (1)     point group:

     e(  1 -  1) =    -77.71833  eV     1   --> A              
     e(  2 -  2) =    -49.12598  eV     1   --> A              
     e(  3 -  3) =    -49.04019  eV     1   --> A              
     e(  4 -  4) =    -48.81989  eV     1   --> A              
     e(  5 -  5) =    -21.90466  eV     1   --> A              
     e(  6 -  6) =    -21.82512  eV     1   --> A              
     e(  7 -  7) =    -20.24398  eV     1   --> A              
     e(  8 -  8) =    -19.42396  eV     1   --> A              
     e(  9 -  9) =    -14.03496  eV     1   --> A              
     e( 10 - 10) =    -13.65778  eV     1   --> A              
     e( 11 - 11) =    -11.92250  eV     1   --> A              
     e( 12 - 12) =    -11.69003  eV     1   --> A              
     e( 13 - 13) =    -11.63242  eV     1   --> A              
     e( 14 - 14) =    -10.23985  eV     1   --> A              
     e( 15 - 15) =    -10.18543  eV     1   --> A              
     e( 16 - 16) =     -9.46575  eV     1   --> A              
     e( 17 - 17) =     -8.36868  eV     1   --> A              
     e( 18 - 18) =     -8.09601  eV     1   --> A              
     e( 19 - 19) =     -7.64405  eV     1   --> A              
     e( 20 - 20) =     -7.34981  eV     1   --> A              
     e( 21 - 21) =     -6.14058  eV     1   --> A              
     e( 22 - 22) =     -4.25513  eV     1   --> A              
     e( 23 - 23) =     -3.77595  eV     1   --> A              
     e( 24 - 24) =     -3.05961  eV     1   --> A              
     e( 25 - 25) =     -2.34403  eV     1   --> A              
     e( 26 - 26) =     -0.01152  eV     1   --> A              
     e( 27 - 27) =      0.10663  eV     1   --> A              
     e( 28 - 28) =      1.41510  eV     1   --> A              
     e( 29 - 29) =      1.54525  eV     1   --> A              
     e( 30 - 30) =      2.77110  eV     1   --> A              
     e( 31 - 31) =      3.30146  eV     1   --> A              
     e( 32 - 32) =      4.14619  eV     1   --> A              
     e( 33 - 33) =      4.76088  eV     1   --> A              
     e( 34 - 34) =      5.24277  eV     1   --> A              
     e( 35 - 35) =      5.31872  eV     1   --> A              

 **************************************************************************

 **************************************************************************

                    xk=(   0.22333,   0.38682,   0.00000  )

     Band symmetry, C_1 (1)     point group:

     e(  1 -  1) =    -77.71800  eV     1   --> A              
     e(  2 -  2) =    -49.12746  eV     1   --> A              
     e(  3 -  3) =    -49.04205  eV     1   --> A              
     e(  4 -  4) =    -48.81940  eV     1   --> A              
     e(  5 -  5) =    -21.85854  eV     1   --> A              
     e(  6 -  6) =    -21.77959  eV     1   --> A              
     e(  7 -  7) =    -20.23182  eV     1   --> A              
     e(  8 -  8) =    -19.42191  eV     1   --> A              
     e(  9 -  9) =    -14.07547  eV     1   --> A              
     e( 10 - 10) =    -13.70344  eV     1   --> A              
     e( 11 - 11) =    -11.96614  eV     1   --> A              
     e( 12 - 12) =    -11.75050  eV     1   --> A              
     e( 13 - 13) =    -11.63012  eV     1   --> A              
     e( 14 - 14) =    -10.25212  eV     1   --> A              
     e( 15 - 15) =    -10.19281  eV     1   --> A              
     e( 16 - 16) =     -9.48264  eV     1   --> A              
     e( 17 - 17) =     -8.39497  eV     1   --> A              
     e( 18 - 18) =     -8.09805  eV     1   --> A              
     e( 19 - 19) =     -7.65125  eV     1   --> A              
     e( 20 - 20) =     -7.33601  eV     1   --> A              
     e( 21 - 21) =     -6.13653  eV     1   --> A              
     e( 22 - 22) =     -4.27617  eV     1   --> A              
     e( 23 - 23) =     -3.77813  eV     1   --> A              
     e( 24 - 24) =     -3.04703  eV     1   --> A              
     e( 25 - 25) =     -2.34412  eV     1   --> A              
     e( 26 - 26) =     -0.01139  eV     1   --> A              
     e( 27 - 27) =      0.10311  eV     1   --> A              
     e( 28 - 28) =      1.44034  eV     1   --> A              
     e( 29 - 29) =      1.58275  eV     1   --> A              
     e( 30 - 30) =      2.79408  eV     1   --> A              
     e( 31 - 31) =      3.31650  eV     1   --> A              
     e( 32 - 32) =      4.13070  eV     1   --> A              
     e( 33 - 33) =      4.71496  eV     1   --> A              
     e( 34 - 34) =      5.27344  eV     1   --> A              
     e( 35 - 35) =      5.39131  eV     1   --> A              

 **************************************************************************

 **************************************************************************

                    xk=(   0.22667,   0.39260,   0.00000  )

     Band symmetry, C_1 (1)     point group:

     e(  1 -  1) =    -77.71769  eV     1   --> A              
     e(  2 -  2) =    -49.12885  eV     1   --> A              
     e(  3 -  3) =    -49.04394  eV     1   --> A              
     e(  4 -  4) =    -48.81893  eV     1   --> A              
     e(  5 -  5) =    -21.81276  eV     1   --> A              
     e(  6 -  6) =    -21.73439  eV     1   --> A              
     e(  7 -  7) =    -20.22046  eV     1   --> A              
     e(  8 -  8) =    -19.42034  eV     1   --> A              
     e(  9 -  9) =    -14.11438  eV     1   --> A              
     e( 10 - 10) =    -13.74681  eV     1   --> A              
     e( 11 - 11) =    -12.01480  eV     1   --> A              
     e( 12 - 12) =    -11.81176  eV     1   --> A              
     e( 13 - 13) =    -11.62099  eV     1   --> A              
     e( 14 - 14) =    -10.26607  eV     1   --> A              
     e( 15 - 15) =    -10.19973  eV     1   --> A              
     e( 16 - 16) =     -9.49638  eV     1   --> A              
     e( 17 - 17) =     -8.42308  eV     1   --> A              
     e( 18 - 18) =     -8.10173  eV     1   --> A              
     e( 19 - 19) =     -7.65778  eV     1   --> A              
     e( 20 - 20) =     -7.32141  eV     1   --> A              
     e( 21 - 21) =     -6.13145  eV     1   --> A              
     e( 22 - 22) =     -4.29770  eV     1   --> A              
     e( 23 - 23) =     -3.77916  eV     1   --> A              
     e( 24 - 24) =     -3.03458  eV     1   --> A              
     e( 25 - 25) =     -2.34505  eV     1   --> A              
     e( 26 - 26) =     -0.01035  eV     1   --> A              
     e( 27 - 27) =      0.10072  eV     1   --> A              
     e( 28 - 28) =      1.46439  eV     1   --> A              
     e( 29 - 29) =      1.61985  eV     1   --> A              
     e( 30 - 30) =      2.81829  eV     1   --> A              
     e( 31 - 31) =      3.33162  eV     1   --> A              
     e( 32 - 32) =      4.11445  eV     1   --> A              
     e( 33 - 33) =      4.66995  eV     1   --> A              
     e( 34 - 34) =      5.28965  eV     1   --> A              
     e( 35 - 35) =      5.46961  eV     1   --> A              

 **************************************************************************

 **************************************************************************

                    xk=(   0.23000,   0.39837,   0.00000  )

     Band symmetry, C_1 (1)     point group:

     e(  1 -  1) =    -77.71738  eV     1   --> A              
     e(  2 -  2) =    -49.13012  eV     1   --> A              
     e(  3 -  3) =    -49.04584  eV     1   --> A              
     e(  4 -  4) =    -48.81847  eV     1   --> A              
     e(  5 -  5) =    -21.76738  eV     1   --> A              
     e(  6 -  6) =    -21.68961  eV     1   --> A              
     e(  7 -  7) =    -20.20992  eV     1   --> A              
     e(  8 -  8) =    -19.41925  eV     1   --> A              
     e(  9 -  9) =    -14.15159  eV     1   --> A              
     e( 10 - 10) =    -13.78785  eV     1   --> A              
     e( 11 - 11) =    -12.06650  eV     1   --> A              
     e( 12 - 12) =    -11.87308  eV     1   --> A              
     e( 13 - 13) =    -11.60771  eV     1   --> A              
     e( 14 - 14) =    -10.28087  eV     1   --> A              
     e( 15 - 15) =    -10.20703  eV     1   --> A              
     e( 16 - 16) =     -9.50694  eV     1   --> A              
     e( 17 - 17) =     -8.45288  eV     1   --> A              
     e( 18 - 18) =     -8.10719  eV     1   --> A              
     e( 19 - 19) =     -7.66333  eV     1   --> A              
     e( 20 - 20) =     -7.30624  eV     1   --> A              
     e( 21 - 21) =     -6.12537  eV     1   --> A              
     e( 22 - 22) =     -4.31972  eV     1   --> A              
     e( 23 - 23) =     -3.77904  eV     1   --> A              
     e( 24 - 24) =     -3.02225  eV     1   --> A              
     e( 25 - 25) =     -2.34682  eV     1   --> A              
     e( 26 - 26) =     -0.00846  eV     1   --> A              
     e( 27 - 27) =      0.09946  eV     1   --> A              
     e( 28 - 28) =      1.48725  eV     1   --> A              
     e( 29 - 29) =      1.65641  eV     1   --> A              
     e( 30 - 30) =      2.84368  eV     1   --> A              
     e( 31 - 31) =      3.34679  eV     1   --> A              
     e( 32 - 32) =      4.09806  eV     1   --> A              
     e( 33 - 33) =      4.62665  eV     1   --> A              
     e( 34 - 34) =      5.29259  eV     1   --> A              
     e( 35 - 35) =      5.55157  eV     1   --> A              

 **************************************************************************

 **************************************************************************

                    xk=(   0.23333,   0.40415,   0.00000  )

     Band symmetry, C_1 (1)     point group:

     e(  1 -  1) =    -77.71707  eV     1   --> A              
     e(  2 -  2) =    -49.13128  eV     1   --> A              
     e(  3 -  3) =    -49.04776  eV     1   --> A              
     e(  4 -  4) =    -48.81802  eV     1   --> A              
     e(  5 -  5) =    -21.72247  eV     1   --> A              
     e(  6 -  6) =    -21.64530  eV     1   --> A              
     e(  7 -  7) =    -20.20020  eV     1   --> A              
     e(  8 -  8) =    -19.41864  eV     1   --> A              
     e(  9 -  9) =    -14.18700  eV     1   --> A              
     e( 10 - 10) =    -13.82652  eV     1   --> A              
     e( 11 - 11) =    -12.12002  eV     1   --> A              
     e( 12 - 12) =    -11.93427  eV     1   --> A              
     e( 13 - 13) =    -11.59164  eV     1   --> A              
     e( 14 - 14) =    -10.29608  eV     1   --> A              
     e( 15 - 15) =    -10.21509  eV     1   --> A              
     e( 16 - 16) =     -9.51437  eV     1   --> A              
     e( 17 - 17) =     -8.48424  eV     1   --> A              
     e( 18 - 18) =     -8.11455  eV     1   --> A              
     e( 19 - 19) =     -7.66769  eV     1   --> A              
     e( 20 - 20) =     -7.29069  eV     1   --> A              
     e( 21 - 21) =     -6.11838  eV     1   --> A              
     e( 22 - 22) =     -4.34220  eV     1   --> A              
     e( 23 - 23) =     -3.77779  eV     1   --> A              
     e( 24 - 24) =     -3.01006  eV     1   --> A              
     e( 25 - 25) =     -2.34937  eV     1   --> A              
     e( 26 - 26) =     -0.00576  eV     1   --> A              
     e( 27 - 27) =      0.09933  eV     1   --> A              
     e( 28 - 28) =      1.50893  eV     1   --> A              
     e( 29 - 29) =      1.69230  eV     1   --> A              
     e( 30 - 30) =      2.87018  eV     1   --> A              
     e( 31 - 31) =      3.36203  eV     1   --> A              
     e( 32 - 32) =      4.08206  eV     1   --> A              
     e( 33 - 33) =      4.58556  eV     1   --> A              
     e( 34 - 34) =      5.28505  eV     1   --> A              
     e( 35 - 35) =      5.63595  eV     1   --> A              

 **************************************************************************

 **************************************************************************

                    xk=(   0.23667,   0.40992,   0.00000  )

     Band symmetry, C_1 (1)     point group:

     e(  1 -  1) =    -77.71678  eV     1   --> A              
     e(  2 -  2) =    -49.13233  eV     1   --> A              
     e(  3 -  3) =    -49.04969  eV     1   --> A              
     e(  4 -  4) =    -48.81759  eV     1   --> A              
     e(  5 -  5) =    -21.67810  eV     1   --> A              
     e(  6 -  6) =    -21.60153  eV     1   --> A              
     e(  7 -  7) =    -20.19131  eV     1   --> A              
     e(  8 -  8) =    -19.41849  eV     1   --> A              
     e(  9 -  9) =    -14.22052  eV     1   --> A              
     e( 10 - 10) =    -13.86278  eV     1   --> A              
     e( 11 - 11) =    -12.17462  eV     1   --> A              
     e( 12 - 12) =    -11.99526  eV     1   --> A              
     e( 13 - 13) =    -11.57356  eV     1   --> A              
     e( 14 - 14) =    -10.31150  eV     1   --> A              
     e( 15 - 15) =    -10.22401  eV     1   --> A              
     e( 16 - 16) =     -9.51878  eV     1   --> A              
     e( 17 - 17) =     -8.51703  eV     1   --> A              
     e( 18 - 18) =     -8.12385  eV     1   --> A              
     e( 19 - 19) =     -7.67074  eV     1   --> A              
     e( 20 - 20) =     -7.27491  eV     1   --> A              
     e( 21 - 21) =     -6.11052  eV     1   --> A              
     e( 22 - 22) =     -4.36511  eV     1   --> A              
     e( 23 - 23) =     -3.77543  eV     1   --> A              
     e( 24 - 24) =     -2.99800  eV     1   --> A              
     e( 25 - 25) =     -2.35269  eV     1   --> A              
     e( 26 - 26) =     -0.00231  eV     1   --> A              
     e( 27 - 27) =      0.10034  eV     1   --> A              
     e( 28 - 28) =      1.52945  eV     1   --> A              
     e( 29 - 29) =      1.72734  eV     1   --> A              
     e( 30 - 30) =      2.89772  eV     1   --> A              
     e( 31 - 31) =      3.37732  eV     1   --> A              
     e( 32 - 32) =      4.06690  eV     1   --> A              
     e( 33 - 33) =      4.54706  eV     1   --> A              
     e( 34 - 34) =      5.27010  eV     1   --> A              
     e( 35 - 35) =      5.72117  eV     1   --> A              

 **************************************************************************

 **************************************************************************

                    xk=(   0.24000,   0.41569,   0.00000  )

     Band symmetry, C_1 (1)     point group:

     e(  1 -  1) =    -77.71650  eV     1   --> A              
     e(  2 -  2) =    -49.13327  eV     1   --> A              
     e(  3 -  3) =    -49.05163  eV     1   --> A              
     e(  4 -  4) =    -48.81717  eV     1   --> A              
     e(  5 -  5) =    -21.63434  eV     1   --> A              
     e(  6 -  6) =    -21.55837  eV     1   --> A              
     e(  7 -  7) =    -20.18326  eV     1   --> A              
     e(  8 -  8) =    -19.41879  eV     1   --> A              
     e(  9 -  9) =    -14.25206  eV     1   --> A              
     e( 10 - 10) =    -13.89658  eV     1   --> A              
     e( 11 - 11) =    -12.22982  eV     1   --> A              
     e( 12 - 12) =    -12.05597  eV     1   --> A              
     e( 13 - 13) =    -11.55394  eV     1   --> A              
     e( 14 - 14) =    -10.32702  eV     1   --> A              
     e( 15 - 15) =    -10.23372  eV     1   --> A              
     e( 16 - 16) =     -9.52035  eV     1   --> A              
     e( 17 - 17) =     -8.55109  eV     1   --> A              
     e( 18 - 18) =     -8.13511  eV     1   --> A              
     e( 19 - 19) =     -7.67242  eV     1   --> A              
     e( 20 - 20) =     -7.25902  eV     1   --> A              
     e( 21 - 21) =     -6.10188  eV     1   --> A              
     e( 22 - 22) =     -4.38841  eV     1   --> A              
     e( 23 - 23) =     -3.77203  eV     1   --> A              
     e( 24 - 24) =     -2.98606  eV     1   --> A              
     e( 25 - 25) =     -2.35675  eV     1   --> A              
     e( 26 - 26) =      0.00185  eV     1   --> A              
     e( 27 - 27) =      0.10249  eV     1   --> A              
     e( 28 - 28) =      1.54882  eV     1   --> A              
     e( 29 - 29) =      1.76136  eV     1   --> A              
     e( 30 - 30) =      2.92622  eV     1   --> A              
     e( 31 - 31) =      3.39265  eV     1   --> A              
     e( 32 - 32) =      4.05295  eV     1   --> A              
     e( 33 - 33) =      4.51146  eV     1   --> A              
     e( 34 - 34) =      5.25008  eV     1   --> A              
     e( 35 - 35) =      5.80130  eV     1   --> A              

 **************************************************************************

 **************************************************************************

                    xk=(   0.24333,   0.42147,   0.00000  )

     Band symmetry, C_1 (1)     point group:

     e(  1 -  1) =    -77.71623  eV     1   --> A              
     e(  2 -  2) =    -49.13409  eV     1   --> A              
     e(  3 -  3) =    -49.05359  eV     1   --> A              
     e(  4 -  4) =    -48.81677  eV     1   --> A              
     e(  5 -  5) =    -21.59126  eV     1   --> A              
     e(  6 -  6) =    -21.51588  eV     1   --> A              
     e(  7 -  7) =    -20.17604  eV     1   --> A              
     e(  8 -  8) =    -19.41952  eV     1   --> A              
     e(  9 -  9) =    -14.28157  eV     1   --> A              
     e( 10 - 10) =    -13.92789  eV     1   --> A              
     e( 11 - 11) =    -12.28531  eV     1   --> A              
     e( 12 - 12) =    -12.11638  eV     1   --> A              
     e( 13 - 13) =    -11.53310  eV     1   --> A              
     e( 14 - 14) =    -10.34264  eV     1   --> A              
     e( 15 - 15) =    -10.24403  eV     1   --> A              
     e( 16 - 16) =     -9.51930  eV     1   --> A              
     e( 17 - 17) =     -8.58627  eV     1   --> A              
     e( 18 - 18) =     -8.14829  eV     1   --> A              
     e( 19 - 19) =     -7.67274  eV     1   --> A              
     e( 20 - 20) =     -7.24312  eV     1   --> A              
     e( 21 - 21) =     -6.09251  eV     1   --> A              
     e( 22 - 22) =     -4.41205  eV     1   --> A              
     e( 23 - 23) =     -3.76762  eV     1   --> A              
     e( 24 - 24) =     -2.97424  eV     1   --> A              
     e( 25 - 25) =     -2.36151  eV     1   --> A              
     e( 26 - 26) =      0.00670  eV     1   --> A              
     e( 27 - 27) =      0.10576  eV     1   --> A              
     e( 28 - 28) =      1.56706  eV     1   --> A              
     e( 29 - 29) =      1.79418  eV     1   --> A              
     e( 30 - 30) =      2.95563  eV     1   --> A              
     e( 31 - 31) =      3.40801  eV     1   --> A              
     e( 32 - 32) =      4.04052  eV     1   --> A              
     e( 33 - 33) =      4.47900  eV     1   --> A              
     e( 34 - 34) =      5.22664  eV     1   --> A              
     e( 35 - 35) =      5.85876  eV     1   --> A              

 **************************************************************************

 **************************************************************************

                    xk=(   0.24667,   0.42724,   0.00000  )

     Band symmetry, C_1 (1)     point group:

     e(  1 -  1) =    -77.71597  eV     1   --> A              
     e(  2 -  2) =    -49.13481  eV     1   --> A              
     e(  3 -  3) =    -49.05555  eV     1   --> A              
     e(  4 -  4) =    -48.81638  eV     1   --> A              
     e(  5 -  5) =    -21.54894  eV     1   --> A              
     e(  6 -  6) =    -21.47415  eV     1   --> A              
     e(  7 -  7) =    -20.16965  eV     1   --> A              
     e(  8 -  8) =    -19.42065  eV     1   --> A              
     e(  9 -  9) =    -14.30896  eV     1   --> A              
     e( 10 - 10) =    -13.95668  eV     1   --> A              
     e( 11 - 11) =    -12.34088  eV     1   --> A              
     e( 12 - 12) =    -12.17643  eV     1   --> A              
     e( 13 - 13) =    -11.51125  eV     1   --> A              
     e( 14 - 14) =    -10.35836  eV     1   --> A              
     e( 15 - 15) =    -10.25467  eV     1   --> A              
     e( 16 - 16) =     -9.51592  eV     1   --> A              
     e( 17 - 17) =     -8.62241  eV     1   --> A              
     e( 18 - 18) =     -8.16331  eV     1   --> A              
     e( 19 - 19) =     -7.67176  eV     1   --> A              
     e( 20 - 20) =     -7.22731  eV     1   --> A              
     e( 21 - 21) =     -6.08249  eV     1   --> A              
     e( 22 - 22) =     -4.43596  eV     1   --> A              
     e( 23 - 23) =     -3.76227  eV     1   --> A              
     e( 24 - 24) =     -2.96254  eV     1   --> A              
     e( 25 - 25) =     -2.36694  eV     1   --> A              
     e( 26 - 26) =      0.01220  eV     1   --> A              
     e( 27 - 27) =      0.11013  eV     1   --> A              
     e( 28 - 28) =      1.58419  eV     1   --> A              
     e( 29 - 29) =      1.82558  eV     1   --> A              
     e( 30 - 30) =      2.98585  eV     1   --> A              
     e( 31 - 31) =      3.42339  eV     1   --> A              
     e( 32 - 32) =      4.02988  eV     1   --> A              
     e( 33 - 33) =      4.44989  eV     1   --> A              
     e( 34 - 34) =      5.20085  eV     1   --> A              
     e( 35 - 35) =      5.89379  eV     1   --> A              

 **************************************************************************

 **************************************************************************

                    xk=(   0.25000,   0.43301,   0.00000  )

     Band symmetry, C_1 (1)     point group:

     e(  1 -  1) =    -77.71572  eV     1   --> A              
     e(  2 -  2) =    -49.13540  eV     1   --> A              
     e(  3 -  3) =    -49.05752  eV     1   --> A              
     e(  4 -  4) =    -48.81601  eV     1   --> A              
     e(  5 -  5) =    -21.50746  eV     1   --> A              
     e(  6 -  6) =    -21.43323  eV     1   --> A              
     e(  7 -  7) =    -20.16407  eV     1   --> A              
     e(  8 -  8) =    -19.42216  eV     1   --> A              
     e(  9 -  9) =    -14.33419  eV     1   --> A              
     e( 10 - 10) =    -13.98291  eV     1   --> A              
     e( 11 - 11) =    -12.39635  eV     1   --> A              
     e( 12 - 12) =    -12.23609  eV     1   --> A              
     e( 13 - 13) =    -11.48855  eV     1   --> A              
     e( 14 - 14) =    -10.37420  eV     1   --> A              
     e( 15 - 15) =    -10.26539  eV     1   --> A              
     e( 16 - 16) =     -9.51050  eV     1   --> A              
     e( 17 - 17) =     -8.65932  eV     1   --> A              
     e( 18 - 18) =     -8.18005  eV     1   --> A              
     e( 19 - 19) =     -7.66958  eV     1   --> A              
     e( 20 - 20) =     -7.21166  eV     1   --> A              
     e( 21 - 21) =     -6.07189  eV     1   --> A              
     e( 22 - 22) =     -4.46008  eV     1   --> A              
     e( 23 - 23) =     -3.75605  eV     1   --> A              
     e( 24 - 24) =     -2.95095  eV     1   --> A              
     e( 25 - 25) =     -2.37303  eV     1   --> A              
     e( 26 - 26) =      0.01831  eV     1   --> A              
     e( 27 - 27) =      0.11558  eV     1   --> A              
     e( 28 - 28) =      1.60021  eV     1   --> A              
     e( 29 - 29) =      1.85535  eV     1   --> A              
     e( 30 - 30) =      3.01683  eV     1   --> A              
     e( 31 - 31) =      3.43880  eV     1   --> A              
     e( 32 - 32) =      4.02126  eV     1   --> A              
     e( 33 - 33) =      4.42428  eV     1   --> A              
     e( 34 - 34) =      5.17346  eV     1   --> A              
     e( 35 - 35) =      5.91204  eV     1   --> A              

 **************************************************************************

 **************************************************************************

                    xk=(   0.25333,   0.43879,   0.00000  )

     Band symmetry, C_1 (1)     point group:

     e(  1 -  1) =    -77.71548  eV     1   --> A              
     e(  2 -  2) =    -49.13589  eV     1   --> A              
     e(  3 -  3) =    -49.05951  eV     1   --> A              
     e(  4 -  4) =    -48.81565  eV     1   --> A              
     e(  5 -  5) =    -21.46688  eV     1   --> A              
     e(  6 -  6) =    -21.39321  eV     1   --> A              
     e(  7 -  7) =    -20.15930  eV     1   --> A              
     e(  8 -  8) =    -19.42403  eV     1   --> A              
     e(  9 -  9) =    -14.35721  eV     1   --> A              
     e( 10 - 10) =    -14.00655  eV     1   --> A              
     e( 11 - 11) =    -12.45160  eV     1   --> A              
     e( 12 - 12) =    -12.29531  eV     1   --> A              
     e( 13 - 13) =    -11.46510  eV     1   --> A              
     e( 14 - 14) =    -10.39017  eV     1   --> A              
     e( 15 - 15) =    -10.27588  eV     1   --> A              
     e( 16 - 16) =     -9.50339  eV     1   --> A              
     e( 17 - 17) =     -8.69679  eV     1   --> A              
     e( 18 - 18) =     -8.19836  eV     1   --> A              
     e( 19 - 19) =     -7.66635  eV     1   --> A              
     e( 20 - 20) =     -7.19623  eV     1   --> A              
     e( 21 - 21) =     -6.06079  eV     1   --> A              
     e( 22 - 22) =     -4.48433  eV     1   --> A              
     e( 23 - 23) =     -3.74903  eV     1   --> A              
     e( 24 - 24) =     -2.93946  eV     1   --> A              
     e( 25 - 25) =     -2.37973  eV     1   --> A              
     e( 26 - 26) =      0.02503  eV     1   --> A              
     e( 27 - 27) =      0.12209  eV     1   --> A              
     e( 28 - 28) =      1.61516  eV     1   --> A              
     e( 29 - 29) =      1.88328  eV     1   --> A              
     e( 30 - 30) =      3.04848  eV     1   --> A              
     e( 31 - 31) =      3.45428  eV     1   --> A              
     e( 32 - 32) =      4.01487  eV     1   --> A              
     e( 33 - 33) =      4.40226  eV     1   --> A              
     e( 34 - 34) =      5.14499  eV     1   --> A              
     e( 35 - 35) =      5.91571  eV     1   --> A              

 **************************************************************************

 **************************************************************************

                    xk=(   0.25667,   0.44456,   0.00000  )

     Band symmetry, C_1 (1)     point group:

     e(  1 -  1) =    -77.71525  eV     1   --> A              
     e(  2 -  2) =    -49.13626  eV     1   --> A              
     e(  3 -  3) =    -49.06149  eV     1   --> A              
     e(  4 -  4) =    -48.81531  eV     1   --> A              
     e(  5 -  5) =    -21.42730  eV     1   --> A              
     e(  6 -  6) =    -21.35416  eV     1   --> A              
     e(  7 -  7) =    -20.15531  eV     1   --> A              
     e(  8 -  8) =    -19.42621  eV     1   --> A              
     e(  9 -  9) =    -14.37798  eV     1   --> A              
     e( 10 - 10) =    -14.02758  eV     1   --> A              
     e( 11 - 11) =    -12.50652  eV     1   --> A              
     e( 12 - 12) =    -12.35406  eV     1   --> A              
     e( 13 - 13) =    -11.44103  eV     1   --> A              
     e( 14 - 14) =    -10.40625  eV     1   --> A              
     e( 15 - 15) =    -10.28588  eV     1   --> A              
     e( 16 - 16) =     -9.49496  eV     1   --> A              
     e( 17 - 17) =     -8.73456  eV     1   --> A              
     e( 18 - 18) =     -8.21811  eV     1   --> A              
     e( 19 - 19) =     -7.66220  eV     1   --> A              
     e( 20 - 20) =     -7.18110  eV     1   --> A              
     e( 21 - 21) =     -6.04926  eV     1   --> A              
     e( 22 - 22) =     -4.50864  eV     1   --> A              
     e( 23 - 23) =     -3.74129  eV     1   --> A              
     e( 24 - 24) =     -2.92806  eV     1   --> A              
     e( 25 - 25) =     -2.38702  eV     1   --> A              
     e( 26 - 26) =      0.03235  eV     1   --> A              
     e( 27 - 27) =      0.12961  eV     1   --> A              
     e( 28 - 28) =      1.62903  eV     1   --> A              
     e( 29 - 29) =      1.90914  eV     1   --> A              
     e( 30 - 30) =      3.08074  eV     1   --> A              
     e( 31 - 31) =      3.46990  eV     1   --> A              
     e( 32 - 32) =      4.01085  eV     1   --> A              
     e( 33 - 33) =      4.38389  eV     1   --> A              
     e( 34 - 34) =      5.11583  eV     1   --> A              
     e( 35 - 35) =      5.90782  eV     1   --> A              

 **************************************************************************

 **************************************************************************

                    xk=(   0.26000,   0.45033,   0.00000  )

     Band symmetry, C_1 (1)     point group:

     e(  1 -  1) =    -77.71503  eV     1   --> A              
     e(  2 -  2) =    -49.13652  eV     1   --> A              
     e(  3 -  3) =    -49.06349  eV     1   --> A              
     e(  4 -  4) =    -48.81498  eV     1   --> A              
     e(  5 -  5) =    -21.38880  eV     1   --> A              
     e(  6 -  6) =    -21.31616  eV     1   --> A              
     e(  7 -  7) =    -20.15208  eV     1   --> A              
     e(  8 -  8) =    -19.42868  eV     1   --> A              
     e(  9 -  9) =    -14.39647  eV     1   --> A              
     e( 10 - 10) =    -14.04598  eV     1   --> A              
     e( 11 - 11) =    -12.56101  eV     1   --> A              
     e( 12 - 12) =    -12.41231  eV     1   --> A              
     e( 13 - 13) =    -11.41643  eV     1   --> A              
     e( 14 - 14) =    -10.42244  eV     1   --> A              
     e( 15 - 15) =    -10.29517  eV     1   --> A              
     e( 16 - 16) =     -9.48560  eV     1   --> A              
     e( 17 - 17) =     -8.77235  eV     1   --> A              
     e( 18 - 18) =     -8.23914  eV     1   --> A              
     e( 19 - 19) =     -7.65729  eV     1   --> A              
     e( 20 - 20) =     -7.16631  eV     1   --> A              
     e( 21 - 21) =     -6.03738  eV     1   --> A              
     e( 22 - 22) =     -4.53292  eV     1   --> A              
     e( 23 - 23) =     -3.73290  eV     1   --> A              
     e( 24 - 24) =     -2.91674  eV     1   --> A              
     e( 25 - 25) =     -2.39487  eV     1   --> A              
     e( 26 - 26) =      0.04024  eV     1   --> A              
     e( 27 - 27) =      0.13809  eV     1   --> A              
     e( 28 - 28) =      1.64184  eV     1   --> A              
     e( 29 - 29) =      1.93271  eV     1   --> A              
     e( 30 - 30) =      3.11354  eV     1   --> A              
     e( 31 - 31) =      3.48577  eV     1   --> A              
     e( 32 - 32) =      4.00933  eV     1   --> A              
     e( 33 - 33) =      4.36915  eV     1   --> A              
     e( 34 - 34) =      5.08627  eV     1   --> A              
     e( 35 - 35) =      5.89127  eV     1   --> A              

 **************************************************************************

 **************************************************************************

                    xk=(   0.26333,   0.45611,   0.00000  )

     Band symmetry, C_1 (1)     point group:

     e(  1 -  1) =    -77.71482  eV     1   --> A              
     e(  2 -  2) =    -49.13667  eV     1   --> A              
     e(  3 -  3) =    -49.06548  eV     1   --> A              
     e(  4 -  4) =    -48.81467  eV     1   --> A              
     e(  5 -  5) =    -21.35145  eV     1   --> A              
     e(  6 -  6) =    -21.27927  eV     1   --> A              
     e(  7 -  7) =    -20.14957  eV     1   --> A              
     e(  8 -  8) =    -19.43140  eV     1   --> A              
     e(  9 -  9) =    -14.41266  eV     1   --> A              
     e( 10 - 10) =    -14.06173  eV     1   --> A              
     e( 11 - 11) =    -12.61499  eV     1   --> A              
     e( 12 - 12) =    -12.47000  eV     1   --> A              
     e( 13 - 13) =    -11.39139  eV     1   --> A              
     e( 14 - 14) =    -10.43867  eV     1   --> A              
     e( 15 - 15) =    -10.30351  eV     1   --> A              
     e( 16 - 16) =     -9.47579  eV     1   --> A              
     e( 17 - 17) =     -8.80981  eV     1   --> A              
     e( 18 - 18) =     -8.26131  eV     1   --> A              
     e( 19 - 19) =     -7.65177  eV     1   --> A              
     e( 20 - 20) =     -7.15191  eV     1   --> A              
     e( 21 - 21) =     -6.02522  eV     1   --> A              
     e( 22 - 22) =     -4.55709  eV     1   --> A              
     e( 23 - 23) =     -3.72396  eV     1   --> A              
     e( 24 - 24) =     -2.90549  eV     1   --> A              
     e( 25 - 25) =     -2.40326  eV     1   --> A              
     e( 26 - 26) =      0.04871  eV     1   --> A              
     e( 27 - 27) =      0.14748  eV     1   --> A              
     e( 28 - 28) =      1.65360  eV     1   --> A              
     e( 29 - 29) =      1.95379  eV     1   --> A              
     e( 30 - 30) =      3.14683  eV     1   --> A              
     e( 31 - 31) =      3.50203  eV     1   --> A              
     e( 32 - 32) =      4.01038  eV     1   --> A              
     e( 33 - 33) =      4.35800  eV     1   --> A              
     e( 34 - 34) =      5.05656  eV     1   --> A              
     e( 35 - 35) =      5.86822  eV     1   --> A              

 **************************************************************************

 **************************************************************************

                    xk=(   0.26667,   0.46188,   0.00000  )

     Band symmetry, C_1 (1)     point group:

     e(  1 -  1) =    -77.71462  eV     1   --> A              
     e(  2 -  2) =    -49.13672  eV     1   --> A              
     e(  3 -  3) =    -49.06748  eV     1   --> A              
     e(  4 -  4) =    -48.81438  eV     1   --> A              
     e(  5 -  5) =    -21.31535  eV     1   --> A              
     e(  6 -  6) =    -21.24357  eV     1   --> A              
     e(  7 -  7) =    -20.14775  eV     1   --> A              
     e(  8 -  8) =    -19.43432  eV     1   --> A              
     e(  9 -  9) =    -14.42653  eV     1   --> A              
     e( 10 - 10) =    -14.07484  eV     1   --> A              
     e( 11 - 11) =    -12.66837  eV     1   --> A              
     e( 12 - 12) =    -12.52710  eV     1   --> A              
     e( 13 - 13) =    -11.36603  eV     1   --> A              
     e( 14 - 14) =    -10.45487  eV     1   --> A              
     e( 15 - 15) =    -10.31073  eV     1   --> A              
     e( 16 - 16) =     -9.46603  eV     1   --> A              
     e( 17 - 17) =     -8.84649  eV     1   --> A              
     e( 18 - 18) =     -8.28447  eV     1   --> A              
     e( 19 - 19) =     -7.64580  eV     1   --> A              
     e( 20 - 20) =     -7.13796  eV     1   --> A              
     e( 21 - 21) =     -6.01286  eV     1   --> A              
     e( 22 - 22) =     -4.58106  eV     1   --> A              
     e( 23 - 23) =     -3.71454  eV     1   --> A              
     e( 24 - 24) =     -2.89431  eV     1   --> A              
     e( 25 - 25) =     -2.41215  eV     1   --> A              
     e( 26 - 26) =      0.05776  eV     1   --> A              
     e( 27 - 27) =      0.15773  eV     1   --> A              
     e( 28 - 28) =      1.66431  eV     1   --> A              
     e( 29 - 29) =      1.97219  eV     1   --> A              
     e( 30 - 30) =      3.18055  eV     1   --> A              
     e( 31 - 31) =      3.51886  eV     1   --> A              
     e( 32 - 32) =      4.01402  eV     1   --> A              
     e( 33 - 33) =      4.35030  eV     1   --> A              
     e( 34 - 34) =      5.02687  eV     1   --> A              
     e( 35 - 35) =      5.84009  eV     1   --> A              

 **************************************************************************

 **************************************************************************

                    xk=(   0.27000,   0.46765,   0.00000  )

     Band symmetry, C_1 (1)     point group:

     e(  1 -  1) =    -77.71443  eV     1   --> A              
     e(  2 -  2) =    -49.13665  eV     1   --> A              
     e(  3 -  3) =    -49.06948  eV     1   --> A              
     e(  4 -  4) =    -48.81410  eV     1   --> A              
     e(  5 -  5) =    -21.28057  eV     1   --> A              
     e(  6 -  6) =    -21.20913  eV     1   --> A              
     e(  7 -  7) =    -20.14658  eV     1   --> A              
     e(  8 -  8) =    -19.43740  eV     1   --> A              
     e(  9 -  9) =    -14.43810  eV     1   --> A              
     e( 10 - 10) =    -14.08529  eV     1   --> A              
     e( 11 - 11) =    -12.72106  eV     1   --> A              
     e( 12 - 12) =    -12.58356  eV     1   --> A              
     e( 13 - 13) =    -11.34046  eV     1   --> A              
     e( 14 - 14) =    -10.47095  eV     1   --> A              
     e( 15 - 15) =    -10.31666  eV     1   --> A              
     e( 16 - 16) =     -9.45696  eV     1   --> A              
     e( 17 - 17) =     -8.88183  eV     1   --> A              
     e( 18 - 18) =     -8.30850  eV     1   --> A              
     e( 19 - 19) =     -7.63951  eV     1   --> A              
     e( 20 - 20) =     -7.12448  eV     1   --> A              
     e( 21 - 21) =     -6.00037  eV     1   --> A              
     e( 22 - 22) =     -4.60474  eV     1   --> A              
     e( 23 - 23) =     -3.70473  eV     1   --> A              
     e( 24 - 24) =     -2.88318  eV     1   --> A              
     e( 25 - 25) =     -2.42152  eV     1   --> A              
     e( 26 - 26) =      0.06738  eV     1   --> A              
     e( 27 - 27) =      0.16875  eV     1   --> A              
     e( 28 - 28) =      1.67400  eV     1   --> A              
     e( 29 - 29) =      1.98775  eV     1   --> A              
     e( 30 - 30) =      3.21463  eV     1   --> A              
     e( 31 - 31) =      3.53648  eV     1   --> A              
     e( 32 - 32) =      4.02022  eV     1   --> A              
     e( 33 - 33) =      4.34591  eV     1   --> A              
     e( 34 - 34) =      4.99737  eV     1   --> A              
     e( 35 - 35) =      5.80777  eV     1   --> A              

 **************************************************************************

 **************************************************************************

                    xk=(   0.27333,   0.47343,   0.00000  )

     Band symmetry, C_1 (1)     point group:

     e(  1 -  1) =    -77.71425  eV     1   --> A              
     e(  2 -  2) =    -49.13648  eV     1   --> A              
     e(  3 -  3) =    -49.07147  eV     1   --> A              
     e(  4 -  4) =    -48.81383  eV     1   --> A              
     e(  5 -  5) =    -21.24721  eV     1   --> A              
     e(  6 -  6) =    -21.17603  eV     1   --> A              
     e(  7 -  7) =    -20.14600  eV     1   --> A              
     e(  8 -  8) =    -19.44060  eV     1   --> A              
     e(  9 -  9) =    -14.44737  eV     1   --> A              
     e( 10 - 10) =    -14.09310  eV     1   --> A              
     e( 11 - 11) =    -12.77299  eV     1   --> A              
     e( 12 - 12) =    -12.63934  eV     1   --> A              
     e( 13 - 13) =    -11.31481  eV     1   --> A              
     e( 14 - 14) =    -10.48681  eV     1   --> A              
     e( 15 - 15) =    -10.32115  eV     1   --> A              
     e( 16 - 16) =     -9.44933  eV     1   --> A              
     e( 17 - 17) =     -8.91515  eV     1   --> A              
     e( 18 - 18) =     -8.33326  eV     1   --> A              
     e( 19 - 19) =     -7.63302  eV     1   --> A              
     e( 20 - 20) =     -7.11153  eV     1   --> A              
     e( 21 - 21) =     -5.98783  eV     1   --> A              
     e( 22 - 22) =     -4.62804  eV     1   --> A              
     e( 23 - 23) =     -3.69461  eV     1   --> A              
     e( 24 - 24) =     -2.87210  eV     1   --> A              
     e( 25 - 25) =     -2.43133  eV     1   --> A              
     e( 26 - 26) =      0.07756  eV     1   --> A              
     e( 27 - 27) =      0.18049  eV     1   --> A              
     e( 28 - 28) =      1.68267  eV     1   --> A              
     e( 29 - 29) =      2.00037  eV     1   --> A              
     e( 30 - 30) =      3.24903  eV     1   --> A              
     e( 31 - 31) =      3.55512  eV     1   --> A              
     e( 32 - 32) =      4.02889  eV     1   --> A              
     e( 33 - 33) =      4.34464  eV     1   --> A              
     e( 34 - 34) =      4.96818  eV     1   --> A              
     e( 35 - 35) =      5.77188  eV     1   --> A              

 **************************************************************************

 **************************************************************************

                    xk=(   0.27667,   0.47920,   0.00000  )

     Band symmetry, C_1 (1)     point group:

     e(  1 -  1) =    -77.71408  eV     1   --> A              
     e(  2 -  2) =    -49.13620  eV     1   --> A              
     e(  3 -  3) =    -49.07346  eV     1   --> A              
     e(  4 -  4) =    -48.81359  eV     1   --> A              
     e(  5 -  5) =    -21.21533  eV     1   --> A              
     e(  6 -  6) =    -21.14434  eV     1   --> A              
     e(  7 -  7) =    -20.14597  eV     1   --> A              
     e(  8 -  8) =    -19.44388  eV     1   --> A              
     e(  9 -  9) =    -14.45436  eV     1   --> A              
     e( 10 - 10) =    -14.09827  eV     1   --> A              
     e( 11 - 11) =    -12.82405  eV     1   --> A              
     e( 12 - 12) =    -12.69437  eV     1   --> A              
     e( 13 - 13) =    -11.28922  eV     1   --> A              
     e( 14 - 14) =    -10.50236  eV     1   --> A              
     e( 15 - 15) =    -10.32407  eV     1   --> A              
     e( 16 - 16) =     -9.44403  eV     1   --> A              
     e( 17 - 17) =     -8.94561  eV     1   --> A              
     e( 18 - 18) =     -8.35865  eV     1   --> A              
     e( 19 - 19) =     -7.62645  eV     1   --> A              
     e( 20 - 20) =     -7.09914  eV     1   --> A              
     e( 21 - 21) =     -5.97533  eV     1   --> A              
     e( 22 - 22) =     -4.65085  eV     1   --> A              
     e( 23 - 23) =     -3.68429  eV     1   --> A              
     e( 24 - 24) =     -2.86105  eV     1   --> A              
     e( 25 - 25) =     -2.44155  eV     1   --> A              
     e( 26 - 26) =      0.08830  eV     1   --> A              
     e( 27 - 27) =      0.19285  eV     1   --> A              
     e( 28 - 28) =      1.69032  eV     1   --> A              
     e( 29 - 29) =      2.00998  eV     1   --> A              
     e( 30 - 30) =      3.28367  eV     1   --> A              
     e( 31 - 31) =      3.57501  eV     1   --> A              
     e( 32 - 32) =      4.03989  eV     1   --> A              
     e( 33 - 33) =      4.34629  eV     1   --> A              
     e( 34 - 34) =      4.93938  eV     1   --> A              
     e( 35 - 35) =      5.73277  eV     1   --> A              

 **************************************************************************

 **************************************************************************

                    xk=(   0.28000,   0.48497,   0.00000  )

     Band symmetry, C_1 (1)     point group:

     e(  1 -  1) =    -77.71393  eV     1   --> A              
     e(  2 -  2) =    -49.13583  eV     1   --> A              
     e(  3 -  3) =    -49.07544  eV     1   --> A              
     e(  4 -  4) =    -48.81335  eV     1   --> A              
     e(  5 -  5) =    -21.18502  eV     1   --> A              
     e(  6 -  6) =    -21.11412  eV     1   --> A              
     e(  7 -  7) =    -20.14642  eV     1   --> A              
     e(  8 -  8) =    -19.44718  eV     1   --> A              
     e(  9 -  9) =    -14.45913  eV     1   --> A              
     e( 10 - 10) =    -14.10084  eV     1   --> A              
     e( 11 - 11) =    -12.87416  eV     1   --> A              
     e( 12 - 12) =    -12.74859  eV     1   --> A              
     e( 13 - 13) =    -11.26385  eV     1   --> A              
     e( 14 - 14) =    -10.51747  eV     1   --> A              
     e( 15 - 15) =    -10.32526  eV     1   --> A              
     e( 16 - 16) =     -9.44210  eV     1   --> A              
     e( 17 - 17) =     -8.97220  eV     1   --> A              
     e( 18 - 18) =     -8.38457  eV     1   --> A              
     e( 19 - 19) =     -7.61991  eV     1   --> A              
     e( 20 - 20) =     -7.08733  eV     1   --> A              
     e( 21 - 21) =     -5.96293  eV     1   --> A              
     e( 22 - 22) =     -4.67309  eV     1   --> A              
     e( 23 - 23) =     -3.67385  eV     1   --> A              
     e( 24 - 24) =     -2.85004  eV     1   --> A              
     e( 25 - 25) =     -2.45214  eV     1   --> A              
     e( 26 - 26) =      0.09957  eV     1   --> A              
     e( 27 - 27) =      0.20574  eV     1   --> A              
     e( 28 - 28) =      1.69696  eV     1   --> A              
     e( 29 - 29) =      2.01659  eV     1   --> A              
     e( 30 - 30) =      3.31847  eV     1   --> A              
     e( 31 - 31) =      3.59634  eV     1   --> A              
     e( 32 - 32) =      4.05301  eV     1   --> A              
     e( 33 - 33) =      4.35063  eV     1   --> A              
     e( 34 - 34) =      4.91104  eV     1   --> A              
     e( 35 - 35) =      5.69075  eV     1   --> A              

 **************************************************************************

 **************************************************************************

                    xk=(   0.28333,   0.49075,   0.00000  )

     Band symmetry, C_1 (1)     point group:

     e(  1 -  1) =    -77.71378  eV     1   --> A              
     e(  2 -  2) =    -49.13536  eV     1   --> A              
     e(  3 -  3) =    -49.07741  eV     1   --> A              
     e(  4 -  4) =    -48.81314  eV     1   --> A              
     e(  5 -  5) =    -21.15636  eV     1   --> A              
     e(  6 -  6) =    -21.08546  eV     1   --> A              
     e(  7 -  7) =    -20.14731  eV     1   --> A              
     e(  8 -  8) =    -19.45046  eV     1   --> A              
     e(  9 -  9) =    -14.46174  eV     1   --> A              
     e( 10 - 10) =    -14.10084  eV     1   --> A              
     e( 11 - 11) =    -12.92320  eV     1   --> A              
     e( 12 - 12) =    -12.80193  eV     1   --> A              
     e( 13 - 13) =    -11.23889  eV     1   --> A              
     e( 14 - 14) =    -10.53207  eV     1   --> A              
     e( 15 - 15) =    -10.32456  eV     1   --> A              
     e( 16 - 16) =     -9.44461  eV     1   --> A              
     e( 17 - 17) =     -8.99387  eV     1   --> A              
     e( 18 - 18) =     -8.41092  eV     1   --> A              
     e( 19 - 19) =     -7.61350  eV     1   --> A              
     e( 20 - 20) =     -7.07615  eV     1   --> A              
     e( 21 - 21) =     -5.95071  eV     1   --> A              
     e( 22 - 22) =     -4.69464  eV     1   --> A              
     e( 23 - 23) =     -3.66337  eV     1   --> A              
     e( 24 - 24) =     -2.83906  eV     1   --> A              
     e( 25 - 25) =     -2.46307  eV     1   --> A              
     e( 26 - 26) =      0.11136  eV     1   --> A              
     e( 27 - 27) =      0.21907  eV     1   --> A              
     e( 28 - 28) =      1.70261  eV     1   --> A              
     e( 29 - 29) =      2.02026  eV     1   --> A              
     e( 30 - 30) =      3.35336  eV     1   --> A              
     e( 31 - 31) =      3.61927  eV     1   --> A              
     e( 32 - 32) =      4.06803  eV     1   --> A              
     e( 33 - 33) =      4.35745  eV     1   --> A              
     e( 34 - 34) =      4.88322  eV     1   --> A              
     e( 35 - 35) =      5.64600  eV     1   --> A              

 **************************************************************************

 **************************************************************************

                    xk=(   0.28667,   0.49652,   0.00000  )

     Band symmetry, C_1 (1)     point group:

     e(  1 -  1) =    -77.71365  eV     1   --> A              
     e(  2 -  2) =    -49.13479  eV     1   --> A              
     e(  3 -  3) =    -49.07936  eV     1   --> A              
     e(  4 -  4) =    -48.81294  eV     1   --> A              
     e(  5 -  5) =    -21.12942  eV     1   --> A              
     e(  6 -  6) =    -21.05841  eV     1   --> A              
     e(  7 -  7) =    -20.14855  eV     1   --> A              
     e(  8 -  8) =    -19.45368  eV     1   --> A              
     e(  9 -  9) =    -14.46226  eV     1   --> A              
     e( 10 - 10) =    -14.09832  eV     1   --> A              
     e( 11 - 11) =    -12.97106  eV     1   --> A              
     e( 12 - 12) =    -12.85432  eV     1   --> A              
     e( 13 - 13) =    -11.21453  eV     1   --> A              
     e( 14 - 14) =    -10.54605  eV     1   --> A              
     e( 15 - 15) =    -10.32183  eV     1   --> A              
     e( 16 - 16) =     -9.45250  eV     1   --> A              
     e( 17 - 17) =     -9.00972  eV     1   --> A              
     e( 18 - 18) =     -8.43760  eV     1   --> A              
     e( 19 - 19) =     -7.60728  eV     1   --> A              
     e( 20 - 20) =     -7.06562  eV     1   --> A              
     e( 21 - 21) =     -5.93877  eV     1   --> A              
     e( 22 - 22) =     -4.71541  eV     1   --> A              
     e( 23 - 23) =     -3.65297  eV     1   --> A              
     e( 24 - 24) =     -2.82810  eV     1   --> A              
     e( 25 - 25) =     -2.47429  eV     1   --> A              
     e( 26 - 26) =      0.12364  eV     1   --> A              
     e( 27 - 27) =      0.23273  eV     1   --> A              
     e( 28 - 28) =      1.70727  eV     1   --> A              
     e( 29 - 29) =      2.02111  eV     1   --> A              
     e( 30 - 30) =      3.38825  eV     1   --> A              
     e( 31 - 31) =      3.64391  eV     1   --> A              
     e( 32 - 32) =      4.08469  eV     1   --> A              
     e( 33 - 33) =      4.36653  eV     1   --> A              
     e( 34 - 34) =      4.85594  eV     1   --> A              
     e( 35 - 35) =      5.59870  eV     1   --> A              

 **************************************************************************

 **************************************************************************

                    xk=(   0.29000,   0.50229,   0.00000  )

     Band symmetry, C_1 (1)     point group:

     e(  1 -  1) =    -77.71352  eV     1   --> A              
     e(  2 -  2) =    -49.13415  eV     1   --> A              
     e(  3 -  3) =    -49.08129  eV     1   --> A              
     e(  4 -  4) =    -48.81275  eV     1   --> A              
     e(  5 -  5) =    -21.10426  eV     1   --> A              
     e(  6 -  6) =    -21.03303  eV     1   --> A              
     e(  7 -  7) =    -20.15007  eV     1   --> A              
     e(  8 -  8) =    -19.45680  eV     1   --> A              
     e(  9 -  9) =    -14.46079  eV     1   --> A              
     e( 10 - 10) =    -14.09336  eV     1   --> A              
     e( 11 - 11) =    -13.01761  eV     1   --> A              
     e( 12 - 12) =    -12.90563  eV     1   --> A              
     e( 13 - 13) =    -11.19098  eV     1   --> A              
     e( 14 - 14) =    -10.55934  eV     1   --> A              
     e( 15 - 15) =    -10.31690  eV     1   --> A              
     e( 16 - 16) =     -9.46633  eV     1   --> A              
     e( 17 - 17) =     -9.01917  eV     1   --> A              
     e( 18 - 18) =     -8.46453  eV     1   --> A              
     e( 19 - 19) =     -7.60134  eV     1   --> A              
     e( 20 - 20) =     -7.05576  eV     1   --> A              
     e( 21 - 21) =     -5.92718  eV     1   --> A              
     e( 22 - 22) =     -4.73529  eV     1   --> A              
     e( 23 - 23) =     -3.64272  eV     1   --> A              
     e( 24 - 24) =     -2.81718  eV     1   --> A              
     e( 25 - 25) =     -2.48575  eV     1   --> A              
     e( 26 - 26) =      0.13636  eV     1   --> A              
     e( 27 - 27) =      0.24660  eV     1   --> A              
     e( 28 - 28) =      1.71096  eV     1   --> A              
     e( 29 - 29) =      2.01934  eV     1   --> A              
     e( 30 - 30) =      3.42303  eV     1   --> A              
     e( 31 - 31) =      3.67027  eV     1   --> A              
     e( 32 - 32) =      4.10269  eV     1   --> A              
     e( 33 - 33) =      4.37768  eV     1   --> A              
     e( 34 - 34) =      4.82923  eV     1   --> A              
     e( 35 - 35) =      5.54897  eV     1   --> A              

 **************************************************************************

 **************************************************************************

                    xk=(   0.29333,   0.50807,   0.00000  )

     Band symmetry, C_1 (1)     point group:

     e(  1 -  1) =    -77.71341  eV     1   --> A              
     e(  2 -  2) =    -49.13342  eV     1   --> A              
     e(  3 -  3) =    -49.08319  eV     1   --> A              
     e(  4 -  4) =    -48.81258  eV     1   --> A              
     e(  5 -  5) =    -21.08094  eV     1   --> A              
     e(  6 -  6) =    -21.00939  eV     1   --> A              
     e(  7 -  7) =    -20.15182  eV     1   --> A              
     e(  8 -  8) =    -19.45977  eV     1   --> A              
     e(  9 -  9) =    -14.45748  eV     1   --> A              
     e( 10 - 10) =    -14.08605  eV     1   --> A              
     e( 11 - 11) =    -13.06270  eV     1   --> A              
     e( 12 - 12) =    -12.95576  eV     1   --> A              
     e( 13 - 13) =    -11.16846  eV     1   --> A              
     e( 14 - 14) =    -10.57184  eV     1   --> A              
     e( 15 - 15) =    -10.30960  eV     1   --> A              
     e( 16 - 16) =     -9.48612  eV     1   --> A              
     e( 17 - 17) =     -9.02223  eV     1   --> A              
     e( 18 - 18) =     -8.49165  eV     1   --> A              
     e( 19 - 19) =     -7.59573  eV     1   --> A              
     e( 20 - 20) =     -7.04659  eV     1   --> A              
     e( 21 - 21) =     -5.91603  eV     1   --> A              
     e( 22 - 22) =     -4.75419  eV     1   --> A              
     e( 23 - 23) =     -3.63272  eV     1   --> A              
     e( 24 - 24) =     -2.80629  eV     1   --> A              
     e( 25 - 25) =     -2.49740  eV     1   --> A              
     e( 26 - 26) =      0.14947  eV     1   --> A              
     e( 27 - 27) =      0.26054  eV     1   --> A              
     e( 28 - 28) =      1.71371  eV     1   --> A              
     e( 29 - 29) =      2.01521  eV     1   --> A              
     e( 30 - 30) =      3.45760  eV     1   --> A              
     e( 31 - 31) =      3.69829  eV     1   --> A              
     e( 32 - 32) =      4.12175  eV     1   --> A              
     e( 33 - 33) =      4.39071  eV     1   --> A              
     e( 34 - 34) =      4.80311  eV     1   --> A              
     e( 35 - 35) =      5.49698  eV     1   --> A              

 **************************************************************************

 **************************************************************************

                    xk=(   0.29667,   0.51384,   0.00000  )

     Band symmetry, C_1 (1)     point group:

     e(  1 -  1) =    -77.71330  eV     1   --> A              
     e(  2 -  2) =    -49.13262  eV     1   --> A              
     e(  3 -  3) =    -49.08507  eV     1   --> A              
     e(  4 -  4) =    -48.81243  eV     1   --> A              
     e(  5 -  5) =    -21.05950  eV     1   --> A              
     e(  6 -  6) =    -20.98755  eV     1   --> A              
     e(  7 -  7) =    -20.15371  eV     1   --> A              
     e(  8 -  8) =    -19.46256  eV     1   --> A              
     e(  9 -  9) =    -14.45248  eV     1   --> A              
     e( 10 - 10) =    -14.07651  eV     1   --> A              
     e( 11 - 11) =    -13.10617  eV     1   --> A              
     e( 12 - 12) =    -13.00455  eV     1   --> A              
     e( 13 - 13) =    -11.14720  eV     1   --> A              
     e( 14 - 14) =    -10.58349  eV     1   --> A              
     e( 15 - 15) =    -10.29979  eV     1   --> A              
     e( 16 - 16) =     -9.51136  eV     1   --> A              
     e( 17 - 17) =     -9.01938  eV     1   --> A              
     e( 18 - 18) =     -8.51887  eV     1   --> A              
     e( 19 - 19) =     -7.59051  eV     1   --> A              
     e( 20 - 20) =     -7.03814  eV     1   --> A              
     e( 21 - 21) =     -5.90539  eV     1   --> A              
     e( 22 - 22) =     -4.77199  eV     1   --> A              
     e( 23 - 23) =     -3.62307  eV     1   --> A              
     e( 24 - 24) =     -2.79545  eV     1   --> A              
     e( 25 - 25) =     -2.50918  eV     1   --> A              
     e( 26 - 26) =      0.16291  eV     1   --> A              
     e( 27 - 27) =      0.27440  eV     1   --> A              
     e( 28 - 28) =      1.71555  eV     1   --> A              
     e( 29 - 29) =      2.00901  eV     1   --> A              
     e( 30 - 30) =      3.49182  eV     1   --> A              
     e( 31 - 31) =      3.72780  eV     1   --> A              
     e( 32 - 32) =      4.14156  eV     1   --> A              
     e( 33 - 33) =      4.40538  eV     1   --> A              
     e( 34 - 34) =      4.77765  eV     1   --> A              
     e( 35 - 35) =      5.44284  eV     1   --> A              

 **************************************************************************

 **************************************************************************

                    xk=(   0.30000,   0.51962,   0.00000  )

     Band symmetry, C_1 (1)     point group:

     e(  1 -  1) =    -77.71321  eV     1   --> A              
     e(  2 -  2) =    -49.13175  eV     1   --> A              
     e(  3 -  3) =    -49.08690  eV     1   --> A              
     e(  4 -  4) =    -48.81229  eV     1   --> A              
     e(  5 -  5) =    -21.03999  eV     1   --> A              
     e(  6 -  6) =    -20.96756  eV     1   --> A              
     e(  7 -  7) =    -20.15567  eV     1   --> A              
     e(  8 -  8) =    -19.46515  eV     1   --> A              
     e(  9 -  9) =    -14.44599  eV     1   --> A              
     e( 10 - 10) =    -14.06490  eV     1   --> A              
     e( 11 - 11) =    -13.14784  eV     1   --> A              
     e( 12 - 12) =    -13.05181  eV     1   --> A              
     e( 13 - 13) =    -11.12741  eV     1   --> A              
     e( 14 - 14) =    -10.59423  eV     1   --> A              
     e( 15 - 15) =    -10.28733  eV     1   --> A              
     e( 16 - 16) =     -9.54119  eV     1   --> A              
     e( 17 - 17) =     -9.01146  eV     1   --> A              
     e( 18 - 18) =     -8.54612  eV     1   --> A              
     e( 19 - 19) =     -7.58571  eV     1   --> A              
     e( 20 - 20) =     -7.03041  eV     1   --> A              
     e( 21 - 21) =     -5.89536  eV     1   --> A              
     e( 22 - 22) =     -4.78861  eV     1   --> A              
     e( 23 - 23) =     -3.61386  eV     1   --> A              
     e( 24 - 24) =     -2.78468  eV     1   --> A              
     e( 25 - 25) =     -2.52102  eV     1   --> A              
     e( 26 - 26) =      0.17657  eV     1   --> A              
     e( 27 - 27) =      0.28802  eV     1   --> A              
     e( 28 - 28) =      1.71650  eV     1   --> A              
     e( 29 - 29) =      2.00110  eV     1   --> A              
     e( 30 - 30) =      3.52557  eV     1   --> A              
     e( 31 - 31) =      3.75852  eV     1   --> A              
     e( 32 - 32) =      4.16183  eV     1   --> A              
     e( 33 - 33) =      4.42142  eV     1   --> A              
     e( 34 - 34) =      4.75302  eV     1   --> A              
     e( 35 - 35) =      5.38672  eV     1   --> A              

 **************************************************************************

 **************************************************************************

                    xk=(   0.30333,   0.52539,   0.00000  )

     Band symmetry, C_1 (1)     point group:

     e(  1 -  1) =    -77.71312  eV     1   --> A              
     e(  2 -  2) =    -49.13084  eV     1   --> A              
     e(  3 -  3) =    -49.08868  eV     1   --> A              
     e(  4 -  4) =    -48.81216  eV     1   --> A              
     e(  5 -  5) =    -21.02243  eV     1   --> A              
     e(  6 -  6) =    -20.94946  eV     1   --> A              
     e(  7 -  7) =    -20.15764  eV     1   --> A              
     e(  8 -  8) =    -19.46750  eV     1   --> A              
     e(  9 -  9) =    -14.43824  eV     1   --> A              
     e( 10 - 10) =    -14.05144  eV     1   --> A              
     e( 11 - 11) =    -13.18748  eV     1   --> A              
     e( 12 - 12) =    -13.09729  eV     1   --> A              
     e( 13 - 13) =    -11.10929  eV     1   --> A              
     e( 14 - 14) =    -10.60401  eV     1   --> A              
     e( 15 - 15) =    -10.27213  eV     1   --> A              
     e( 16 - 16) =     -9.57465  eV     1   --> A              
     e( 17 - 17) =     -8.99941  eV     1   --> A              
     e( 18 - 18) =     -8.57334  eV     1   --> A              
     e( 19 - 19) =     -7.58136  eV     1   --> A              
     e( 20 - 20) =     -7.02343  eV     1   --> A              
     e( 21 - 21) =     -5.88601  eV     1   --> A              
     e( 22 - 22) =     -4.80393  eV     1   --> A              
     e( 23 - 23) =     -3.60519  eV     1   --> A              
     e( 24 - 24) =     -2.77401  eV     1   --> A              
     e( 25 - 25) =     -2.53285  eV     1   --> A              
     e( 26 - 26) =      0.19037  eV     1   --> A              
     e( 27 - 27) =      0.30120  eV     1   --> A              
     e( 28 - 28) =      1.71663  eV     1   --> A              
     e( 29 - 29) =      1.99186  eV     1   --> A              
     e( 30 - 30) =      3.55868  eV     1   --> A              
     e( 31 - 31) =      3.79003  eV     1   --> A              
     e( 32 - 32) =      4.18232  eV     1   --> A              
     e( 33 - 33) =      4.43838  eV     1   --> A              
     e( 34 - 34) =      4.72960  eV     1   --> A              
     e( 35 - 35) =      5.32883  eV     1   --> A              

 **************************************************************************

 **************************************************************************

                    xk=(   0.30667,   0.53116,   0.00000  )

     Band symmetry, C_1 (1)     point group:

     e(  1 -  1) =    -77.71305  eV     1   --> A              
     e(  2 -  2) =    -49.12989  eV     1   --> A              
     e(  3 -  3) =    -49.09040  eV     1   --> A              
     e(  4 -  4) =    -48.81205  eV     1   --> A              
     e(  5 -  5) =    -21.00684  eV     1   --> A              
     e(  6 -  6) =    -20.93329  eV     1   --> A              
     e(  7 -  7) =    -20.15954  eV     1   --> A              
     e(  8 -  8) =    -19.46959  eV     1   --> A              
     e(  9 -  9) =    -14.42951  eV     1   --> A              
     e( 10 - 10) =    -14.03639  eV     1   --> A              
     e( 11 - 11) =    -13.22486  eV     1   --> A              
     e( 12 - 12) =    -13.14068  eV     1   --> A              
     e( 13 - 13) =    -11.09301  eV     1   --> A              
     e( 14 - 14) =    -10.61276  eV     1   --> A              
     e( 15 - 15) =    -10.25415  eV     1   --> A              
     e( 16 - 16) =     -9.61080  eV     1   --> A              
     e( 17 - 17) =     -8.98408  eV     1   --> A              
     e( 18 - 18) =     -8.60047  eV     1   --> A              
     e( 19 - 19) =     -7.57749  eV     1   --> A              
     e( 20 - 20) =     -7.01719  eV     1   --> A              
     e( 21 - 21) =     -5.87743  eV     1   --> A              
     e( 22 - 22) =     -4.81787  eV     1   --> A              
     e( 23 - 23) =     -3.59713  eV     1   --> A              
     e( 24 - 24) =     -2.76349  eV     1   --> A              
     e( 25 - 25) =     -2.54456  eV     1   --> A              
     e( 26 - 26) =      0.20415  eV     1   --> A              
     e( 27 - 27) =      0.31375  eV     1   --> A              
     e( 28 - 28) =      1.71601  eV     1   --> A              
     e( 29 - 29) =      1.98170  eV     1   --> A              
     e( 30 - 30) =      3.59101  eV     1   --> A              
     e( 31 - 31) =      3.82179  eV     1   --> A              
     e( 32 - 32) =      4.20286  eV     1   --> A              
     e( 33 - 33) =      4.45548  eV     1   --> A              
     e( 34 - 34) =      4.70811  eV     1   --> A              
     e( 35 - 35) =      5.26940  eV     1   --> A              

 **************************************************************************

 **************************************************************************

                    xk=(   0.31000,   0.53694,   0.00000  )

     Band symmetry, C_1 (1)     point group:

     e(  1 -  1) =    -77.71298  eV     1   --> A              
     e(  2 -  2) =    -49.12892  eV     1   --> A              
     e(  3 -  3) =    -49.09204  eV     1   --> A              
     e(  4 -  4) =    -48.81196  eV     1   --> A              
     e(  5 -  5) =    -20.99321  eV     1   --> A              
     e(  6 -  6) =    -20.91907  eV     1   --> A              
     e(  7 -  7) =    -20.16132  eV     1   --> A              
     e(  8 -  8) =    -19.47142  eV     1   --> A              
     e(  9 -  9) =    -14.42013  eV     1   --> A              
     e( 10 - 10) =    -14.02011  eV     1   --> A              
     e( 11 - 11) =    -13.25974  eV     1   --> A              
     e( 12 - 12) =    -13.18156  eV     1   --> A              
     e( 13 - 13) =    -11.07870  eV     1   --> A              
     e( 14 - 14) =    -10.62047  eV     1   --> A              
     e( 15 - 15) =    -10.23343  eV     1   --> A              
     e( 16 - 16) =     -9.64880  eV     1   --> A              
     e( 17 - 17) =     -8.96622  eV     1   --> A              
     e( 18 - 18) =     -8.62744  eV     1   --> A              
     e( 19 - 19) =     -7.57412  eV     1   --> A              
     e( 20 - 20) =     -7.01171  eV     1   --> A              
     e( 21 - 21) =     -5.86969  eV     1   --> A              
     e( 22 - 22) =     -4.83034  eV     1   --> A              
     e( 23 - 23) =     -3.58978  eV     1   --> A              
     e( 24 - 24) =     -2.75319  eV     1   --> A              
     e( 25 - 25) =     -2.55604  eV     1   --> A              
     e( 26 - 26) =      0.21774  eV     1   --> A              
     e( 27 - 27) =      0.32546  eV     1   --> A              
     e( 28 - 28) =      1.71472  eV     1   --> A              
     e( 29 - 29) =      1.97107  eV     1   --> A              
     e( 30 - 30) =      3.62232  eV     1   --> A              
     e( 31 - 31) =      3.85303  eV     1   --> A              
     e( 32 - 32) =      4.22337  eV     1   --> A              
     e( 33 - 33) =      4.47131  eV     1   --> A              
     e( 34 - 34) =      4.68996  eV     1   --> A              
     e( 35 - 35) =      5.20876  eV     1   --> A              

 **************************************************************************

 **************************************************************************

                    xk=(   0.31333,   0.54271,   0.00000  )

     Band symmetry, C_1 (1)     point group:

     e(  1 -  1) =    -77.71293  eV     1   --> A              
     e(  2 -  2) =    -49.12795  eV     1   --> A              
     e(  3 -  3) =    -49.09358  eV     1   --> A              
     e(  4 -  4) =    -48.81187  eV     1   --> A              
     e(  5 -  5) =    -20.98155  eV     1   --> A              
     e(  6 -  6) =    -20.90683  eV     1   --> A              
     e(  7 -  7) =    -20.16293  eV     1   --> A              
     e(  8 -  8) =    -19.47297  eV     1   --> A              
     e(  9 -  9) =    -14.41049  eV     1   --> A              
     e( 10 - 10) =    -14.00308  eV     1   --> A              
     e( 11 - 11) =    -13.29181  eV     1   --> A              
     e( 12 - 12) =    -13.21940  eV     1   --> A              
     e( 13 - 13) =    -11.06644  eV     1   --> A              
     e( 14 - 14) =    -10.62710  eV     1   --> A              
     e( 15 - 15) =    -10.21012  eV     1   --> A              
     e( 16 - 16) =     -9.68787  eV     1   --> A              
     e( 17 - 17) =     -8.94645  eV     1   --> A              
     e( 18 - 18) =     -8.65419  eV     1   --> A              
     e( 19 - 19) =     -7.57124  eV     1   --> A              
     e( 20 - 20) =     -7.00698  eV     1   --> A              
     e( 21 - 21) =     -5.86286  eV     1   --> A              
     e( 22 - 22) =     -4.84126  eV     1   --> A              
     e( 23 - 23) =     -3.58321  eV     1   --> A              
     e( 24 - 24) =     -2.74322  eV     1   --> A              
     e( 25 - 25) =     -2.56714  eV     1   --> A              
     e( 26 - 26) =      0.23093  eV     1   --> A              
     e( 27 - 27) =      0.33609  eV     1   --> A              
     e( 28 - 28) =      1.71289  eV     1   --> A              
     e( 29 - 29) =      1.96042  eV     1   --> A              
     e( 30 - 30) =      3.65239  eV     1   --> A              
     e( 31 - 31) =      3.88278  eV     1   --> A              
     e( 32 - 32) =      4.24396  eV     1   --> A              
     e( 33 - 33) =      4.48350  eV     1   --> A              
     e( 34 - 34) =      4.67756  eV     1   --> A              
     e( 35 - 35) =      5.14734  eV     1   --> A              

 **************************************************************************

 **************************************************************************

                    xk=(   0.31667,   0.54848,   0.00000  )

     Band symmetry, C_1 (1)     point group:

     e(  1 -  1) =    -77.71288  eV     1   --> A              
     e(  2 -  2) =    -49.12702  eV     1   --> A              
     e(  3 -  3) =    -49.09499  eV     1   --> A              
     e(  4 -  4) =    -48.81180  eV     1   --> A              
     e(  5 -  5) =    -20.97182  eV     1   --> A              
     e(  6 -  6) =    -20.89657  eV     1   --> A              
     e(  7 -  7) =    -20.16432  eV     1   --> A              
     e(  8 -  8) =    -19.47424  eV     1   --> A              
     e(  9 -  9) =    -14.40100  eV     1   --> A              
     e( 10 - 10) =    -13.98591  eV     1   --> A              
     e( 11 - 11) =    -13.32073  eV     1   --> A              
     e( 12 - 12) =    -13.25354  eV     1   --> A              
     e( 13 - 13) =    -11.05627  eV     1   --> A              
     e( 14 - 14) =    -10.63264  eV     1   --> A              
     e( 15 - 15) =    -10.18455  eV     1   --> A              
     e( 16 - 16) =     -9.72724  eV     1   --> A              
     e( 17 - 17) =     -8.92523  eV     1   --> A              
     e( 18 - 18) =     -8.68067  eV     1   --> A              
     e( 19 - 19) =     -7.56886  eV     1   --> A              
     e( 20 - 20) =     -7.00302  eV     1   --> A              
     e( 21 - 21) =     -5.85700  eV     1   --> A              
     e( 22 - 22) =     -4.85057  eV     1   --> A              
     e( 23 - 23) =     -3.57751  eV     1   --> A              
     e( 24 - 24) =     -2.73374  eV     1   --> A              
     e( 25 - 25) =     -2.57765  eV     1   --> A              
     e( 26 - 26) =      0.24345  eV     1   --> A              
     e( 27 - 27) =      0.34542  eV     1   --> A              
     e( 28 - 28) =      1.71066  eV     1   --> A              
     e( 29 - 29) =      1.95020  eV     1   --> A              
     e( 30 - 30) =      3.68089  eV     1   --> A              
     e( 31 - 31) =      3.90983  eV     1   --> A              
     e( 32 - 32) =      4.26492  eV     1   --> A              
     e( 33 - 33) =      4.48893  eV     1   --> A              
     e( 34 - 34) =      4.67405  eV     1   --> A              
     e( 35 - 35) =      5.08576  eV     1   --> A              

 **************************************************************************

 **************************************************************************

                    xk=(   0.32000,   0.55426,   0.00000  )

     Band symmetry, C_1 (1)     point group:

     e(  1 -  1) =    -77.71284  eV     1   --> A              
     e(  2 -  2) =    -49.12615  eV     1   --> A              
     e(  3 -  3) =    -49.09624  eV     1   --> A              
     e(  4 -  4) =    -48.81175  eV     1   --> A              
     e(  5 -  5) =    -20.96399  eV     1   --> A              
     e(  6 -  6) =    -20.88827  eV     1   --> A              
     e(  7 -  7) =    -20.16547  eV     1   --> A              
     e(  8 -  8) =    -19.47525  eV     1   --> A              
     e(  9 -  9) =    -14.39214  eV     1   --> A              
     e( 10 - 10) =    -13.96938  eV     1   --> A              
     e( 11 - 11) =    -13.34611  eV     1   --> A              
     e( 12 - 12) =    -13.28317  eV     1   --> A              
     e( 13 - 13) =    -11.04817  eV     1   --> A              
     e( 14 - 14) =    -10.63710  eV     1   --> A              
     e( 15 - 15) =    -10.15731  eV     1   --> A              
     e( 16 - 16) =     -9.76600  eV     1   --> A              
     e( 17 - 17) =     -8.90295  eV     1   --> A              
     e( 18 - 18) =     -8.70681  eV     1   --> A              
     e( 19 - 19) =     -7.56696  eV     1   --> A              
     e( 20 - 20) =     -6.99980  eV     1   --> A              
     e( 21 - 21) =     -5.85216  eV     1   --> A              
     e( 22 - 22) =     -4.85822  eV     1   --> A              
     e( 23 - 23) =     -3.57273  eV     1   --> A              
     e( 24 - 24) =     -2.72499  eV     1   --> A              
     e( 25 - 25) =     -2.58731  eV     1   --> A              
     e( 26 - 26) =      0.25496  eV     1   --> A              
     e( 27 - 27) =      0.35326  eV     1   --> A              
     e( 28 - 28) =      1.70821  eV     1   --> A              
     e( 29 - 29) =      1.94088  eV     1   --> A              
     e( 30 - 30) =      3.70734  eV     1   --> A              
     e( 31 - 31) =      3.93276  eV     1   --> A              
     e( 32 - 32) =      4.28680  eV     1   --> A              
     e( 33 - 33) =      4.48540  eV     1   --> A              
     e( 34 - 34) =      4.68156  eV     1   --> A              
     e( 35 - 35) =      5.02493  eV     1   --> A              

 **************************************************************************

 **************************************************************************

                    xk=(   0.32333,   0.56003,   0.00000  )

     Band symmetry, C_1 (1)     point group:

     e(  1 -  1) =    -77.71282  eV     1   --> A              
     e(  2 -  2) =    -49.12540  eV     1   --> A              
     e(  3 -  3) =    -49.09729  eV     1   --> A              
     e(  4 -  4) =    -48.81171  eV     1   --> A              
     e(  5 -  5) =    -20.95801  eV     1   --> A              
     e(  6 -  6) =    -20.88190  eV     1   --> A              
     e(  7 -  7) =    -20.16636  eV     1   --> A              
     e(  8 -  8) =    -19.47600  eV     1   --> A              
     e(  9 -  9) =    -14.38442  eV     1   --> A              
     e( 10 - 10) =    -13.95448  eV     1   --> A              
     e( 11 - 11) =    -13.36737  eV     1   --> A              
     e( 12 - 12) =    -13.30742  eV     1   --> A              
     e( 13 - 13) =    -11.04207  eV     1   --> A              
     e( 14 - 14) =    -10.64049  eV     1   --> A              
     e( 15 - 15) =    -10.12953  eV     1   --> A              
     e( 16 - 16) =     -9.80285  eV     1   --> A              
     e( 17 - 17) =     -8.87994  eV     1   --> A              
     e( 18 - 18) =     -8.73254  eV     1   --> A              
     e( 19 - 19) =     -7.56554  eV     1   --> A              
     e( 20 - 20) =     -6.99732  eV     1   --> A              
     e( 21 - 21) =     -5.84838  eV     1   --> A              
     e( 22 - 22) =     -4.86418  eV     1   --> A              
     e( 23 - 23) =     -3.56895  eV     1   --> A              
     e( 24 - 24) =     -2.71732  eV     1   --> A              
     e( 25 - 25) =     -2.59573  eV     1   --> A              
     e( 26 - 26) =      0.26503  eV     1   --> A              
     e( 27 - 27) =      0.35942  eV     1   --> A              
     e( 28 - 28) =      1.70579  eV     1   --> A              
     e( 29 - 29) =      1.93290  eV     1   --> A              
     e( 30 - 30) =      3.73107  eV     1   --> A              
     e( 31 - 31) =      3.95014  eV     1   --> A              
     e( 32 - 32) =      4.31033  eV     1   --> A              
     e( 33 - 33) =      4.47336  eV     1   --> A              
     e( 34 - 34) =      4.69917  eV     1   --> A              
     e( 35 - 35) =      4.96630  eV     1   --> A              

 **************************************************************************

 **************************************************************************

                    xk=(   0.32667,   0.56580,   0.00000  )

     Band symmetry, C_1 (1)     point group:

     e(  1 -  1) =    -77.71280  eV     1   --> A              
     e(  2 -  2) =    -49.12480  eV     1   --> A              
     e(  3 -  3) =    -49.09810  eV     1   --> A              
     e(  4 -  4) =    -48.81168  eV     1   --> A              
     e(  5 -  5) =    -20.95383  eV     1   --> A              
     e(  6 -  6) =    -20.87743  eV     1   --> A              
     e(  7 -  7) =    -20.16698  eV     1   --> A              
     e(  8 -  8) =    -19.47650  eV     1   --> A              
     e(  9 -  9) =    -14.37835  eV     1   --> A              
     e( 10 - 10) =    -13.94239  eV     1   --> A              
     e( 11 - 11) =    -13.38374  eV     1   --> A              
     e( 12 - 12) =    -13.32546  eV     1   --> A              
     e( 13 - 13) =    -11.03789  eV     1   --> A              
     e( 14 - 14) =    -10.64285  eV     1   --> A              
     e( 15 - 15) =    -10.10333  eV     1   --> A              
     e( 16 - 16) =     -9.83553  eV     1   --> A              
     e( 17 - 17) =     -8.85645  eV     1   --> A              
     e( 18 - 18) =     -8.75780  eV     1   --> A              
     e( 19 - 19) =     -7.56457  eV     1   --> A              
     e( 20 - 20) =     -6.99556  eV     1   --> A              
     e( 21 - 21) =     -5.84568  eV     1   --> A              
     e( 22 - 22) =     -4.86841  eV     1   --> A              
     e( 23 - 23) =     -3.56620  eV     1   --> A              
     e( 24 - 24) =     -2.71121  eV     1   --> A              
     e( 25 - 25) =     -2.60241  eV     1   --> A              
     e( 26 - 26) =      0.27312  eV     1   --> A              
     e( 27 - 27) =      0.36378  eV     1   --> A              
     e( 28 - 28) =      1.70364  eV     1   --> A              
     e( 29 - 29) =      1.92670  eV     1   --> A              
     e( 30 - 30) =      3.75093  eV     1   --> A              
     e( 31 - 31) =      3.96107  eV     1   --> A              
     e( 32 - 32) =      4.33632  eV     1   --> A              
     e( 33 - 33) =      4.45465  eV     1   --> A              
     e( 34 - 34) =      4.72350  eV     1   --> A              
     e( 35 - 35) =      4.91230  eV     1   --> A              

 **************************************************************************

 **************************************************************************

                    xk=(   0.33000,   0.57158,   0.00000  )

     Band symmetry, C_1 (1)     point group:

     e(  1 -  1) =    -77.71278  eV     1   --> A              
     e(  2 -  2) =    -49.12442  eV     1   --> A              
     e(  3 -  3) =    -49.09861  eV     1   --> A              
     e(  4 -  4) =    -48.81166  eV     1   --> A              
     e(  5 -  5) =    -20.95138  eV     1   --> A              
     e(  6 -  6) =    -20.87479  eV     1   --> A              
     e(  7 -  7) =    -20.16735  eV     1   --> A              
     e(  8 -  8) =    -19.47679  eV     1   --> A              
     e(  9 -  9) =    -14.37440  eV     1   --> A              
     e( 10 - 10) =    -13.93434  eV     1   --> A              
     e( 11 - 11) =    -13.39425  eV     1   --> A              
     e( 12 - 12) =    -13.33662  eV     1   --> A              
     e( 13 - 13) =    -11.03549  eV     1   --> A              
     e( 14 - 14) =    -10.64423  eV     1   --> A              
     e( 15 - 15) =    -10.08287  eV     1   --> A              
     e( 16 - 16) =     -9.85988  eV     1   --> A              
     e( 17 - 17) =     -8.83279  eV     1   --> A              
     e( 18 - 18) =     -8.78243  eV     1   --> A              
     e( 19 - 19) =     -7.56402  eV     1   --> A              
     e( 20 - 20) =     -6.99452  eV     1   --> A              
     e( 21 - 21) =     -5.84407  eV     1   --> A              
     e( 22 - 22) =     -4.87094  eV     1   --> A              
     e( 23 - 23) =     -3.56453  eV     1   --> A              
     e( 24 - 24) =     -2.70723  eV     1   --> A              
     e( 25 - 25) =     -2.60674  eV     1   --> A              
     e( 26 - 26) =      0.27860  eV     1   --> A              
     e( 27 - 27) =      0.36633  eV     1   --> A              
     e( 28 - 28) =      1.70210  eV     1   --> A              
     e( 29 - 29) =      1.92270  eV     1   --> A              
     e( 30 - 30) =      3.76502  eV     1   --> A              
     e( 31 - 31) =      3.96589  eV     1   --> A              
     e( 32 - 32) =      4.36541  eV     1   --> A              
     e( 33 - 33) =      4.43025  eV     1   --> A              
     e( 34 - 34) =      4.74911  eV     1   --> A              
     e( 35 - 35) =      4.86816  eV     1   --> A              

 **************************************************************************

 **************************************************************************

                    xk=(   0.33333,   0.57735,   0.00000  )

     Band symmetry, C_1 (1)     point group:

     e(  1 -  1) =    -77.71278  eV     1   --> A              
     e(  2 -  2) =    -49.12428  eV     1   --> A              
     e(  3 -  3) =    -49.09878  eV     1   --> A              
     e(  4 -  4) =    -48.81165  eV     1   --> A              
     e(  5 -  5) =    -20.95059  eV     1   --> A              
     e(  6 -  6) =    -20.87392  eV     1   --> A              
     e(  7 -  7) =    -20.16747  eV     1   --> A              
     e(  8 -  8) =    -19.47688  eV     1   --> A              
     e(  9 -  9) =    -14.37301  eV     1   --> A              
     e( 10 - 10) =    -13.93146  eV     1   --> A              
     e( 11 - 11) =    -13.39792  eV     1   --> A              
     e( 12 - 12) =    -13.34041  eV     1   --> A              
     e( 13 - 13) =    -11.03472  eV     1   --> A              
     e( 14 - 14) =    -10.64468  eV     1   --> A              
     e( 15 - 15) =    -10.07464  eV     1   --> A              
     e( 16 - 16) =     -9.86939  eV     1   --> A              
     e( 17 - 17) =     -8.81213  eV     1   --> A              
     e( 18 - 18) =     -8.80337  eV     1   --> A              
     e( 19 - 19) =     -7.56388  eV     1   --> A              
     e( 20 - 20) =     -6.99416  eV     1   --> A              
     e( 21 - 21) =     -5.84354  eV     1   --> A              
     e( 22 - 22) =     -4.87176  eV     1   --> A              
     e( 23 - 23) =     -3.56397  eV     1   --> A              
     e( 24 - 24) =     -2.70586  eV     1   --> A              
     e( 25 - 25) =     -2.60822  eV     1   --> A              
     e( 26 - 26) =      0.28072  eV     1   --> A              
     e( 27 - 27) =      0.36708  eV     1   --> A              
     e( 28 - 28) =      1.70150  eV     1   --> A              
     e( 29 - 29) =      1.92126  eV     1   --> A              
     e( 30 - 30) =      3.77042  eV     1   --> A              
     e( 31 - 31) =      3.96690  eV     1   --> A              
     e( 32 - 32) =      4.39703  eV     1   --> A              
     e( 33 - 33) =      4.40030  eV     1   --> A              
     e( 34 - 34) =      4.76266  eV     1   --> A              
     e( 35 - 35) =      4.84818  eV     1   --> A              

 **************************************************************************

 **************************************************************************

                    xk=(   0.33611,   0.57254,   0.00000  )

     Band symmetry, C_1 (1)     point group:

     e(  1 -  1) =    -77.71278  eV     1   --> A              
     e(  2 -  2) =    -49.12438  eV     1   --> A              
     e(  3 -  3) =    -49.09866  eV     1   --> A              
     e(  4 -  4) =    -48.81166  eV     1   --> A              
     e(  5 -  5) =    -20.95113  eV     1   --> A              
     e(  6 -  6) =    -20.87450  eV     1   --> A              
     e(  7 -  7) =    -20.16739  eV     1   --> A              
     e(  8 -  8) =    -19.47682  eV     1   --> A              
     e(  9 -  9) =    -14.37404  eV     1   --> A              
     e( 10 - 10) =    -13.93356  eV     1   --> A              
     e( 11 - 11) =    -13.39528  eV     1   --> A              
     e( 12 - 12) =    -13.33772  eV     1   --> A              
     e( 13 - 13) =    -11.03522  eV     1   --> A              
     e( 14 - 14) =    -10.64440  eV     1   --> A              
     e( 15 - 15) =    -10.08070  eV     1   --> A              
     e( 16 - 16) =     -9.86246  eV     1   --> A              
     e( 17 - 17) =     -8.82830  eV     1   --> A              
     e( 18 - 18) =     -8.78701  eV     1   --> A              
     e( 19 - 19) =     -7.56398  eV     1   --> A              
     e( 20 - 20) =     -6.99440  eV     1   --> A              
     e( 21 - 21) =     -5.84391  eV     1   --> A              
     e( 22 - 22) =     -4.87120  eV     1   --> A              
     e( 23 - 23) =     -3.56436  eV     1   --> A              
     e( 24 - 24) =     -2.70679  eV     1   --> A              
     e( 25 - 25) =     -2.60721  eV     1   --> A              
     e( 26 - 26) =      0.27914  eV     1   --> A              
     e( 27 - 27) =      0.36654  eV     1   --> A              
     e( 28 - 28) =      1.70200  eV     1   --> A              
     e( 29 - 29) =      1.92232  eV     1   --> A              
     e( 30 - 30) =      3.76587  eV     1   --> A              
     e( 31 - 31) =      3.96721  eV     1   --> A              
     e( 32 - 32) =      4.36682  eV     1   --> A              
     e( 33 - 33) =      4.42880  eV     1   --> A              
     e( 34 - 34) =      4.75457  eV     1   --> A              
     e( 35 - 35) =      4.86105  eV     1   --> A              

 **************************************************************************

 **************************************************************************

                    xk=(   0.33889,   0.56773,   0.00000  )

     Band symmetry, C_1 (1)     point group:

     e(  1 -  1) =    -77.71279  eV     1   --> A              
     e(  2 -  2) =    -49.12467  eV     1   --> A              
     e(  3 -  3) =    -49.09829  eV     1   --> A              
     e(  4 -  4) =    -48.81167  eV     1   --> A              
     e(  5 -  5) =    -20.95270  eV     1   --> A              
     e(  6 -  6) =    -20.87619  eV     1   --> A              
     e(  7 -  7) =    -20.16719  eV     1   --> A              
     e(  8 -  8) =    -19.47667  eV     1   --> A              
     e(  9 -  9) =    -14.37719  eV     1   --> A              
     e( 10 - 10) =    -13.93990  eV     1   --> A              
     e( 11 - 11) =    -13.38735  eV     1   --> A              
     e( 12 - 12) =    -13.32961  eV     1   --> A              
     e( 13 - 13) =    -11.03666  eV     1   --> A              
     e( 14 - 14) =    -10.64357  eV     1   --> A              
     e( 15 - 15) =    -10.09724  eV     1   --> A              
     e( 16 - 16) =     -9.84328  eV     1   --> A              
     e( 17 - 17) =     -8.84732  eV     1   --> A              
     e( 18 - 18) =     -8.76742  eV     1   --> A              
     e( 19 - 19) =     -7.56433  eV     1   --> A              
     e( 20 - 20) =     -6.99508  eV     1   --> A              
     e( 21 - 21) =     -5.84498  eV     1   --> A              
     e( 22 - 22) =     -4.86951  eV     1   --> A              
     e( 23 - 23) =     -3.56554  eV     1   --> A              
     e( 24 - 24) =     -2.70944  eV     1   --> A              
     e( 25 - 25) =     -2.60431  eV     1   --> A              
     e( 26 - 26) =      0.27430  eV     1   --> A              
     e( 27 - 27) =      0.36477  eV     1   --> A              
     e( 28 - 28) =      1.70367  eV     1   --> A              
     e( 29 - 29) =      1.92554  eV     1   --> A              
     e( 30 - 30) =      3.75118  eV     1   --> A              
     e( 31 - 31) =      3.96981  eV     1   --> A              
     e( 32 - 32) =      4.32923  eV     1   --> A              
     e( 33 - 33) =      4.46033  eV     1   --> A              
     e( 34 - 34) =      4.74137  eV     1   --> A              
     e( 35 - 35) =      4.88898  eV     1   --> A              

 **************************************************************************

 **************************************************************************

                    xk=(   0.34167,   0.56292,   0.00000  )

     Band symmetry, C_1 (1)     point group:

     e(  1 -  1) =    -77.71280  eV     1   --> A              
     e(  2 -  2) =    -49.12514  eV     1   --> A              
     e(  3 -  3) =    -49.09768  eV     1   --> A              
     e(  4 -  4) =    -48.81169  eV     1   --> A              
     e(  5 -  5) =    -20.95528  eV     1   --> A              
     e(  6 -  6) =    -20.87894  eV     1   --> A              
     e(  7 -  7) =    -20.16688  eV     1   --> A              
     e(  8 -  8) =    -19.47643  eV     1   --> A              
     e(  9 -  9) =    -14.38254  eV     1   --> A              
     e( 10 - 10) =    -13.95030  eV     1   --> A              
     e( 11 - 11) =    -13.37433  eV     1   --> A              
     e( 12 - 12) =    -13.31604  eV     1   --> A              
     e( 13 - 13) =    -11.03894  eV     1   --> A              
     e( 14 - 14) =    -10.64229  eV     1   --> A              
     e( 15 - 15) =    -10.12069  eV     1   --> A              
     e( 16 - 16) =     -9.81549  eV     1   --> A              
     e( 17 - 17) =     -8.86597  eV     1   --> A              
     e( 18 - 18) =     -8.74786  eV     1   --> A              
     e( 19 - 19) =     -7.56489  eV     1   --> A              
     e( 20 - 20) =     -6.99619  eV     1   --> A              
     e( 21 - 21) =     -5.84673  eV     1   --> A              
     e( 22 - 22) =     -4.86674  eV     1   --> A              
     e( 23 - 23) =     -3.56752  eV     1   --> A              
     e( 24 - 24) =     -2.71345  eV     1   --> A              
     e( 25 - 25) =     -2.59986  eV     1   --> A              
     e( 26 - 26) =      0.26594  eV     1   --> A              
     e( 27 - 27) =      0.36164  eV     1   --> A              
     e( 28 - 28) =      1.70675  eV     1   --> A              
     e( 29 - 29) =      1.93106  eV     1   --> A              
     e( 30 - 30) =      3.72617  eV     1   --> A              
     e( 31 - 31) =      3.97563  eV     1   --> A              
     e( 32 - 32) =      4.28538  eV     1   --> A              
     e( 33 - 33) =      4.49325  eV     1   --> A              
     e( 34 - 34) =      4.73199  eV     1   --> A              
     e( 35 - 35) =      4.92283  eV     1   --> A              

 **************************************************************************

 **************************************************************************

                    xk=(   0.34444,   0.55811,   0.00000  )

     Band symmetry, C_1 (1)     point group:

     e(  1 -  1) =    -77.71282  eV     1   --> A              
     e(  2 -  2) =    -49.12578  eV     1   --> A              
     e(  3 -  3) =    -49.09686  eV     1   --> A              
     e(  4 -  4) =    -48.81171  eV     1   --> A              
     e(  5 -  5) =    -20.95879  eV     1   --> A              
     e(  6 -  6) =    -20.88267  eV     1   --> A              
     e(  7 -  7) =    -20.16649  eV     1   --> A              
     e(  8 -  8) =    -19.47614  eV     1   --> A              
     e(  9 -  9) =    -14.39005  eV     1   --> A              
     e( 10 - 10) =    -13.96435  eV     1   --> A              
     e( 11 - 11) =    -13.35665  eV     1   --> A              
     e( 12 - 12) =    -13.29710  eV     1   --> A              
     e( 13 - 13) =    -11.04198  eV     1   --> A              
     e( 14 - 14) =    -10.64060  eV     1   --> A              
     e( 15 - 15) =    -10.14803  eV     1   --> A              
     e( 16 - 16) =     -9.78214  eV     1   --> A              
     e( 17 - 17) =     -8.88409  eV     1   --> A              
     e( 18 - 18) =     -8.72848  eV     1   --> A              
     e( 19 - 19) =     -7.56564  eV     1   --> A              
     e( 20 - 20) =     -6.99771  eV     1   --> A              
     e( 21 - 21) =     -5.84914  eV     1   --> A              
     e( 22 - 22) =     -4.86294  eV     1   --> A              
     e( 23 - 23) =     -3.57028  eV     1   --> A              
     e( 24 - 24) =     -2.71846  eV     1   --> A              
     e( 25 - 25) =     -2.59426  eV     1   --> A              
     e( 26 - 26) =      0.25394  eV     1   --> A              
     e( 27 - 27) =      0.35693  eV     1   --> A              
     e( 28 - 28) =      1.71149  eV     1   --> A              
     e( 29 - 29) =      1.93899  eV     1   --> A              
     e( 30 - 30) =      3.69199  eV     1   --> A              
     e( 31 - 31) =      3.98429  eV     1   --> A              
     e( 32 - 32) =      4.23598  eV     1   --> A              
     e( 33 - 33) =      4.52701  eV     1   --> A              
     e( 34 - 34) =      4.72867  eV     1   --> A              
     e( 35 - 35) =      4.95967  eV     1   --> A              

 **************************************************************************

 **************************************************************************

                    xk=(   0.34722,   0.55329,   0.00000  )

     Band symmetry, C_1 (1)     point group:

     e(  1 -  1) =    -77.71284  eV     1   --> A              
     e(  2 -  2) =    -49.12656  eV     1   --> A              
     e(  3 -  3) =    -49.09584  eV     1   --> A              
     e(  4 -  4) =    -48.81175  eV     1   --> A              
     e(  5 -  5) =    -20.96318  eV     1   --> A              
     e(  6 -  6) =    -20.88733  eV     1   --> A              
     e(  7 -  7) =    -20.16605  eV     1   --> A              
     e(  8 -  8) =    -19.47581  eV     1   --> A              
     e(  9 -  9) =    -14.39968  eV     1   --> A              
     e( 10 - 10) =    -13.98152  eV     1   --> A              
     e( 11 - 11) =    -13.33475  eV     1   --> A              
     e( 12 - 12) =    -13.27302  eV     1   --> A              
     e( 13 - 13) =    -11.04570  eV     1   --> A              
     e( 14 - 14) =    -10.63861  eV     1   --> A              
     e( 15 - 15) =    -10.17738  eV     1   --> A              
     e( 16 - 16) =     -9.74515  eV     1   --> A              
     e( 17 - 17) =     -8.90160  eV     1   --> A              
     e( 18 - 18) =     -8.70937  eV     1   --> A              
     e( 19 - 19) =     -7.56656  eV     1   --> A              
     e( 20 - 20) =     -6.99963  eV     1   --> A              
     e( 21 - 21) =     -5.85215  eV     1   --> A              
     e( 22 - 22) =     -4.85815  eV     1   --> A              
     e( 23 - 23) =     -3.57381  eV     1   --> A              
     e( 24 - 24) =     -2.72411  eV     1   --> A              
     e( 25 - 25) =     -2.58785  eV     1   --> A              
     e( 26 - 26) =      0.23825  eV     1   --> A              
     e( 27 - 27) =      0.35032  eV     1   --> A              
     e( 28 - 28) =      1.71811  eV     1   --> A              
     e( 29 - 29) =      1.94939  eV     1   --> A              
     e( 30 - 30) =      3.65030  eV     1   --> A              
     e( 31 - 31) =      3.99458  eV     1   --> A              
     e( 32 - 32) =      4.18233  eV     1   --> A              
     e( 33 - 33) =      4.56093  eV     1   --> A              
     e( 34 - 34) =      4.73150  eV     1   --> A              
     e( 35 - 35) =      4.99841  eV     1   --> A              

 **************************************************************************

 **************************************************************************

                    xk=(   0.35000,   0.54848,   0.00000  )

     Band symmetry, C_1 (1)     point group:

     e(  1 -  1) =    -77.71287  eV     1   --> A              
     e(  2 -  2) =    -49.12746  eV     1   --> A              
     e(  3 -  3) =    -49.09467  eV     1   --> A              
     e(  4 -  4) =    -48.81179  eV     1   --> A              
     e(  5 -  5) =    -20.96840  eV     1   --> A              
     e(  6 -  6) =    -20.89285  eV     1   --> A              
     e(  7 -  7) =    -20.16558  eV     1   --> A              
     e(  8 -  8) =    -19.47545  eV     1   --> A              
     e(  9 -  9) =    -14.41128  eV     1   --> A              
     e( 10 - 10) =    -14.00125  eV     1   --> A              
     e( 11 - 11) =    -13.30906  eV     1   --> A              
     e( 12 - 12) =    -13.24416  eV     1   --> A              
     e( 13 - 13) =    -11.05002  eV     1   --> A              
     e( 14 - 14) =    -10.63639  eV     1   --> A              
     e( 15 - 15) =    -10.20763  eV     1   --> A              
     e( 16 - 16) =     -9.70565  eV     1   --> A              
     e( 17 - 17) =     -8.91845  eV     1   --> A              
     e( 18 - 18) =     -8.69059  eV     1   --> A              
     e( 19 - 19) =     -7.56764  eV     1   --> A              
     e( 20 - 20) =     -7.00192  eV     1   --> A              
     e( 21 - 21) =     -5.85572  eV     1   --> A              
     e( 22 - 22) =     -4.85244  eV     1   --> A              
     e( 23 - 23) =     -3.57811  eV     1   --> A              
     e( 24 - 24) =     -2.73015  eV     1   --> A              
     e( 25 - 25) =     -2.58088  eV     1   --> A              
     e( 26 - 26) =      0.21894  eV     1   --> A              
     e( 27 - 27) =      0.34147  eV     1   --> A              
     e( 28 - 28) =      1.72685  eV     1   --> A              
     e( 29 - 29) =      1.96229  eV     1   --> A              
     e( 30 - 30) =      3.60269  eV     1   --> A              
     e( 31 - 31) =      4.00435  eV     1   --> A              
     e( 32 - 32) =      4.12680  eV     1   --> A              
     e( 33 - 33) =      4.59423  eV     1   --> A              
     e( 34 - 34) =      4.74017  eV     1   --> A              
     e( 35 - 35) =      5.03852  eV     1   --> A              

 **************************************************************************

 **************************************************************************

                    xk=(   0.35278,   0.54367,   0.00000  )

     Band symmetry, C_1 (1)     point group:

     e(  1 -  1) =    -77.71290  eV     1   --> A              
     e(  2 -  2) =    -49.12845  eV     1   --> A              
     e(  3 -  3) =    -49.09335  eV     1   --> A              
     e(  4 -  4) =    -48.81183  eV     1   --> A              
     e(  5 -  5) =    -20.97440  eV     1   --> A              
     e(  6 -  6) =    -20.89917  eV     1   --> A              
     e(  7 -  7) =    -20.16511  eV     1   --> A              
     e(  8 -  8) =    -19.47508  eV     1   --> A              
     e(  9 -  9) =    -14.42470  eV     1   --> A              
     e( 10 - 10) =    -14.02301  eV     1   --> A              
     e( 11 - 11) =    -13.27991  eV     1   --> A              
     e( 12 - 12) =    -13.21097  eV     1   --> A              
     e( 13 - 13) =    -11.05488  eV     1   --> A              
     e( 14 - 14) =    -10.63408  eV     1   --> A              
     e( 15 - 15) =    -10.23807  eV     1   --> A              
     e( 16 - 16) =     -9.66436  eV     1   --> A              
     e( 17 - 17) =     -8.93456  eV     1   --> A              
     e( 18 - 18) =     -8.67217  eV     1   --> A              
     e( 19 - 19) =     -7.56886  eV     1   --> A              
     e( 20 - 20) =     -7.00456  eV     1   --> A              
     e( 21 - 21) =     -5.85982  eV     1   --> A              
     e( 22 - 22) =     -4.84585  eV     1   --> A              
     e( 23 - 23) =     -3.58316  eV     1   --> A              
     e( 24 - 24) =     -2.73638  eV     1   --> A              
     e( 25 - 25) =     -2.57357  eV     1   --> A              
     e( 26 - 26) =      0.19609  eV     1   --> A              
     e( 27 - 27) =      0.33007  eV     1   --> A              
     e( 28 - 28) =      1.73791  eV     1   --> A              
     e( 29 - 29) =      1.97769  eV     1   --> A              
     e( 30 - 30) =      3.55049  eV     1   --> A              
     e( 31 - 31) =      4.00591  eV     1   --> A              
     e( 32 - 32) =      4.07743  eV     1   --> A              
     e( 33 - 33) =      4.62597  eV     1   --> A              
     e( 34 - 34) =      4.75451  eV     1   --> A              
     e( 35 - 35) =      5.07970  eV     1   --> A              

 **************************************************************************

 **************************************************************************

                    xk=(   0.35556,   0.53886,   0.00000  )

     Band symmetry, C_1 (1)     point group:

     e(  1 -  1) =    -77.71294  eV     1   --> A              
     e(  2 -  2) =    -49.12952  eV     1   --> A              
     e(  3 -  3) =    -49.09191  eV     1   --> A              
     e(  4 -  4) =    -48.81189  eV     1   --> A              
     e(  5 -  5) =    -20.98111  eV     1   --> A              
     e(  6 -  6) =    -20.90622  eV     1   --> A              
     e(  7 -  7) =    -20.16466  eV     1   --> A              
     e(  8 -  8) =    -19.47473  eV     1   --> A              
     e(  9 -  9) =    -14.43975  eV     1   --> A              
     e( 10 - 10) =    -14.04632  eV     1   --> A              
     e( 11 - 11) =    -13.24755  eV     1   --> A              
     e( 12 - 12) =    -13.17394  eV     1   --> A              
     e( 13 - 13) =    -11.06021  eV     1   --> A              
     e( 14 - 14) =    -10.63181  eV     1   --> A              
     e( 15 - 15) =    -10.26822  eV     1   --> A              
     e( 16 - 16) =     -9.62178  eV     1   --> A              
     e( 17 - 17) =     -8.94984  eV     1   --> A              
     e( 18 - 18) =     -8.65416  eV     1   --> A              
     e( 19 - 19) =     -7.57018  eV     1   --> A              
     e( 20 - 20) =     -7.00754  eV     1   --> A              
     e( 21 - 21) =     -5.86438  eV     1   --> A              
     e( 22 - 22) =     -4.83847  eV     1   --> A              
     e( 23 - 23) =     -3.58893  eV     1   --> A              
     e( 24 - 24) =     -2.74265  eV     1   --> A              
     e( 25 - 25) =     -2.56607  eV     1   --> A              
     e( 26 - 26) =      0.16980  eV     1   --> A              
     e( 27 - 27) =      0.31582  eV     1   --> A              
     e( 28 - 28) =      1.75144  eV     1   --> A              
     e( 29 - 29) =      1.99556  eV     1   --> A              
     e( 30 - 30) =      3.49473  eV     1   --> A              
     e( 31 - 31) =      3.97390  eV     1   --> A              
     e( 32 - 32) =      4.05993  eV     1   --> A              
     e( 33 - 33) =      4.65522  eV     1   --> A              
     e( 34 - 34) =      4.77448  eV     1   --> A              
     e( 35 - 35) =      5.12172  eV     1   --> A              

 **************************************************************************

 **************************************************************************

                    xk=(   0.35833,   0.53405,   0.00000  )

     Band symmetry, C_1 (1)     point group:

     e(  1 -  1) =    -77.71298  eV     1   --> A              
     e(  2 -  2) =    -49.13065  eV     1   --> A              
     e(  3 -  3) =    -49.09038  eV     1   --> A              
     e(  4 -  4) =    -48.81194  eV     1   --> A              
     e(  5 -  5) =    -20.98848  eV     1   --> A              
     e(  6 -  6) =    -20.91393  eV     1   --> A              
     e(  7 -  7) =    -20.16425  eV     1   --> A              
     e(  8 -  8) =    -19.47440  eV     1   --> A              
     e(  9 -  9) =    -14.45626  eV     1   --> A              
     e( 10 - 10) =    -14.07080  eV     1   --> A              
     e( 11 - 11) =    -13.21221  eV     1   --> A              
     e( 12 - 12) =    -13.13354  eV     1   --> A              
     e( 13 - 13) =    -11.06596  eV     1   --> A              
     e( 14 - 14) =    -10.62977  eV     1   --> A              
     e( 15 - 15) =    -10.29769  eV     1   --> A              
     e( 16 - 16) =     -9.57830  eV     1   --> A              
     e( 17 - 17) =     -8.96420  eV     1   --> A              
     e( 18 - 18) =     -8.63658  eV     1   --> A              
     e( 19 - 19) =     -7.57160  eV     1   --> A              
     e( 20 - 20) =     -7.01084  eV     1   --> A              
     e( 21 - 21) =     -5.86936  eV     1   --> A              
     e( 22 - 22) =     -4.83034  eV     1   --> A              
     e( 23 - 23) =     -3.59541  eV     1   --> A              
     e( 24 - 24) =     -2.74885  eV     1   --> A              
     e( 25 - 25) =     -2.55849  eV     1   --> A              
     e( 26 - 26) =      0.14020  eV     1   --> A              
     e( 27 - 27) =      0.29849  eV     1   --> A              
     e( 28 - 28) =      1.76758  eV     1   --> A              
     e( 29 - 29) =      2.01586  eV     1   --> A              
     e( 30 - 30) =      3.43624  eV     1   --> A              
     e( 31 - 31) =      3.91559  eV     1   --> A              
     e( 32 - 32) =      4.06740  eV     1   --> A              
     e( 33 - 33) =      4.68141  eV     1   --> A              
     e( 34 - 34) =      4.79983  eV     1   --> A              
     e( 35 - 35) =      5.16440  eV     1   --> A              

 **************************************************************************

 **************************************************************************

                    xk=(   0.36111,   0.52924,   0.00000  )

     Band symmetry, C_1 (1)     point group:

     e(  1 -  1) =    -77.71302  eV     1   --> A              
     e(  2 -  2) =    -49.13183  eV     1   --> A              
     e(  3 -  3) =    -49.08876  eV     1   --> A              
     e(  4 -  4) =    -48.81201  eV     1   --> A              
     e(  5 -  5) =    -20.99646  eV     1   --> A              
     e(  6 -  6) =    -20.92226  eV     1   --> A              
     e(  7 -  7) =    -20.16391  eV     1   --> A              
     e(  8 -  8) =    -19.47412  eV     1   --> A              
     e(  9 -  9) =    -14.47400  eV     1   --> A              
     e( 10 - 10) =    -14.09613  eV     1   --> A              
     e( 11 - 11) =    -13.17409  eV     1   --> A              
     e( 12 - 12) =    -13.09018  eV     1   --> A              
     e( 13 - 13) =    -11.07206  eV     1   --> A              
     e( 14 - 14) =    -10.62819  eV     1   --> A              
     e( 15 - 15) =    -10.32610  eV     1   --> A              
     e( 16 - 16) =     -9.53426  eV     1   --> A              
     e( 17 - 17) =     -8.97751  eV     1   --> A              
     e( 18 - 18) =     -8.61944  eV     1   --> A              
     e( 19 - 19) =     -7.57310  eV     1   --> A              
     e( 20 - 20) =     -7.01443  eV     1   --> A              
     e( 21 - 21) =     -5.87471  eV     1   --> A              
     e( 22 - 22) =     -4.82153  eV     1   --> A              
     e( 23 - 23) =     -3.60256  eV     1   --> A              
     e( 24 - 24) =     -2.75491  eV     1   --> A              
     e( 25 - 25) =     -2.55094  eV     1   --> A              
     e( 26 - 26) =      0.10741  eV     1   --> A              
     e( 27 - 27) =      0.27789  eV     1   --> A              
     e( 28 - 28) =      1.78642  eV     1   --> A              
     e( 29 - 29) =      2.03849  eV     1   --> A              
     e( 30 - 30) =      3.37568  eV     1   --> A              
     e( 31 - 31) =      3.85071  eV     1   --> A              
     e( 32 - 32) =      4.08045  eV     1   --> A              
     e( 33 - 33) =      4.70465  eV     1   --> A              
     e( 34 - 34) =      4.82983  eV     1   --> A              
     e( 35 - 35) =      5.20758  eV     1   --> A              

 **************************************************************************

 **************************************************************************

                    xk=(   0.36389,   0.52443,   0.00000  )

     Band symmetry, C_1 (1)     point group:

     e(  1 -  1) =    -77.71307  eV     1   --> A              
     e(  2 -  2) =    -49.13304  eV     1   --> A              
     e(  3 -  3) =    -49.08706  eV     1   --> A              
     e(  4 -  4) =    -48.81208  eV     1   --> A              
     e(  5 -  5) =    -21.00499  eV     1   --> A              
     e(  6 -  6) =    -20.93113  eV     1   --> A              
     e(  7 -  7) =    -20.16366  eV     1   --> A              
     e(  8 -  8) =    -19.47389  eV     1   --> A              
     e(  9 -  9) =    -14.49281  eV     1   --> A              
     e( 10 - 10) =    -14.12204  eV     1   --> A              
     e( 11 - 11) =    -13.13340  eV     1   --> A              
     e( 12 - 12) =    -13.04424  eV     1   --> A              
     e( 13 - 13) =    -11.07847  eV     1   --> A              
     e( 14 - 14) =    -10.62736  eV     1   --> A              
     e( 15 - 15) =    -10.35306  eV     1   --> A              
     e( 16 - 16) =     -9.49002  eV     1   --> A              
     e( 17 - 17) =     -8.98960  eV     1   --> A              
     e( 18 - 18) =     -8.60276  eV     1   --> A              
     e( 19 - 19) =     -7.57466  eV     1   --> A              
     e( 20 - 20) =     -7.01830  eV     1   --> A              
     e( 21 - 21) =     -5.88038  eV     1   --> A              
     e( 22 - 22) =     -4.81211  eV     1   --> A              
     e( 23 - 23) =     -3.61036  eV     1   --> A              
     e( 24 - 24) =     -2.76076  eV     1   --> A              
     e( 25 - 25) =     -2.54347  eV     1   --> A              
     e( 26 - 26) =      0.07154  eV     1   --> A              
     e( 27 - 27) =      0.25391  eV     1   --> A              
     e( 28 - 28) =      1.80798  eV     1   --> A              
     e( 29 - 29) =      2.06336  eV     1   --> A              
     e( 30 - 30) =      3.31362  eV     1   --> A              
     e( 31 - 31) =      3.78359  eV     1   --> A              
     e( 32 - 32) =      4.09505  eV     1   --> A              
     e( 33 - 33) =      4.72555  eV     1   --> A              
     e( 34 - 34) =      4.86334  eV     1   --> A              
     e( 35 - 35) =      5.25111  eV     1   --> A              

 **************************************************************************

 **************************************************************************

                    xk=(   0.36667,   0.51962,   0.00000  )

     Band symmetry, C_1 (1)     point group:

     e(  1 -  1) =    -77.71312  eV     1   --> A              
     e(  2 -  2) =    -49.13427  eV     1   --> A              
     e(  3 -  3) =    -49.08532  eV     1   --> A              
     e(  4 -  4) =    -48.81215  eV     1   --> A              
     e(  5 -  5) =    -21.01402  eV     1   --> A              
     e(  6 -  6) =    -20.94050  eV     1   --> A              
     e(  7 -  7) =    -20.16350  eV     1   --> A              
     e(  8 -  8) =    -19.47372  eV     1   --> A              
     e(  9 -  9) =    -14.51250  eV     1   --> A              
     e( 10 - 10) =    -14.14832  eV     1   --> A              
     e( 11 - 11) =    -13.09033  eV     1   --> A              
     e( 12 - 12) =    -12.99602  eV     1   --> A              
     e( 13 - 13) =    -11.08514  eV     1   --> A              
     e( 14 - 14) =    -10.62767  eV     1   --> A              
     e( 15 - 15) =    -10.37812  eV     1   --> A              
     e( 16 - 16) =     -9.44595  eV     1   --> A              
     e( 17 - 17) =     -9.00023  eV     1   --> A              
     e( 18 - 18) =     -8.58654  eV     1   --> A              
     e( 19 - 19) =     -7.57628  eV     1   --> A              
     e( 20 - 20) =     -7.02243  eV     1   --> A              
     e( 21 - 21) =     -5.88632  eV     1   --> A              
     e( 22 - 22) =     -4.80214  eV     1   --> A              
     e( 23 - 23) =     -3.61878  eV     1   --> A              
     e( 24 - 24) =     -2.76635  eV     1   --> A              
     e( 25 - 25) =     -2.53615  eV     1   --> A              
     e( 26 - 26) =      0.03272  eV     1   --> A              
     e( 27 - 27) =      0.22650  eV     1   --> A              
     e( 28 - 28) =      1.83226  eV     1   --> A              
     e( 29 - 29) =      2.09036  eV     1   --> A              
     e( 30 - 30) =      3.25054  eV     1   --> A              
     e( 31 - 31) =      3.71548  eV     1   --> A              
     e( 32 - 32) =      4.11025  eV     1   --> A              
     e( 33 - 33) =      4.74481  eV     1   --> A              
     e( 34 - 34) =      4.89923  eV     1   --> A              
     e( 35 - 35) =      5.29488  eV     1   --> A              

 **************************************************************************

 **************************************************************************

                    xk=(   0.36944,   0.51480,   0.00000  )

     Band symmetry, C_1 (1)     point group:

     e(  1 -  1) =    -77.71317  eV     1   --> A              
     e(  2 -  2) =    -49.13552  eV     1   --> A              
     e(  3 -  3) =    -49.08352  eV     1   --> A              
     e(  4 -  4) =    -48.81223  eV     1   --> A              
     e(  5 -  5) =    -21.02350  eV     1   --> A              
     e(  6 -  6) =    -20.95030  eV     1   --> A              
     e(  7 -  7) =    -20.16346  eV     1   --> A              
     e(  8 -  8) =    -19.47363  eV     1   --> A              
     e(  9 -  9) =    -14.53292  eV     1   --> A              
     e( 10 - 10) =    -14.17482  eV     1   --> A              
     e( 11 - 11) =    -13.04509  eV     1   --> A              
     e( 12 - 12) =    -12.94579  eV     1   --> A              
     e( 13 - 13) =    -11.09203  eV     1   --> A              
     e( 14 - 14) =    -10.62958  eV     1   --> A              
     e( 15 - 15) =    -10.40077  eV     1   --> A              
     e( 16 - 16) =     -9.40253  eV     1   --> A              
     e( 17 - 17) =     -9.00908  eV     1   --> A              
     e( 18 - 18) =     -8.57076  eV     1   --> A              
     e( 19 - 19) =     -7.57793  eV     1   --> A              
     e( 20 - 20) =     -7.02680  eV     1   --> A              
     e( 21 - 21) =     -5.89248  eV     1   --> A              
     e( 22 - 22) =     -4.79168  eV     1   --> A              
     e( 23 - 23) =     -3.62779  eV     1   --> A              
     e( 24 - 24) =     -2.77164  eV     1   --> A              
     e( 25 - 25) =     -2.52903  eV     1   --> A              
     e( 26 - 26) =     -0.00892  eV     1   --> A              
     e( 27 - 27) =      0.19564  eV     1   --> A              
     e( 28 - 28) =      1.85920  eV     1   --> A              
     e( 29 - 29) =      2.11937  eV     1   --> A              
     e( 30 - 30) =      3.18685  eV     1   --> A              
     e( 31 - 31) =      3.64695  eV     1   --> A              
     e( 32 - 32) =      4.12570  eV     1   --> A              
     e( 33 - 33) =      4.76299  eV     1   --> A              
     e( 34 - 34) =      4.93661  eV     1   --> A              
     e( 35 - 35) =      5.33874  eV     1   --> A              

 **************************************************************************

 **************************************************************************

                    xk=(   0.37222,   0.50999,   0.00000  )

     Band symmetry, C_1 (1)     point group:

     e(  1 -  1) =    -77.71322  eV     1   --> A              
     e(  2 -  2) =    -49.13677  eV     1   --> A              
     e(  3 -  3) =    -49.08168  eV     1   --> A              
     e(  4 -  4) =    -48.81231  eV     1   --> A              
     e(  5 -  5) =    -21.03338  eV     1   --> A              
     e(  6 -  6) =    -20.96048  eV     1   --> A              
     e(  7 -  7) =    -20.16354  eV     1   --> A              
     e(  8 -  8) =    -19.47362  eV     1   --> A              
     e(  9 -  9) =    -14.55389  eV     1   --> A              
     e( 10 - 10) =    -14.20138  eV     1   --> A              
     e( 11 - 11) =    -12.99786  eV     1   --> A              
     e( 12 - 12) =    -12.89376  eV     1   --> A              
     e( 13 - 13) =    -11.09909  eV     1   --> A              
     e( 14 - 14) =    -10.63360  eV     1   --> A              
     e( 15 - 15) =    -10.42046  eV     1   --> A              
     e( 16 - 16) =     -9.36038  eV     1   --> A              
     e( 17 - 17) =     -9.01564  eV     1   --> A              
     e( 18 - 18) =     -8.55539  eV     1   --> A              
     e( 19 - 19) =     -7.57962  eV     1   --> A              
     e( 20 - 20) =     -7.03140  eV     1   --> A              
     e( 21 - 21) =     -5.89882  eV     1   --> A              
     e( 22 - 22) =     -4.78080  eV     1   --> A              
     e( 23 - 23) =     -3.63736  eV     1   --> A              
     e( 24 - 24) =     -2.77660  eV     1   --> A              
     e( 25 - 25) =     -2.52215  eV     1   --> A              
     e( 26 - 26) =     -0.05327  eV     1   --> A              
     e( 27 - 27) =      0.16138  eV     1   --> A              
     e( 28 - 28) =      1.88870  eV     1   --> A              
     e( 29 - 29) =      2.15026  eV     1   --> A              
     e( 30 - 30) =      3.12295  eV     1   --> A              
     e( 31 - 31) =      3.57841  eV     1   --> A              
     e( 32 - 32) =      4.14125  eV     1   --> A              
     e( 33 - 33) =      4.78044  eV     1   --> A              
     e( 34 - 34) =      4.97486  eV     1   --> A              
     e( 35 - 35) =      5.38257  eV     1   --> A              

 **************************************************************************

 **************************************************************************

                    xk=(   0.37500,   0.50518,   0.00000  )

     Band symmetry, C_1 (1)     point group:

     e(  1 -  1) =    -77.71328  eV     1   --> A              
     e(  2 -  2) =    -49.13804  eV     1   --> A              
     e(  3 -  3) =    -49.07980  eV     1   --> A              
     e(  4 -  4) =    -48.81240  eV     1   --> A              
     e(  5 -  5) =    -21.04361  eV     1   --> A              
     e(  6 -  6) =    -20.97100  eV     1   --> A              
     e(  7 -  7) =    -20.16376  eV     1   --> A              
     e(  8 -  8) =    -19.47371  eV     1   --> A              
     e(  9 -  9) =    -14.57531  eV     1   --> A              
     e( 10 - 10) =    -14.22791  eV     1   --> A              
     e( 11 - 11) =    -12.94884  eV     1   --> A              
     e( 12 - 12) =    -12.84015  eV     1   --> A              
     e( 13 - 13) =    -11.10629  eV     1   --> A              
     e( 14 - 14) =    -10.64021  eV     1   --> A              
     e( 15 - 15) =    -10.43670  eV     1   --> A              
     e( 16 - 16) =     -9.32036  eV     1   --> A              
     e( 17 - 17) =     -9.01922  eV     1   --> A              
     e( 18 - 18) =     -8.54038  eV     1   --> A              
     e( 19 - 19) =     -7.58133  eV     1   --> A              
     e( 20 - 20) =     -7.03620  eV     1   --> A              
     e( 21 - 21) =     -5.90529  eV     1   --> A              
     e( 22 - 22) =     -4.76954  eV     1   --> A              
     e( 23 - 23) =     -3.64746  eV     1   --> A              
     e( 24 - 24) =     -2.78120  eV     1   --> A              
     e( 25 - 25) =     -2.51556  eV     1   --> A              
     e( 26 - 26) =     -0.10019  eV     1   --> A              
     e( 27 - 27) =      0.12381  eV     1   --> A              
     e( 28 - 28) =      1.92059  eV     1   --> A              
     e( 29 - 29) =      2.18291  eV     1   --> A              
     e( 30 - 30) =      3.05918  eV     1   --> A              
     e( 31 - 31) =      3.51015  eV     1   --> A              
     e( 32 - 32) =      4.15680  eV     1   --> A              
     e( 33 - 33) =      4.79734  eV     1   --> A              
     e( 34 - 34) =      5.01354  eV     1   --> A              
     e( 35 - 35) =      5.42624  eV     1   --> A              

 **************************************************************************

 **************************************************************************

                    xk=(   0.37778,   0.50037,   0.00000  )

     Band symmetry, C_1 (1)     point group:

     e(  1 -  1) =    -77.71334  eV     1   --> A              
     e(  2 -  2) =    -49.13930  eV     1   --> A              
     e(  3 -  3) =    -49.07791  eV     1   --> A              
     e(  4 -  4) =    -48.81249  eV     1   --> A              
     e(  5 -  5) =    -21.05415  eV     1   --> A              
     e(  6 -  6) =    -20.98180  eV     1   --> A              
     e(  7 -  7) =    -20.16412  eV     1   --> A              
     e(  8 -  8) =    -19.47389  eV     1   --> A              
     e(  9 -  9) =    -14.59704  eV     1   --> A              
     e( 10 - 10) =    -14.25431  eV     1   --> A              
     e( 11 - 11) =    -12.89822  eV     1   --> A              
     e( 12 - 12) =    -12.78512  eV     1   --> A              
     e( 13 - 13) =    -11.11359  eV     1   --> A              
     e( 14 - 14) =    -10.64969  eV     1   --> A              
     e( 15 - 15) =    -10.44917  eV     1   --> A              
     e( 16 - 16) =     -9.28363  eV     1   --> A              
     e( 17 - 17) =     -9.01878  eV     1   --> A              
     e( 18 - 18) =     -8.52568  eV     1   --> A              
     e( 19 - 19) =     -7.58307  eV     1   --> A              
     e( 20 - 20) =     -7.04120  eV     1   --> A              
     e( 21 - 21) =     -5.91186  eV     1   --> A              
     e( 22 - 22) =     -4.75796  eV     1   --> A              
     e( 23 - 23) =     -3.65806  eV     1   --> A              
     e( 24 - 24) =     -2.78541  eV     1   --> A              
     e( 25 - 25) =     -2.50928  eV     1   --> A              
     e( 26 - 26) =     -0.14956  eV     1   --> A              
     e( 27 - 27) =      0.08303  eV     1   --> A              
     e( 28 - 28) =      1.95466  eV     1   --> A              
     e( 29 - 29) =      2.21719  eV     1   --> A              
     e( 30 - 30) =      2.99588  eV     1   --> A              
     e( 31 - 31) =      3.44243  eV     1   --> A              
     e( 32 - 32) =      4.17231  eV     1   --> A              
     e( 33 - 33) =      4.81381  eV     1   --> A              
     e( 34 - 34) =      5.05234  eV     1   --> A              
     e( 35 - 35) =      5.46962  eV     1   --> A              

 **************************************************************************

 **************************************************************************

                    xk=(   0.38056,   0.49556,   0.00000  )

     Band symmetry, C_1 (1)     point group:

     e(  1 -  1) =    -77.71341  eV     1   --> A              
     e(  2 -  2) =    -49.14056  eV     1   --> A              
     e(  3 -  3) =    -49.07599  eV     1   --> A              
     e(  4 -  4) =    -48.81258  eV     1   --> A              
     e(  5 -  5) =    -21.06495  eV     1   --> A              
     e(  6 -  6) =    -20.99284  eV     1   --> A              
     e(  7 -  7) =    -20.16462  eV     1   --> A              
     e(  8 -  8) =    -19.47417  eV     1   --> A              
     e(  9 -  9) =    -14.61898  eV     1   --> A              
     e( 10 - 10) =    -14.28050  eV     1   --> A              
     e( 11 - 11) =    -12.84618  eV     1   --> A              
     e( 12 - 12) =    -12.72885  eV     1   --> A              
     e( 13 - 13) =    -11.12093  eV     1   --> A              
     e( 14 - 14) =    -10.66200  eV     1   --> A              
     e( 15 - 15) =    -10.45789  eV     1   --> A              
     e( 16 - 16) =     -9.25167  eV     1   --> A              
     e( 17 - 17) =     -9.01302  eV     1   --> A              
     e( 18 - 18) =     -8.51120  eV     1   --> A              
     e( 19 - 19) =     -7.58483  eV     1   --> A              
     e( 20 - 20) =     -7.04638  eV     1   --> A              
     e( 21 - 21) =     -5.91847  eV     1   --> A              
     e( 22 - 22) =     -4.74612  eV     1   --> A              
     e( 23 - 23) =     -3.66913  eV     1   --> A              
     e( 24 - 24) =     -2.78922  eV     1   --> A              
     e( 25 - 25) =     -2.50334  eV     1   --> A              
     e( 26 - 26) =     -0.20126  eV     1   --> A              
     e( 27 - 27) =      0.03920  eV     1   --> A              
     e( 28 - 28) =      1.99064  eV     1   --> A              
     e( 29 - 29) =      2.25294  eV     1   --> A              
     e( 30 - 30) =      2.93341  eV     1   --> A              
     e( 31 - 31) =      3.37544  eV     1   --> A              
     e( 32 - 32) =      4.18774  eV     1   --> A              
     e( 33 - 33) =      4.82991  eV     1   --> A              
     e( 34 - 34) =      5.09104  eV     1   --> A              
     e( 35 - 35) =      5.51258  eV     1   --> A              

 **************************************************************************

 **************************************************************************

                    xk=(   0.38333,   0.49075,   0.00000  )

     Band symmetry, C_1 (1)     point group:

     e(  1 -  1) =    -77.71347  eV     1   --> A              
     e(  2 -  2) =    -49.14181  eV     1   --> A              
     e(  3 -  3) =    -49.07405  eV     1   --> A              
     e(  4 -  4) =    -48.81268  eV     1   --> A              
     e(  5 -  5) =    -21.07596  eV     1   --> A              
     e(  6 -  6) =    -21.00408  eV     1   --> A              
     e(  7 -  7) =    -20.16527  eV     1   --> A              
     e(  8 -  8) =    -19.47456  eV     1   --> A              
     e(  9 -  9) =    -14.64103  eV     1   --> A              
     e( 10 - 10) =    -14.30642  eV     1   --> A              
     e( 11 - 11) =    -12.79291  eV     1   --> A              
     e( 12 - 12) =    -12.67147  eV     1   --> A              
     e( 13 - 13) =    -11.12827  eV     1   --> A              
     e( 14 - 14) =    -10.67679  eV     1   --> A              
     e( 15 - 15) =    -10.46322  eV     1   --> A              
     e( 16 - 16) =     -9.22593  eV     1   --> A              
     e( 17 - 17) =     -9.00066  eV     1   --> A              
     e( 18 - 18) =     -8.49682  eV     1   --> A              
     e( 19 - 19) =     -7.58661  eV     1   --> A              
     e( 20 - 20) =     -7.05173  eV     1   --> A              
     e( 21 - 21) =     -5.92511  eV     1   --> A              
     e( 22 - 22) =     -4.73407  eV     1   --> A              
     e( 23 - 23) =     -3.68064  eV     1   --> A              
     e( 24 - 24) =     -2.79261  eV     1   --> A              
     e( 25 - 25) =     -2.49777  eV     1   --> A              
     e( 26 - 26) =     -0.25517  eV     1   --> A              
     e( 27 - 27) =     -0.00752  eV     1   --> A              
     e( 28 - 28) =      2.02817  eV     1   --> A              
     e( 29 - 29) =      2.29007  eV     1   --> A              
     e( 30 - 30) =      2.87214  eV     1   --> A              
     e( 31 - 31) =      3.30939  eV     1   --> A              
     e( 32 - 32) =      4.20306  eV     1   --> A              
     e( 33 - 33) =      4.84567  eV     1   --> A              
     e( 34 - 34) =      5.12947  eV     1   --> A              
     e( 35 - 35) =      5.55496  eV     1   --> A              

 **************************************************************************

 **************************************************************************

                    xk=(   0.38611,   0.48594,   0.00000  )

     Band symmetry, C_1 (1)     point group:

     e(  1 -  1) =    -77.71354  eV     1   --> A              
     e(  2 -  2) =    -49.14305  eV     1   --> A              
     e(  3 -  3) =    -49.07210  eV     1   --> A              
     e(  4 -  4) =    -48.81278  eV     1   --> A              
     e(  5 -  5) =    -21.08716  eV     1   --> A              
     e(  6 -  6) =    -21.01548  eV     1   --> A              
     e(  7 -  7) =    -20.16606  eV     1   --> A              
     e(  8 -  8) =    -19.47506  eV     1   --> A              
     e(  9 -  9) =    -14.66311  eV     1   --> A              
     e( 10 - 10) =    -14.33203  eV     1   --> A              
     e( 11 - 11) =    -12.73857  eV     1   --> A              
     e( 12 - 12) =    -12.61314  eV     1   --> A              
     e( 13 - 13) =    -11.13556  eV     1   --> A              
     e( 14 - 14) =    -10.69347  eV     1   --> A              
     e( 15 - 15) =    -10.46572  eV     1   --> A              
     e( 16 - 16) =     -9.20714  eV     1   --> A              
     e( 17 - 17) =     -8.98118  eV     1   --> A              
     e( 18 - 18) =     -8.48241  eV     1   --> A              
     e( 19 - 19) =     -7.58842  eV     1   --> A              
     e( 20 - 20) =     -7.05724  eV     1   --> A              
     e( 21 - 21) =     -5.93172  eV     1   --> A              
     e( 22 - 22) =     -4.72184  eV     1   --> A              
     e( 23 - 23) =     -3.69256  eV     1   --> A              
     e( 24 - 24) =     -2.79557  eV     1   --> A              
     e( 25 - 25) =     -2.49260  eV     1   --> A              
     e( 26 - 26) =     -0.31116  eV     1   --> A              
     e( 27 - 27) =     -0.05692  eV     1   --> A              
     e( 28 - 28) =      2.06677  eV     1   --> A              
     e( 29 - 29) =      2.32844  eV     1   --> A              
     e( 30 - 30) =      2.81256  eV     1   --> A              
     e( 31 - 31) =      3.24444  eV     1   --> A              
     e( 32 - 32) =      4.21827  eV     1   --> A              
     e( 33 - 33) =      4.86112  eV     1   --> A              
     e( 34 - 34) =      5.16749  eV     1   --> A              
     e( 35 - 35) =      5.59662  eV     1   --> A              

 **************************************************************************

 **************************************************************************

                    xk=(   0.38889,   0.48113,   0.00000  )

     Band symmetry, C_1 (1)     point group:

     e(  1 -  1) =    -77.71361  eV     1   --> A              
     e(  2 -  2) =    -49.14428  eV     1   --> A              
     e(  3 -  3) =    -49.07015  eV     1   --> A              
     e(  4 -  4) =    -48.81288  eV     1   --> A              
     e(  5 -  5) =    -21.09849  eV     1   --> A              
     e(  6 -  6) =    -21.02700  eV     1   --> A              
     e(  7 -  7) =    -20.16700  eV     1   --> A              
     e(  8 -  8) =    -19.47566  eV     1   --> A              
     e(  9 -  9) =    -14.68515  eV     1   --> A              
     e( 10 - 10) =    -14.35727  eV     1   --> A              
     e( 11 - 11) =    -12.68334  eV     1   --> A              
     e( 12 - 12) =    -12.55399  eV     1   --> A              
     e( 13 - 13) =    -11.14274  eV     1   --> A              
     e( 14 - 14) =    -10.71142  eV     1   --> A              
     e( 15 - 15) =    -10.46600  eV     1   --> A              
     e( 16 - 16) =     -9.19476  eV     1   --> A              
     e( 17 - 17) =     -8.95535  eV     1   --> A              
     e( 18 - 18) =     -8.46778  eV     1   --> A              
     e( 19 - 19) =     -7.59026  eV     1   --> A              
     e( 20 - 20) =     -7.06290  eV     1   --> A              
     e( 21 - 21) =     -5.93828  eV     1   --> A              
     e( 22 - 22) =     -4.70948  eV     1   --> A              
     e( 23 - 23) =     -3.70488  eV     1   --> A              
     e( 24 - 24) =     -2.79809  eV     1   --> A              
     e( 25 - 25) =     -2.48784  eV     1   --> A              
     e( 26 - 26) =     -0.36909  eV     1   --> A              
     e( 27 - 27) =     -0.10882  eV     1   --> A              
     e( 28 - 28) =      2.10578  eV     1   --> A              
     e( 29 - 29) =      2.36793  eV     1   --> A              
     e( 30 - 30) =      2.75527  eV     1   --> A              
     e( 31 - 31) =      3.18075  eV     1   --> A              
     e( 32 - 32) =      4.23334  eV     1   --> A              
     e( 33 - 33) =      4.87625  eV     1   --> A              
     e( 34 - 34) =      5.20497  eV     1   --> A              
     e( 35 - 35) =      5.63738  eV     1   --> A              

 **************************************************************************

 **************************************************************************

                    xk=(   0.39167,   0.47631,   0.00000  )

     Band symmetry, C_1 (1)     point group:

     e(  1 -  1) =    -77.71368  eV     1   --> A              
     e(  2 -  2) =    -49.14550  eV     1   --> A              
     e(  3 -  3) =    -49.06820  eV     1   --> A              
     e(  4 -  4) =    -48.81299  eV     1   --> A              
     e(  5 -  5) =    -21.10993  eV     1   --> A              
     e(  6 -  6) =    -21.03859  eV     1   --> A              
     e(  7 -  7) =    -20.16808  eV     1   --> A              
     e(  8 -  8) =    -19.47636  eV     1   --> A              
     e(  9 -  9) =    -14.70709  eV     1   --> A              
     e( 10 - 10) =    -14.38212  eV     1   --> A              
     e( 11 - 11) =    -12.62742  eV     1   --> A              
     e( 12 - 12) =    -12.49415  eV     1   --> A              
     e( 13 - 13) =    -11.14973  eV     1   --> A              
     e( 14 - 14) =    -10.73007  eV     1   --> A              
     e( 15 - 15) =    -10.46461  eV     1   --> A              
     e( 16 - 16) =     -9.18730  eV     1   --> A              
     e( 17 - 17) =     -8.92494  eV     1   --> A              
     e( 18 - 18) =     -8.45269  eV     1   --> A              
     e( 19 - 19) =     -7.59214  eV     1   --> A              
     e( 20 - 20) =     -7.06869  eV     1   --> A              
     e( 21 - 21) =     -5.94477  eV     1   --> A              
     e( 22 - 22) =     -4.69704  eV     1   --> A              
     e( 23 - 23) =     -3.71755  eV     1   --> A              
     e( 24 - 24) =     -2.80017  eV     1   --> A              
     e( 25 - 25) =     -2.48349  eV     1   --> A              
     e( 26 - 26) =     -0.42885  eV     1   --> A              
     e( 27 - 27) =     -0.16298  eV     1   --> A              
     e( 28 - 28) =      2.14420  eV     1   --> A              
     e( 29 - 29) =      2.40841  eV     1   --> A              
     e( 30 - 30) =      2.70120  eV     1   --> A              
     e( 31 - 31) =      3.11848  eV     1   --> A              
     e( 32 - 32) =      4.24829  eV     1   --> A              
     e( 33 - 33) =      4.89110  eV     1   --> A              
     e( 34 - 34) =      5.24185  eV     1   --> A              
     e( 35 - 35) =      5.67704  eV     1   --> A              

 **************************************************************************

 **************************************************************************

                    xk=(   0.39444,   0.47150,   0.00000  )

     Band symmetry, C_1 (1)     point group:

     e(  1 -  1) =    -77.71375  eV     1   --> A              
     e(  2 -  2) =    -49.14670  eV     1   --> A              
     e(  3 -  3) =    -49.06625  eV     1   --> A              
     e(  4 -  4) =    -48.81310  eV     1   --> A              
     e(  5 -  5) =    -21.12143  eV     1   --> A              
     e(  6 -  6) =    -21.05024  eV     1   --> A              
     e(  7 -  7) =    -20.16930  eV     1   --> A              
     e(  8 -  8) =    -19.47717  eV     1   --> A              
     e(  9 -  9) =    -14.72885  eV     1   --> A              
     e( 10 - 10) =    -14.40653  eV     1   --> A              
     e( 11 - 11) =    -12.57099  eV     1   --> A              
     e( 12 - 12) =    -12.43378  eV     1   --> A              
     e( 13 - 13) =    -11.15646  eV     1   --> A              
     e( 14 - 14) =    -10.74897  eV     1   --> A              
     e( 15 - 15) =    -10.46202  eV     1   --> A              
     e( 16 - 16) =     -9.18313  eV     1   --> A              
     e( 17 - 17) =     -8.89191  eV     1   --> A              
     e( 18 - 18) =     -8.43691  eV     1   --> A              
     e( 19 - 19) =     -7.59407  eV     1   --> A              
     e( 20 - 20) =     -7.07461  eV     1   --> A              
     e( 21 - 21) =     -5.95115  eV     1   --> A              
     e( 22 - 22) =     -4.68455  eV     1   --> A              
     e( 23 - 23) =     -3.73055  eV     1   --> A              
     e( 24 - 24) =     -2.80182  eV     1   --> A              
     e( 25 - 25) =     -2.47958  eV     1   --> A              
     e( 26 - 26) =     -0.49029  eV     1   --> A              
     e( 27 - 27) =     -0.21918  eV     1   --> A              
     e( 28 - 28) =      2.18046  eV     1   --> A              
     e( 29 - 29) =      2.44975  eV     1   --> A              
     e( 30 - 30) =      2.65181  eV     1   --> A              
     e( 31 - 31) =      3.05779  eV     1   --> A              
     e( 32 - 32) =      4.26310  eV     1   --> A              
     e( 33 - 33) =      4.90566  eV     1   --> A              
     e( 34 - 34) =      5.27803  eV     1   --> A              
     e( 35 - 35) =      5.71538  eV     1   --> A              

 **************************************************************************

 **************************************************************************

                    xk=(   0.39722,   0.46669,   0.00000  )

     Band symmetry, C_1 (1)     point group:

     e(  1 -  1) =    -77.71383  eV     1   --> A              
     e(  2 -  2) =    -49.14789  eV     1   --> A              
     e(  3 -  3) =    -49.06430  eV     1   --> A              
     e(  4 -  4) =    -48.81320  eV     1   --> A              
     e(  5 -  5) =    -21.13296  eV     1   --> A              
     e(  6 -  6) =    -21.06190  eV     1   --> A              
     e(  7 -  7) =    -20.17065  eV     1   --> A              
     e(  8 -  8) =    -19.47808  eV     1   --> A              
     e(  9 -  9) =    -14.75040  eV     1   --> A              
     e( 10 - 10) =    -14.43048  eV     1   --> A              
     e( 11 - 11) =    -12.51424  eV     1   --> A              
     e( 12 - 12) =    -12.37301  eV     1   --> A              
     e( 13 - 13) =    -11.16283  eV     1   --> A              
     e( 14 - 14) =    -10.76775  eV     1   --> A              
     e( 15 - 15) =    -10.45857  eV     1   --> A              
     e( 16 - 16) =     -9.18091  eV     1   --> A              
     e( 17 - 17) =     -8.85793  eV     1   --> A              
     e( 18 - 18) =     -8.42011  eV     1   --> A              
     e( 19 - 19) =     -7.59604  eV     1   --> A              
     e( 20 - 20) =     -7.08065  eV     1   --> A              
     e( 21 - 21) =     -5.95741  eV     1   --> A              
     e( 22 - 22) =     -4.67204  eV     1   --> A              
     e( 23 - 23) =     -3.74386  eV     1   --> A              
     e( 24 - 24) =     -2.80304  eV     1   --> A              
     e( 25 - 25) =     -2.47612  eV     1   --> A              
     e( 26 - 26) =     -0.55329  eV     1   --> A              
     e( 27 - 27) =     -0.27720  eV     1   --> A              
     e( 28 - 28) =      2.21198  eV     1   --> A              
     e( 29 - 29) =      2.49171  eV     1   --> A              
     e( 30 - 30) =      2.60961  eV     1   --> A              
     e( 31 - 31) =      2.99885  eV     1   --> A              
     e( 32 - 32) =      4.27778  eV     1   --> A              
     e( 33 - 33) =      4.91996  eV     1   --> A              
     e( 34 - 34) =      5.31344  eV     1   --> A              
     e( 35 - 35) =      5.75213  eV     1   --> A              

 **************************************************************************

 **************************************************************************

                    xk=(   0.40000,   0.46188,   0.00000  )

     Band symmetry, C_1 (1)     point group:

     e(  1 -  1) =    -77.71390  eV     1   --> A              
     e(  2 -  2) =    -49.14905  eV     1   --> A              
     e(  3 -  3) =    -49.06236  eV     1   --> A              
     e(  4 -  4) =    -48.81331  eV     1   --> A              
     e(  5 -  5) =    -21.14450  eV     1   --> A              
     e(  6 -  6) =    -21.07355  eV     1   --> A              
     e(  7 -  7) =    -20.17213  eV     1   --> A              
     e(  8 -  8) =    -19.47909  eV     1   --> A              
     e(  9 -  9) =    -14.77168  eV     1   --> A              
     e( 10 - 10) =    -14.45395  eV     1   --> A              
     e( 11 - 11) =    -12.45738  eV     1   --> A              
     e( 12 - 12) =    -12.31197  eV     1   --> A              
     e( 13 - 13) =    -11.16873  eV     1   --> A              
     e( 14 - 14) =    -10.78613  eV     1   --> A              
     e( 15 - 15) =    -10.45453  eV     1   --> A              
     e( 16 - 16) =     -9.17971  eV     1   --> A              
     e( 17 - 17) =     -8.82432  eV     1   --> A              
     e( 18 - 18) =     -8.40195  eV     1   --> A              
     e( 19 - 19) =     -7.59808  eV     1   --> A              
     e( 20 - 20) =     -7.08681  eV     1   --> A              
     e( 21 - 21) =     -5.96351  eV     1   --> A              
     e( 22 - 22) =     -4.65955  eV     1   --> A              
     e( 23 - 23) =     -3.75746  eV     1   --> A              
     e( 24 - 24) =     -2.80384  eV     1   --> A              
     e( 25 - 25) =     -2.47310  eV     1   --> A              
     e( 26 - 26) =     -0.61770  eV     1   --> A              
     e( 27 - 27) =     -0.33679  eV     1   --> A              
     e( 28 - 28) =      2.23470  eV     1   --> A              
     e( 29 - 29) =      2.53336  eV     1   --> A              
     e( 30 - 30) =      2.57924  eV     1   --> A              
     e( 31 - 31) =      2.94190  eV     1   --> A              
     e( 32 - 32) =      4.29236  eV     1   --> A              
     e( 33 - 33) =      4.93402  eV     1   --> A              
     e( 34 - 34) =      5.34804  eV     1   --> A              
     e( 35 - 35) =      5.78697  eV     1   --> A              

 **************************************************************************

 **************************************************************************

                    xk=(   0.40278,   0.45707,   0.00000  )

     Band symmetry, C_1 (1)     point group:

     e(  1 -  1) =    -77.71398  eV     1   --> A              
     e(  2 -  2) =    -49.15020  eV     1   --> A              
     e(  3 -  3) =    -49.06044  eV     1   --> A              
     e(  4 -  4) =    -48.81342  eV     1   --> A              
     e(  5 -  5) =    -21.15600  eV     1   --> A              
     e(  6 -  6) =    -21.08515  eV     1   --> A              
     e(  7 -  7) =    -20.17372  eV     1   --> A              
     e(  8 -  8) =    -19.48019  eV     1   --> A              
     e(  9 -  9) =    -14.79265  eV     1   --> A              
     e( 10 - 10) =    -14.47692  eV     1   --> A              
     e( 11 - 11) =    -12.40063  eV     1   --> A              
     e( 12 - 12) =    -12.25083  eV     1   --> A              
     e( 13 - 13) =    -11.17403  eV     1   --> A              
     e( 14 - 14) =    -10.80389  eV     1   --> A              
     e( 15 - 15) =    -10.45010  eV     1   --> A              
     e( 16 - 16) =     -9.17894  eV     1   --> A              
     e( 17 - 17) =     -8.79207  eV     1   --> A              
     e( 18 - 18) =     -8.38210  eV     1   --> A              
     e( 19 - 19) =     -7.60019  eV     1   --> A              
     e( 20 - 20) =     -7.09309  eV     1   --> A              
     e( 21 - 21) =     -5.96945  eV     1   --> A              
     e( 22 - 22) =     -4.64711  eV     1   --> A              
     e( 23 - 23) =     -3.77133  eV     1   --> A              
     e( 24 - 24) =     -2.80426  eV     1   --> A              
     e( 25 - 25) =     -2.47052  eV     1   --> A              
     e( 26 - 26) =     -0.68337  eV     1   --> A              
     e( 27 - 27) =     -0.39771  eV     1   --> A              
     e( 28 - 28) =      2.24354  eV     1   --> A              
     e( 29 - 29) =      2.55677  eV     1   --> A              
     e( 30 - 30) =      2.58312  eV     1   --> A              
     e( 31 - 31) =      2.88735  eV     1   --> A              
     e( 32 - 32) =      4.30684  eV     1   --> A              
     e( 33 - 33) =      4.94785  eV     1   --> A              
     e( 34 - 34) =      5.38178  eV     1   --> A              
     e( 35 - 35) =      5.81953  eV     1   --> A              

 **************************************************************************

 **************************************************************************

                    xk=(   0.40556,   0.45226,   0.00000  )

     Band symmetry, C_1 (1)     point group:

     e(  1 -  1) =    -77.71405  eV     1   --> A              
     e(  2 -  2) =    -49.15132  eV     1   --> A              
     e(  3 -  3) =    -49.05853  eV     1   --> A              
     e(  4 -  4) =    -48.81354  eV     1   --> A              
     e(  5 -  5) =    -21.16745  eV     1   --> A              
     e(  6 -  6) =    -21.09668  eV     1   --> A              
     e(  7 -  7) =    -20.17543  eV     1   --> A              
     e(  8 -  8) =    -19.48137  eV     1   --> A              
     e(  9 -  9) =    -14.81329  eV     1   --> A              
     e( 10 - 10) =    -14.49937  eV     1   --> A              
     e( 11 - 11) =    -12.34424  eV     1   --> A              
     e( 12 - 12) =    -12.18975  eV     1   --> A              
     e( 13 - 13) =    -11.17855  eV     1   --> A              
     e( 14 - 14) =    -10.82087  eV     1   --> A              
     e( 15 - 15) =    -10.44545  eV     1   --> A              
     e( 16 - 16) =     -9.17819  eV     1   --> A              
     e( 17 - 17) =     -8.76198  eV     1   --> A              
     e( 18 - 18) =     -8.36024  eV     1   --> A              
     e( 19 - 19) =     -7.60237  eV     1   --> A              
     e( 20 - 20) =     -7.09947  eV     1   --> A              
     e( 21 - 21) =     -5.97520  eV     1   --> A              
     e( 22 - 22) =     -4.63474  eV     1   --> A              
     e( 23 - 23) =     -3.78543  eV     1   --> A              
     e( 24 - 24) =     -2.80432  eV     1   --> A              
     e( 25 - 25) =     -2.46838  eV     1   --> A              
     e( 26 - 26) =     -0.75016  eV     1   --> A              
     e( 27 - 27) =     -0.45973  eV     1   --> A              
     e( 28 - 28) =      2.23538  eV     1   --> A              
     e( 29 - 29) =      2.56129  eV     1   --> A              
     e( 30 - 30) =      2.62393  eV     1   --> A              
     e( 31 - 31) =      2.83607  eV     1   --> A              
     e( 32 - 32) =      4.32124  eV     1   --> A              
     e( 33 - 33) =      4.96148  eV     1   --> A              
     e( 34 - 34) =      5.41461  eV     1   --> A              
     e( 35 - 35) =      5.84936  eV     1   --> A              

 **************************************************************************

 **************************************************************************

                    xk=(   0.40833,   0.44745,   0.00000  )

     Band symmetry, C_1 (1)     point group:

     e(  1 -  1) =    -77.71413  eV     1   --> A              
     e(  2 -  2) =    -49.15242  eV     1   --> A              
     e(  3 -  3) =    -49.05664  eV     1   --> A              
     e(  4 -  4) =    -48.81365  eV     1   --> A              
     e(  5 -  5) =    -21.17881  eV     1   --> A              
     e(  6 -  6) =    -21.10812  eV     1   --> A              
     e(  7 -  7) =    -20.17723  eV     1   --> A              
     e(  8 -  8) =    -19.48264  eV     1   --> A              
     e(  9 -  9) =    -14.83355  eV     1   --> A              
     e( 10 - 10) =    -14.52127  eV     1   --> A              
     e( 11 - 11) =    -12.28847  eV     1   --> A              
     e( 12 - 12) =    -12.12889  eV     1   --> A              
     e( 13 - 13) =    -11.18211  eV     1   --> A              
     e( 14 - 14) =    -10.83692  eV     1   --> A              
     e( 15 - 15) =    -10.44070  eV     1   --> A              
     e( 16 - 16) =     -9.17720  eV     1   --> A              
     e( 17 - 17) =     -8.73458  eV     1   --> A              
     e( 18 - 18) =     -8.33612  eV     1   --> A              
     e( 19 - 19) =     -7.60463  eV     1   --> A              
     e( 20 - 20) =     -7.10596  eV     1   --> A              
     e( 21 - 21) =     -5.98076  eV     1   --> A              
     e( 22 - 22) =     -4.62246  eV     1   --> A              
     e( 23 - 23) =     -3.79975  eV     1   --> A              
     e( 24 - 24) =     -2.80407  eV     1   --> A              
     e( 25 - 25) =     -2.46665  eV     1   --> A              
     e( 26 - 26) =     -0.81791  eV     1   --> A              
     e( 27 - 27) =     -0.52259  eV     1   --> A              
     e( 28 - 28) =      2.21222  eV     1   --> A              
     e( 29 - 29) =      2.57839  eV     1   --> A              
     e( 30 - 30) =      2.66530  eV     1   --> A              
     e( 31 - 31) =      2.79078  eV     1   --> A              
     e( 32 - 32) =      4.33560  eV     1   --> A              
     e( 33 - 33) =      4.97494  eV     1   --> A              
     e( 34 - 34) =      5.44651  eV     1   --> A              
     e( 35 - 35) =      5.87596  eV     1   --> A              

 **************************************************************************

 **************************************************************************

                    xk=(   0.41111,   0.44264,   0.00000  )

     Band symmetry, C_1 (1)     point group:

     e(  1 -  1) =    -77.71420  eV     1   --> A              
     e(  2 -  2) =    -49.15349  eV     1   --> A              
     e(  3 -  3) =    -49.05478  eV     1   --> A              
     e(  4 -  4) =    -48.81376  eV     1   --> A              
     e(  5 -  5) =    -21.19007  eV     1   --> A              
     e(  6 -  6) =    -21.11943  eV     1   --> A              
     e(  7 -  7) =    -20.17913  eV     1   --> A              
     e(  8 -  8) =    -19.48398  eV     1   --> A              
     e(  9 -  9) =    -14.85341  eV     1   --> A              
     e( 10 - 10) =    -14.54262  eV     1   --> A              
     e( 11 - 11) =    -12.23361  eV     1   --> A              
     e( 12 - 12) =    -12.06843  eV     1   --> A              
     e( 13 - 13) =    -11.18448  eV     1   --> A              
     e( 14 - 14) =    -10.85192  eV     1   --> A              
     e( 15 - 15) =    -10.43593  eV     1   --> A              
     e( 16 - 16) =     -9.17580  eV     1   --> A              
     e( 17 - 17) =     -8.71024  eV     1   --> A              
     e( 18 - 18) =     -8.30963  eV     1   --> A              
     e( 19 - 19) =     -7.60697  eV     1   --> A              
     e( 20 - 20) =     -7.11254  eV     1   --> A              
     e( 21 - 21) =     -5.98610  eV     1   --> A              
     e( 22 - 22) =     -4.61030  eV     1   --> A              
     e( 23 - 23) =     -3.81427  eV     1   --> A              
     e( 24 - 24) =     -2.80356  eV     1   --> A              
     e( 25 - 25) =     -2.46532  eV     1   --> A              
     e( 26 - 26) =     -0.88646  eV     1   --> A              
     e( 27 - 27) =     -0.58605  eV     1   --> A              
     e( 28 - 28) =      2.17906  eV     1   --> A              
     e( 29 - 29) =      2.60134  eV     1   --> A              
     e( 30 - 30) =      2.69602  eV     1   --> A              
     e( 31 - 31) =      2.76419  eV     1   --> A              
     e( 32 - 32) =      4.34996  eV     1   --> A              
     e( 33 - 33) =      4.98825  eV     1   --> A              
     e( 34 - 34) =      5.47747  eV     1   --> A              
     e( 35 - 35) =      5.89876  eV     1   --> A              

 **************************************************************************

 **************************************************************************

                    xk=(   0.41389,   0.43782,   0.00000  )

     Band symmetry, C_1 (1)     point group:

     e(  1 -  1) =    -77.71428  eV     1   --> A              
     e(  2 -  2) =    -49.15455  eV     1   --> A              
     e(  3 -  3) =    -49.05294  eV     1   --> A              
     e(  4 -  4) =    -48.81387  eV     1   --> A              
     e(  5 -  5) =    -21.20119  eV     1   --> A              
     e(  6 -  6) =    -21.13060  eV     1   --> A              
     e(  7 -  7) =    -20.18110  eV     1   --> A              
     e(  8 -  8) =    -19.48538  eV     1   --> A              
     e(  9 -  9) =    -14.87284  eV     1   --> A              
     e( 10 - 10) =    -14.56341  eV     1   --> A              
     e( 11 - 11) =    -12.18000  eV     1   --> A              
     e( 12 - 12) =    -12.00857  eV     1   --> A              
     e( 13 - 13) =    -11.18539  eV     1   --> A              
     e( 14 - 14) =    -10.86575  eV     1   --> A              
     e( 15 - 15) =    -10.43124  eV     1   --> A              
     e( 16 - 16) =     -9.17386  eV     1   --> A              
     e( 17 - 17) =     -8.68909  eV     1   --> A              
     e( 18 - 18) =     -8.28079  eV     1   --> A              
     e( 19 - 19) =     -7.60939  eV     1   --> A              
     e( 20 - 20) =     -7.11921  eV     1   --> A              
     e( 21 - 21) =     -5.99123  eV     1   --> A              
     e( 22 - 22) =     -4.59828  eV     1   --> A              
     e( 23 - 23) =     -3.82896  eV     1   --> A              
     e( 24 - 24) =     -2.80286  eV     1   --> A              
     e( 25 - 25) =     -2.46434  eV     1   --> A              
     e( 26 - 26) =     -0.95563  eV     1   --> A              
     e( 27 - 27) =     -0.64987  eV     1   --> A              
     e( 28 - 28) =      2.14031  eV     1   --> A              
     e( 29 - 29) =      2.61261  eV     1   --> A              
     e( 30 - 30) =      2.70137  eV     1   --> A              
     e( 31 - 31) =      2.78385  eV     1   --> A              
     e( 32 - 32) =      4.36435  eV     1   --> A              
     e( 33 - 33) =      5.00145  eV     1   --> A              
     e( 34 - 34) =      5.50747  eV     1   --> A              
     e( 35 - 35) =      5.91718  eV     1   --> A              

 **************************************************************************

 **************************************************************************

                    xk=(   0.41667,   0.43301,   0.00000  )

     Band symmetry, C_1 (1)     point group:

     e(  1 -  1) =    -77.71435  eV     1   --> A              
     e(  2 -  2) =    -49.15557  eV     1   --> A              
     e(  3 -  3) =    -49.05112  eV     1   --> A              
     e(  4 -  4) =    -48.81398  eV     1   --> A              
     e(  5 -  5) =    -21.21215  eV     1   --> A              
     e(  6 -  6) =    -21.14160  eV     1   --> A              
     e(  7 -  7) =    -20.18315  eV     1   --> A              
     e(  8 -  8) =    -19.48685  eV     1   --> A              
     e(  9 -  9) =    -14.89181  eV     1   --> A              
     e( 10 - 10) =    -14.58361  eV     1   --> A              
     e( 11 - 11) =    -12.12801  eV     1   --> A              
     e( 12 - 12) =    -11.94952  eV     1   --> A              
     e( 13 - 13) =    -11.18453  eV     1   --> A              
     e( 14 - 14) =    -10.87832  eV     1   --> A              
     e( 15 - 15) =    -10.42668  eV     1   --> A              
     e( 16 - 16) =     -9.17132  eV     1   --> A              
     e( 17 - 17) =     -8.67111  eV     1   --> A              
     e( 18 - 18) =     -8.24980  eV     1   --> A              
     e( 19 - 19) =     -7.61188  eV     1   --> A              
     e( 20 - 20) =     -7.12597  eV     1   --> A              
     e( 21 - 21) =     -5.99612  eV     1   --> A              
     e( 22 - 22) =     -4.58642  eV     1   --> A              
     e( 23 - 23) =     -3.84380  eV     1   --> A              
     e( 24 - 24) =     -2.80204  eV     1   --> A              
     e( 25 - 25) =     -2.46369  eV     1   --> A              
     e( 26 - 26) =     -1.02526  eV     1   --> A              
     e( 27 - 27) =     -0.71382  eV     1   --> A              
     e( 28 - 28) =      2.09880  eV     1   --> A              
     e( 29 - 29) =      2.59305  eV     1   --> A              
     e( 30 - 30) =      2.72077  eV     1   --> A              
     e( 31 - 31) =      2.82645  eV     1   --> A              
     e( 32 - 32) =      4.37883  eV     1   --> A              
     e( 33 - 33) =      5.01458  eV     1   --> A              
     e( 34 - 34) =      5.53652  eV     1   --> A              
     e( 35 - 35) =      5.93073  eV     1   --> A              

 **************************************************************************

 **************************************************************************

                    xk=(   0.41944,   0.42820,   0.00000  )

     Band symmetry, C_1 (1)     point group:

     e(  1 -  1) =    -77.71443  eV     1   --> A              
     e(  2 -  2) =    -49.15657  eV     1   --> A              
     e(  3 -  3) =    -49.04934  eV     1   --> A              
     e(  4 -  4) =    -48.81409  eV     1   --> A              
     e(  5 -  5) =    -21.22293  eV     1   --> A              
     e(  6 -  6) =    -21.15242  eV     1   --> A              
     e(  7 -  7) =    -20.18525  eV     1   --> A              
     e(  8 -  8) =    -19.48837  eV     1   --> A              
     e(  9 -  9) =    -14.91031  eV     1   --> A              
     e( 10 - 10) =    -14.60323  eV     1   --> A              
     e( 11 - 11) =    -12.07803  eV     1   --> A              
     e( 12 - 12) =    -11.89150  eV     1   --> A              
     e( 13 - 13) =    -11.18156  eV     1   --> A              
     e( 14 - 14) =    -10.88952  eV     1   --> A              
     e( 15 - 15) =    -10.42229  eV     1   --> A              
     e( 16 - 16) =     -9.16813  eV     1   --> A              
     e( 17 - 17) =     -8.65610  eV     1   --> A              
     e( 18 - 18) =     -8.21695  eV     1   --> A              
     e( 19 - 19) =     -7.61444  eV     1   --> A              
     e( 20 - 20) =     -7.13281  eV     1   --> A              
     e( 21 - 21) =     -6.00079  eV     1   --> A              
     e( 22 - 22) =     -4.57472  eV     1   --> A              
     e( 23 - 23) =     -3.85876  eV     1   --> A              
     e( 24 - 24) =     -2.80121  eV     1   --> A              
     e( 25 - 25) =     -2.46329  eV     1   --> A              
     e( 26 - 26) =     -1.09515  eV     1   --> A              
     e( 27 - 27) =     -0.77765  eV     1   --> A              
     e( 28 - 28) =      2.05615  eV     1   --> A              
     e( 29 - 29) =      2.55701  eV     1   --> A              
     e( 30 - 30) =      2.75577  eV     1   --> A              
     e( 31 - 31) =      2.87416  eV     1   --> A              
     e( 32 - 32) =      4.39345  eV     1   --> A              
     e( 33 - 33) =      5.02765  eV     1   --> A              
     e( 34 - 34) =      5.56460  eV     1   --> A              
     e( 35 - 35) =      5.93908  eV     1   --> A              

 **************************************************************************

 **************************************************************************

                    xk=(   0.42222,   0.42339,   0.00000  )

     Band symmetry, C_1 (1)     point group:

     e(  1 -  1) =    -77.71450  eV     1   --> A              
     e(  2 -  2) =    -49.15754  eV     1   --> A              
     e(  3 -  3) =    -49.04760  eV     1   --> A              
     e(  4 -  4) =    -48.81420  eV     1   --> A              
     e(  5 -  5) =    -21.23351  eV     1   --> A              
     e(  6 -  6) =    -21.16302  eV     1   --> A              
     e(  7 -  7) =    -20.18741  eV     1   --> A              
     e(  8 -  8) =    -19.48994  eV     1   --> A              
     e(  9 -  9) =    -14.92831  eV     1   --> A              
     e( 10 - 10) =    -14.62225  eV     1   --> A              
     e( 11 - 11) =    -12.03051  eV     1   --> A              
     e( 12 - 12) =    -11.83474  eV     1   --> A              
     e( 13 - 13) =    -11.17611  eV     1   --> A              
     e( 14 - 14) =    -10.89923  eV     1   --> A              
     e( 15 - 15) =    -10.41814  eV     1   --> A              
     e( 16 - 16) =     -9.16427  eV     1   --> A              
     e( 17 - 17) =     -8.64379  eV     1   --> A              
     e( 18 - 18) =     -8.18263  eV     1   --> A              
     e( 19 - 19) =     -7.61703  eV     1   --> A              
     e( 20 - 20) =     -7.13973  eV     1   --> A              
     e( 21 - 21) =     -6.00522  eV     1   --> A              
     e( 22 - 22) =     -4.56321  eV     1   --> A              
     e( 23 - 23) =     -3.87384  eV     1   --> A              
     e( 24 - 24) =     -2.80045  eV     1   --> A              
     e( 25 - 25) =     -2.46310  eV     1   --> A              
     e( 26 - 26) =     -1.16512  eV     1   --> A              
     e( 27 - 27) =     -0.84114  eV     1   --> A              
     e( 28 - 28) =      2.01330  eV     1   --> A              
     e( 29 - 29) =      2.51716  eV     1   --> A              
     e( 30 - 30) =      2.79550  eV     1   --> A              
     e( 31 - 31) =      2.92393  eV     1   --> A              
     e( 32 - 32) =      4.40828  eV     1   --> A              
     e( 33 - 33) =      5.04071  eV     1   --> A              
     e( 34 - 34) =      5.59174  eV     1   --> A              
     e( 35 - 35) =      5.94216  eV     1   --> A              

 **************************************************************************

 **************************************************************************

                    xk=(   0.42500,   0.41858,   0.00000  )

     Band symmetry, C_1 (1)     point group:

     e(  1 -  1) =    -77.71458  eV     1   --> A              
     e(  2 -  2) =    -49.15849  eV     1   --> A              
     e(  3 -  3) =    -49.04588  eV     1   --> A              
     e(  4 -  4) =    -48.81431  eV     1   --> A              
     e(  5 -  5) =    -21.24387  eV     1   --> A              
     e(  6 -  6) =    -21.17340  eV     1   --> A              
     e(  7 -  7) =    -20.18960  eV     1   --> A              
     e(  8 -  8) =    -19.49154  eV     1   --> A              
     e(  9 -  9) =    -14.94580  eV     1   --> A              
     e( 10 - 10) =    -14.64066  eV     1   --> A              
     e( 11 - 11) =    -11.98591  eV     1   --> A              
     e( 12 - 12) =    -11.77950  eV     1   --> A              
     e( 13 - 13) =    -11.16779  eV     1   --> A              
     e( 14 - 14) =    -10.90733  eV     1   --> A              
     e( 15 - 15) =    -10.41423  eV     1   --> A              
     e( 16 - 16) =     -9.15974  eV     1   --> A              
     e( 17 - 17) =     -8.63389  eV     1   --> A              
     e( 18 - 18) =     -8.14726  eV     1   --> A              
     e( 19 - 19) =     -7.61964  eV     1   --> A              
     e( 20 - 20) =     -7.14672  eV     1   --> A              
     e( 21 - 21) =     -6.00941  eV     1   --> A              
     e( 22 - 22) =     -4.55189  eV     1   --> A              
     e( 23 - 23) =     -3.88899  eV     1   --> A              
     e( 24 - 24) =     -2.79991  eV     1   --> A              
     e( 25 - 25) =     -2.46303  eV     1   --> A              
     e( 26 - 26) =     -1.23497  eV     1   --> A              
     e( 27 - 27) =     -0.90407  eV     1   --> A              
     e( 28 - 28) =      1.97082  eV     1   --> A              
     e( 29 - 29) =      2.47703  eV     1   --> A              
     e( 30 - 30) =      2.83637  eV     1   --> A              
     e( 31 - 31) =      2.97493  eV     1   --> A              
     e( 32 - 32) =      4.42337  eV     1   --> A              
     e( 33 - 33) =      5.05379  eV     1   --> A              
     e( 34 - 34) =      5.61795  eV     1   --> A              
     e( 35 - 35) =      5.94024  eV     1   --> A              

 **************************************************************************

 **************************************************************************

                    xk=(   0.42778,   0.41377,   0.00000  )

     Band symmetry, C_1 (1)     point group:

     e(  1 -  1) =    -77.71465  eV     1   --> A              
     e(  2 -  2) =    -49.15940  eV     1   --> A              
     e(  3 -  3) =    -49.04421  eV     1   --> A              
     e(  4 -  4) =    -48.81442  eV     1   --> A              
     e(  5 -  5) =    -21.25400  eV     1   --> A              
     e(  6 -  6) =    -21.18354  eV     1   --> A              
     e(  7 -  7) =    -20.19182  eV     1   --> A              
     e(  8 -  8) =    -19.49317  eV     1   --> A              
     e(  9 -  9) =    -14.96276  eV     1   --> A              
     e( 10 - 10) =    -14.65846  eV     1   --> A              
     e( 11 - 11) =    -11.94468  eV     1   --> A              
     e( 12 - 12) =    -11.72604  eV     1   --> A              
     e( 13 - 13) =    -11.15624  eV     1   --> A              
     e( 14 - 14) =    -10.91367  eV     1   --> A              
     e( 15 - 15) =    -10.41061  eV     1   --> A              
     e( 16 - 16) =     -9.15453  eV     1   --> A              
     e( 17 - 17) =     -8.62606  eV     1   --> A              
     e( 18 - 18) =     -8.11127  eV     1   --> A              
     e( 19 - 19) =     -7.62222  eV     1   --> A              
     e( 20 - 20) =     -7.15376  eV     1   --> A              
     e( 21 - 21) =     -6.01337  eV     1   --> A              
     e( 22 - 22) =     -4.54077  eV     1   --> A              
     e( 23 - 23) =     -3.90420  eV     1   --> A              
     e( 24 - 24) =     -2.79970  eV     1   --> A              
     e( 25 - 25) =     -2.46300  eV     1   --> A              
     e( 26 - 26) =     -1.30450  eV     1   --> A              
     e( 27 - 27) =     -0.96621  eV     1   --> A              
     e( 28 - 28) =      1.92906  eV     1   --> A              
     e( 29 - 29) =      2.43773  eV     1   --> A              
     e( 30 - 30) =      2.87709  eV     1   --> A              
     e( 31 - 31) =      3.02671  eV     1   --> A              
     e( 32 - 32) =      4.43881  eV     1   --> A              
     e( 33 - 33) =      5.06693  eV     1   --> A              
     e( 34 - 34) =      5.64325  eV     1   --> A              
     e( 35 - 35) =      5.93383  eV     1   --> A              

 **************************************************************************

 **************************************************************************

                    xk=(   0.43056,   0.40896,   0.00000  )

     Band symmetry, C_1 (1)     point group:

     e(  1 -  1) =    -77.71472  eV     1   --> A              
     e(  2 -  2) =    -49.16029  eV     1   --> A              
     e(  3 -  3) =    -49.04258  eV     1   --> A              
     e(  4 -  4) =    -48.81452  eV     1   --> A              
     e(  5 -  5) =    -21.26387  eV     1   --> A              
     e(  6 -  6) =    -21.19342  eV     1   --> A              
     e(  7 -  7) =    -20.19406  eV     1   --> A              
     e(  8 -  8) =    -19.49482  eV     1   --> A              
     e(  9 -  9) =    -14.97918  eV     1   --> A              
     e( 10 - 10) =    -14.67563  eV     1   --> A              
     e( 11 - 11) =    -11.90725  eV     1   --> A              
     e( 12 - 12) =    -11.67464  eV     1   --> A              
     e( 13 - 13) =    -11.14116  eV     1   --> A              
     e( 14 - 14) =    -10.91807  eV     1   --> A              
     e( 15 - 15) =    -10.40729  eV     1   --> A              
     e( 16 - 16) =     -9.14866  eV     1   --> A              
     e( 17 - 17) =     -8.62002  eV     1   --> A              
     e( 18 - 18) =     -8.07504  eV     1   --> A              
     e( 19 - 19) =     -7.62472  eV     1   --> A              
     e( 20 - 20) =     -7.16086  eV     1   --> A              
     e( 21 - 21) =     -6.01709  eV     1   --> A              
     e( 22 - 22) =     -4.52986  eV     1   --> A              
     e( 23 - 23) =     -3.91944  eV     1   --> A              
     e( 24 - 24) =     -2.79998  eV     1   --> A              
     e( 25 - 25) =     -2.46291  eV     1   --> A              
     e( 26 - 26) =     -1.37349  eV     1   --> A              
     e( 27 - 27) =     -1.02737  eV     1   --> A              
     e( 28 - 28) =      1.88825  eV     1   --> A              
     e( 29 - 29) =      2.39967  eV     1   --> A              
     e( 30 - 30) =      2.91706  eV     1   --> A              
     e( 31 - 31) =      3.07887  eV     1   --> A              
     e( 32 - 32) =      4.45467  eV     1   --> A              
     e( 33 - 33) =      5.08017  eV     1   --> A              
     e( 34 - 34) =      5.66767  eV     1   --> A              
     e( 35 - 35) =      5.92363  eV     1   --> A              

 **************************************************************************

 **************************************************************************

                    xk=(   0.43333,   0.40415,   0.00000  )

     Band symmetry, C_1 (1)     point group:

     e(  1 -  1) =    -77.71479  eV     1   --> A              
     e(  2 -  2) =    -49.16115  eV     1   --> A              
     e(  3 -  3) =    -49.04100  eV     1   --> A              
     e(  4 -  4) =    -48.81463  eV     1   --> A              
     e(  5 -  5) =    -21.27347  eV     1   --> A              
     e(  6 -  6) =    -21.20302  eV     1   --> A              
     e(  7 -  7) =    -20.19630  eV     1   --> A              
     e(  8 -  8) =    -19.49648  eV     1   --> A              
     e(  9 -  9) =    -14.99504  eV     1   --> A              
     e( 10 - 10) =    -14.69217  eV     1   --> A              
     e( 11 - 11) =    -11.87393  eV     1   --> A              
     e( 12 - 12) =    -11.62557  eV     1   --> A              
     e( 13 - 13) =    -11.12238  eV     1   --> A              
     e( 14 - 14) =    -10.92032  eV     1   --> A              
     e( 15 - 15) =    -10.40428  eV     1   --> A              
     e( 16 - 16) =     -9.14216  eV     1   --> A              
     e( 17 - 17) =     -8.61552  eV     1   --> A              
     e( 18 - 18) =     -8.03897  eV     1   --> A              
     e( 19 - 19) =     -7.62707  eV     1   --> A              
     e( 20 - 20) =     -7.16800  eV     1   --> A              
     e( 21 - 21) =     -6.02059  eV     1   --> A              
     e( 22 - 22) =     -4.51917  eV     1   --> A              
     e( 23 - 23) =     -3.93469  eV     1   --> A              
     e( 24 - 24) =     -2.80088  eV     1   --> A              
     e( 25 - 25) =     -2.46267  eV     1   --> A              
     e( 26 - 26) =     -1.44172  eV     1   --> A              
     e( 27 - 27) =     -1.08733  eV     1   --> A              
     e( 28 - 28) =      1.84856  eV     1   --> A              
     e( 29 - 29) =      2.36304  eV     1   --> A              
     e( 30 - 30) =      2.95596  eV     1   --> A              
     e( 31 - 31) =      3.13105  eV     1   --> A              
     e( 32 - 32) =      4.47104  eV     1   --> A              
     e( 33 - 33) =      5.09353  eV     1   --> A              
     e( 34 - 34) =      5.69122  eV     1   --> A              
     e( 35 - 35) =      5.91039  eV     1   --> A              

 **************************************************************************

 **************************************************************************

                    xk=(   0.43611,   0.39933,   0.00000  )

     Band symmetry, C_1 (1)     point group:

     e(  1 -  1) =    -77.71486  eV     1   --> A              
     e(  2 -  2) =    -49.16197  eV     1   --> A              
     e(  3 -  3) =    -49.03946  eV     1   --> A              
     e(  4 -  4) =    -48.81473  eV     1   --> A              
     e(  5 -  5) =    -21.28278  eV     1   --> A              
     e(  6 -  6) =    -21.21234  eV     1   --> A              
     e(  7 -  7) =    -20.19854  eV     1   --> A              
     e(  8 -  8) =    -19.49814  eV     1   --> A              
     e(  9 -  9) =    -15.01033  eV     1   --> A              
     e( 10 - 10) =    -14.70808  eV     1   --> A              
     e( 11 - 11) =    -11.84493  eV     1   --> A              
     e( 12 - 12) =    -11.57914  eV     1   --> A              
     e( 13 - 13) =    -11.09986  eV     1   --> A              
     e( 14 - 14) =    -10.92019  eV     1   --> A              
     e( 15 - 15) =    -10.40160  eV     1   --> A              
     e( 16 - 16) =     -9.13508  eV     1   --> A              
     e( 17 - 17) =     -8.61232  eV     1   --> A              
     e( 18 - 18) =     -8.00343  eV     1   --> A              
     e( 19 - 19) =     -7.62917  eV     1   --> A              
     e( 20 - 20) =     -7.17517  eV     1   --> A              
     e( 21 - 21) =     -6.02386  eV     1   --> A              
     e( 22 - 22) =     -4.50870  eV     1   --> A              
     e( 23 - 23) =     -3.94991  eV     1   --> A              
     e( 24 - 24) =     -2.80255  eV     1   --> A              
     e( 25 - 25) =     -2.46216  eV     1   --> A              
     e( 26 - 26) =     -1.50897  eV     1   --> A              
     e( 27 - 27) =     -1.14593  eV     1   --> A              
     e( 28 - 28) =      1.81009  eV     1   --> A              
     e( 29 - 29) =      2.32793  eV     1   --> A              
     e( 30 - 30) =      2.99361  eV     1   --> A              
     e( 31 - 31) =      3.18289  eV     1   --> A              
     e( 32 - 32) =      4.48797  eV     1   --> A              
     e( 33 - 33) =      5.10707  eV     1   --> A              
     e( 34 - 34) =      5.71388  eV     1   --> A              
     e( 35 - 35) =      5.89487  eV     1   --> A              

 **************************************************************************

 **************************************************************************

                    xk=(   0.43889,   0.39452,   0.00000  )

     Band symmetry, C_1 (1)     point group:

     e(  1 -  1) =    -77.71492  eV     1   --> A              
     e(  2 -  2) =    -49.16277  eV     1   --> A              
     e(  3 -  3) =    -49.03797  eV     1   --> A              
     e(  4 -  4) =    -48.81482  eV     1   --> A              
     e(  5 -  5) =    -21.29180  eV     1   --> A              
     e(  6 -  6) =    -21.22135  eV     1   --> A              
     e(  7 -  7) =    -20.20077  eV     1   --> A              
     e(  8 -  8) =    -19.49981  eV     1   --> A              
     e(  9 -  9) =    -15.02504  eV     1   --> A              
     e( 10 - 10) =    -14.72334  eV     1   --> A              
     e( 11 - 11) =    -11.82027  eV     1   --> A              
     e( 12 - 12) =    -11.53566  eV     1   --> A              
     e( 13 - 13) =    -11.07380  eV     1   --> A              
     e( 14 - 14) =    -10.91741  eV     1   --> A              
     e( 15 - 15) =    -10.39925  eV     1   --> A              
     e( 16 - 16) =     -9.12743  eV     1   --> A              
     e( 17 - 17) =     -8.61024  eV     1   --> A              
     e( 18 - 18) =     -7.96878  eV     1   --> A              
     e( 19 - 19) =     -7.63088  eV     1   --> A              
     e( 20 - 20) =     -7.18236  eV     1   --> A              
     e( 21 - 21) =     -6.02691  eV     1   --> A              
     e( 22 - 22) =     -4.49844  eV     1   --> A              
     e( 23 - 23) =     -3.96509  eV     1   --> A              
     e( 24 - 24) =     -2.80514  eV     1   --> A              
     e( 25 - 25) =     -2.46131  eV     1   --> A              
     e( 26 - 26) =     -1.57500  eV     1   --> A              
     e( 27 - 27) =     -1.20299  eV     1   --> A              
     e( 28 - 28) =      1.77293  eV     1   --> A              
     e( 29 - 29) =      2.29439  eV     1   --> A              
     e( 30 - 30) =      3.02991  eV     1   --> A              
     e( 31 - 31) =      3.23403  eV     1   --> A              
     e( 32 - 32) =      4.50556  eV     1   --> A              
     e( 33 - 33) =      5.12080  eV     1   --> A              
     e( 34 - 34) =      5.73560  eV     1   --> A              
     e( 35 - 35) =      5.87783  eV     1   --> A              

 **************************************************************************

 **************************************************************************

                    xk=(   0.44167,   0.38971,   0.00000  )

     Band symmetry, C_1 (1)     point group:

     e(  1 -  1) =    -77.71499  eV     1   --> A              
     e(  2 -  2) =    -49.16353  eV     1   --> A              
     e(  3 -  3) =    -49.03653  eV     1   --> A              
     e(  4 -  4) =    -48.81492  eV     1   --> A              
     e(  5 -  5) =    -21.30050  eV     1   --> A              
     e(  6 -  6) =    -21.23004  eV     1   --> A              
     e(  7 -  7) =    -20.20297  eV     1   --> A              
     e(  8 -  8) =    -19.50146  eV     1   --> A              
     e(  9 -  9) =    -15.03915  eV     1   --> A              
     e( 10 - 10) =    -14.73796  eV     1   --> A              
     e( 11 - 11) =    -11.79983  eV     1   --> A              
     e( 12 - 12) =    -11.49543  eV     1   --> A              
     e( 13 - 13) =    -11.04457  eV     1   --> A              
     e( 14 - 14) =    -10.91167  eV     1   --> A              
     e( 15 - 15) =    -10.39725  eV     1   --> A              
     e( 16 - 16) =     -9.11929  eV     1   --> A              
     e( 17 - 17) =     -8.60911  eV     1   --> A              
     e( 18 - 18) =     -7.93540  eV     1   --> A              
     e( 19 - 19) =     -7.63201  eV     1   --> A              
     e( 20 - 20) =     -7.18956  eV     1   --> A              
     e( 21 - 21) =     -6.02975  eV     1   --> A              
     e( 22 - 22) =     -4.48841  eV     1   --> A              
     e( 23 - 23) =     -3.98018  eV     1   --> A              
     e( 24 - 24) =     -2.80876  eV     1   --> A              
     e( 25 - 25) =     -2.46005  eV     1   --> A              
     e( 26 - 26) =     -1.63956  eV     1   --> A              
     e( 27 - 27) =     -1.25834  eV     1   --> A              
     e( 28 - 28) =      1.73713  eV     1   --> A              
     e( 29 - 29) =      2.26243  eV     1   --> A              
     e( 30 - 30) =      3.06477  eV     1   --> A              
     e( 31 - 31) =      3.28415  eV     1   --> A              
     e( 32 - 32) =      4.52387  eV     1   --> A              
     e( 33 - 33) =      5.13476  eV     1   --> A              
     e( 34 - 34) =      5.75613  eV     1   --> A              
     e( 35 - 35) =      5.86010  eV     1   --> A              

 **************************************************************************

 **************************************************************************

                    xk=(   0.44444,   0.38490,   0.00000  )

     Band symmetry, C_1 (1)     point group:

     e(  1 -  1) =    -77.71505  eV     1   --> A              
     e(  2 -  2) =    -49.16426  eV     1   --> A              
     e(  3 -  3) =    -49.03514  eV     1   --> A              
     e(  4 -  4) =    -48.81501  eV     1   --> A              
     e(  5 -  5) =    -21.30887  eV     1   --> A              
     e(  6 -  6) =    -21.23841  eV     1   --> A              
     e(  7 -  7) =    -20.20514  eV     1   --> A              
     e(  8 -  8) =    -19.50309  eV     1   --> A              
     e(  9 -  9) =    -15.05266  eV     1   --> A              
     e( 10 - 10) =    -14.75193  eV     1   --> A              
     e( 11 - 11) =    -11.78330  eV     1   --> A              
     e( 12 - 12) =    -11.45874  eV     1   --> A              
     e( 13 - 13) =    -11.01272  eV     1   --> A              
     e( 14 - 14) =    -10.90266  eV     1   --> A              
     e( 15 - 15) =    -10.39559  eV     1   --> A              
     e( 16 - 16) =     -9.11069  eV     1   --> A              
     e( 17 - 17) =     -8.60880  eV     1   --> A              
     e( 18 - 18) =     -7.90370  eV     1   --> A              
     e( 19 - 19) =     -7.63232  eV     1   --> A              
     e( 20 - 20) =     -7.19675  eV     1   --> A              
     e( 21 - 21) =     -6.03239  eV     1   --> A              
     e( 22 - 22) =     -4.47861  eV     1   --> A              
     e( 23 - 23) =     -3.99517  eV     1   --> A              
     e( 24 - 24) =     -2.81349  eV     1   --> A              
     e( 25 - 25) =     -2.45833  eV     1   --> A              
     e( 26 - 26) =     -1.70238  eV     1   --> A              
     e( 27 - 27) =     -1.31187  eV     1   --> A              
     e( 28 - 28) =      1.70274  eV     1   --> A              
     e( 29 - 29) =      2.23205  eV     1   --> A              
     e( 30 - 30) =      3.09814  eV     1   --> A              
     e( 31 - 31) =      3.33291  eV     1   --> A              
     e( 32 - 32) =      4.54294  eV     1   --> A              
     e( 33 - 33) =      5.14900  eV     1   --> A              
     e( 34 - 34) =      5.77460  eV     1   --> A              
     e( 35 - 35) =      5.84308  eV     1   --> A              

 **************************************************************************

 **************************************************************************

                    xk=(   0.44722,   0.38009,   0.00000  )

     Band symmetry, C_1 (1)     point group:

     e(  1 -  1) =    -77.71511  eV     1   --> A              
     e(  2 -  2) =    -49.16496  eV     1   --> A              
     e(  3 -  3) =    -49.03381  eV     1   --> A              
     e(  4 -  4) =    -48.81510  eV     1   --> A              
     e(  5 -  5) =    -21.31690  eV     1   --> A              
     e(  6 -  6) =    -21.24643  eV     1   --> A              
     e(  7 -  7) =    -20.20726  eV     1   --> A              
     e(  8 -  8) =    -19.50469  eV     1   --> A              
     e(  9 -  9) =    -15.06557  eV     1   --> A              
     e( 10 - 10) =    -14.76524  eV     1   --> A              
     e( 11 - 11) =    -11.77031  eV     1   --> A              
     e( 12 - 12) =    -11.42583  eV     1   --> A              
     e( 13 - 13) =    -10.97900  eV     1   --> A              
     e( 14 - 14) =    -10.89007  eV     1   --> A              
     e( 15 - 15) =    -10.39429  eV     1   --> A              
     e( 16 - 16) =     -9.10171  eV     1   --> A              
     e( 17 - 17) =     -8.60918  eV     1   --> A              
     e( 18 - 18) =     -7.87414  eV     1   --> A              
     e( 19 - 19) =     -7.63147  eV     1   --> A              
     e( 20 - 20) =     -7.20391  eV     1   --> A              
     e( 21 - 21) =     -6.03484  eV     1   --> A              
     e( 22 - 22) =     -4.46902  eV     1   --> A              
     e( 23 - 23) =     -4.01002  eV     1   --> A              
     e( 24 - 24) =     -2.81940  eV     1   --> A              
     e( 25 - 25) =     -2.45616  eV     1   --> A              
     e( 26 - 26) =     -1.76320  eV     1   --> A              
     e( 27 - 27) =     -1.36343  eV     1   --> A              
     e( 28 - 28) =      1.66982  eV     1   --> A              
     e( 29 - 29) =      2.20326  eV     1   --> A              
     e( 30 - 30) =      3.12998  eV     1   --> A              
     e( 31 - 31) =      3.38001  eV     1   --> A              
     e( 32 - 32) =      4.56281  eV     1   --> A              
     e( 33 - 33) =      5.16355  eV     1   --> A              
     e( 34 - 34) =      5.78712  eV     1   --> A              
     e( 35 - 35) =      5.83107  eV     1   --> A              

 **************************************************************************

 **************************************************************************

                    xk=(   0.45000,   0.37528,   0.00000  )

     Band symmetry, C_1 (1)     point group:

     e(  1 -  1) =    -77.71517  eV     1   --> A              
     e(  2 -  2) =    -49.16562  eV     1   --> A              
     e(  3 -  3) =    -49.03253  eV     1   --> A              
     e(  4 -  4) =    -48.81519  eV     1   --> A              
     e(  5 -  5) =    -21.32459  eV     1   --> A              
     e(  6 -  6) =    -21.25411  eV     1   --> A              
     e(  7 -  7) =    -20.20933  eV     1   --> A              
     e(  8 -  8) =    -19.50626  eV     1   --> A              
     e(  9 -  9) =    -15.07785  eV     1   --> A              
     e( 10 - 10) =    -14.77790  eV     1   --> A              
     e( 11 - 11) =    -11.76040  eV     1   --> A              
     e( 12 - 12) =    -11.39686  eV     1   --> A              
     e( 13 - 13) =    -10.94429  eV     1   --> A              
     e( 14 - 14) =    -10.87357  eV     1   --> A              
     e( 15 - 15) =    -10.39334  eV     1   --> A              
     e( 16 - 16) =     -9.09240  eV     1   --> A              
     e( 17 - 17) =     -8.61015  eV     1   --> A              
     e( 18 - 18) =     -7.84726  eV     1   --> A              
     e( 19 - 19) =     -7.62904  eV     1   --> A              
     e( 20 - 20) =     -7.21105  eV     1   --> A              
     e( 21 - 21) =     -6.03710  eV     1   --> A              
     e( 22 - 22) =     -4.45964  eV     1   --> A              
     e( 23 - 23) =     -4.02469  eV     1   --> A              
     e( 24 - 24) =     -2.82650  eV     1   --> A              
     e( 25 - 25) =     -2.45357  eV     1   --> A              
     e( 26 - 26) =     -1.82172  eV     1   --> A              
     e( 27 - 27) =     -1.41294  eV     1   --> A              
     e( 28 - 28) =      1.63839  eV     1   --> A              
     e( 29 - 29) =      2.17604  eV     1   --> A              
     e( 30 - 30) =      3.16026  eV     1   --> A              
     e( 31 - 31) =      3.42518  eV     1   --> A              
     e( 32 - 32) =      4.58348  eV     1   --> A              
     e( 33 - 33) =      5.17843  eV     1   --> A              
     e( 34 - 34) =      5.78407  eV     1   --> A              
     e( 35 - 35) =      5.83405  eV     1   --> A              

 **************************************************************************

 **************************************************************************

                    xk=(   0.45278,   0.37047,   0.00000  )

     Band symmetry, C_1 (1)     point group:

     e(  1 -  1) =    -77.71523  eV     1   --> A              
     e(  2 -  2) =    -49.16625  eV     1   --> A              
     e(  3 -  3) =    -49.03131  eV     1   --> A              
     e(  4 -  4) =    -48.81527  eV     1   --> A              
     e(  5 -  5) =    -21.33191  eV     1   --> A              
     e(  6 -  6) =    -21.26142  eV     1   --> A              
     e(  7 -  7) =    -20.21134  eV     1   --> A              
     e(  8 -  8) =    -19.50778  eV     1   --> A              
     e(  9 -  9) =    -15.08951  eV     1   --> A              
     e( 10 - 10) =    -14.78988  eV     1   --> A              
     e( 11 - 11) =    -11.75310  eV     1   --> A              
     e( 12 - 12) =    -11.37184  eV     1   --> A              
     e( 13 - 13) =    -10.90965  eV     1   --> A              
     e( 14 - 14) =    -10.85284  eV     1   --> A              
     e( 15 - 15) =    -10.39274  eV     1   --> A              
     e( 16 - 16) =     -9.08283  eV     1   --> A              
     e( 17 - 17) =     -8.61163  eV     1   --> A              
     e( 18 - 18) =     -7.82364  eV     1   --> A              
     e( 19 - 19) =     -7.62455  eV     1   --> A              
     e( 20 - 20) =     -7.21814  eV     1   --> A              
     e( 21 - 21) =     -6.03920  eV     1   --> A              
     e( 22 - 22) =     -4.45049  eV     1   --> A              
     e( 23 - 23) =     -4.03916  eV     1   --> A              
     e( 24 - 24) =     -2.83475  eV     1   --> A              
     e( 25 - 25) =     -2.45069  eV     1   --> A              
     e( 26 - 26) =     -1.87760  eV     1   --> A              
     e( 27 - 27) =     -1.46031  eV     1   --> A              
     e( 28 - 28) =      1.60847  eV     1   --> A              
     e( 29 - 29) =      2.15038  eV     1   --> A              
     e( 30 - 30) =      3.18894  eV     1   --> A              
     e( 31 - 31) =      3.46818  eV     1   --> A              
     e( 32 - 32) =      4.60493  eV     1   --> A              
     e( 33 - 33) =      5.19369  eV     1   --> A              
     e( 34 - 34) =      5.76927  eV     1   --> A              
     e( 35 - 35) =      5.84850  eV     1   --> A              

 **************************************************************************

 **************************************************************************

                    xk=(   0.45556,   0.36566,   0.00000  )

     Band symmetry, C_1 (1)     point group:

     e(  1 -  1) =    -77.71528  eV     1   --> A              
     e(  2 -  2) =    -49.16685  eV     1   --> A              
     e(  3 -  3) =    -49.03016  eV     1   --> A              
     e(  4 -  4) =    -48.81535  eV     1   --> A              
     e(  5 -  5) =    -21.33887  eV     1   --> A              
     e(  6 -  6) =    -21.26836  eV     1   --> A              
     e(  7 -  7) =    -20.21328  eV     1   --> A              
     e(  8 -  8) =    -19.50926  eV     1   --> A              
     e(  9 -  9) =    -15.10054  eV     1   --> A              
     e( 10 - 10) =    -14.80120  eV     1   --> A              
     e( 11 - 11) =    -11.74798  eV     1   --> A              
     e( 12 - 12) =    -11.35065  eV     1   --> A              
     e( 13 - 13) =    -10.87613  eV     1   --> A              
     e( 14 - 14) =    -10.82763  eV     1   --> A              
     e( 15 - 15) =    -10.39251  eV     1   --> A              
     e( 16 - 16) =     -9.07308  eV     1   --> A              
     e( 17 - 17) =     -8.61354  eV     1   --> A              
     e( 18 - 18) =     -7.80381  eV     1   --> A              
     e( 19 - 19) =     -7.61753  eV     1   --> A              
     e( 20 - 20) =     -7.22516  eV     1   --> A              
     e( 21 - 21) =     -6.04113  eV     1   --> A              
     e( 22 - 22) =     -4.44154  eV     1   --> A              
     e( 23 - 23) =     -4.05339  eV     1   --> A              
     e( 24 - 24) =     -2.84408  eV     1   --> A              
     e( 25 - 25) =     -2.44771  eV     1   --> A              
     e( 26 - 26) =     -1.93048  eV     1   --> A              
     e( 27 - 27) =     -1.50548  eV     1   --> A              
     e( 28 - 28) =      1.58011  eV     1   --> A              
     e( 29 - 29) =      2.12626  eV     1   --> A              
     e( 30 - 30) =      3.21599  eV     1   --> A              
     e( 31 - 31) =      3.50878  eV     1   --> A              
     e( 32 - 32) =      4.62706  eV     1   --> A              
     e( 33 - 33) =      5.20935  eV     1   --> A              
     e( 34 - 34) =      5.75147  eV     1   --> A              
     e( 35 - 35) =      5.86591  eV     1   --> A              

 **************************************************************************

 **************************************************************************

                    xk=(   0.45833,   0.36084,   0.00000  )

     Band symmetry, C_1 (1)     point group:

     e(  1 -  1) =    -77.71533  eV     1   --> A              
     e(  2 -  2) =    -49.16741  eV     1   --> A              
     e(  3 -  3) =    -49.02906  eV     1   --> A              
     e(  4 -  4) =    -48.81543  eV     1   --> A              
     e(  5 -  5) =    -21.34544  eV     1   --> A              
     e(  6 -  6) =    -21.27493  eV     1   --> A              
     e(  7 -  7) =    -20.21515  eV     1   --> A              
     e(  8 -  8) =    -19.51068  eV     1   --> A              
     e(  9 -  9) =    -15.11092  eV     1   --> A              
     e( 10 - 10) =    -14.81185  eV     1   --> A              
     e( 11 - 11) =    -11.74461  eV     1   --> A              
     e( 12 - 12) =    -11.33301  eV     1   --> A              
     e( 13 - 13) =    -10.84438  eV     1   --> A              
     e( 14 - 14) =    -10.79828  eV     1   --> A              
     e( 15 - 15) =    -10.39265  eV     1   --> A              
     e( 16 - 16) =     -9.06323  eV     1   --> A              
     e( 17 - 17) =     -8.61581  eV     1   --> A              
     e( 18 - 18) =     -7.78810  eV     1   --> A              
     e( 19 - 19) =     -7.60771  eV     1   --> A              
     e( 20 - 20) =     -7.23211  eV     1   --> A              
     e( 21 - 21) =     -6.04291  eV     1   --> A              
     e( 22 - 22) =     -4.43280  eV     1   --> A              
     e( 23 - 23) =     -4.06734  eV     1   --> A              
     e( 24 - 24) =     -2.85437  eV     1   --> A              
     e( 25 - 25) =     -2.44488  eV     1   --> A              
     e( 26 - 26) =     -1.97995  eV     1   --> A              
     e( 27 - 27) =     -1.54839  eV     1   --> A              
     e( 28 - 28) =      1.55331  eV     1   --> A              
     e( 29 - 29) =      2.10369  eV     1   --> A              
     e( 30 - 30) =      3.24140  eV     1   --> A              
     e( 31 - 31) =      3.54684  eV     1   --> A              
     e( 32 - 32) =      4.64977  eV     1   --> A              
     e( 33 - 33) =      5.22544  eV     1   --> A              
     e( 34 - 34) =      5.73317  eV     1   --> A              
     e( 35 - 35) =      5.88398  eV     1   --> A              

 **************************************************************************

 **************************************************************************

                    xk=(   0.46111,   0.35603,   0.00000  )

     Band symmetry, C_1 (1)     point group:

     e(  1 -  1) =    -77.71538  eV     1   --> A              
     e(  2 -  2) =    -49.16794  eV     1   --> A              
     e(  3 -  3) =    -49.02803  eV     1   --> A              
     e(  4 -  4) =    -48.81550  eV     1   --> A              
     e(  5 -  5) =    -21.35163  eV     1   --> A              
     e(  6 -  6) =    -21.28110  eV     1   --> A              
     e(  7 -  7) =    -20.21693  eV     1   --> A              
     e(  8 -  8) =    -19.51204  eV     1   --> A              
     e(  9 -  9) =    -15.12067  eV     1   --> A              
     e( 10 - 10) =    -14.82182  eV     1   --> A              
     e( 11 - 11) =    -11.74266  eV     1   --> A              
     e( 12 - 12) =    -11.31857  eV     1   --> A              
     e( 13 - 13) =    -10.81415  eV     1   --> A              
     e( 14 - 14) =    -10.76602  eV     1   --> A              
     e( 15 - 15) =    -10.39316  eV     1   --> A              
     e( 16 - 16) =     -9.05335  eV     1   --> A              
     e( 17 - 17) =     -8.61837  eV     1   --> A              
     e( 18 - 18) =     -7.77646  eV     1   --> A              
     e( 19 - 19) =     -7.59519  eV     1   --> A              
     e( 20 - 20) =     -7.23897  eV     1   --> A              
     e( 21 - 21) =     -6.04455  eV     1   --> A              
     e( 22 - 22) =     -4.42428  eV     1   --> A              
     e( 23 - 23) =     -4.08098  eV     1   --> A              
     e( 24 - 24) =     -2.86545  eV     1   --> A              
     e( 25 - 25) =     -2.44257  eV     1   --> A              
     e( 26 - 26) =     -2.02553  eV     1   --> A              
     e( 27 - 27) =     -1.58904  eV     1   --> A              
     e( 28 - 28) =      1.52812  eV     1   --> A              
     e( 29 - 29) =      2.08263  eV     1   --> A              
     e( 30 - 30) =      3.26514  eV     1   --> A              
     e( 31 - 31) =      3.58219  eV     1   --> A              
     e( 32 - 32) =      4.67289  eV     1   --> A              
     e( 33 - 33) =      5.24198  eV     1   --> A              
     e( 34 - 34) =      5.71509  eV     1   --> A              
     e( 35 - 35) =      5.90213  eV     1   --> A              

 **************************************************************************

 **************************************************************************

                    xk=(   0.46389,   0.35122,   0.00000  )

     Band symmetry, C_1 (1)     point group:

     e(  1 -  1) =    -77.71542  eV     1   --> A              
     e(  2 -  2) =    -49.16843  eV     1   --> A              
     e(  3 -  3) =    -49.02706  eV     1   --> A              
     e(  4 -  4) =    -48.81556  eV     1   --> A              
     e(  5 -  5) =    -21.35743  eV     1   --> A              
     e(  6 -  6) =    -21.28688  eV     1   --> A              
     e(  7 -  7) =    -20.21862  eV     1   --> A              
     e(  8 -  8) =    -19.51334  eV     1   --> A              
     e(  9 -  9) =    -15.12976  eV     1   --> A              
     e( 10 - 10) =    -14.83112  eV     1   --> A              
     e( 11 - 11) =    -11.74180  eV     1   --> A              
     e( 12 - 12) =    -11.30688  eV     1   --> A              
     e( 13 - 13) =    -10.78482  eV     1   --> A              
     e( 14 - 14) =    -10.73247  eV     1   --> A              
     e( 15 - 15) =    -10.39406  eV     1   --> A              
     e( 16 - 16) =     -9.04353  eV     1   --> A              
     e( 17 - 17) =     -8.62115  eV     1   --> A              
     e( 18 - 18) =     -7.76844  eV     1   --> A              
     e( 19 - 19) =     -7.58044  eV     1   --> A              
     e( 20 - 20) =     -7.24573  eV     1   --> A              
     e( 21 - 21) =     -6.04606  eV     1   --> A              
     e( 22 - 22) =     -4.41596  eV     1   --> A              
     e( 23 - 23) =     -4.09426  eV     1   --> A              
     e( 24 - 24) =     -2.87715  eV     1   --> A              
     e( 25 - 25) =     -2.44122  eV     1   --> A              
     e( 26 - 26) =     -2.06669  eV     1   --> A              
     e( 27 - 27) =     -1.62738  eV     1   --> A              
     e( 28 - 28) =      1.50454  eV     1   --> A              
     e( 29 - 29) =      2.06309  eV     1   --> A              
     e( 30 - 30) =      3.28721  eV     1   --> A              
     e( 31 - 31) =      3.61478  eV     1   --> A              
     e( 32 - 32) =      4.69619  eV     1   --> A              
     e( 33 - 33) =      5.25899  eV     1   --> A              
     e( 34 - 34) =      5.69758  eV     1   --> A              
     e( 35 - 35) =      5.92013  eV     1   --> A              

 **************************************************************************

 **************************************************************************

                    xk=(   0.46667,   0.34641,   0.00000  )

     Band symmetry, C_1 (1)     point group:

     e(  1 -  1) =    -77.71546  eV     1   --> A              
     e(  2 -  2) =    -49.16889  eV     1   --> A              
     e(  3 -  3) =    -49.02616  eV     1   --> A              
     e(  4 -  4) =    -48.81563  eV     1   --> A              
     e(  5 -  5) =    -21.36282  eV     1   --> A              
     e(  6 -  6) =    -21.29227  eV     1   --> A              
     e(  7 -  7) =    -20.22021  eV     1   --> A              
     e(  8 -  8) =    -19.51456  eV     1   --> A              
     e(  9 -  9) =    -15.13819  eV     1   --> A              
     e( 10 - 10) =    -14.83974  eV     1   --> A              
     e( 11 - 11) =    -11.74178  eV     1   --> A              
     e( 12 - 12) =    -11.29754  eV     1   --> A              
     e( 13 - 13) =    -10.75603  eV     1   --> A              
     e( 14 - 14) =    -10.69895  eV     1   --> A              
     e( 15 - 15) =    -10.39537  eV     1   --> A              
     e( 16 - 16) =     -9.03386  eV     1   --> A              
     e( 17 - 17) =     -8.62411  eV     1   --> A              
     e( 18 - 18) =     -7.76334  eV     1   --> A              
     e( 19 - 19) =     -7.56419  eV     1   --> A              
     e( 20 - 20) =     -7.25237  eV     1   --> A              
     e( 21 - 21) =     -6.04744  eV     1   --> A              
     e( 22 - 22) =     -4.40786  eV     1   --> A              
     e( 23 - 23) =     -4.10714  eV     1   --> A              
     e( 24 - 24) =     -2.88924  eV     1   --> A              
     e( 25 - 25) =     -2.44136  eV     1   --> A              
     e( 26 - 26) =     -2.10285  eV     1   --> A              
     e( 27 - 27) =     -1.66342  eV     1   --> A              
     e( 28 - 28) =      1.48261  eV     1   --> A              
     e( 29 - 29) =      2.04504  eV     1   --> A              
     e( 30 - 30) =      3.30760  eV     1   --> A              
     e( 31 - 31) =      3.64456  eV     1   --> A              
     e( 32 - 32) =      4.71940  eV     1   --> A              
     e( 33 - 33) =      5.27645  eV     1   --> A              
     e( 34 - 34) =      5.68079  eV     1   --> A              
     e( 35 - 35) =      5.93787  eV     1   --> A              

 **************************************************************************

 **************************************************************************

                    xk=(   0.46944,   0.34160,   0.00000  )

     Band symmetry, C_1 (1)     point group:

     e(  1 -  1) =    -77.71550  eV     1   --> A              
     e(  2 -  2) =    -49.16931  eV     1   --> A              
     e(  3 -  3) =    -49.02533  eV     1   --> A              
     e(  4 -  4) =    -48.81568  eV     1   --> A              
     e(  5 -  5) =    -21.36780  eV     1   --> A              
     e(  6 -  6) =    -21.29724  eV     1   --> A              
     e(  7 -  7) =    -20.22170  eV     1   --> A              
     e(  8 -  8) =    -19.51570  eV     1   --> A              
     e(  9 -  9) =    -15.14597  eV     1   --> A              
     e( 10 - 10) =    -14.84768  eV     1   --> A              
     e( 11 - 11) =    -11.74237  eV     1   --> A              
     e( 12 - 12) =    -11.29013  eV     1   --> A              
     e( 13 - 13) =    -10.72777  eV     1   --> A              
     e( 14 - 14) =    -10.66636  eV     1   --> A              
     e( 15 - 15) =    -10.39709  eV     1   --> A              
     e( 16 - 16) =     -9.02444  eV     1   --> A              
     e( 17 - 17) =     -8.62717  eV     1   --> A              
     e( 18 - 18) =     -7.76044  eV     1   --> A              
     e( 19 - 19) =     -7.54715  eV     1   --> A              
     e( 20 - 20) =     -7.25888  eV     1   --> A              
     e( 21 - 21) =     -6.04871  eV     1   --> A              
     e( 22 - 22) =     -4.39998  eV     1   --> A              
     e( 23 - 23) =     -4.11958  eV     1   --> A              
     e( 24 - 24) =     -2.90151  eV     1   --> A              
     e( 25 - 25) =     -2.44353  eV     1   --> A              
     e( 26 - 26) =     -2.13343  eV     1   --> A              
     e( 27 - 27) =     -1.69715  eV     1   --> A              
     e( 28 - 28) =      1.46234  eV     1   --> A              
     e( 29 - 29) =      2.02848  eV     1   --> A              
     e( 30 - 30) =      3.32631  eV     1   --> A              
     e( 31 - 31) =      3.67152  eV     1   --> A              
     e( 32 - 32) =      4.74223  eV     1   --> A              
     e( 33 - 33) =      5.29434  eV     1   --> A              
     e( 34 - 34) =      5.66485  eV     1   --> A              
     e( 35 - 35) =      5.95526  eV     1   --> A              

 **************************************************************************

 **************************************************************************

                    xk=(   0.47222,   0.33679,   0.00000  )

     Band symmetry, C_1 (1)     point group:

     e(  1 -  1) =    -77.71554  eV     1   --> A              
     e(  2 -  2) =    -49.16970  eV     1   --> A              
     e(  3 -  3) =    -49.02456  eV     1   --> A              
     e(  4 -  4) =    -48.81574  eV     1   --> A              
     e(  5 -  5) =    -21.37237  eV     1   --> A              
     e(  6 -  6) =    -21.30180  eV     1   --> A              
     e(  7 -  7) =    -20.22307  eV     1   --> A              
     e(  8 -  8) =    -19.51676  eV     1   --> A              
     e(  9 -  9) =    -15.15308  eV     1   --> A              
     e( 10 - 10) =    -14.85493  eV     1   --> A              
     e( 11 - 11) =    -11.74338  eV     1   --> A              
     e( 12 - 12) =    -11.28429  eV     1   --> A              
     e( 13 - 13) =    -10.70023  eV     1   --> A              
     e( 14 - 14) =    -10.63529  eV     1   --> A              
     e( 15 - 15) =    -10.39925  eV     1   --> A              
     e( 16 - 16) =     -9.01535  eV     1   --> A              
     e( 17 - 17) =     -8.63028  eV     1   --> A              
     e( 18 - 18) =     -7.75910  eV     1   --> A              
     e( 19 - 19) =     -7.52999  eV     1   --> A              
     e( 20 - 20) =     -7.26525  eV     1   --> A              
     e( 21 - 21) =     -6.04986  eV     1   --> A              
     e( 22 - 22) =     -4.39234  eV     1   --> A              
     e( 23 - 23) =     -4.13152  eV     1   --> A              
     e( 24 - 24) =     -2.91372  eV     1   --> A              
     e( 25 - 25) =     -2.44815  eV     1   --> A              
     e( 26 - 26) =     -2.15801  eV     1   --> A              
     e( 27 - 27) =     -1.72856  eV     1   --> A              
     e( 28 - 28) =      1.44376  eV     1   --> A              
     e( 29 - 29) =      2.01340  eV     1   --> A              
     e( 30 - 30) =      3.34335  eV     1   --> A              
     e( 31 - 31) =      3.69569  eV     1   --> A              
     e( 32 - 32) =      4.76435  eV     1   --> A              
     e( 33 - 33) =      5.31257  eV     1   --> A              
     e( 34 - 34) =      5.64981  eV     1   --> A              
     e( 35 - 35) =      5.97219  eV     1   --> A              

 **************************************************************************

 **************************************************************************

                    xk=(   0.47500,   0.33198,   0.00000  )

     Band symmetry, C_1 (1)     point group:

     e(  1 -  1) =    -77.71557  eV     1   --> A              
     e(  2 -  2) =    -49.17005  eV     1   --> A              
     e(  3 -  3) =    -49.02387  eV     1   --> A              
     e(  4 -  4) =    -48.81579  eV     1   --> A              
     e(  5 -  5) =    -21.37652  eV     1   --> A              
     e(  6 -  6) =    -21.30594  eV     1   --> A              
     e(  7 -  7) =    -20.22433  eV     1   --> A              
     e(  8 -  8) =    -19.51773  eV     1   --> A              
     e(  9 -  9) =    -15.15953  eV     1   --> A              
     e( 10 - 10) =    -14.86150  eV     1   --> A              
     e( 11 - 11) =    -11.74467  eV     1   --> A              
     e( 12 - 12) =    -11.27972  eV     1   --> A              
     e( 13 - 13) =    -10.67366  eV     1   --> A              
     e( 14 - 14) =    -10.60619  eV     1   --> A              
     e( 15 - 15) =    -10.40187  eV     1   --> A              
     e( 16 - 16) =     -9.00671  eV     1   --> A              
     e( 17 - 17) =     -8.63339  eV     1   --> A              
     e( 18 - 18) =     -7.75882  eV     1   --> A              
     e( 19 - 19) =     -7.51319  eV     1   --> A              
     e( 20 - 20) =     -7.27144  eV     1   --> A              
     e( 21 - 21) =     -6.05089  eV     1   --> A              
     e( 22 - 22) =     -4.38497  eV     1   --> A              
     e( 23 - 23) =     -4.14289  eV     1   --> A              
     e( 24 - 24) =     -2.92563  eV     1   --> A              
     e( 25 - 25) =     -2.45536  eV     1   --> A              
     e( 26 - 26) =     -2.17647  eV     1   --> A              
     e( 27 - 27) =     -1.75762  eV     1   --> A              
     e( 28 - 28) =      1.42687  eV     1   --> A              
     e( 29 - 29) =      1.99977  eV     1   --> A              
     e( 30 - 30) =      3.35871  eV     1   --> A              
     e( 31 - 31) =      3.71714  eV     1   --> A              
     e( 32 - 32) =      4.78542  eV     1   --> A              
     e( 33 - 33) =      5.33102  eV     1   --> A              
     e( 34 - 34) =      5.63573  eV     1   --> A              
     e( 35 - 35) =      5.98854  eV     1   --> A              

 **************************************************************************

 **************************************************************************

                    xk=(   0.47778,   0.32717,   0.00000  )

     Band symmetry, C_1 (1)     point group:

     e(  1 -  1) =    -77.71560  eV     1   --> A              
     e(  2 -  2) =    -49.17036  eV     1   --> A              
     e(  3 -  3) =    -49.02324  eV     1   --> A              
     e(  4 -  4) =    -48.81583  eV     1   --> A              
     e(  5 -  5) =    -21.38025  eV     1   --> A              
     e(  6 -  6) =    -21.30966  eV     1   --> A              
     e(  7 -  7) =    -20.22547  eV     1   --> A              
     e(  8 -  8) =    -19.51861  eV     1   --> A              
     e(  9 -  9) =    -15.16530  eV     1   --> A              
     e( 10 - 10) =    -14.86738  eV     1   --> A              
     e( 11 - 11) =    -11.74611  eV     1   --> A              
     e( 12 - 12) =    -11.27616  eV     1   --> A              
     e( 13 - 13) =    -10.64835  eV     1   --> A              
     e( 14 - 14) =    -10.57940  eV     1   --> A              
     e( 15 - 15) =    -10.40495  eV     1   --> A              
     e( 16 - 16) =     -8.99859  eV     1   --> A              
     e( 17 - 17) =     -8.63641  eV     1   --> A              
     e( 18 - 18) =     -7.75924  eV     1   --> A              
     e( 19 - 19) =     -7.49715  eV     1   --> A              
     e( 20 - 20) =     -7.27744  eV     1   --> A              
     e( 21 - 21) =     -6.05183  eV     1   --> A              
     e( 22 - 22) =     -4.37791  eV     1   --> A              
     e( 23 - 23) =     -4.15364  eV     1   --> A              
     e( 24 - 24) =     -2.93701  eV     1   --> A              
     e( 25 - 25) =     -2.46485  eV     1   --> A              
     e( 26 - 26) =     -2.18916  eV     1   --> A              
     e( 27 - 27) =     -1.78430  eV     1   --> A              
     e( 28 - 28) =      1.41171  eV     1   --> A              
     e( 29 - 29) =      1.98761  eV     1   --> A              
     e( 30 - 30) =      3.37241  eV     1   --> A              
     e( 31 - 31) =      3.73595  eV     1   --> A              
     e( 32 - 32) =      4.80512  eV     1   --> A              
     e( 33 - 33) =      5.34952  eV     1   --> A              
     e( 34 - 34) =      5.62263  eV     1   --> A              
     e( 35 - 35) =      6.00415  eV     1   --> A              

 **************************************************************************

 **************************************************************************

                    xk=(   0.48056,   0.32235,   0.00000  )

     Band symmetry, C_1 (1)     point group:

     e(  1 -  1) =    -77.71563  eV     1   --> A              
     e(  2 -  2) =    -49.17064  eV     1   --> A              
     e(  3 -  3) =    -49.02269  eV     1   --> A              
     e(  4 -  4) =    -48.81587  eV     1   --> A              
     e(  5 -  5) =    -21.38355  eV     1   --> A              
     e(  6 -  6) =    -21.31294  eV     1   --> A              
     e(  7 -  7) =    -20.22649  eV     1   --> A              
     e(  8 -  8) =    -19.51940  eV     1   --> A              
     e(  9 -  9) =    -15.17041  eV     1   --> A              
     e( 10 - 10) =    -14.87258  eV     1   --> A              
     e( 11 - 11) =    -11.74759  eV     1   --> A              
     e( 12 - 12) =    -11.27342  eV     1   --> A              
     e( 13 - 13) =    -10.62457  eV     1   --> A              
     e( 14 - 14) =    -10.55517  eV     1   --> A              
     e( 15 - 15) =    -10.40851  eV     1   --> A              
     e( 16 - 16) =     -8.99112  eV     1   --> A              
     e( 17 - 17) =     -8.63930  eV     1   --> A              
     e( 18 - 18) =     -7.76006  eV     1   --> A              
     e( 19 - 19) =     -7.48215  eV     1   --> A              
     e( 20 - 20) =     -7.28321  eV     1   --> A              
     e( 21 - 21) =     -6.05265  eV     1   --> A              
     e( 22 - 22) =     -4.37121  eV     1   --> A              
     e( 23 - 23) =     -4.16366  eV     1   --> A              
     e( 24 - 24) =     -2.94764  eV     1   --> A              
     e( 25 - 25) =     -2.47595  eV     1   --> A              
     e( 26 - 26) =     -2.19686  eV     1   --> A              
     e( 27 - 27) =     -1.80852  eV     1   --> A              
     e( 28 - 28) =      1.39829  eV     1   --> A              
     e( 29 - 29) =      1.97689  eV     1   --> A              
     e( 30 - 30) =      3.38446  eV     1   --> A              
     e( 31 - 31) =      3.75222  eV     1   --> A              
     e( 32 - 32) =      4.82314  eV     1   --> A              
     e( 33 - 33) =      5.36780  eV     1   --> A              
     e( 34 - 34) =      5.61051  eV     1   --> A              
     e( 35 - 35) =      6.01883  eV     1   --> A              

 **************************************************************************

 **************************************************************************

                    xk=(   0.48333,   0.31754,   0.00000  )

     Band symmetry, C_1 (1)     point group:

     e(  1 -  1) =    -77.71565  eV     1   --> A              
     e(  2 -  2) =    -49.17088  eV     1   --> A              
     e(  3 -  3) =    -49.02221  eV     1   --> A              
     e(  4 -  4) =    -48.81590  eV     1   --> A              
     e(  5 -  5) =    -21.38641  eV     1   --> A              
     e(  6 -  6) =    -21.31580  eV     1   --> A              
     e(  7 -  7) =    -20.22738  eV     1   --> A              
     e(  8 -  8) =    -19.52009  eV     1   --> A              
     e(  9 -  9) =    -15.17483  eV     1   --> A              
     e( 10 - 10) =    -14.87708  eV     1   --> A              
     e( 11 - 11) =    -11.74902  eV     1   --> A              
     e( 12 - 12) =    -11.27131  eV     1   --> A              
     e( 13 - 13) =    -10.60257  eV     1   --> A              
     e( 14 - 14) =    -10.53374  eV     1   --> A              
     e( 15 - 15) =    -10.41252  eV     1   --> A              
     e( 16 - 16) =     -8.98438  eV     1   --> A              
     e( 17 - 17) =     -8.64198  eV     1   --> A              
     e( 18 - 18) =     -7.76109  eV     1   --> A              
     e( 19 - 19) =     -7.46843  eV     1   --> A              
     e( 20 - 20) =     -7.28868  eV     1   --> A              
     e( 21 - 21) =     -6.05337  eV     1   --> A              
     e( 22 - 22) =     -4.36495  eV     1   --> A              
     e( 23 - 23) =     -4.17285  eV     1   --> A              
     e( 24 - 24) =     -2.95731  eV     1   --> A              
     e( 25 - 25) =     -2.48773  eV     1   --> A              
     e( 26 - 26) =     -2.20064  eV     1   --> A              
     e( 27 - 27) =     -1.83017  eV     1   --> A              
     e( 28 - 28) =      1.38663  eV     1   --> A              
     e( 29 - 29) =      1.96762  eV     1   --> A              
     e( 30 - 30) =      3.39487  eV     1   --> A              
     e( 31 - 31) =      3.76606  eV     1   --> A              
     e( 32 - 32) =      4.83922  eV     1   --> A              
     e( 33 - 33) =      5.38555  eV     1   --> A              
     e( 34 - 34) =      5.59940  eV     1   --> A              
     e( 35 - 35) =      6.03238  eV     1   --> A              

 **************************************************************************

 **************************************************************************

                    xk=(   0.48611,   0.31273,   0.00000  )

     Band symmetry, C_1 (1)     point group:

     e(  1 -  1) =    -77.71567  eV     1   --> A              
     e(  2 -  2) =    -49.17109  eV     1   --> A              
     e(  3 -  3) =    -49.02180  eV     1   --> A              
     e(  4 -  4) =    -48.81593  eV     1   --> A              
     e(  5 -  5) =    -21.38885  eV     1   --> A              
     e(  6 -  6) =    -21.31823  eV     1   --> A              
     e(  7 -  7) =    -20.22814  eV     1   --> A              
     e(  8 -  8) =    -19.52067  eV     1   --> A              
     e(  9 -  9) =    -15.17858  eV     1   --> A              
     e( 10 - 10) =    -14.88089  eV     1   --> A              
     e( 11 - 11) =    -11.75034  eV     1   --> A              
     e( 12 - 12) =    -11.26972  eV     1   --> A              
     e( 13 - 13) =    -10.58262  eV     1   --> A              
     e( 14 - 14) =    -10.51529  eV     1   --> A              
     e( 15 - 15) =    -10.41692  eV     1   --> A              
     e( 16 - 16) =     -8.97848  eV     1   --> A              
     e( 17 - 17) =     -8.64439  eV     1   --> A              
     e( 18 - 18) =     -7.76217  eV     1   --> A              
     e( 19 - 19) =     -7.45621  eV     1   --> A              
     e( 20 - 20) =     -7.29377  eV     1   --> A              
     e( 21 - 21) =     -6.05398  eV     1   --> A              
     e( 22 - 22) =     -4.35924  eV     1   --> A              
     e( 23 - 23) =     -4.18109  eV     1   --> A              
     e( 24 - 24) =     -2.96584  eV     1   --> A              
     e( 25 - 25) =     -2.49925  eV     1   --> A              
     e( 26 - 26) =     -2.20161  eV     1   --> A              
     e( 27 - 27) =     -1.84910  eV     1   --> A              
     e( 28 - 28) =      1.37673  eV     1   --> A              
     e( 29 - 29) =      1.95978  eV     1   --> A              
     e( 30 - 30) =      3.40366  eV     1   --> A              
     e( 31 - 31) =      3.77756  eV     1   --> A              
     e( 32 - 32) =      4.85315  eV     1   --> A              
     e( 33 - 33) =      5.40234  eV     1   --> A              
     e( 34 - 34) =      5.58931  eV     1   --> A              
     e( 35 - 35) =      6.04454  eV     1   --> A              

 **************************************************************************

 **************************************************************************

                    xk=(   0.48889,   0.30792,   0.00000  )

     Band symmetry, C_1 (1)     point group:

     e(  1 -  1) =    -77.71569  eV     1   --> A              
     e(  2 -  2) =    -49.17125  eV     1   --> A              
     e(  3 -  3) =    -49.02146  eV     1   --> A              
     e(  4 -  4) =    -48.81595  eV     1   --> A              
     e(  5 -  5) =    -21.39084  eV     1   --> A              
     e(  6 -  6) =    -21.32021  eV     1   --> A              
     e(  7 -  7) =    -20.22876  eV     1   --> A              
     e(  8 -  8) =    -19.52116  eV     1   --> A              
     e(  9 -  9) =    -15.18165  eV     1   --> A              
     e( 10 - 10) =    -14.88401  eV     1   --> A              
     e( 11 - 11) =    -11.75150  eV     1   --> A              
     e( 12 - 12) =    -11.26854  eV     1   --> A              
     e( 13 - 13) =    -10.56503  eV     1   --> A              
     e( 14 - 14) =    -10.49997  eV     1   --> A              
     e( 15 - 15) =    -10.42159  eV     1   --> A              
     e( 16 - 16) =     -8.97351  eV     1   --> A              
     e( 17 - 17) =     -8.64647  eV     1   --> A              
     e( 18 - 18) =     -7.76319  eV     1   --> A              
     e( 19 - 19) =     -7.44569  eV     1   --> A              
     e( 20 - 20) =     -7.29836  eV     1   --> A              
     e( 21 - 21) =     -6.05449  eV     1   --> A              
     e( 22 - 22) =     -4.35422  eV     1   --> A              
     e( 23 - 23) =     -4.18822  eV     1   --> A              
     e( 24 - 24) =     -2.97305  eV     1   --> A              
     e( 25 - 25) =     -2.50968  eV     1   --> A              
     e( 26 - 26) =     -2.20083  eV     1   --> A              
     e( 27 - 27) =     -1.86511  eV     1   --> A              
     e( 28 - 28) =      1.36862  eV     1   --> A              
     e( 29 - 29) =      1.95337  eV     1   --> A              
     e( 30 - 30) =      3.41082  eV     1   --> A              
     e( 31 - 31) =      3.78683  eV     1   --> A              
     e( 32 - 32) =      4.86474  eV     1   --> A              
     e( 33 - 33) =      5.41767  eV     1   --> A              
     e( 34 - 34) =      5.58033  eV     1   --> A              
     e( 35 - 35) =      6.05504  eV     1   --> A              

 **************************************************************************

 **************************************************************************

                    xk=(   0.49167,   0.30311,   0.00000  )

     Band symmetry, C_1 (1)     point group:

     e(  1 -  1) =    -77.71570  eV     1   --> A              
     e(  2 -  2) =    -49.17138  eV     1   --> A              
     e(  3 -  3) =    -49.02120  eV     1   --> A              
     e(  4 -  4) =    -48.81597  eV     1   --> A              
     e(  5 -  5) =    -21.39239  eV     1   --> A              
     e(  6 -  6) =    -21.32176  eV     1   --> A              
     e(  7 -  7) =    -20.22925  eV     1   --> A              
     e(  8 -  8) =    -19.52153  eV     1   --> A              
     e(  9 -  9) =    -15.18404  eV     1   --> A              
     e( 10 - 10) =    -14.88644  eV     1   --> A              
     e( 11 - 11) =    -11.75243  eV     1   --> A              
     e( 12 - 12) =    -11.26770  eV     1   --> A              
     e( 13 - 13) =    -10.55021  eV     1   --> A              
     e( 14 - 14) =    -10.48789  eV     1   --> A              
     e( 15 - 15) =    -10.42625  eV     1   --> A              
     e( 16 - 16) =     -8.96954  eV     1   --> A              
     e( 17 - 17) =     -8.64816  eV     1   --> A              
     e( 18 - 18) =     -7.76407  eV     1   --> A              
     e( 19 - 19) =     -7.43710  eV     1   --> A              
     e( 20 - 20) =     -7.30228  eV     1   --> A              
     e( 21 - 21) =     -6.05488  eV     1   --> A              
     e( 22 - 22) =     -4.35004  eV     1   --> A              
     e( 23 - 23) =     -4.19405  eV     1   --> A              
     e( 24 - 24) =     -2.97881  eV     1   --> A              
     e( 25 - 25) =     -2.51840  eV     1   --> A              
     e( 26 - 26) =     -2.19920  eV     1   --> A              
     e( 27 - 27) =     -1.87796  eV     1   --> A              
     e( 28 - 28) =      1.36229  eV     1   --> A              
     e( 29 - 29) =      1.94840  eV     1   --> A              
     e( 30 - 30) =      3.41639  eV     1   --> A              
     e( 31 - 31) =      3.79394  eV     1   --> A              
     e( 32 - 32) =      4.87387  eV     1   --> A              
     e( 33 - 33) =      5.43090  eV     1   --> A              
     e( 34 - 34) =      5.57263  eV     1   --> A              
     e( 35 - 35) =      6.06359  eV     1   --> A              

 **************************************************************************

 **************************************************************************

                    xk=(   0.49444,   0.29830,   0.00000  )

     Band symmetry, C_1 (1)     point group:

     e(  1 -  1) =    -77.71571  eV     1   --> A              
     e(  2 -  2) =    -49.17148  eV     1   --> A              
     e(  3 -  3) =    -49.02101  eV     1   --> A              
     e(  4 -  4) =    -48.81599  eV     1   --> A              
     e(  5 -  5) =    -21.39350  eV     1   --> A              
     e(  6 -  6) =    -21.32287  eV     1   --> A              
     e(  7 -  7) =    -20.22960  eV     1   --> A              
     e(  8 -  8) =    -19.52180  eV     1   --> A              
     e(  9 -  9) =    -15.18575  eV     1   --> A              
     e( 10 - 10) =    -14.88817  eV     1   --> A              
     e( 11 - 11) =    -11.75312  eV     1   --> A              
     e( 12 - 12) =    -11.26713  eV     1   --> A              
     e( 13 - 13) =    -10.53873  eV     1   --> A              
     e( 14 - 14) =    -10.47914  eV     1   --> A              
     e( 15 - 15) =    -10.43044  eV     1   --> A              
     e( 16 - 16) =     -8.96666  eV     1   --> A              
     e( 17 - 17) =     -8.64939  eV     1   --> A              
     e( 18 - 18) =     -7.76473  eV     1   --> A              
     e( 19 - 19) =     -7.43069  eV     1   --> A              
     e( 20 - 20) =     -7.30532  eV     1   --> A              
     e( 21 - 21) =     -6.05516  eV     1   --> A              
     e( 22 - 22) =     -4.34687  eV     1   --> A              
     e( 23 - 23) =     -4.19840  eV     1   --> A              
     e( 24 - 24) =     -2.98300  eV     1   --> A              
     e( 25 - 25) =     -2.52492  eV     1   --> A              
     e( 26 - 26) =     -2.19746  eV     1   --> A              
     e( 27 - 27) =     -1.88738  eV     1   --> A              
     e( 28 - 28) =      1.35777  eV     1   --> A              
     e( 29 - 29) =      1.94484  eV     1   --> A              
     e( 30 - 30) =      3.42036  eV     1   --> A              
     e( 31 - 31) =      3.79897  eV     1   --> A              
     e( 32 - 32) =      4.88045  eV     1   --> A              
     e( 33 - 33) =      5.44133  eV     1   --> A              
     e( 34 - 34) =      5.56652  eV     1   --> A              
     e( 35 - 35) =      6.06994  eV     1   --> A              

 **************************************************************************

 **************************************************************************

                    xk=(   0.49722,   0.29349,   0.00000  )

     Band symmetry, C_1 (1)     point group:

     e(  1 -  1) =    -77.71571  eV     1   --> A              
     e(  2 -  2) =    -49.17153  eV     1   --> A              
     e(  3 -  3) =    -49.02090  eV     1   --> A              
     e(  4 -  4) =    -48.81599  eV     1   --> A              
     e(  5 -  5) =    -21.39416  eV     1   --> A              
     e(  6 -  6) =    -21.32353  eV     1   --> A              
     e(  7 -  7) =    -20.22981  eV     1   --> A              
     e(  8 -  8) =    -19.52197  eV     1   --> A              
     e(  9 -  9) =    -15.18678  eV     1   --> A              
     e( 10 - 10) =    -14.88922  eV     1   --> A              
     e( 11 - 11) =    -11.75355  eV     1   --> A              
     e( 12 - 12) =    -11.26680  eV     1   --> A              
     e( 13 - 13) =    -10.53133  eV     1   --> A              
     e( 14 - 14) =    -10.47383  eV     1   --> A              
     e( 15 - 15) =    -10.43349  eV     1   --> A              
     e( 16 - 16) =     -8.96490  eV     1   --> A              
     e( 17 - 17) =     -8.65015  eV     1   --> A              
     e( 18 - 18) =     -7.76515  eV     1   --> A              
     e( 19 - 19) =     -7.42673  eV     1   --> A              
     e( 20 - 20) =     -7.30726  eV     1   --> A              
     e( 21 - 21) =     -6.05533  eV     1   --> A              
     e( 22 - 22) =     -4.34489  eV     1   --> A              
     e( 23 - 23) =     -4.20110  eV     1   --> A              
     e( 24 - 24) =     -2.98555  eV     1   --> A              
     e( 25 - 25) =     -2.52895  eV     1   --> A              
     e( 26 - 26) =     -2.19618  eV     1   --> A              
     e( 27 - 27) =     -1.89315  eV     1   --> A              
     e( 28 - 28) =      1.35506  eV     1   --> A              
     e( 29 - 29) =      1.94271  eV     1   --> A              
     e( 30 - 30) =      3.42273  eV     1   --> A              
     e( 31 - 31) =      3.80197  eV     1   --> A              
     e( 32 - 32) =      4.88442  eV     1   --> A              
     e( 33 - 33) =      5.44808  eV     1   --> A              
     e( 34 - 34) =      5.56250  eV     1   --> A              
     e( 35 - 35) =      6.07384  eV     1   --> A              

 **************************************************************************

 **************************************************************************

                    xk=(   0.50000,   0.28868,   0.00000  )

     Band symmetry, C_1 (1)     point group:

     e(  1 -  1) =    -77.71572  eV     1   --> A              
     e(  2 -  2) =    -49.17155  eV     1   --> A              
     e(  3 -  3) =    -49.02086  eV     1   --> A              
     e(  4 -  4) =    -48.81600  eV     1   --> A              
     e(  5 -  5) =    -21.39439  eV     1   --> A              
     e(  6 -  6) =    -21.32375  eV     1   --> A              
     e(  7 -  7) =    -20.22988  eV     1   --> A              
     e(  8 -  8) =    -19.52202  eV     1   --> A              
     e(  9 -  9) =    -15.18712  eV     1   --> A              
     e( 10 - 10) =    -14.88956  eV     1   --> A              
     e( 11 - 11) =    -11.75369  eV     1   --> A              
     e( 12 - 12) =    -11.26670  eV     1   --> A              
     e( 13 - 13) =    -10.52874  eV     1   --> A              
     e( 14 - 14) =    -10.47204  eV     1   --> A              
     e( 15 - 15) =    -10.43462  eV     1   --> A              
     e( 16 - 16) =     -8.96431  eV     1   --> A              
     e( 17 - 17) =     -8.65041  eV     1   --> A              
     e( 18 - 18) =     -7.76529  eV     1   --> A              
     e( 19 - 19) =     -7.42538  eV     1   --> A              
     e( 20 - 20) =     -7.30793  eV     1   --> A              
     e( 21 - 21) =     -6.05539  eV     1   --> A              
     e( 22 - 22) =     -4.34421  eV     1   --> A              
     e( 23 - 23) =     -4.20202  eV     1   --> A              
     e( 24 - 24) =     -2.98641  eV     1   --> A              
     e( 25 - 25) =     -2.53032  eV     1   --> A              
     e( 26 - 26) =     -2.19572  eV     1   --> A              
     e( 27 - 27) =     -1.89509  eV     1   --> A              
     e( 28 - 28) =      1.35415  eV     1   --> A              
     e( 29 - 29) =      1.94200  eV     1   --> A              
     e( 30 - 30) =      3.42352  eV     1   --> A              
     e( 31 - 31) =      3.80297  eV     1   --> A              
     e( 32 - 32) =      4.88575  eV     1   --> A              
     e( 33 - 33) =      5.45044  eV     1   --> A              
     e( 34 - 34) =      5.56109  eV     1   --> A              
     e( 35 - 35) =      6.07516  eV     1   --> A              

 **************************************************************************

 **************************************************************************

                    xk=(   0.49500,   0.28579,   0.00000  )

     Band symmetry, C_1 (1)     point group:

     e(  1 -  1) =    -77.71572  eV     1   --> A              
     e(  2 -  2) =    -49.17150  eV     1   --> A              
     e(  3 -  3) =    -49.02085  eV     1   --> A              
     e(  4 -  4) =    -48.81600  eV     1   --> A              
     e(  5 -  5) =    -21.39559  eV     1   --> A              
     e(  6 -  6) =    -21.32494  eV     1   --> A              
     e(  7 -  7) =    -20.22980  eV     1   --> A              
     e(  8 -  8) =    -19.52177  eV     1   --> A              
     e(  9 -  9) =    -15.18584  eV     1   --> A              
     e( 10 - 10) =    -14.88830  eV     1   --> A              
     e( 11 - 11) =    -11.75413  eV     1   --> A              
     e( 12 - 12) =    -11.26589  eV     1   --> A              
     e( 13 - 13) =    -10.52847  eV     1   --> A              
     e( 14 - 14) =    -10.47178  eV     1   --> A              
     e( 15 - 15) =    -10.43436  eV     1   --> A              
     e( 16 - 16) =     -8.96421  eV     1   --> A              
     e( 17 - 17) =     -8.65016  eV     1   --> A              
     e( 18 - 18) =     -7.76576  eV     1   --> A              
     e( 19 - 19) =     -7.42576  eV     1   --> A              
     e( 20 - 20) =     -7.30792  eV     1   --> A              
     e( 21 - 21) =     -6.05551  eV     1   --> A              
     e( 22 - 22) =     -4.34389  eV     1   --> A              
     e( 23 - 23) =     -4.20158  eV     1   --> A              
     e( 24 - 24) =     -2.98626  eV     1   --> A              
     e( 25 - 25) =     -2.52936  eV     1   --> A              
     e( 26 - 26) =     -2.19591  eV     1   --> A              
     e( 27 - 27) =     -1.89473  eV     1   --> A              
     e( 28 - 28) =      1.35460  eV     1   --> A              
     e( 29 - 29) =      1.94244  eV     1   --> A              
     e( 30 - 30) =      3.42269  eV     1   --> A              
     e( 31 - 31) =      3.80171  eV     1   --> A              
     e( 32 - 32) =      4.88587  eV     1   --> A              
     e( 33 - 33) =      5.45051  eV     1   --> A              
     e( 34 - 34) =      5.56117  eV     1   --> A              
     e( 35 - 35) =      6.07498  eV     1   --> A              

 **************************************************************************

 **************************************************************************

                    xk=(   0.49000,   0.28290,   0.00000  )

     Band symmetry, C_1 (1)     point group:

     e(  1 -  1) =    -77.71574  eV     1   --> A              
     e(  2 -  2) =    -49.17136  eV     1   --> A              
     e(  3 -  3) =    -49.02082  eV     1   --> A              
     e(  4 -  4) =    -48.81603  eV     1   --> A              
     e(  5 -  5) =    -21.39919  eV     1   --> A              
     e(  6 -  6) =    -21.32850  eV     1   --> A              
     e(  7 -  7) =    -20.22957  eV     1   --> A              
     e(  8 -  8) =    -19.52101  eV     1   --> A              
     e(  9 -  9) =    -15.18203  eV     1   --> A              
     e( 10 - 10) =    -14.88451  eV     1   --> A              
     e( 11 - 11) =    -11.75543  eV     1   --> A              
     e( 12 - 12) =    -11.26348  eV     1   --> A              
     e( 13 - 13) =    -10.52765  eV     1   --> A              
     e( 14 - 14) =    -10.47097  eV     1   --> A              
     e( 15 - 15) =    -10.43360  eV     1   --> A              
     e( 16 - 16) =     -8.96391  eV     1   --> A              
     e( 17 - 17) =     -8.64943  eV     1   --> A              
     e( 18 - 18) =     -7.76719  eV     1   --> A              
     e( 19 - 19) =     -7.42690  eV     1   --> A              
     e( 20 - 20) =     -7.30789  eV     1   --> A              
     e( 21 - 21) =     -6.05587  eV     1   --> A              
     e( 22 - 22) =     -4.34294  eV     1   --> A              
     e( 23 - 23) =     -4.20028  eV     1   --> A              
     e( 24 - 24) =     -2.98582  eV     1   --> A              
     e( 25 - 25) =     -2.52649  eV     1   --> A              
     e( 26 - 26) =     -2.19647  eV     1   --> A              
     e( 27 - 27) =     -1.89365  eV     1   --> A              
     e( 28 - 28) =      1.35595  eV     1   --> A              
     e( 29 - 29) =      1.94375  eV     1   --> A              
     e( 30 - 30) =      3.42017  eV     1   --> A              
     e( 31 - 31) =      3.79794  eV     1   --> A              
     e( 32 - 32) =      4.88623  eV     1   --> A              
     e( 33 - 33) =      5.45074  eV     1   --> A              
     e( 34 - 34) =      5.56140  eV     1   --> A              
     e( 35 - 35) =      6.07444  eV     1   --> A              

 **************************************************************************

 **************************************************************************

                    xk=(   0.48500,   0.28001,   0.00000  )

     Band symmetry, C_1 (1)     point group:

     e(  1 -  1) =    -77.71577  eV     1   --> A              
     e(  2 -  2) =    -49.17112  eV     1   --> A              
     e(  3 -  3) =    -49.02076  eV     1   --> A              
     e(  4 -  4) =    -48.81607  eV     1   --> A              
     e(  5 -  5) =    -21.40516  eV     1   --> A              
     e(  6 -  6) =    -21.33439  eV     1   --> A              
     e(  7 -  7) =    -20.22920  eV     1   --> A              
     e(  8 -  8) =    -19.51977  eV     1   --> A              
     e(  9 -  9) =    -15.17568  eV     1   --> A              
     e( 10 - 10) =    -14.87819  eV     1   --> A              
     e( 11 - 11) =    -11.75758  eV     1   --> A              
     e( 12 - 12) =    -11.25948  eV     1   --> A              
     e( 13 - 13) =    -10.52628  eV     1   --> A              
     e( 14 - 14) =    -10.46964  eV     1   --> A              
     e( 15 - 15) =    -10.43234  eV     1   --> A              
     e( 16 - 16) =     -8.96340  eV     1   --> A              
     e( 17 - 17) =     -8.64820  eV     1   --> A              
     e( 18 - 18) =     -7.76955  eV     1   --> A              
     e( 19 - 19) =     -7.42881  eV     1   --> A              
     e( 20 - 20) =     -7.30783  eV     1   --> A              
     e( 21 - 21) =     -6.05647  eV     1   --> A              
     e( 22 - 22) =     -4.34134  eV     1   --> A              
     e( 23 - 23) =     -4.19813  eV     1   --> A              
     e( 24 - 24) =     -2.98510  eV     1   --> A              
     e( 25 - 25) =     -2.52171  eV     1   --> A              
     e( 26 - 26) =     -2.19742  eV     1   --> A              
     e( 27 - 27) =     -1.89184  eV     1   --> A              
     e( 28 - 28) =      1.35819  eV     1   --> A              
     e( 29 - 29) =      1.94592  eV     1   --> A              
     e( 30 - 30) =      3.41599  eV     1   --> A              
     e( 31 - 31) =      3.79169  eV     1   --> A              
     e( 32 - 32) =      4.88678  eV     1   --> A              
     e( 33 - 33) =      5.45111  eV     1   --> A              
     e( 34 - 34) =      5.56180  eV     1   --> A              
     e( 35 - 35) =      6.07353  eV     1   --> A              

 **************************************************************************

 **************************************************************************

                    xk=(   0.48000,   0.27713,   0.00000  )

     Band symmetry, C_1 (1)     point group:

     e(  1 -  1) =    -77.71581  eV     1   --> A              
     e(  2 -  2) =    -49.17079  eV     1   --> A              
     e(  3 -  3) =    -49.02069  eV     1   --> A              
     e(  4 -  4) =    -48.81613  eV     1   --> A              
     e(  5 -  5) =    -21.41347  eV     1   --> A              
     e(  6 -  6) =    -21.34259  eV     1   --> A              
     e(  7 -  7) =    -20.22873  eV     1   --> A              
     e(  8 -  8) =    -19.51807  eV     1   --> A              
     e(  9 -  9) =    -15.16680  eV     1   --> A              
     e( 10 - 10) =    -14.86936  eV     1   --> A              
     e( 11 - 11) =    -11.76053  eV     1   --> A              
     e( 12 - 12) =    -11.25394  eV     1   --> A              
     e( 13 - 13) =    -10.52437  eV     1   --> A              
     e( 14 - 14) =    -10.46776  eV     1   --> A              
     e( 15 - 15) =    -10.43058  eV     1   --> A              
     e( 16 - 16) =     -8.96267  eV     1   --> A              
     e( 17 - 17) =     -8.64647  eV     1   --> A              
     e( 18 - 18) =     -7.77283  eV     1   --> A              
     e( 19 - 19) =     -7.43147  eV     1   --> A              
     e( 20 - 20) =     -7.30775  eV     1   --> A              
     e( 21 - 21) =     -6.05730  eV     1   --> A              
     e( 22 - 22) =     -4.33911  eV     1   --> A              
     e( 23 - 23) =     -4.19512  eV     1   --> A              
     e( 24 - 24) =     -2.98411  eV     1   --> A              
     e( 25 - 25) =     -2.51503  eV     1   --> A              
     e( 26 - 26) =     -2.19874  eV     1   --> A              
     e( 27 - 27) =     -1.88928  eV     1   --> A              
     e( 28 - 28) =      1.36132  eV     1   --> A              
     e( 29 - 29) =      1.94896  eV     1   --> A              
     e( 30 - 30) =      3.41018  eV     1   --> A              
     e( 31 - 31) =      3.78299  eV     1   --> A              
     e( 32 - 32) =      4.88750  eV     1   --> A              
     e( 33 - 33) =      5.45161  eV     1   --> A              
     e( 34 - 34) =      5.56235  eV     1   --> A              
     e( 35 - 35) =      6.07225  eV     1   --> A              

 **************************************************************************

 **************************************************************************

                    xk=(   0.47500,   0.27424,   0.00000  )

     Band symmetry, C_1 (1)     point group:

     e(  1 -  1) =    -77.71586  eV     1   --> A              
     e(  2 -  2) =    -49.17036  eV     1   --> A              
     e(  3 -  3) =    -49.02059  eV     1   --> A              
     e(  4 -  4) =    -48.81621  eV     1   --> A              
     e(  5 -  5) =    -21.42406  eV     1   --> A              
     e(  6 -  6) =    -21.35304  eV     1   --> A              
     e(  7 -  7) =    -20.22820  eV     1   --> A              
     e(  8 -  8) =    -19.51593  eV     1   --> A              
     e(  9 -  9) =    -15.15541  eV     1   --> A              
     e( 10 - 10) =    -14.85802  eV     1   --> A              
     e( 11 - 11) =    -11.76426  eV     1   --> A              
     e( 12 - 12) =    -11.24690  eV     1   --> A              
     e( 13 - 13) =    -10.52191  eV     1   --> A              
     e( 14 - 14) =    -10.46536  eV     1   --> A              
     e( 15 - 15) =    -10.42834  eV     1   --> A              
     e( 16 - 16) =     -8.96171  eV     1   --> A              
     e( 17 - 17) =     -8.64426  eV     1   --> A              
     e( 18 - 18) =     -7.77701  eV     1   --> A              
     e( 19 - 19) =     -7.43489  eV     1   --> A              
     e( 20 - 20) =     -7.30766  eV     1   --> A              
     e( 21 - 21) =     -6.05836  eV     1   --> A              
     e( 22 - 22) =     -4.33624  eV     1   --> A              
     e( 23 - 23) =     -4.19127  eV     1   --> A              
     e( 24 - 24) =     -2.98289  eV     1   --> A              
     e( 25 - 25) =     -2.50646  eV     1   --> A              
     e( 26 - 26) =     -2.20043  eV     1   --> A              
     e( 27 - 27) =     -1.88595  eV     1   --> A              
     e( 28 - 28) =      1.36534  eV     1   --> A              
     e( 29 - 29) =      1.95283  eV     1   --> A              
     e( 30 - 30) =      3.40275  eV     1   --> A              
     e( 31 - 31) =      3.77186  eV     1   --> A              
     e( 32 - 32) =      4.88832  eV     1   --> A              
     e( 33 - 33) =      5.45223  eV     1   --> A              
     e( 34 - 34) =      5.56304  eV     1   --> A              
     e( 35 - 35) =      6.07057  eV     1   --> A              

 **************************************************************************

 **************************************************************************

                    xk=(   0.47000,   0.27135,   0.00000  )

     Band symmetry, C_1 (1)     point group:

     e(  1 -  1) =    -77.71592  eV     1   --> A              
     e(  2 -  2) =    -49.16984  eV     1   --> A              
     e(  3 -  3) =    -49.02046  eV     1   --> A              
     e(  4 -  4) =    -48.81631  eV     1   --> A              
     e(  5 -  5) =    -21.43688  eV     1   --> A              
     e(  6 -  6) =    -21.36568  eV     1   --> A              
     e(  7 -  7) =    -20.22766  eV     1   --> A              
     e(  8 -  8) =    -19.51341  eV     1   --> A              
     e(  9 -  9) =    -15.14153  eV     1   --> A              
     e( 10 - 10) =    -14.84418  eV     1   --> A              
     e( 11 - 11) =    -11.76871  eV     1   --> A              
     e( 12 - 12) =    -11.23842  eV     1   --> A              
     e( 13 - 13) =    -10.51891  eV     1   --> A              
     e( 14 - 14) =    -10.46243  eV     1   --> A              
     e( 15 - 15) =    -10.42563  eV     1   --> A              
     e( 16 - 16) =     -8.96051  eV     1   --> A              
     e( 17 - 17) =     -8.64156  eV     1   --> A              
     e( 18 - 18) =     -7.78205  eV     1   --> A              
     e( 19 - 19) =     -7.43905  eV     1   --> A              
     e( 20 - 20) =     -7.30753  eV     1   --> A              
     e( 21 - 21) =     -6.05963  eV     1   --> A              
     e( 22 - 22) =     -4.33275  eV     1   --> A              
     e( 23 - 23) =     -4.18661  eV     1   --> A              
     e( 24 - 24) =     -2.98144  eV     1   --> A              
     e( 25 - 25) =     -2.49603  eV     1   --> A              
     e( 26 - 26) =     -2.20251  eV     1   --> A              
     e( 27 - 27) =     -1.88185  eV     1   --> A              
     e( 28 - 28) =      1.37023  eV     1   --> A              
     e( 29 - 29) =      1.95752  eV     1   --> A              
     e( 30 - 30) =      3.39376  eV     1   --> A              
     e( 31 - 31) =      3.75840  eV     1   --> A              
     e( 32 - 32) =      4.88915  eV     1   --> A              
     e( 33 - 33) =      5.45296  eV     1   --> A              
     e( 34 - 34) =      5.56386  eV     1   --> A              
     e( 35 - 35) =      6.06849  eV     1   --> A              

 **************************************************************************

 **************************************************************************

                    xk=(   0.46500,   0.26847,   0.00000  )

     Band symmetry, C_1 (1)     point group:

     e(  1 -  1) =    -77.71600  eV     1   --> A              
     e(  2 -  2) =    -49.16922  eV     1   --> A              
     e(  3 -  3) =    -49.02032  eV     1   --> A              
     e(  4 -  4) =    -48.81642  eV     1   --> A              
     e(  5 -  5) =    -21.45184  eV     1   --> A              
     e(  6 -  6) =    -21.38042  eV     1   --> A              
     e(  7 -  7) =    -20.22717  eV     1   --> A              
     e(  8 -  8) =    -19.51055  eV     1   --> A              
     e(  9 -  9) =    -15.12518  eV     1   --> A              
     e( 10 - 10) =    -14.82787  eV     1   --> A              
     e( 11 - 11) =    -11.77384  eV     1   --> A              
     e( 12 - 12) =    -11.22857  eV     1   --> A              
     e( 13 - 13) =    -10.51537  eV     1   --> A              
     e( 14 - 14) =    -10.45896  eV     1   --> A              
     e( 15 - 15) =    -10.42247  eV     1   --> A              
     e( 16 - 16) =     -8.95905  eV     1   --> A              
     e( 17 - 17) =     -8.63837  eV     1   --> A              
     e( 18 - 18) =     -7.78793  eV     1   --> A              
     e( 19 - 19) =     -7.44395  eV     1   --> A              
     e( 20 - 20) =     -7.30739  eV     1   --> A              
     e( 21 - 21) =     -6.06111  eV     1   --> A              
     e( 22 - 22) =     -4.32864  eV     1   --> A              
     e( 23 - 23) =     -4.18115  eV     1   --> A              
     e( 24 - 24) =     -2.97982  eV     1   --> A              
     e( 25 - 25) =     -2.48374  eV     1   --> A              
     e( 26 - 26) =     -2.20496  eV     1   --> A              
     e( 27 - 27) =     -1.87693  eV     1   --> A              
     e( 28 - 28) =      1.37599  eV     1   --> A              
     e( 29 - 29) =      1.96301  eV     1   --> A              
     e( 30 - 30) =      3.38323  eV     1   --> A              
     e( 31 - 31) =      3.74263  eV     1   --> A              
     e( 32 - 32) =      4.88992  eV     1   --> A              
     e( 33 - 33) =      5.45377  eV     1   --> A              
     e( 34 - 34) =      5.56480  eV     1   --> A              
     e( 35 - 35) =      6.06598  eV     1   --> A              

 **************************************************************************

 **************************************************************************

                    xk=(   0.46000,   0.26558,   0.00000  )

     Band symmetry, C_1 (1)     point group:

     e(  1 -  1) =    -77.71608  eV     1   --> A              
     e(  2 -  2) =    -49.16851  eV     1   --> A              
     e(  3 -  3) =    -49.02015  eV     1   --> A              
     e(  4 -  4) =    -48.81654  eV     1   --> A              
     e(  5 -  5) =    -21.46887  eV     1   --> A              
     e(  6 -  6) =    -21.39719  eV     1   --> A              
     e(  7 -  7) =    -20.22678  eV     1   --> A              
     e(  8 -  8) =    -19.50740  eV     1   --> A              
     e(  9 -  9) =    -15.10640  eV     1   --> A              
     e( 10 - 10) =    -14.80910  eV     1   --> A              
     e( 11 - 11) =    -11.77957  eV     1   --> A              
     e( 12 - 12) =    -11.21741  eV     1   --> A              
     e( 13 - 13) =    -10.51128  eV     1   --> A              
     e( 14 - 14) =    -10.45497  eV     1   --> A              
     e( 15 - 15) =    -10.41888  eV     1   --> A              
     e( 16 - 16) =     -8.95732  eV     1   --> A              
     e( 17 - 17) =     -8.63469  eV     1   --> A              
     e( 18 - 18) =     -7.79461  eV     1   --> A              
     e( 19 - 19) =     -7.44958  eV     1   --> A              
     e( 20 - 20) =     -7.30722  eV     1   --> A              
     e( 21 - 21) =     -6.06278  eV     1   --> A              
     e( 22 - 22) =     -4.32392  eV     1   --> A              
     e( 23 - 23) =     -4.17491  eV     1   --> A              
     e( 24 - 24) =     -2.97806  eV     1   --> A              
     e( 25 - 25) =     -2.46964  eV     1   --> A              
     e( 26 - 26) =     -2.20779  eV     1   --> A              
     e( 27 - 27) =     -1.87116  eV     1   --> A              
     e( 28 - 28) =      1.38261  eV     1   --> A              
     e( 29 - 29) =      1.96927  eV     1   --> A              
     e( 30 - 30) =      3.37123  eV     1   --> A              
     e( 31 - 31) =      3.72464  eV     1   --> A              
     e( 32 - 32) =      4.89052  eV     1   --> A              
     e( 33 - 33) =      5.45463  eV     1   --> A              
     e( 34 - 34) =      5.56582  eV     1   --> A              
     e( 35 - 35) =      6.06303  eV     1   --> A              

 **************************************************************************

 **************************************************************************

                    xk=(   0.45500,   0.26269,   0.00000  )

     Band symmetry, C_1 (1)     point group:

     e(  1 -  1) =    -77.71618  eV     1   --> A              
     e(  2 -  2) =    -49.16771  eV     1   --> A              
     e(  3 -  3) =    -49.01997  eV     1   --> A              
     e(  4 -  4) =    -48.81669  eV     1   --> A              
     e(  5 -  5) =    -21.48787  eV     1   --> A              
     e(  6 -  6) =    -21.41589  eV     1   --> A              
     e(  7 -  7) =    -20.22657  eV     1   --> A              
     e(  8 -  8) =    -19.50402  eV     1   --> A              
     e(  9 -  9) =    -15.08521  eV     1   --> A              
     e( 10 - 10) =    -14.78790  eV     1   --> A              
     e( 11 - 11) =    -11.78587  eV     1   --> A              
     e( 12 - 12) =    -11.20501  eV     1   --> A              
     e( 13 - 13) =    -10.50666  eV     1   --> A              
     e( 14 - 14) =    -10.45045  eV     1   --> A              
     e( 15 - 15) =    -10.41488  eV     1   --> A              
     e( 16 - 16) =     -8.95527  eV     1   --> A              
     e( 17 - 17) =     -8.63053  eV     1   --> A              
     e( 18 - 18) =     -7.80204  eV     1   --> A              
     e( 19 - 19) =     -7.45593  eV     1   --> A              
     e( 20 - 20) =     -7.30703  eV     1   --> A              
     e( 21 - 21) =     -6.06463  eV     1   --> A              
     e( 22 - 22) =     -4.31858  eV     1   --> A              
     e( 23 - 23) =     -4.16793  eV     1   --> A              
     e( 24 - 24) =     -2.97621  eV     1   --> A              
     e( 25 - 25) =     -2.45373  eV     1   --> A              
     e( 26 - 26) =     -2.21100  eV     1   --> A              
     e( 27 - 27) =     -1.86452  eV     1   --> A              
     e( 28 - 28) =      1.39007  eV     1   --> A              
     e( 29 - 29) =      1.97627  eV     1   --> A              
     e( 30 - 30) =      3.35781  eV     1   --> A              
     e( 31 - 31) =      3.70451  eV     1   --> A              
     e( 32 - 32) =      4.89087  eV     1   --> A              
     e( 33 - 33) =      5.45551  eV     1   --> A              
     e( 34 - 34) =      5.56690  eV     1   --> A              
     e( 35 - 35) =      6.05960  eV     1   --> A              

 **************************************************************************

 **************************************************************************

                    xk=(   0.45000,   0.25981,   0.00000  )

     Band symmetry, C_1 (1)     point group:

     e(  1 -  1) =    -77.71629  eV     1   --> A              
     e(  2 -  2) =    -49.16681  eV     1   --> A              
     e(  3 -  3) =    -49.01976  eV     1   --> A              
     e(  4 -  4) =    -48.81685  eV     1   --> A              
     e(  5 -  5) =    -21.50874  eV     1   --> A              
     e(  6 -  6) =    -21.43644  eV     1   --> A              
     e(  7 -  7) =    -20.22661  eV     1   --> A              
     e(  8 -  8) =    -19.50046  eV     1   --> A              
     e(  9 -  9) =    -15.06166  eV     1   --> A              
     e( 10 - 10) =    -14.76428  eV     1   --> A              
     e( 11 - 11) =    -11.79268  eV     1   --> A              
     e( 12 - 12) =    -11.19144  eV     1   --> A              
     e( 13 - 13) =    -10.50150  eV     1   --> A              
     e( 14 - 14) =    -10.44540  eV     1   --> A              
     e( 15 - 15) =    -10.41050  eV     1   --> A              
     e( 16 - 16) =     -8.95290  eV     1   --> A              
     e( 17 - 17) =     -8.62588  eV     1   --> A              
     e( 18 - 18) =     -7.81017  eV     1   --> A              
     e( 19 - 19) =     -7.46298  eV     1   --> A              
     e( 20 - 20) =     -7.30682  eV     1   --> A              
     e( 21 - 21) =     -6.06663  eV     1   --> A              
     e( 22 - 22) =     -4.31265  eV     1   --> A              
     e( 23 - 23) =     -4.16022  eV     1   --> A              
     e( 24 - 24) =     -2.97431  eV     1   --> A              
     e( 25 - 25) =     -2.43606  eV     1   --> A              
     e( 26 - 26) =     -2.21458  eV     1   --> A              
     e( 27 - 27) =     -1.85696  eV     1   --> A              
     e( 28 - 28) =      1.39835  eV     1   --> A              
     e( 29 - 29) =      1.98395  eV     1   --> A              
     e( 30 - 30) =      3.34306  eV     1   --> A              
     e( 31 - 31) =      3.68233  eV     1   --> A              
     e( 32 - 32) =      4.89085  eV     1   --> A              
     e( 33 - 33) =      5.45639  eV     1   --> A              
     e( 34 - 34) =      5.56798  eV     1   --> A              
     e( 35 - 35) =      6.05567  eV     1   --> A              

 **************************************************************************

 **************************************************************************

                    xk=(   0.44500,   0.25692,   0.00000  )

     Band symmetry, C_1 (1)     point group:

     e(  1 -  1) =    -77.71641  eV     1   --> A              
     e(  2 -  2) =    -49.16583  eV     1   --> A              
     e(  3 -  3) =    -49.01953  eV     1   --> A              
     e(  4 -  4) =    -48.81703  eV     1   --> A              
     e(  5 -  5) =    -21.53139  eV     1   --> A              
     e(  6 -  6) =    -21.45872  eV     1   --> A              
     e(  7 -  7) =    -20.22694  eV     1   --> A              
     e(  8 -  8) =    -19.49679  eV     1   --> A              
     e(  9 -  9) =    -15.03577  eV     1   --> A              
     e( 10 - 10) =    -14.73828  eV     1   --> A              
     e( 11 - 11) =    -11.79996  eV     1   --> A              
     e( 12 - 12) =    -11.17676  eV     1   --> A              
     e( 13 - 13) =    -10.49581  eV     1   --> A              
     e( 14 - 14) =    -10.43983  eV     1   --> A              
     e( 15 - 15) =    -10.40576  eV     1   --> A              
     e( 16 - 16) =     -8.95017  eV     1   --> A              
     e( 17 - 17) =     -8.62076  eV     1   --> A              
     e( 18 - 18) =     -7.81897  eV     1   --> A              
     e( 19 - 19) =     -7.47074  eV     1   --> A              
     e( 20 - 20) =     -7.30658  eV     1   --> A              
     e( 21 - 21) =     -6.06877  eV     1   --> A              
     e( 22 - 22) =     -4.30612  eV     1   --> A              
     e( 23 - 23) =     -4.15183  eV     1   --> A              
     e( 24 - 24) =     -2.97242  eV     1   --> A              
     e( 25 - 25) =     -2.41665  eV     1   --> A              
     e( 26 - 26) =     -2.21855  eV     1   --> A              
     e( 27 - 27) =     -1.84845  eV     1   --> A              
     e( 28 - 28) =      1.40743  eV     1   --> A              
     e( 29 - 29) =      1.99228  eV     1   --> A              
     e( 30 - 30) =      3.32702  eV     1   --> A              
     e( 31 - 31) =      3.65817  eV     1   --> A              
     e( 32 - 32) =      4.89036  eV     1   --> A              
     e( 33 - 33) =      5.45721  eV     1   --> A              
     e( 34 - 34) =      5.56901  eV     1   --> A              
     e( 35 - 35) =      6.05119  eV     1   --> A              

 **************************************************************************

 **************************************************************************

                    xk=(   0.44000,   0.25403,   0.00000  )

     Band symmetry, C_1 (1)     point group:

     e(  1 -  1) =    -77.71654  eV     1   --> A              
     e(  2 -  2) =    -49.16475  eV     1   --> A              
     e(  3 -  3) =    -49.01928  eV     1   --> A              
     e(  4 -  4) =    -48.81722  eV     1   --> A              
     e(  5 -  5) =    -21.55572  eV     1   --> A              
     e(  6 -  6) =    -21.48264  eV     1   --> A              
     e(  7 -  7) =    -20.22765  eV     1   --> A              
     e(  8 -  8) =    -19.49307  eV     1   --> A              
     e(  9 -  9) =    -15.00761  eV     1   --> A              
     e( 10 - 10) =    -14.70992  eV     1   --> A              
     e( 11 - 11) =    -11.80765  eV     1   --> A              
     e( 12 - 12) =    -11.16105  eV     1   --> A              
     e( 13 - 13) =    -10.48959  eV     1   --> A              
     e( 14 - 14) =    -10.43375  eV     1   --> A              
     e( 15 - 15) =    -10.40071  eV     1   --> A              
     e( 16 - 16) =     -8.94706  eV     1   --> A              
     e( 17 - 17) =     -8.61516  eV     1   --> A              
     e( 18 - 18) =     -7.82837  eV     1   --> A              
     e( 19 - 19) =     -7.47917  eV     1   --> A              
     e( 20 - 20) =     -7.30630  eV     1   --> A              
     e( 21 - 21) =     -6.07103  eV     1   --> A              
     e( 22 - 22) =     -4.29902  eV     1   --> A              
     e( 23 - 23) =     -4.14278  eV     1   --> A              
     e( 24 - 24) =     -2.97059  eV     1   --> A              
     e( 25 - 25) =     -2.39554  eV     1   --> A              
     e( 26 - 26) =     -2.22289  eV     1   --> A              
     e( 27 - 27) =     -1.83894  eV     1   --> A              
     e( 28 - 28) =      1.41730  eV     1   --> A              
     e( 29 - 29) =      2.00120  eV     1   --> A              
     e( 30 - 30) =      3.30981  eV     1   --> A              
     e( 31 - 31) =      3.63213  eV     1   --> A              
     e( 32 - 32) =      4.88931  eV     1   --> A              
     e( 33 - 33) =      5.45794  eV     1   --> A              
     e( 34 - 34) =      5.56991  eV     1   --> A              
     e( 35 - 35) =      6.04613  eV     1   --> A              

 **************************************************************************

 **************************************************************************

                    xk=(   0.43500,   0.25115,   0.00000  )

     Band symmetry, C_1 (1)     point group:

     e(  1 -  1) =    -77.71668  eV     1   --> A              
     e(  2 -  2) =    -49.16359  eV     1   --> A              
     e(  3 -  3) =    -49.01901  eV     1   --> A              
     e(  4 -  4) =    -48.81743  eV     1   --> A              
     e(  5 -  5) =    -21.58161  eV     1   --> A              
     e(  6 -  6) =    -21.50810  eV     1   --> A              
     e(  7 -  7) =    -20.22877  eV     1   --> A              
     e(  8 -  8) =    -19.48935  eV     1   --> A              
     e(  9 -  9) =    -14.97720  eV     1   --> A              
     e( 10 - 10) =    -14.67924  eV     1   --> A              
     e( 11 - 11) =    -11.81571  eV     1   --> A              
     e( 12 - 12) =    -11.14435  eV     1   --> A              
     e( 13 - 13) =    -10.48284  eV     1   --> A              
     e( 14 - 14) =    -10.42715  eV     1   --> A              
     e( 15 - 15) =    -10.39536  eV     1   --> A              
     e( 16 - 16) =     -8.94352  eV     1   --> A              
     e( 17 - 17) =     -8.60908  eV     1   --> A              
     e( 18 - 18) =     -7.83833  eV     1   --> A              
     e( 19 - 19) =     -7.48826  eV     1   --> A              
     e( 20 - 20) =     -7.30599  eV     1   --> A              
     e( 21 - 21) =     -6.07338  eV     1   --> A              
     e( 22 - 22) =     -4.29134  eV     1   --> A              
     e( 23 - 23) =     -4.13310  eV     1   --> A              
     e( 24 - 24) =     -2.96889  eV     1   --> A              
     e( 25 - 25) =     -2.37277  eV     1   --> A              
     e( 26 - 26) =     -2.22761  eV     1   --> A              
     e( 27 - 27) =     -1.82839  eV     1   --> A              
     e( 28 - 28) =      1.42792  eV     1   --> A              
     e( 29 - 29) =      2.01066  eV     1   --> A              
     e( 30 - 30) =      3.29150  eV     1   --> A              
     e( 31 - 31) =      3.60431  eV     1   --> A              
     e( 32 - 32) =      4.88760  eV     1   --> A              
     e( 33 - 33) =      5.45852  eV     1   --> A              
     e( 34 - 34) =      5.57061  eV     1   --> A              
     e( 35 - 35) =      6.04046  eV     1   --> A              

 **************************************************************************

 **************************************************************************

                    xk=(   0.43000,   0.24826,   0.00000  )

     Band symmetry, C_1 (1)     point group:

     e(  1 -  1) =    -77.71683  eV     1   --> A              
     e(  2 -  2) =    -49.16234  eV     1   --> A              
     e(  3 -  3) =    -49.01871  eV     1   --> A              
     e(  4 -  4) =    -48.81766  eV     1   --> A              
     e(  5 -  5) =    -21.60896  eV     1   --> A              
     e(  6 -  6) =    -21.53499  eV     1   --> A              
     e(  7 -  7) =    -20.23038  eV     1   --> A              
     e(  8 -  8) =    -19.48570  eV     1   --> A              
     e(  9 -  9) =    -14.94462  eV     1   --> A              
     e( 10 - 10) =    -14.64626  eV     1   --> A              
     e( 11 - 11) =    -11.82412  eV     1   --> A              
     e( 12 - 12) =    -11.12673  eV     1   --> A              
     e( 13 - 13) =    -10.47557  eV     1   --> A              
     e( 14 - 14) =    -10.42004  eV     1   --> A              
     e( 15 - 15) =    -10.38975  eV     1   --> A              
     e( 16 - 16) =     -8.93953  eV     1   --> A              
     e( 17 - 17) =     -8.60253  eV     1   --> A              
     e( 18 - 18) =     -7.84880  eV     1   --> A              
     e( 19 - 19) =     -7.49801  eV     1   --> A              
     e( 20 - 20) =     -7.30563  eV     1   --> A              
     e( 21 - 21) =     -6.07579  eV     1   --> A              
     e( 22 - 22) =     -4.28311  eV     1   --> A              
     e( 23 - 23) =     -4.12284  eV     1   --> A              
     e( 24 - 24) =     -2.96736  eV     1   --> A              
     e( 25 - 25) =     -2.34837  eV     1   --> A              
     e( 26 - 26) =     -2.23271  eV     1   --> A              
     e( 27 - 27) =     -1.81675  eV     1   --> A              
     e( 28 - 28) =      1.43927  eV     1   --> A              
     e( 29 - 29) =      2.02056  eV     1   --> A              
     e( 30 - 30) =      3.27220  eV     1   --> A              
     e( 31 - 31) =      3.57481  eV     1   --> A              
     e( 32 - 32) =      4.88513  eV     1   --> A              
     e( 33 - 33) =      5.45891  eV     1   --> A              
     e( 34 - 34) =      5.57099  eV     1   --> A              
     e( 35 - 35) =      6.03411  eV     1   --> A              

 **************************************************************************

 **************************************************************************

                    xk=(   0.42500,   0.24537,   0.00000  )

     Band symmetry, C_1 (1)     point group:

     e(  1 -  1) =    -77.71700  eV     1   --> A              
     e(  2 -  2) =    -49.16100  eV     1   --> A              
     e(  3 -  3) =    -49.01840  eV     1   --> A              
     e(  4 -  4) =    -48.81790  eV     1   --> A              
     e(  5 -  5) =    -21.63768  eV     1   --> A              
     e(  6 -  6) =    -21.56323  eV     1   --> A              
     e(  7 -  7) =    -20.23251  eV     1   --> A              
     e(  8 -  8) =    -19.48217  eV     1   --> A              
     e(  9 -  9) =    -14.90991  eV     1   --> A              
     e( 10 - 10) =    -14.61104  eV     1   --> A              
     e( 11 - 11) =    -11.83282  eV     1   --> A              
     e( 12 - 12) =    -11.10824  eV     1   --> A              
     e( 13 - 13) =    -10.46777  eV     1   --> A              
     e( 14 - 14) =    -10.41241  eV     1   --> A              
     e( 15 - 15) =    -10.38392  eV     1   --> A              
     e( 16 - 16) =     -8.93504  eV     1   --> A              
     e( 17 - 17) =     -8.59551  eV     1   --> A              
     e( 18 - 18) =     -7.85973  eV     1   --> A              
     e( 19 - 19) =     -7.50839  eV     1   --> A              
     e( 20 - 20) =     -7.30523  eV     1   --> A              
     e( 21 - 21) =     -6.07824  eV     1   --> A              
     e( 22 - 22) =     -4.27432  eV     1   --> A              
     e( 23 - 23) =     -4.11203  eV     1   --> A              
     e( 24 - 24) =     -2.96608  eV     1   --> A              
     e( 25 - 25) =     -2.32240  eV     1   --> A              
     e( 26 - 26) =     -2.23817  eV     1   --> A              
     e( 27 - 27) =     -1.80399  eV     1   --> A              
     e( 28 - 28) =      1.45131  eV     1   --> A              
     e( 29 - 29) =      2.03084  eV     1   --> A              
     e( 30 - 30) =      3.25202  eV     1   --> A              
     e( 31 - 31) =      3.54373  eV     1   --> A              
     e( 32 - 32) =      4.88182  eV     1   --> A              
     e( 33 - 33) =      5.45905  eV     1   --> A              
     e( 34 - 34) =      5.57096  eV     1   --> A              
     e( 35 - 35) =      6.02704  eV     1   --> A              

 **************************************************************************

 **************************************************************************

                    xk=(   0.42000,   0.24249,   0.00000  )

     Band symmetry, C_1 (1)     point group:

     e(  1 -  1) =    -77.71717  eV     1   --> A              
     e(  2 -  2) =    -49.15958  eV     1   --> A              
     e(  3 -  3) =    -49.01807  eV     1   --> A              
     e(  4 -  4) =    -48.81816  eV     1   --> A              
     e(  5 -  5) =    -21.66766  eV     1   --> A              
     e(  6 -  6) =    -21.59271  eV     1   --> A              
     e(  7 -  7) =    -20.23521  eV     1   --> A              
     e(  8 -  8) =    -19.47880  eV     1   --> A              
     e(  9 -  9) =    -14.87313  eV     1   --> A              
     e( 10 - 10) =    -14.57360  eV     1   --> A              
     e( 11 - 11) =    -11.84181  eV     1   --> A              
     e( 12 - 12) =    -11.08893  eV     1   --> A              
     e( 13 - 13) =    -10.45947  eV     1   --> A              
     e( 14 - 14) =    -10.40429  eV     1   --> A              
     e( 15 - 15) =    -10.37791  eV     1   --> A              
     e( 16 - 16) =     -8.93003  eV     1   --> A              
     e( 17 - 17) =     -8.58804  eV     1   --> A              
     e( 18 - 18) =     -7.87106  eV     1   --> A              
     e( 19 - 19) =     -7.51939  eV     1   --> A              
     e( 20 - 20) =     -7.30477  eV     1   --> A              
     e( 21 - 21) =     -6.08070  eV     1   --> A              
     e( 22 - 22) =     -4.26500  eV     1   --> A              
     e( 23 - 23) =     -4.10071  eV     1   --> A              
     e( 24 - 24) =     -2.96510  eV     1   --> A              
     e( 25 - 25) =     -2.29488  eV     1   --> A              
     e( 26 - 26) =     -2.24402  eV     1   --> A              
     e( 27 - 27) =     -1.79007  eV     1   --> A              
     e( 28 - 28) =      1.46400  eV     1   --> A              
     e( 29 - 29) =      2.04140  eV     1   --> A              
     e( 30 - 30) =      3.23107  eV     1   --> A              
     e( 31 - 31) =      3.51115  eV     1   --> A              
     e( 32 - 32) =      4.87759  eV     1   --> A              
     e( 33 - 33) =      5.45886  eV     1   --> A              
     e( 34 - 34) =      5.57038  eV     1   --> A              
     e( 35 - 35) =      6.01919  eV     1   --> A              

 **************************************************************************

 **************************************************************************

                    xk=(   0.41500,   0.23960,   0.00000  )

     Band symmetry, C_1 (1)     point group:

     e(  1 -  1) =    -77.71735  eV     1   --> A              
     e(  2 -  2) =    -49.15807  eV     1   --> A              
     e(  3 -  3) =    -49.01772  eV     1   --> A              
     e(  4 -  4) =    -48.81843  eV     1   --> A              
     e(  5 -  5) =    -21.69880  eV     1   --> A              
     e(  6 -  6) =    -21.62333  eV     1   --> A              
     e(  7 -  7) =    -20.23852  eV     1   --> A              
     e(  8 -  8) =    -19.47566  eV     1   --> A              
     e(  9 -  9) =    -14.83434  eV     1   --> A              
     e( 10 - 10) =    -14.53398  eV     1   --> A              
     e( 11 - 11) =    -11.85104  eV     1   --> A              
     e( 12 - 12) =    -11.06885  eV     1   --> A              
     e( 13 - 13) =    -10.45065  eV     1   --> A              
     e( 14 - 14) =    -10.39566  eV     1   --> A              
     e( 15 - 15) =    -10.37175  eV     1   --> A              
     e( 16 - 16) =     -8.92445  eV     1   --> A              
     e( 17 - 17) =     -8.58010  eV     1   --> A              
     e( 18 - 18) =     -7.88275  eV     1   --> A              
     e( 19 - 19) =     -7.53099  eV     1   --> A              
     e( 20 - 20) =     -7.30424  eV     1   --> A              
     e( 21 - 21) =     -6.08313  eV     1   --> A              
     e( 22 - 22) =     -4.25516  eV     1   --> A              
     e( 23 - 23) =     -4.08890  eV     1   --> A              
     e( 24 - 24) =     -2.96449  eV     1   --> A              
     e( 25 - 25) =     -2.26589  eV     1   --> A              
     e( 26 - 26) =     -2.25023  eV     1   --> A              
     e( 27 - 27) =     -1.77494  eV     1   --> A              
     e( 28 - 28) =      1.47731  eV     1   --> A              
     e( 29 - 29) =      2.05213  eV     1   --> A              
     e( 30 - 30) =      3.20948  eV     1   --> A              
     e( 31 - 31) =      3.47720  eV     1   --> A              
     e( 32 - 32) =      4.87234  eV     1   --> A              
     e( 33 - 33) =      5.45829  eV     1   --> A              
     e( 34 - 34) =      5.56910  eV     1   --> A              
     e( 35 - 35) =      6.01049  eV     1   --> A              

 **************************************************************************

 **************************************************************************

                    xk=(   0.41000,   0.23671,   0.00000  )

     Band symmetry, C_1 (1)     point group:

     e(  1 -  1) =    -77.71755  eV     1   --> A              
     e(  2 -  2) =    -49.15648  eV     1   --> A              
     e(  3 -  3) =    -49.01735  eV     1   --> A              
     e(  4 -  4) =    -48.81871  eV     1   --> A              
     e(  5 -  5) =    -21.73100  eV     1   --> A              
     e(  6 -  6) =    -21.65501  eV     1   --> A              
     e(  7 -  7) =    -20.24246  eV     1   --> A              
     e(  8 -  8) =    -19.47277  eV     1   --> A              
     e(  9 -  9) =    -14.79362  eV     1   --> A              
     e( 10 - 10) =    -14.49224  eV     1   --> A              
     e( 11 - 11) =    -11.86049  eV     1   --> A              
     e( 12 - 12) =    -11.04806  eV     1   --> A              
     e( 13 - 13) =    -10.44133  eV     1   --> A              
     e( 14 - 14) =    -10.38654  eV     1   --> A              
     e( 15 - 15) =    -10.36548  eV     1   --> A              
     e( 16 - 16) =     -8.91827  eV     1   --> A              
     e( 17 - 17) =     -8.57171  eV     1   --> A              
     e( 18 - 18) =     -7.89476  eV     1   --> A              
     e( 19 - 19) =     -7.54316  eV     1   --> A              
     e( 20 - 20) =     -7.30364  eV     1   --> A              
     e( 21 - 21) =     -6.08550  eV     1   --> A              
     e( 22 - 22) =     -4.24481  eV     1   --> A              
     e( 23 - 23) =     -4.07666  eV     1   --> A              
     e( 24 - 24) =     -2.96428  eV     1   --> A              
     e( 25 - 25) =     -2.25691  eV     1   --> A              
     e( 26 - 26) =     -2.23536  eV     1   --> A              
     e( 27 - 27) =     -1.75858  eV     1   --> A              
     e( 28 - 28) =      1.49118  eV     1   --> A              
     e( 29 - 29) =      2.06292  eV     1   --> A              
     e( 30 - 30) =      3.18739  eV     1   --> A              
     e( 31 - 31) =      3.44197  eV     1   --> A              
     e( 32 - 32) =      4.86601  eV     1   --> A              
     e( 33 - 33) =      5.45727  eV     1   --> A              
     e( 34 - 34) =      5.56700  eV     1   --> A              
     e( 35 - 35) =      6.00091  eV     1   --> A              

 **************************************************************************

 **************************************************************************

                    xk=(   0.40500,   0.23383,   0.00000  )

     Band symmetry, C_1 (1)     point group:

     e(  1 -  1) =    -77.71775  eV     1   --> A              
     e(  2 -  2) =    -49.15480  eV     1   --> A              
     e(  3 -  3) =    -49.01696  eV     1   --> A              
     e(  4 -  4) =    -48.81901  eV     1   --> A              
     e(  5 -  5) =    -21.76418  eV     1   --> A              
     e(  6 -  6) =    -21.68766  eV     1   --> A              
     e(  7 -  7) =    -20.24707  eV     1   --> A              
     e(  8 -  8) =    -19.47018  eV     1   --> A              
     e(  9 -  9) =    -14.75103  eV     1   --> A              
     e( 10 - 10) =    -14.44842  eV     1   --> A              
     e( 11 - 11) =    -11.87013  eV     1   --> A              
     e( 12 - 12) =    -11.02658  eV     1   --> A              
     e( 13 - 13) =    -10.43150  eV     1   --> A              
     e( 14 - 14) =    -10.37693  eV     1   --> A              
     e( 15 - 15) =    -10.35912  eV     1   --> A              
     e( 16 - 16) =     -8.91144  eV     1   --> A              
     e( 17 - 17) =     -8.56287  eV     1   --> A              
     e( 18 - 18) =     -7.90702  eV     1   --> A              
     e( 19 - 19) =     -7.55590  eV     1   --> A              
     e( 20 - 20) =     -7.30296  eV     1   --> A              
     e( 21 - 21) =     -6.08777  eV     1   --> A              
     e( 22 - 22) =     -4.23396  eV     1   --> A              
     e( 23 - 23) =     -4.06402  eV     1   --> A              
     e( 24 - 24) =     -2.96454  eV     1   --> A              
     e( 25 - 25) =     -2.26389  eV     1   --> A              
     e( 26 - 26) =     -2.20351  eV     1   --> A              
     e( 27 - 27) =     -1.74096  eV     1   --> A              
     e( 28 - 28) =      1.50557  eV     1   --> A              
     e( 29 - 29) =      2.07362  eV     1   --> A              
     e( 30 - 30) =      3.16494  eV     1   --> A              
     e( 31 - 31) =      3.40560  eV     1   --> A              
     e( 32 - 32) =      4.85852  eV     1   --> A              
     e( 33 - 33) =      5.45571  eV     1   --> A              
     e( 34 - 34) =      5.56391  eV     1   --> A              
     e( 35 - 35) =      5.99036  eV     1   --> A              

 **************************************************************************

 **************************************************************************

                    xk=(   0.40000,   0.23094,   0.00000  )

     Band symmetry, C_1 (1)     point group:

     e(  1 -  1) =    -77.71796  eV     1   --> A              
     e(  2 -  2) =    -49.15305  eV     1   --> A              
     e(  3 -  3) =    -49.01655  eV     1   --> A              
     e(  4 -  4) =    -48.81933  eV     1   --> A              
     e(  5 -  5) =    -21.79825  eV     1   --> A              
     e(  6 -  6) =    -21.72119  eV     1   --> A              
     e(  7 -  7) =    -20.25235  eV     1   --> A              
     e(  8 -  8) =    -19.46793  eV     1   --> A              
     e(  9 -  9) =    -14.70665  eV     1   --> A              
     e( 10 - 10) =    -14.40255  eV     1   --> A              
     e( 11 - 11) =    -11.87994  eV     1   --> A              
     e( 12 - 12) =    -11.00448  eV     1   --> A              
     e( 13 - 13) =    -10.42118  eV     1   --> A              
     e( 14 - 14) =    -10.36683  eV     1   --> A              
     e( 15 - 15) =    -10.35272  eV     1   --> A              
     e( 16 - 16) =     -8.90392  eV     1   --> A              
     e( 17 - 17) =     -8.55358  eV     1   --> A              
     e( 18 - 18) =     -7.91951  eV     1   --> A              
     e( 19 - 19) =     -7.56917  eV     1   --> A              
     e( 20 - 20) =     -7.30218  eV     1   --> A              
     e( 21 - 21) =     -6.08990  eV     1   --> A              
     e( 22 - 22) =     -4.22263  eV     1   --> A              
     e( 23 - 23) =     -4.05100  eV     1   --> A              
     e( 24 - 24) =     -2.96531  eV     1   --> A              
     e( 25 - 25) =     -2.27124  eV     1   --> A              
     e( 26 - 26) =     -2.17029  eV     1   --> A              
     e( 27 - 27) =     -1.72205  eV     1   --> A              
     e( 28 - 28) =      1.52040  eV     1   --> A              
     e( 29 - 29) =      2.08409  eV     1   --> A              
     e( 30 - 30) =      3.14233  eV     1   --> A              
     e( 31 - 31) =      3.36818  eV     1   --> A              
     e( 32 - 32) =      4.84981  eV     1   --> A              
     e( 33 - 33) =      5.45353  eV     1   --> A              
     e( 34 - 34) =      5.55967  eV     1   --> A              
     e( 35 - 35) =      5.97877  eV     1   --> A              

 **************************************************************************

 **************************************************************************

                    xk=(   0.39500,   0.22805,   0.00000  )

     Band symmetry, C_1 (1)     point group:

     e(  1 -  1) =    -77.71818  eV     1   --> A              
     e(  2 -  2) =    -49.15122  eV     1   --> A              
     e(  3 -  3) =    -49.01612  eV     1   --> A              
     e(  4 -  4) =    -48.81966  eV     1   --> A              
     e(  5 -  5) =    -21.83312  eV     1   --> A              
     e(  6 -  6) =    -21.75551  eV     1   --> A              
     e(  7 -  7) =    -20.25833  eV     1   --> A              
     e(  8 -  8) =    -19.46603  eV     1   --> A              
     e(  9 -  9) =    -14.66055  eV     1   --> A              
     e( 10 - 10) =    -14.35469  eV     1   --> A              
     e( 11 - 11) =    -11.88989  eV     1   --> A              
     e( 12 - 12) =    -10.98180  eV     1   --> A              
     e( 13 - 13) =    -10.41037  eV     1   --> A              
     e( 14 - 14) =    -10.35626  eV     1   --> A              
     e( 15 - 15) =    -10.34630  eV     1   --> A              
     e( 16 - 16) =     -8.89569  eV     1   --> A              
     e( 17 - 17) =     -8.54385  eV     1   --> A              
     e( 18 - 18) =     -7.93219  eV     1   --> A              
     e( 19 - 19) =     -7.58296  eV     1   --> A              
     e( 20 - 20) =     -7.30130  eV     1   --> A              
     e( 21 - 21) =     -6.09186  eV     1   --> A              
     e( 22 - 22) =     -4.21083  eV     1   --> A              
     e( 23 - 23) =     -4.03766  eV     1   --> A              
     e( 24 - 24) =     -2.96664  eV     1   --> A              
     e( 25 - 25) =     -2.27899  eV     1   --> A              
     e( 26 - 26) =     -2.13575  eV     1   --> A              
     e( 27 - 27) =     -1.70183  eV     1   --> A              
     e( 28 - 28) =      1.53561  eV     1   --> A              
     e( 29 - 29) =      2.09415  eV     1   --> A              
     e( 30 - 30) =      3.11969  eV     1   --> A              
     e( 31 - 31) =      3.32983  eV     1   --> A              
     e( 32 - 32) =      4.83978  eV     1   --> A              
     e( 33 - 33) =      5.45066  eV     1   --> A              
     e( 34 - 34) =      5.55412  eV     1   --> A              
     e( 35 - 35) =      5.96599  eV     1   --> A              

 **************************************************************************

 **************************************************************************

                    xk=(   0.39000,   0.22517,   0.00000  )

     Band symmetry, C_1 (1)     point group:

     e(  1 -  1) =    -77.71841  eV     1   --> A              
     e(  2 -  2) =    -49.14932  eV     1   --> A              
     e(  3 -  3) =    -49.01568  eV     1   --> A              
     e(  4 -  4) =    -48.82000  eV     1   --> A              
     e(  5 -  5) =    -21.86871  eV     1   --> A              
     e(  6 -  6) =    -21.79056  eV     1   --> A              
     e(  7 -  7) =    -20.26501  eV     1   --> A              
     e(  8 -  8) =    -19.46453  eV     1   --> A              
     e(  9 -  9) =    -14.61282  eV     1   --> A              
     e( 10 - 10) =    -14.30489  eV     1   --> A              
     e( 11 - 11) =    -11.89995  eV     1   --> A              
     e( 12 - 12) =    -10.95857  eV     1   --> A              
     e( 13 - 13) =    -10.39907  eV     1   --> A              
     e( 14 - 14) =    -10.34520  eV     1   --> A              
     e( 15 - 15) =    -10.33990  eV     1   --> A              
     e( 16 - 16) =     -8.88670  eV     1   --> A              
     e( 17 - 17) =     -8.53369  eV     1   --> A              
     e( 18 - 18) =     -7.94501  eV     1   --> A              
     e( 19 - 19) =     -7.59724  eV     1   --> A              
     e( 20 - 20) =     -7.30030  eV     1   --> A              
     e( 21 - 21) =     -6.09361  eV     1   --> A              
     e( 22 - 22) =     -4.19857  eV     1   --> A              
     e( 23 - 23) =     -4.02402  eV     1   --> A              
     e( 24 - 24) =     -2.96855  eV     1   --> A              
     e( 25 - 25) =     -2.28710  eV     1   --> A              
     e( 26 - 26) =     -2.09996  eV     1   --> A              
     e( 27 - 27) =     -1.68028  eV     1   --> A              
     e( 28 - 28) =      1.55113  eV     1   --> A              
     e( 29 - 29) =      2.10363  eV     1   --> A              
     e( 30 - 30) =      3.09723  eV     1   --> A              
     e( 31 - 31) =      3.29069  eV     1   --> A              
     e( 32 - 32) =      4.82838  eV     1   --> A              
     e( 33 - 33) =      5.44698  eV     1   --> A              
     e( 34 - 34) =      5.54709  eV     1   --> A              
     e( 35 - 35) =      5.93476  eV     1   --> A              

 **************************************************************************

 **************************************************************************

                    xk=(   0.38500,   0.22228,   0.00000  )

     Band symmetry, C_1 (1)     point group:

     e(  1 -  1) =    -77.71865  eV     1   --> A              
     e(  2 -  2) =    -49.14734  eV     1   --> A              
     e(  3 -  3) =    -49.01522  eV     1   --> A              
     e(  4 -  4) =    -48.82036  eV     1   --> A              
     e(  5 -  5) =    -21.90494  eV     1   --> A              
     e(  6 -  6) =    -21.82626  eV     1   --> A              
     e(  7 -  7) =    -20.27239  eV     1   --> A              
     e(  8 -  8) =    -19.46343  eV     1   --> A              
     e(  9 -  9) =    -14.56354  eV     1   --> A              
     e( 10 - 10) =    -14.25320  eV     1   --> A              
     e( 11 - 11) =    -11.91010  eV     1   --> A              
     e( 12 - 12) =    -10.93487  eV     1   --> A              
     e( 13 - 13) =    -10.38730  eV     1   --> A              
     e( 14 - 14) =    -10.33386  eV     1   --> A              
     e( 15 - 15) =    -10.33335  eV     1   --> A              
     e( 16 - 16) =     -8.87693  eV     1   --> A              
     e( 17 - 17) =     -8.52309  eV     1   --> A              
     e( 18 - 18) =     -7.95794  eV     1   --> A              
     e( 19 - 19) =     -7.61200  eV     1   --> A              
     e( 20 - 20) =     -7.29918  eV     1   --> A              
     e( 21 - 21) =     -6.09510  eV     1   --> A              
     e( 22 - 22) =     -4.18588  eV     1   --> A              
     e( 23 - 23) =     -4.01012  eV     1   --> A              
     e( 24 - 24) =     -2.97109  eV     1   --> A              
     e( 25 - 25) =     -2.29559  eV     1   --> A              
     e( 26 - 26) =     -2.06297  eV     1   --> A              
     e( 27 - 27) =     -1.65741  eV     1   --> A              
     e( 28 - 28) =      1.56687  eV     1   --> A              
     e( 29 - 29) =      2.11230  eV     1   --> A              
     e( 30 - 30) =      3.07513  eV     1   --> A              
     e( 31 - 31) =      3.25087  eV     1   --> A              
     e( 32 - 32) =      4.81551  eV     1   --> A              
     e( 33 - 33) =      5.44241  eV     1   --> A              
     e( 34 - 34) =      5.53842  eV     1   --> A              
     e( 35 - 35) =      5.89944  eV     1   --> A              

 **************************************************************************

 **************************************************************************

                    xk=(   0.38000,   0.21939,   0.00000  )

     Band symmetry, C_1 (1)     point group:

     e(  1 -  1) =    -77.71890  eV     1   --> A              
     e(  2 -  2) =    -49.14529  eV     1   --> A              
     e(  3 -  3) =    -49.01474  eV     1   --> A              
     e(  4 -  4) =    -48.82073  eV     1   --> A              
     e(  5 -  5) =    -21.94175  eV     1   --> A              
     e(  6 -  6) =    -21.86253  eV     1   --> A              
     e(  7 -  7) =    -20.28047  eV     1   --> A              
     e(  8 -  8) =    -19.46276  eV     1   --> A              
     e(  9 -  9) =    -14.51280  eV     1   --> A              
     e( 10 - 10) =    -14.19967  eV     1   --> A              
     e( 11 - 11) =    -11.92029  eV     1   --> A              
     e( 12 - 12) =    -10.91072  eV     1   --> A              
     e( 13 - 13) =    -10.37506  eV     1   --> A              
     e( 14 - 14) =    -10.32724  eV     1   --> A              
     e( 15 - 15) =    -10.32168  eV     1   --> A              
     e( 16 - 16) =     -8.86635  eV     1   --> A              
     e( 17 - 17) =     -8.51209  eV     1   --> A              
     e( 18 - 18) =     -7.97096  eV     1   --> A              
     e( 19 - 19) =     -7.62721  eV     1   --> A              
     e( 20 - 20) =     -7.29792  eV     1   --> A              
     e( 21 - 21) =     -6.09630  eV     1   --> A              
     e( 22 - 22) =     -4.17277  eV     1   --> A              
     e( 23 - 23) =     -3.99600  eV     1   --> A              
     e( 24 - 24) =     -2.97426  eV     1   --> A              
     e( 25 - 25) =     -2.30447  eV     1   --> A              
     e( 26 - 26) =     -2.02481  eV     1   --> A              
     e( 27 - 27) =     -1.63322  eV     1   --> A              
     e( 28 - 28) =      1.58272  eV     1   --> A              
     e( 29 - 29) =      2.11994  eV     1   --> A              
     e( 30 - 30) =      3.05359  eV     1   --> A              
     e( 31 - 31) =      3.21051  eV     1   --> A              
     e( 32 - 32) =      4.80110  eV     1   --> A              
     e( 33 - 33) =      5.43684  eV     1   --> A              
     e( 34 - 34) =      5.52796  eV     1   --> A              
     e( 35 - 35) =      5.86371  eV     1   --> A              

 **************************************************************************

 **************************************************************************

                    xk=(   0.37500,   0.21651,   0.00000  )

     Band symmetry, C_1 (1)     point group:

     e(  1 -  1) =    -77.71916  eV     1   --> A              
     e(  2 -  2) =    -49.14316  eV     1   --> A              
     e(  3 -  3) =    -49.01424  eV     1   --> A              
     e(  4 -  4) =    -48.82111  eV     1   --> A              
     e(  5 -  5) =    -21.97906  eV     1   --> A              
     e(  6 -  6) =    -21.89930  eV     1   --> A              
     e(  7 -  7) =    -20.28926  eV     1   --> A              
     e(  8 -  8) =    -19.46252  eV     1   --> A              
     e(  9 -  9) =    -14.46069  eV     1   --> A              
     e( 10 - 10) =    -14.14435  eV     1   --> A              
     e( 11 - 11) =    -11.93049  eV     1   --> A              
     e( 12 - 12) =    -10.88620  eV     1   --> A              
     e( 13 - 13) =    -10.36235  eV     1   --> A              
     e( 14 - 14) =    -10.32098  eV     1   --> A              
     e( 15 - 15) =    -10.30924  eV     1   --> A              
     e( 16 - 16) =     -8.85492  eV     1   --> A              
     e( 17 - 17) =     -8.50066  eV     1   --> A              
     e( 18 - 18) =     -7.98403  eV     1   --> A              
     e( 19 - 19) =     -7.64285  eV     1   --> A              
     e( 20 - 20) =     -7.29651  eV     1   --> A              
     e( 21 - 21) =     -6.09716  eV     1   --> A              
     e( 22 - 22) =     -4.15924  eV     1   --> A              
     e( 23 - 23) =     -3.98168  eV     1   --> A              
     e( 24 - 24) =     -2.97811  eV     1   --> A              
     e( 25 - 25) =     -2.31371  eV     1   --> A              
     e( 26 - 26) =     -1.98554  eV     1   --> A              
     e( 27 - 27) =     -1.60771  eV     1   --> A              
     e( 28 - 28) =      1.59859  eV     1   --> A              
     e( 29 - 29) =      2.12632  eV     1   --> A              
     e( 30 - 30) =      3.03282  eV     1   --> A              
     e( 31 - 31) =      3.16980  eV     1   --> A              
     e( 32 - 32) =      4.78508  eV     1   --> A              
     e( 33 - 33) =      5.43018  eV     1   --> A              
     e( 34 - 34) =      5.51555  eV     1   --> A              
     e( 35 - 35) =      5.82768  eV     1   --> A              

 **************************************************************************

 **************************************************************************

                    xk=(   0.37000,   0.21362,   0.00000  )

     Band symmetry, C_1 (1)     point group:

     e(  1 -  1) =    -77.71942  eV     1   --> A              
     e(  2 -  2) =    -49.14097  eV     1   --> A              
     e(  3 -  3) =    -49.01373  eV     1   --> A              
     e(  4 -  4) =    -48.82150  eV     1   --> A              
     e(  5 -  5) =    -22.01681  eV     1   --> A              
     e(  6 -  6) =    -21.93652  eV     1   --> A              
     e(  7 -  7) =    -20.29873  eV     1   --> A              
     e(  8 -  8) =    -19.46274  eV     1   --> A              
     e(  9 -  9) =    -14.40733  eV     1   --> A              
     e( 10 - 10) =    -14.08730  eV     1   --> A              
     e( 11 - 11) =    -11.94066  eV     1   --> A              
     e( 12 - 12) =    -10.86135  eV     1   --> A              
     e( 13 - 13) =    -10.34919  eV     1   --> A              
     e( 14 - 14) =    -10.31478  eV     1   --> A              
     e( 15 - 15) =    -10.29636  eV     1   --> A              
     e( 16 - 16) =     -8.84263  eV     1   --> A              
     e( 17 - 17) =     -8.48882  eV     1   --> A              
     e( 18 - 18) =     -7.99713  eV     1   --> A              
     e( 19 - 19) =     -7.65891  eV     1   --> A              
     e( 20 - 20) =     -7.29494  eV     1   --> A              
     e( 21 - 21) =     -6.09764  eV     1   --> A              
     e( 22 - 22) =     -4.14533  eV     1   --> A              
     e( 23 - 23) =     -3.96720  eV     1   --> A              
     e( 24 - 24) =     -2.98262  eV     1   --> A              
     e( 25 - 25) =     -2.32332  eV     1   --> A              
     e( 26 - 26) =     -1.94521  eV     1   --> A              
     e( 27 - 27) =     -1.58089  eV     1   --> A              
     e( 28 - 28) =      1.61435  eV     1   --> A              
     e( 29 - 29) =      2.13119  eV     1   --> A              
     e( 30 - 30) =      3.01299  eV     1   --> A              
     e( 31 - 31) =      3.12890  eV     1   --> A              
     e( 32 - 32) =      4.76736  eV     1   --> A              
     e( 33 - 33) =      5.42232  eV     1   --> A              
     e( 34 - 34) =      5.50105  eV     1   --> A              
     e( 35 - 35) =      5.79142  eV     1   --> A              

 **************************************************************************

 **************************************************************************

                    xk=(   0.36500,   0.21073,   0.00000  )

     Band symmetry, C_1 (1)     point group:

     e(  1 -  1) =    -77.71970  eV     1   --> A              
     e(  2 -  2) =    -49.13871  eV     1   --> A              
     e(  3 -  3) =    -49.01321  eV     1   --> A              
     e(  4 -  4) =    -48.82191  eV     1   --> A              
     e(  5 -  5) =    -22.05493  eV     1   --> A              
     e(  6 -  6) =    -21.97412  eV     1   --> A              
     e(  7 -  7) =    -20.30889  eV     1   --> A              
     e(  8 -  8) =    -19.46340  eV     1   --> A              
     e(  9 -  9) =    -14.35281  eV     1   --> A              
     e( 10 - 10) =    -14.02856  eV     1   --> A              
     e( 11 - 11) =    -11.95074  eV     1   --> A              
     e( 12 - 12) =    -10.83624  eV     1   --> A              
     e( 13 - 13) =    -10.33558  eV     1   --> A              
     e( 14 - 14) =    -10.30864  eV     1   --> A              
     e( 15 - 15) =    -10.28303  eV     1   --> A              
     e( 16 - 16) =     -8.82946  eV     1   --> A              
     e( 17 - 17) =     -8.47659  eV     1   --> A              
     e( 18 - 18) =     -8.01024  eV     1   --> A              
     e( 19 - 19) =     -7.67534  eV     1   --> A              
     e( 20 - 20) =     -7.29320  eV     1   --> A              
     e( 21 - 21) =     -6.09769  eV     1   --> A              
     e( 22 - 22) =     -4.13104  eV     1   --> A              
     e( 23 - 23) =     -3.95259  eV     1   --> A              
     e( 24 - 24) =     -2.98781  eV     1   --> A              
     e( 25 - 25) =     -2.33331  eV     1   --> A              
     e( 26 - 26) =     -1.90387  eV     1   --> A              
     e( 27 - 27) =     -1.55278  eV     1   --> A              
     e( 28 - 28) =      1.62987  eV     1   --> A              
     e( 29 - 29) =      2.13429  eV     1   --> A              
     e( 30 - 30) =      2.99421  eV     1   --> A              
     e( 31 - 31) =      3.08810  eV     1   --> A              
     e( 32 - 32) =      4.74787  eV     1   --> A              
     e( 33 - 33) =      5.41315  eV     1   --> A              
     e( 34 - 34) =      5.48432  eV     1   --> A              
     e( 35 - 35) =      5.75506  eV     1   --> A              

 **************************************************************************

 **************************************************************************

                    xk=(   0.36000,   0.20785,   0.00000  )

     Band symmetry, C_1 (1)     point group:

     e(  1 -  1) =    -77.71998  eV     1   --> A              
     e(  2 -  2) =    -49.13639  eV     1   --> A              
     e(  3 -  3) =    -49.01267  eV     1   --> A              
     e(  4 -  4) =    -48.82232  eV     1   --> A              
     e(  5 -  5) =    -22.09336  eV     1   --> A              
     e(  6 -  6) =    -22.01203  eV     1   --> A              
     e(  7 -  7) =    -20.31970  eV     1   --> A              
     e(  8 -  8) =    -19.46453  eV     1   --> A              
     e(  9 -  9) =    -14.29724  eV     1   --> A              
     e( 10 - 10) =    -13.96820  eV     1   --> A              
     e( 11 - 11) =    -11.96067  eV     1   --> A              
     e( 12 - 12) =    -10.81096  eV     1   --> A              
     e( 13 - 13) =    -10.32153  eV     1   --> A              
     e( 14 - 14) =    -10.30253  eV     1   --> A              
     e( 15 - 15) =    -10.26927  eV     1   --> A              
     e( 16 - 16) =     -8.81539  eV     1   --> A              
     e( 17 - 17) =     -8.46396  eV     1   --> A              
     e( 18 - 18) =     -8.02333  eV     1   --> A              
     e( 19 - 19) =     -7.69214  eV     1   --> A              
     e( 20 - 20) =     -7.29127  eV     1   --> A              
     e( 21 - 21) =     -6.09728  eV     1   --> A              
     e( 22 - 22) =     -4.11638  eV     1   --> A              
     e( 23 - 23) =     -3.93788  eV     1   --> A              
     e( 24 - 24) =     -2.99368  eV     1   --> A              
     e( 25 - 25) =     -2.34366  eV     1   --> A              
     e( 26 - 26) =     -1.86157  eV     1   --> A              
     e( 27 - 27) =     -1.52341  eV     1   --> A              
     e( 28 - 28) =      1.64498  eV     1   --> A              
     e( 29 - 29) =      2.13539  eV     1   --> A              
     e( 30 - 30) =      2.97639  eV     1   --> A              
     e( 31 - 31) =      3.04785  eV     1   --> A              
     e( 32 - 32) =      4.72653  eV     1   --> A              
     e( 33 - 33) =      5.40255  eV     1   --> A              
     e( 34 - 34) =      5.46526  eV     1   --> A              
     e( 35 - 35) =      5.71873  eV     1   --> A              

 **************************************************************************

 **************************************************************************

                    xk=(   0.35500,   0.20496,   0.00000  )

     Band symmetry, C_1 (1)     point group:

     e(  1 -  1) =    -77.72027  eV     1   --> A              
     e(  2 -  2) =    -49.13401  eV     1   --> A              
     e(  3 -  3) =    -49.01211  eV     1   --> A              
     e(  4 -  4) =    -48.82275  eV     1   --> A              
     e(  5 -  5) =    -22.13205  eV     1   --> A              
     e(  6 -  6) =    -22.05021  eV     1   --> A              
     e(  7 -  7) =    -20.33116  eV     1   --> A              
     e(  8 -  8) =    -19.46610  eV     1   --> A              
     e(  9 -  9) =    -14.24075  eV     1   --> A              
     e( 10 - 10) =    -13.90626  eV     1   --> A              
     e( 11 - 11) =    -11.97040  eV     1   --> A              
     e( 12 - 12) =    -10.78557  eV     1   --> A              
     e( 13 - 13) =    -10.30705  eV     1   --> A              
     e( 14 - 14) =    -10.29641  eV     1   --> A              
     e( 15 - 15) =    -10.25508  eV     1   --> A              
     e( 16 - 16) =     -8.80042  eV     1   --> A              
     e( 17 - 17) =     -8.45094  eV     1   --> A              
     e( 18 - 18) =     -8.03640  eV     1   --> A              
     e( 19 - 19) =     -7.70927  eV     1   --> A              
     e( 20 - 20) =     -7.28916  eV     1   --> A              
     e( 21 - 21) =     -6.09637  eV     1   --> A              
     e( 22 - 22) =     -4.10139  eV     1   --> A              
     e( 23 - 23) =     -3.92311  eV     1   --> A              
     e( 24 - 24) =     -3.00023  eV     1   --> A              
     e( 25 - 25) =     -2.35438  eV     1   --> A              
     e( 26 - 26) =     -1.81837  eV     1   --> A              
     e( 27 - 27) =     -1.49282  eV     1   --> A              
     e( 28 - 28) =      1.65952  eV     1   --> A              
     e( 29 - 29) =      2.13426  eV     1   --> A              
     e( 30 - 30) =      2.95879  eV     1   --> A              
     e( 31 - 31) =      3.00922  eV     1   --> A              
     e( 32 - 32) =      4.70327  eV     1   --> A              
     e( 33 - 33) =      5.39043  eV     1   --> A              
     e( 34 - 34) =      5.44374  eV     1   --> A              
     e( 35 - 35) =      5.68259  eV     1   --> A              

 **************************************************************************

 **************************************************************************

                    xk=(   0.35000,   0.20207,   0.00000  )

     Band symmetry, C_1 (1)     point group:

     e(  1 -  1) =    -77.72056  eV     1   --> A              
     e(  2 -  2) =    -49.13157  eV     1   --> A              
     e(  3 -  3) =    -49.01154  eV     1   --> A              
     e(  4 -  4) =    -48.82319  eV     1   --> A              
     e(  5 -  5) =    -22.17095  eV     1   --> A              
     e(  6 -  6) =    -22.08860  eV     1   --> A              
     e(  7 -  7) =    -20.34325  eV     1   --> A              
     e(  8 -  8) =    -19.46813  eV     1   --> A              
     e(  9 -  9) =    -14.18347  eV     1   --> A              
     e( 10 - 10) =    -13.84281  eV     1   --> A              
     e( 11 - 11) =    -11.97985  eV     1   --> A              
     e( 12 - 12) =    -10.76018  eV     1   --> A              
     e( 13 - 13) =    -10.29215  eV     1   --> A              
     e( 14 - 14) =    -10.29023  eV     1   --> A              
     e( 15 - 15) =    -10.24048  eV     1   --> A              
     e( 16 - 16) =     -8.78455  eV     1   --> A              
     e( 17 - 17) =     -8.43755  eV     1   --> A              
     e( 18 - 18) =     -8.04941  eV     1   --> A              
     e( 19 - 19) =     -7.72672  eV     1   --> A              
     e( 20 - 20) =     -7.28685  eV     1   --> A              
     e( 21 - 21) =     -6.09491  eV     1   --> A              
     e( 22 - 22) =     -4.08606  eV     1   --> A              
     e( 23 - 23) =     -3.90829  eV     1   --> A              
     e( 24 - 24) =     -3.00743  eV     1   --> A              
     e( 25 - 25) =     -2.36546  eV     1   --> A              
     e( 26 - 26) =     -1.77430  eV     1   --> A              
     e( 27 - 27) =     -1.46103  eV     1   --> A              
     e( 28 - 28) =      1.67329  eV     1   --> A              
     e( 29 - 29) =      2.13072  eV     1   --> A              
     e( 30 - 30) =      2.93841  eV     1   --> A              
     e( 31 - 31) =      2.97556  eV     1   --> A              
     e( 32 - 32) =      4.67800  eV     1   --> A              
     e( 33 - 33) =      5.37667  eV     1   --> A              
     e( 34 - 34) =      5.41971  eV     1   --> A              
     e( 35 - 35) =      5.64679  eV     1   --> A              

 **************************************************************************

 **************************************************************************

                    xk=(   0.34500,   0.19919,   0.00000  )

     Band symmetry, C_1 (1)     point group:

     e(  1 -  1) =    -77.72086  eV     1   --> A              
     e(  2 -  2) =    -49.12907  eV     1   --> A              
     e(  3 -  3) =    -49.01096  eV     1   --> A              
     e(  4 -  4) =    -48.82364  eV     1   --> A              
     e(  5 -  5) =    -22.21000  eV     1   --> A              
     e(  6 -  6) =    -22.12715  eV     1   --> A              
     e(  7 -  7) =    -20.35594  eV     1   --> A              
     e(  8 -  8) =    -19.47060  eV     1   --> A              
     e(  9 -  9) =    -14.12553  eV     1   --> A              
     e( 10 - 10) =    -13.77789  eV     1   --> A              
     e( 11 - 11) =    -11.98892  eV     1   --> A              
     e( 12 - 12) =    -10.73491  eV     1   --> A              
     e( 13 - 13) =    -10.28392  eV     1   --> A              
     e( 14 - 14) =    -10.27684  eV     1   --> A              
     e( 15 - 15) =    -10.22547  eV     1   --> A              
     e( 16 - 16) =     -8.76779  eV     1   --> A              
     e( 17 - 17) =     -8.42380  eV     1   --> A              
     e( 18 - 18) =     -8.06238  eV     1   --> A              
     e( 19 - 19) =     -7.74447  eV     1   --> A              
     e( 20 - 20) =     -7.28432  eV     1   --> A              
     e( 21 - 21) =     -6.09287  eV     1   --> A              
     e( 22 - 22) =     -4.07042  eV     1   --> A              
     e( 23 - 23) =     -3.89346  eV     1   --> A              
     e( 24 - 24) =     -3.01528  eV     1   --> A              
     e( 25 - 25) =     -2.37691  eV     1   --> A              
     e( 26 - 26) =     -1.72942  eV     1   --> A              
     e( 27 - 27) =     -1.42809  eV     1   --> A              
     e( 28 - 28) =      1.68608  eV     1   --> A              
     e( 29 - 29) =      2.12464  eV     1   --> A              
     e( 30 - 30) =      2.90949  eV     1   --> A              
     e( 31 - 31) =      2.95287  eV     1   --> A              
     e( 32 - 32) =      4.65067  eV     1   --> A              
     e( 33 - 33) =      5.36117  eV     1   --> A              
     e( 34 - 34) =      5.39314  eV     1   --> A              
     e( 35 - 35) =      5.61149  eV     1   --> A              

 **************************************************************************

 **************************************************************************

                    xk=(   0.34000,   0.19630,   0.00000  )

     Band symmetry, C_1 (1)     point group:

     e(  1 -  1) =    -77.72117  eV     1   --> A              
     e(  2 -  2) =    -49.12651  eV     1   --> A              
     e(  3 -  3) =    -49.01037  eV     1   --> A              
     e(  4 -  4) =    -48.82410  eV     1   --> A              
     e(  5 -  5) =    -22.24916  eV     1   --> A              
     e(  6 -  6) =    -22.16582  eV     1   --> A              
     e(  7 -  7) =    -20.36921  eV     1   --> A              
     e(  8 -  8) =    -19.47351  eV     1   --> A              
     e(  9 -  9) =    -14.06709  eV     1   --> A              
     e( 10 - 10) =    -13.71157  eV     1   --> A              
     e( 11 - 11) =    -11.99753  eV     1   --> A              
     e( 12 - 12) =    -10.70987  eV     1   --> A              
     e( 13 - 13) =    -10.27738  eV     1   --> A              
     e( 14 - 14) =    -10.26112  eV     1   --> A              
     e( 15 - 15) =    -10.21007  eV     1   --> A              
     e( 16 - 16) =     -8.75014  eV     1   --> A              
     e( 17 - 17) =     -8.40969  eV     1   --> A              
     e( 18 - 18) =     -8.07527  eV     1   --> A              
     e( 19 - 19) =     -7.76248  eV     1   --> A              
     e( 20 - 20) =     -7.28158  eV     1   --> A              
     e( 21 - 21) =     -6.09021  eV     1   --> A              
     e( 22 - 22) =     -4.05449  eV     1   --> A              
     e( 23 - 23) =     -3.87864  eV     1   --> A              
     e( 24 - 24) =     -3.02376  eV     1   --> A              
     e( 25 - 25) =     -2.38871  eV     1   --> A              
     e( 26 - 26) =     -1.68378  eV     1   --> A              
     e( 27 - 27) =     -1.39405  eV     1   --> A              
     e( 28 - 28) =      1.69764  eV     1   --> A              
     e( 29 - 29) =      2.11593  eV     1   --> A              
     e( 30 - 30) =      2.87396  eV     1   --> A              
     e( 31 - 31) =      2.93949  eV     1   --> A              
     e( 32 - 32) =      4.62123  eV     1   --> A              
     e( 33 - 33) =      5.34383  eV     1   --> A              
     e( 34 - 34) =      5.36407  eV     1   --> A              
     e( 35 - 35) =      5.57682  eV     1   --> A              

 **************************************************************************

 **************************************************************************

                    xk=(   0.33500,   0.19341,   0.00000  )

     Band symmetry, C_1 (1)     point group:

     e(  1 -  1) =    -77.72149  eV     1   --> A              
     e(  2 -  2) =    -49.12390  eV     1   --> A              
     e(  3 -  3) =    -49.00976  eV     1   --> A              
     e(  4 -  4) =    -48.82456  eV     1   --> A              
     e(  5 -  5) =    -22.28838  eV     1   --> A              
     e(  6 -  6) =    -22.20455  eV     1   --> A              
     e(  7 -  7) =    -20.38303  eV     1   --> A              
     e(  8 -  8) =    -19.47685  eV     1   --> A              
     e(  9 -  9) =    -14.00832  eV     1   --> A              
     e( 10 - 10) =    -13.64389  eV     1   --> A              
     e( 11 - 11) =    -12.00554  eV     1   --> A              
     e( 12 - 12) =    -10.68524  eV     1   --> A              
     e( 13 - 13) =    -10.27049  eV     1   --> A              
     e( 14 - 14) =    -10.24501  eV     1   --> A              
     e( 15 - 15) =    -10.19427  eV     1   --> A              
     e( 16 - 16) =     -8.73163  eV     1   --> A              
     e( 17 - 17) =     -8.39524  eV     1   --> A              
     e( 18 - 18) =     -8.08809  eV     1   --> A              
     e( 19 - 19) =     -7.78073  eV     1   --> A              
     e( 20 - 20) =     -7.27860  eV     1   --> A              
     e( 21 - 21) =     -6.08689  eV     1   --> A              
     e( 22 - 22) =     -4.03827  eV     1   --> A              
     e( 23 - 23) =     -3.86386  eV     1   --> A              
     e( 24 - 24) =     -3.03284  eV     1   --> A              
     e( 25 - 25) =     -2.40087  eV     1   --> A              
     e( 26 - 26) =     -1.63744  eV     1   --> A              
     e( 27 - 27) =     -1.35897  eV     1   --> A              
     e( 28 - 28) =      1.70772  eV     1   --> A              
     e( 29 - 29) =      2.10458  eV     1   --> A              
     e( 30 - 30) =      2.83675  eV     1   --> A              
     e( 31 - 31) =      2.93066  eV     1   --> A              
     e( 32 - 32) =      4.58964  eV     1   --> A              
     e( 33 - 33) =      5.32455  eV     1   --> A              
     e( 34 - 34) =      5.33264  eV     1   --> A              
     e( 35 - 35) =      5.54285  eV     1   --> A              

 **************************************************************************

 **************************************************************************

                    xk=(   0.33000,   0.19053,   0.00000  )

     Band symmetry, C_1 (1)     point group:

     e(  1 -  1) =    -77.72181  eV     1   --> A              
     e(  2 -  2) =    -49.12125  eV     1   --> A              
     e(  3 -  3) =    -49.00914  eV     1   --> A              
     e(  4 -  4) =    -48.82504  eV     1   --> A              
     e(  5 -  5) =    -22.32762  eV     1   --> A              
     e(  6 -  6) =    -22.24331  eV     1   --> A              
     e(  7 -  7) =    -20.39739  eV     1   --> A              
     e(  8 -  8) =    -19.48061  eV     1   --> A              
     e(  9 -  9) =    -13.94938  eV     1   --> A              
     e( 10 - 10) =    -13.57492  eV     1   --> A              
     e( 11 - 11) =    -12.01284  eV     1   --> A              
     e( 12 - 12) =    -10.66117  eV     1   --> A              
     e( 13 - 13) =    -10.26309  eV     1   --> A              
     e( 14 - 14) =    -10.22853  eV     1   --> A              
     e( 15 - 15) =    -10.17810  eV     1   --> A              
     e( 16 - 16) =     -8.71227  eV     1   --> A              
     e( 17 - 17) =     -8.38046  eV     1   --> A              
     e( 18 - 18) =     -8.10081  eV     1   --> A              
     e( 19 - 19) =     -7.79920  eV     1   --> A              
     e( 20 - 20) =     -7.27539  eV     1   --> A              
     e( 21 - 21) =     -6.08288  eV     1   --> A              
     e( 22 - 22) =     -4.02179  eV     1   --> A              
     e( 23 - 23) =     -3.84915  eV     1   --> A              
     e( 24 - 24) =     -3.04250  eV     1   --> A              
     e( 25 - 25) =     -2.41338  eV     1   --> A              
     e( 26 - 26) =     -1.59044  eV     1   --> A              
     e( 27 - 27) =     -1.32289  eV     1   --> A              
     e( 28 - 28) =      1.71602  eV     1   --> A              
     e( 29 - 29) =      2.09067  eV     1   --> A              
     e( 30 - 30) =      2.79976  eV     1   --> A              
     e( 31 - 31) =      2.92458  eV     1   --> A              
     e( 32 - 32) =      4.55586  eV     1   --> A              
     e( 33 - 33) =      5.29892  eV     1   --> A              
     e( 34 - 34) =      5.30334  eV     1   --> A              
     e( 35 - 35) =      5.50962  eV     1   --> A              

 **************************************************************************

 **************************************************************************

                    xk=(   0.32500,   0.18764,   0.00000  )

     Band symmetry, C_1 (1)     point group:

     e(  1 -  1) =    -77.72213  eV     1   --> A              
     e(  2 -  2) =    -49.11854  eV     1   --> A              
     e(  3 -  3) =    -49.00851  eV     1   --> A              
     e(  4 -  4) =    -48.82552  eV     1   --> A              
     e(  5 -  5) =    -22.36684  eV     1   --> A              
     e(  6 -  6) =    -22.28204  eV     1   --> A              
     e(  7 -  7) =    -20.41224  eV     1   --> A              
     e(  8 -  8) =    -19.48477  eV     1   --> A              
     e(  9 -  9) =    -13.89048  eV     1   --> A              
     e( 10 - 10) =    -13.50470  eV     1   --> A              
     e( 11 - 11) =    -12.01927  eV     1   --> A              
     e( 12 - 12) =    -10.63787  eV     1   --> A              
     e( 13 - 13) =    -10.25500  eV     1   --> A              
     e( 14 - 14) =    -10.21167  eV     1   --> A              
     e( 15 - 15) =    -10.16156  eV     1   --> A              
     e( 16 - 16) =     -8.69211  eV     1   --> A              
     e( 17 - 17) =     -8.36535  eV     1   --> A              
     e( 18 - 18) =     -8.11343  eV     1   --> A              
     e( 19 - 19) =     -7.81786  eV     1   --> A              
     e( 20 - 20) =     -7.27193  eV     1   --> A              
     e( 21 - 21) =     -6.07816  eV     1   --> A              
     e( 22 - 22) =     -4.00507  eV     1   --> A              
     e( 23 - 23) =     -3.83452  eV     1   --> A              
     e( 24 - 24) =     -3.05270  eV     1   --> A              
     e( 25 - 25) =     -2.42624  eV     1   --> A              
     e( 26 - 26) =     -1.54284  eV     1   --> A              
     e( 27 - 27) =     -1.28587  eV     1   --> A              
     e( 28 - 28) =      1.72224  eV     1   --> A              
     e( 29 - 29) =      2.07430  eV     1   --> A              
     e( 30 - 30) =      2.76374  eV     1   --> A              
     e( 31 - 31) =      2.92055  eV     1   --> A              
     e( 32 - 32) =      4.51988  eV     1   --> A              
     e( 33 - 33) =      5.26339  eV     1   --> A              
     e( 34 - 34) =      5.27993  eV     1   --> A              
     e( 35 - 35) =      5.47710  eV     1   --> A              

 **************************************************************************

 **************************************************************************

                    xk=(   0.32000,   0.18475,   0.00000  )

     Band symmetry, C_1 (1)     point group:

     e(  1 -  1) =    -77.72246  eV     1   --> A              
     e(  2 -  2) =    -49.11579  eV     1   --> A              
     e(  3 -  3) =    -49.00788  eV     1   --> A              
     e(  4 -  4) =    -48.82602  eV     1   --> A              
     e(  5 -  5) =    -22.40599  eV     1   --> A              
     e(  6 -  6) =    -22.32073  eV     1   --> A              
     e(  7 -  7) =    -20.42757  eV     1   --> A              
     e(  8 -  8) =    -19.48932  eV     1   --> A              
     e(  9 -  9) =    -13.83184  eV     1   --> A              
     e( 10 - 10) =    -13.43330  eV     1   --> A              
     e( 11 - 11) =    -12.02465  eV     1   --> A              
     e( 12 - 12) =    -10.61558  eV     1   --> A              
     e( 13 - 13) =    -10.24602  eV     1   --> A              
     e( 14 - 14) =    -10.19445  eV     1   --> A              
     e( 15 - 15) =    -10.14465  eV     1   --> A              
     e( 16 - 16) =     -8.67119  eV     1   --> A              
     e( 17 - 17) =     -8.34994  eV     1   --> A              
     e( 18 - 18) =     -8.12595  eV     1   --> A              
     e( 19 - 19) =     -7.83668  eV     1   --> A              
     e( 20 - 20) =     -7.26821  eV     1   --> A              
     e( 21 - 21) =     -6.07269  eV     1   --> A              
     e( 22 - 22) =     -3.98811  eV     1   --> A              
     e( 23 - 23) =     -3.82001  eV     1   --> A              
     e( 24 - 24) =     -3.06341  eV     1   --> A              
     e( 25 - 25) =     -2.43944  eV     1   --> A              
     e( 26 - 26) =     -1.49470  eV     1   --> A              
     e( 27 - 27) =     -1.24799  eV     1   --> A              
     e( 28 - 28) =      1.72606  eV     1   --> A              
     e( 29 - 29) =      2.05565  eV     1   --> A              
     e( 30 - 30) =      2.72916  eV     1   --> A              
     e( 31 - 31) =      2.91814  eV     1   --> A              
     e( 32 - 32) =      4.48171  eV     1   --> A              
     e( 33 - 33) =      5.22621  eV     1   --> A              
     e( 34 - 34) =      5.25439  eV     1   --> A              
     e( 35 - 35) =      5.44524  eV     1   --> A              

 **************************************************************************

 **************************************************************************

                    xk=(   0.31500,   0.18187,   0.00000  )

     Band symmetry, C_1 (1)     point group:

     e(  1 -  1) =    -77.72280  eV     1   --> A              
     e(  2 -  2) =    -49.11300  eV     1   --> A              
     e(  3 -  3) =    -49.00723  eV     1   --> A              
     e(  4 -  4) =    -48.82651  eV     1   --> A              
     e(  5 -  5) =    -22.44504  eV     1   --> A              
     e(  6 -  6) =    -22.35931  eV     1   --> A              
     e(  7 -  7) =    -20.44334  eV     1   --> A              
     e(  8 -  8) =    -19.49425  eV     1   --> A              
     e(  9 -  9) =    -13.77368  eV     1   --> A              
     e( 10 - 10) =    -13.36077  eV     1   --> A              
     e( 11 - 11) =    -12.02880  eV     1   --> A              
     e( 12 - 12) =    -10.59454  eV     1   --> A              
     e( 13 - 13) =    -10.23591  eV     1   --> A              
     e( 14 - 14) =    -10.17689  eV     1   --> A              
     e( 15 - 15) =    -10.12741  eV     1   --> A              
     e( 16 - 16) =     -8.64957  eV     1   --> A              
     e( 17 - 17) =     -8.33424  eV     1   --> A              
     e( 18 - 18) =     -8.13832  eV     1   --> A              
     e( 19 - 19) =     -7.85564  eV     1   --> A              
     e( 20 - 20) =     -7.26424  eV     1   --> A              
     e( 21 - 21) =     -6.06645  eV     1   --> A              
     e( 22 - 22) =     -3.97093  eV     1   --> A              
     e( 23 - 23) =     -3.80562  eV     1   --> A              
     e( 24 - 24) =     -3.07460  eV     1   --> A              
     e( 25 - 25) =     -2.45298  eV     1   --> A              
     e( 26 - 26) =     -1.44607  eV     1   --> A              
     e( 27 - 27) =     -1.20932  eV     1   --> A              
     e( 28 - 28) =      1.72719  eV     1   --> A              
     e( 29 - 29) =      2.03492  eV     1   --> A              
     e( 30 - 30) =      2.69634  eV     1   --> A              
     e( 31 - 31) =      2.91699  eV     1   --> A              
     e( 32 - 32) =      4.44138  eV     1   --> A              
     e( 33 - 33) =      5.18775  eV     1   --> A              
     e( 34 - 34) =      5.22665  eV     1   --> A              
     e( 35 - 35) =      5.41400  eV     1   --> A              

 **************************************************************************

 **************************************************************************

                    xk=(   0.31000,   0.17898,   0.00000  )

     Band symmetry, C_1 (1)     point group:

     e(  1 -  1) =    -77.72314  eV     1   --> A              
     e(  2 -  2) =    -49.11017  eV     1   --> A              
     e(  3 -  3) =    -49.00657  eV     1   --> A              
     e(  4 -  4) =    -48.82702  eV     1   --> A              
     e(  5 -  5) =    -22.48397  eV     1   --> A              
     e(  6 -  6) =    -22.39777  eV     1   --> A              
     e(  7 -  7) =    -20.45953  eV     1   --> A              
     e(  8 -  8) =    -19.49953  eV     1   --> A              
     e(  9 -  9) =    -13.71628  eV     1   --> A              
     e( 10 - 10) =    -13.28715  eV     1   --> A              
     e( 11 - 11) =    -12.03150  eV     1   --> A              
     e( 12 - 12) =    -10.57499  eV     1   --> A              
     e( 13 - 13) =    -10.22443  eV     1   --> A              
     e( 14 - 14) =    -10.15899  eV     1   --> A              
     e( 15 - 15) =    -10.10982  eV     1   --> A              
     e( 16 - 16) =     -8.62730  eV     1   --> A              
     e( 17 - 17) =     -8.31828  eV     1   --> A              
     e( 18 - 18) =     -8.15054  eV     1   --> A              
     e( 19 - 19) =     -7.87471  eV     1   --> A              
     e( 20 - 20) =     -7.26000  eV     1   --> A              
     e( 21 - 21) =     -6.05941  eV     1   --> A              
     e( 22 - 22) =     -3.95356  eV     1   --> A              
     e( 23 - 23) =     -3.79139  eV     1   --> A              
     e( 24 - 24) =     -3.08623  eV     1   --> A              
     e( 25 - 25) =     -2.46686  eV     1   --> A              
     e( 26 - 26) =     -1.39701  eV     1   --> A              
     e( 27 - 27) =     -1.16992  eV     1   --> A              
     e( 28 - 28) =      1.72532  eV     1   --> A              
     e( 29 - 29) =      2.01231  eV     1   --> A              
     e( 30 - 30) =      2.66559  eV     1   --> A              
     e( 31 - 31) =      2.91674  eV     1   --> A              
     e( 32 - 32) =      4.39890  eV     1   --> A              
     e( 33 - 33) =      5.14835  eV     1   --> A              
     e( 34 - 34) =      5.19668  eV     1   --> A              
     e( 35 - 35) =      5.38331  eV     1   --> A              

 **************************************************************************

 **************************************************************************

                    xk=(   0.30500,   0.17609,   0.00000  )

     Band symmetry, C_1 (1)     point group:

     e(  1 -  1) =    -77.72349  eV     1   --> A              
     e(  2 -  2) =    -49.10730  eV     1   --> A              
     e(  3 -  3) =    -49.00590  eV     1   --> A              
     e(  4 -  4) =    -48.82753  eV     1   --> A              
     e(  5 -  5) =    -22.52272  eV     1   --> A              
     e(  6 -  6) =    -22.43607  eV     1   --> A              
     e(  7 -  7) =    -20.47610  eV     1   --> A              
     e(  8 -  8) =    -19.50516  eV     1   --> A              
     e(  9 -  9) =    -13.65990  eV     1   --> A              
     e( 10 - 10) =    -13.21252  eV     1   --> A              
     e( 11 - 11) =    -12.03248  eV     1   --> A              
     e( 12 - 12) =    -10.55717  eV     1   --> A              
     e( 13 - 13) =    -10.21135  eV     1   --> A              
     e( 14 - 14) =    -10.14077  eV     1   --> A              
     e( 15 - 15) =    -10.09191  eV     1   --> A              
     e( 16 - 16) =     -8.60446  eV     1   --> A              
     e( 17 - 17) =     -8.30206  eV     1   --> A              
     e( 18 - 18) =     -8.16257  eV     1   --> A              
     e( 19 - 19) =     -7.89386  eV     1   --> A              
     e( 20 - 20) =     -7.25548  eV     1   --> A              
     e( 21 - 21) =     -6.05157  eV     1   --> A              
     e( 22 - 22) =     -3.93601  eV     1   --> A              
     e( 23 - 23) =     -3.77732  eV     1   --> A              
     e( 24 - 24) =     -3.09825  eV     1   --> A              
     e( 25 - 25) =     -2.48105  eV     1   --> A              
     e( 26 - 26) =     -1.34759  eV     1   --> A              
     e( 27 - 27) =     -1.12988  eV     1   --> A              
     e( 28 - 28) =      1.72023  eV     1   --> A              
     e( 29 - 29) =      1.98805  eV     1   --> A              
     e( 30 - 30) =      2.63714  eV     1   --> A              
     e( 31 - 31) =      2.91703  eV     1   --> A              
     e( 32 - 32) =      4.35434  eV     1   --> A              
     e( 33 - 33) =      5.10835  eV     1   --> A              
     e( 34 - 34) =      5.16445  eV     1   --> A              
     e( 35 - 35) =      5.35315  eV     1   --> A              

 **************************************************************************

 **************************************************************************

                    xk=(   0.30000,   0.17321,   0.00000  )

     Band symmetry, C_1 (1)     point group:

     e(  1 -  1) =    -77.72383  eV     1   --> A              
     e(  2 -  2) =    -49.10440  eV     1   --> A              
     e(  3 -  3) =    -49.00523  eV     1   --> A              
     e(  4 -  4) =    -48.82805  eV     1   --> A              
     e(  5 -  5) =    -22.56128  eV     1   --> A              
     e(  6 -  6) =    -22.47418  eV     1   --> A              
     e(  7 -  7) =    -20.49303  eV     1   --> A              
     e(  8 -  8) =    -19.51111  eV     1   --> A              
     e(  9 -  9) =    -13.60487  eV     1   --> A              
     e( 10 - 10) =    -13.13691  eV     1   --> A              
     e( 11 - 11) =    -12.03150  eV     1   --> A              
     e( 12 - 12) =    -10.54129  eV     1   --> A              
     e( 13 - 13) =    -10.19646  eV     1   --> A              
     e( 14 - 14) =    -10.12225  eV     1   --> A              
     e( 15 - 15) =    -10.07370  eV     1   --> A              
     e( 16 - 16) =     -8.58115  eV     1   --> A              
     e( 17 - 17) =     -8.28562  eV     1   --> A              
     e( 18 - 18) =     -8.17437  eV     1   --> A              
     e( 19 - 19) =     -7.91304  eV     1   --> A              
     e( 20 - 20) =     -7.25069  eV     1   --> A              
     e( 21 - 21) =     -6.04291  eV     1   --> A              
     e( 22 - 22) =     -3.91829  eV     1   --> A              
     e( 23 - 23) =     -3.76345  eV     1   --> A              
     e( 24 - 24) =     -3.11064  eV     1   --> A              
     e( 25 - 25) =     -2.49558  eV     1   --> A              
     e( 26 - 26) =     -1.29787  eV     1   --> A              
     e( 27 - 27) =     -1.08928  eV     1   --> A              
     e( 28 - 28) =      1.71174  eV     1   --> A              
     e( 29 - 29) =      1.96230  eV     1   --> A              
     e( 30 - 30) =      2.61118  eV     1   --> A              
     e( 31 - 31) =      2.91752  eV     1   --> A              
     e( 32 - 32) =      4.30774  eV     1   --> A              
     e( 33 - 33) =      5.06806  eV     1   --> A              
     e( 34 - 34) =      5.12995  eV     1   --> A              
     e( 35 - 35) =      5.32349  eV     1   --> A              

 **************************************************************************

 **************************************************************************

                    xk=(   0.29500,   0.17032,   0.00000  )

     Band symmetry, C_1 (1)     point group:

     e(  1 -  1) =    -77.72419  eV     1   --> A              
     e(  2 -  2) =    -49.10147  eV     1   --> A              
     e(  3 -  3) =    -49.00455  eV     1   --> A              
     e(  4 -  4) =    -48.82857  eV     1   --> A              
     e(  5 -  5) =    -22.59960  eV     1   --> A              
     e(  6 -  6) =    -22.51206  eV     1   --> A              
     e(  7 -  7) =    -20.51028  eV     1   --> A              
     e(  8 -  8) =    -19.51737  eV     1   --> A              
     e(  9 -  9) =    -13.55152  eV     1   --> A              
     e( 10 - 10) =    -13.06040  eV     1   --> A              
     e( 11 - 11) =    -12.02824  eV     1   --> A              
     e( 12 - 12) =    -10.52749  eV     1   --> A              
     e( 13 - 13) =    -10.17963  eV     1   --> A              
     e( 14 - 14) =    -10.10343  eV     1   --> A              
     e( 15 - 15) =    -10.05518  eV     1   --> A              
     e( 16 - 16) =     -8.55749  eV     1   --> A              
     e( 17 - 17) =     -8.26900  eV     1   --> A              
     e( 18 - 18) =     -8.18587  eV     1   --> A              
     e( 19 - 19) =     -7.93221  eV     1   --> A              
     e( 20 - 20) =     -7.24561  eV     1   --> A              
     e( 21 - 21) =     -6.03341  eV     1   --> A              
     e( 22 - 22) =     -3.90043  eV     1   --> A              
     e( 23 - 23) =     -3.74978  eV     1   --> A              
     e( 24 - 24) =     -3.12334  eV     1   --> A              
     e( 25 - 25) =     -2.51041  eV     1   --> A              
     e( 26 - 26) =     -1.24794  eV     1   --> A              
     e( 27 - 27) =     -1.04822  eV     1   --> A              
     e( 28 - 28) =      1.69980  eV     1   --> A              
     e( 29 - 29) =      1.93522  eV     1   --> A              
     e( 30 - 30) =      2.58784  eV     1   --> A              
     e( 31 - 31) =      2.91787  eV     1   --> A              
     e( 32 - 32) =      4.25921  eV     1   --> A              
     e( 33 - 33) =      5.02776  eV     1   --> A              
     e( 34 - 34) =      5.09321  eV     1   --> A              
     e( 35 - 35) =      5.29435  eV     1   --> A              

 **************************************************************************

 **************************************************************************

                    xk=(   0.29000,   0.16743,   0.00000  )

     Band symmetry, C_1 (1)     point group:

     e(  1 -  1) =    -77.72454  eV     1   --> A              
     e(  2 -  2) =    -49.09851  eV     1   --> A              
     e(  3 -  3) =    -49.00386  eV     1   --> A              
     e(  4 -  4) =    -48.82910  eV     1   --> A              
     e(  5 -  5) =    -22.63767  eV     1   --> A              
     e(  6 -  6) =    -22.54969  eV     1   --> A              
     e(  7 -  7) =    -20.52783  eV     1   --> A              
     e(  8 -  8) =    -19.52392  eV     1   --> A              
     e(  9 -  9) =    -13.50018  eV     1   --> A              
     e( 10 - 10) =    -12.98302  eV     1   --> A              
     e( 11 - 11) =    -12.02240  eV     1   --> A              
     e( 12 - 12) =    -10.51584  eV     1   --> A              
     e( 13 - 13) =    -10.16079  eV     1   --> A              
     e( 14 - 14) =    -10.08433  eV     1   --> A              
     e( 15 - 15) =    -10.03638  eV     1   --> A              
     e( 16 - 16) =     -8.53363  eV     1   --> A              
     e( 17 - 17) =     -8.25223  eV     1   --> A              
     e( 18 - 18) =     -8.19699  eV     1   --> A              
     e( 19 - 19) =     -7.95133  eV     1   --> A              
     e( 20 - 20) =     -7.24025  eV     1   --> A              
     e( 21 - 21) =     -6.02307  eV     1   --> A              
     e( 22 - 22) =     -3.88244  eV     1   --> A              
     e( 23 - 23) =     -3.73634  eV     1   --> A              
     e( 24 - 24) =     -3.13632  eV     1   --> A              
     e( 25 - 25) =     -2.52555  eV     1   --> A              
     e( 26 - 26) =     -1.19787  eV     1   --> A              
     e( 27 - 27) =     -1.00679  eV     1   --> A              
     e( 28 - 28) =      1.68447  eV     1   --> A              
     e( 29 - 29) =      1.90692  eV     1   --> A              
     e( 30 - 30) =      2.56714  eV     1   --> A              
     e( 31 - 31) =      2.91775  eV     1   --> A              
     e( 32 - 32) =      4.20882  eV     1   --> A              
     e( 33 - 33) =      4.98772  eV     1   --> A              
     e( 34 - 34) =      5.05426  eV     1   --> A              
     e( 35 - 35) =      5.26576  eV     1   --> A              

 **************************************************************************

 **************************************************************************

                    xk=(   0.28500,   0.16454,   0.00000  )

     Band symmetry, C_1 (1)     point group:

     e(  1 -  1) =    -77.72490  eV     1   --> A              
     e(  2 -  2) =    -49.09553  eV     1   --> A              
     e(  3 -  3) =    -49.00317  eV     1   --> A              
     e(  4 -  4) =    -48.82963  eV     1   --> A              
     e(  5 -  5) =    -22.67546  eV     1   --> A              
     e(  6 -  6) =    -22.58703  eV     1   --> A              
     e(  7 -  7) =    -20.54565  eV     1   --> A              
     e(  8 -  8) =    -19.53074  eV     1   --> A              
     e(  9 -  9) =    -13.45123  eV     1   --> A              
     e( 10 - 10) =    -12.90484  eV     1   --> A              
     e( 11 - 11) =    -12.01364  eV     1   --> A              
     e( 12 - 12) =    -10.50632  eV     1   --> A              
     e( 13 - 13) =    -10.13995  eV     1   --> A              
     e( 14 - 14) =    -10.06497  eV     1   --> A              
     e( 15 - 15) =    -10.01730  eV     1   --> A              
     e( 16 - 16) =     -8.50978  eV     1   --> A              
     e( 17 - 17) =     -8.23539  eV     1   --> A              
     e( 18 - 18) =     -8.20756  eV     1   --> A              
     e( 19 - 19) =     -7.97032  eV     1   --> A              
     e( 20 - 20) =     -7.23459  eV     1   --> A              
     e( 21 - 21) =     -6.01189  eV     1   --> A              
     e( 22 - 22) =     -3.86432  eV     1   --> A              
     e( 23 - 23) =     -3.72313  eV     1   --> A              
     e( 24 - 24) =     -3.14952  eV     1   --> A              
     e( 25 - 25) =     -2.54099  eV     1   --> A              
     e( 26 - 26) =     -1.14775  eV     1   --> A              
     e( 27 - 27) =     -0.96509  eV     1   --> A              
     e( 28 - 28) =      1.66593  eV     1   --> A              
     e( 29 - 29) =      1.87749  eV     1   --> A              
     e( 30 - 30) =      2.54904  eV     1   --> A              
     e( 31 - 31) =      2.91687  eV     1   --> A              
     e( 32 - 32) =      4.15668  eV     1   --> A              
     e( 33 - 33) =      4.94818  eV     1   --> A              
     e( 34 - 34) =      5.01313  eV     1   --> A              
     e( 35 - 35) =      5.23777  eV     1   --> A              

 **************************************************************************

 **************************************************************************

                    xk=(   0.28000,   0.16166,   0.00000  )

     Band symmetry, C_1 (1)     point group:

     e(  1 -  1) =    -77.72526  eV     1   --> A              
     e(  2 -  2) =    -49.09252  eV     1   --> A              
     e(  3 -  3) =    -49.00247  eV     1   --> A              
     e(  4 -  4) =    -48.83017  eV     1   --> A              
     e(  5 -  5) =    -22.71293  eV     1   --> A              
     e(  6 -  6) =    -22.62408  eV     1   --> A              
     e(  7 -  7) =    -20.56371  eV     1   --> A              
     e(  8 -  8) =    -19.53780  eV     1   --> A              
     e(  9 -  9) =    -13.40504  eV     1   --> A              
     e( 10 - 10) =    -12.82592  eV     1   --> A              
     e( 11 - 11) =    -12.00163  eV     1   --> A              
     e( 12 - 12) =    -10.49885  eV     1   --> A              
     e( 13 - 13) =    -10.11718  eV     1   --> A              
     e( 14 - 14) =    -10.04537  eV     1   --> A              
     e( 15 - 15) =     -9.99797  eV     1   --> A              
     e( 16 - 16) =     -8.48621  eV     1   --> A              
     e( 17 - 17) =     -8.21863  eV     1   --> A              
     e( 18 - 18) =     -8.21732  eV     1   --> A              
     e( 19 - 19) =     -7.98908  eV     1   --> A              
     e( 20 - 20) =     -7.22864  eV     1   --> A              
     e( 21 - 21) =     -5.99987  eV     1   --> A              
     e( 22 - 22) =     -3.84612  eV     1   --> A              
     e( 23 - 23) =     -3.71018  eV     1   --> A              
     e( 24 - 24) =     -3.16290  eV     1   --> A              
     e( 25 - 25) =     -2.55672  eV     1   --> A              
     e( 26 - 26) =     -1.09767  eV     1   --> A              
     e( 27 - 27) =     -0.92324  eV     1   --> A              
     e( 28 - 28) =      1.64447  eV     1   --> A              
     e( 29 - 29) =      1.84700  eV     1   --> A              
     e( 30 - 30) =      2.53338  eV     1   --> A              
     e( 31 - 31) =      2.91494  eV     1   --> A              
     e( 32 - 32) =      4.10289  eV     1   --> A              
     e( 33 - 33) =      4.90933  eV     1   --> A              
     e( 34 - 34) =      4.96991  eV     1   --> A              
     e( 35 - 35) =      5.21018  eV     1   --> A              

 **************************************************************************

 **************************************************************************

                    xk=(   0.27500,   0.15877,   0.00000  )

     Band symmetry, C_1 (1)     point group:

     e(  1 -  1) =    -77.72563  eV     1   --> A              
     e(  2 -  2) =    -49.08949  eV     1   --> A              
     e(  3 -  3) =    -49.00177  eV     1   --> A              
     e(  4 -  4) =    -48.83071  eV     1   --> A              
     e(  5 -  5) =    -22.75007  eV     1   --> A              
     e(  6 -  6) =    -22.66079  eV     1   --> A              
     e(  7 -  7) =    -20.58197  eV     1   --> A              
     e(  8 -  8) =    -19.54510  eV     1   --> A              
     e(  9 -  9) =    -13.36194  eV     1   --> A              
     e( 10 - 10) =    -12.74630  eV     1   --> A              
     e( 11 - 11) =    -11.98605  eV     1   --> A              
     e( 12 - 12) =    -10.49328  eV     1   --> A              
     e( 13 - 13) =    -10.09263  eV     1   --> A              
     e( 14 - 14) =    -10.02552  eV     1   --> A              
     e( 15 - 15) =     -9.97839  eV     1   --> A              
     e( 16 - 16) =     -8.46331  eV     1   --> A              
     e( 17 - 17) =     -8.22614  eV     1   --> A              
     e( 18 - 18) =     -8.20190  eV     1   --> A              
     e( 19 - 19) =     -8.00743  eV     1   --> A              
     e( 20 - 20) =     -7.22239  eV     1   --> A              
     e( 21 - 21) =     -5.98702  eV     1   --> A              
     e( 22 - 22) =     -3.82783  eV     1   --> A              
     e( 23 - 23) =     -3.69750  eV     1   --> A              
     e( 24 - 24) =     -3.17641  eV     1   --> A              
     e( 25 - 25) =     -2.57273  eV     1   --> A              
     e( 26 - 26) =     -1.04775  eV     1   --> A              
     e( 27 - 27) =     -0.88137  eV     1   --> A              
     e( 28 - 28) =      1.62046  eV     1   --> A              
     e( 29 - 29) =      1.81553  eV     1   --> A              
     e( 30 - 30) =      2.51992  eV     1   --> A              
     e( 31 - 31) =      2.91173  eV     1   --> A              
     e( 32 - 32) =      4.04756  eV     1   --> A              
     e( 33 - 33) =      4.87134  eV     1   --> A              
     e( 34 - 34) =      4.92468  eV     1   --> A              
     e( 35 - 35) =      5.15913  eV     1   --> A              

 **************************************************************************

 **************************************************************************

                    xk=(   0.27000,   0.15588,   0.00000  )

     Band symmetry, C_1 (1)     point group:

     e(  1 -  1) =    -77.72599  eV     1   --> A              
     e(  2 -  2) =    -49.08645  eV     1   --> A              
     e(  3 -  3) =    -49.00107  eV     1   --> A              
     e(  4 -  4) =    -48.83125  eV     1   --> A              
     e(  5 -  5) =    -22.78685  eV     1   --> A              
     e(  6 -  6) =    -22.69714  eV     1   --> A              
     e(  7 -  7) =    -20.60041  eV     1   --> A              
     e(  8 -  8) =    -19.55262  eV     1   --> A              
     e(  9 -  9) =    -13.32227  eV     1   --> A              
     e( 10 - 10) =    -12.66604  eV     1   --> A              
     e( 11 - 11) =    -11.96660  eV     1   --> A              
     e( 12 - 12) =    -10.48944  eV     1   --> A              
     e( 13 - 13) =    -10.06648  eV     1   --> A              
     e( 14 - 14) =    -10.00546  eV     1   --> A              
     e( 15 - 15) =     -9.95859  eV     1   --> A              
     e( 16 - 16) =     -8.44168  eV     1   --> A              
     e( 17 - 17) =     -8.23329  eV     1   --> A              
     e( 18 - 18) =     -8.18571  eV     1   --> A              
     e( 19 - 19) =     -8.02510  eV     1   --> A              
     e( 20 - 20) =     -7.21585  eV     1   --> A              
     e( 21 - 21) =     -5.97335  eV     1   --> A              
     e( 22 - 22) =     -3.80948  eV     1   --> A              
     e( 23 - 23) =     -3.68509  eV     1   --> A              
     e( 24 - 24) =     -3.19001  eV     1   --> A              
     e( 25 - 25) =     -2.58901  eV     1   --> A              
     e( 26 - 26) =     -0.99811  eV     1   --> A              
     e( 27 - 27) =     -0.83961  eV     1   --> A              
     e( 28 - 28) =      1.59432  eV     1   --> A              
     e( 29 - 29) =      1.78317  eV     1   --> A              
     e( 30 - 30) =      2.50838  eV     1   --> A              
     e( 31 - 31) =      2.90701  eV     1   --> A              
     e( 32 - 32) =      3.99081  eV     1   --> A              
     e( 33 - 33) =      4.83437  eV     1   --> A              
     e( 34 - 34) =      4.87752  eV     1   --> A              
     e( 35 - 35) =      5.10264  eV     1   --> A              

 **************************************************************************

 **************************************************************************

                    xk=(   0.26500,   0.15300,   0.00000  )

     Band symmetry, C_1 (1)     point group:

     e(  1 -  1) =    -77.72636  eV     1   --> A              
     e(  2 -  2) =    -49.08339  eV     1   --> A              
     e(  3 -  3) =    -49.00036  eV     1   --> A              
     e(  4 -  4) =    -48.83180  eV     1   --> A              
     e(  5 -  5) =    -22.82325  eV     1   --> A              
     e(  6 -  6) =    -22.73312  eV     1   --> A              
     e(  7 -  7) =    -20.61901  eV     1   --> A              
     e(  8 -  8) =    -19.56033  eV     1   --> A              
     e(  9 -  9) =    -13.28629  eV     1   --> A              
     e( 10 - 10) =    -12.58521  eV     1   --> A              
     e( 11 - 11) =    -11.94306  eV     1   --> A              
     e( 12 - 12) =    -10.48714  eV     1   --> A              
     e( 13 - 13) =    -10.03890  eV     1   --> A              
     e( 14 - 14) =     -9.98521  eV     1   --> A              
     e( 15 - 15) =     -9.93857  eV     1   --> A              
     e( 16 - 16) =     -8.42217  eV     1   --> A              
     e( 17 - 17) =     -8.23804  eV     1   --> A              
     e( 18 - 18) =     -8.17053  eV     1   --> A              
     e( 19 - 19) =     -8.04153  eV     1   --> A              
     e( 20 - 20) =     -7.20901  eV     1   --> A              
     e( 21 - 21) =     -5.95887  eV     1   --> A              
     e( 22 - 22) =     -3.79108  eV     1   --> A              
     e( 23 - 23) =     -3.67299  eV     1   --> A              
     e( 24 - 24) =     -3.20365  eV     1   --> A              
     e( 25 - 25) =     -2.60556  eV     1   --> A              
     e( 26 - 26) =     -0.94888  eV     1   --> A              
     e( 27 - 27) =     -0.79810  eV     1   --> A              
     e( 28 - 28) =      1.56649  eV     1   --> A              
     e( 29 - 29) =      1.75008  eV     1   --> A              
     e( 30 - 30) =      2.49841  eV     1   --> A              
     e( 31 - 31) =      2.90060  eV     1   --> A              
     e( 32 - 32) =      3.93276  eV     1   --> A              
     e( 33 - 33) =      4.79849  eV     1   --> A              
     e( 34 - 34) =      4.82853  eV     1   --> A              
     e( 35 - 35) =      5.04478  eV     1   --> A              

 **************************************************************************

 **************************************************************************

                    xk=(   0.26000,   0.15011,   0.00000  )

     Band symmetry, C_1 (1)     point group:

     e(  1 -  1) =    -77.72672  eV     1   --> A              
     e(  2 -  2) =    -49.08033  eV     1   --> A              
     e(  3 -  3) =    -48.99965  eV     1   --> A              
     e(  4 -  4) =    -48.83234  eV     1   --> A              
     e(  5 -  5) =    -22.85924  eV     1   --> A              
     e(  6 -  6) =    -22.76871  eV     1   --> A              
     e(  7 -  7) =    -20.63773  eV     1   --> A              
     e(  8 -  8) =    -19.56821  eV     1   --> A              
     e(  9 -  9) =    -13.25421  eV     1   --> A              
     e( 10 - 10) =    -12.50385  eV     1   --> A              
     e( 11 - 11) =    -11.91523  eV     1   --> A              
     e( 12 - 12) =    -10.48617  eV     1   --> A              
     e( 13 - 13) =    -10.01007  eV     1   --> A              
     e( 14 - 14) =     -9.96477  eV     1   --> A              
     e( 15 - 15) =     -9.91835  eV     1   --> A              
     e( 16 - 16) =     -8.40592  eV     1   --> A              
     e( 17 - 17) =     -8.23932  eV     1   --> A              
     e( 18 - 18) =     -8.15750  eV     1   --> A              
     e( 19 - 19) =     -8.05555  eV     1   --> A              
     e( 20 - 20) =     -7.20188  eV     1   --> A              
     e( 21 - 21) =     -5.94361  eV     1   --> A              
     e( 22 - 22) =     -3.77265  eV     1   --> A              
     e( 23 - 23) =     -3.66117  eV     1   --> A              
     e( 24 - 24) =     -3.21726  eV     1   --> A              
     e( 25 - 25) =     -2.62235  eV     1   --> A              
     e( 26 - 26) =     -0.90022  eV     1   --> A              
     e( 27 - 27) =     -0.75701  eV     1   --> A              
     e( 28 - 28) =      1.53745  eV     1   --> A              
     e( 29 - 29) =      1.71643  eV     1   --> A              
     e( 30 - 30) =      2.48966  eV     1   --> A              
     e( 31 - 31) =      2.89238  eV     1   --> A              
     e( 32 - 32) =      3.87353  eV     1   --> A              
     e( 33 - 33) =      4.76381  eV     1   --> A              
     e( 34 - 34) =      4.77786  eV     1   --> A              
     e( 35 - 35) =      4.98569  eV     1   --> A              

 **************************************************************************

 **************************************************************************

                    xk=(   0.25500,   0.14722,   0.00000  )

     Band symmetry, C_1 (1)     point group:

     e(  1 -  1) =    -77.72709  eV     1   --> A              
     e(  2 -  2) =    -49.07725  eV     1   --> A              
     e(  3 -  3) =    -48.99894  eV     1   --> A              
     e(  4 -  4) =    -48.83289  eV     1   --> A              
     e(  5 -  5) =    -22.89482  eV     1   --> A              
     e(  6 -  6) =    -22.80387  eV     1   --> A              
     e(  7 -  7) =    -20.65654  eV     1   --> A              
     e(  8 -  8) =    -19.57625  eV     1   --> A              
     e(  9 -  9) =    -13.22615  eV     1   --> A              
     e( 10 - 10) =    -12.42203  eV     1   --> A              
     e( 11 - 11) =    -11.88303  eV     1   --> A              
     e( 12 - 12) =    -10.48637  eV     1   --> A              
     e( 13 - 13) =     -9.98016  eV     1   --> A              
     e( 14 - 14) =     -9.94416  eV     1   --> A              
     e( 15 - 15) =     -9.89795  eV     1   --> A              
     e( 16 - 16) =     -8.39422  eV     1   --> A              
     e( 17 - 17) =     -8.23591  eV     1   --> A              
     e( 18 - 18) =     -8.14901  eV     1   --> A              
     e( 19 - 19) =     -8.06481  eV     1   --> A              
     e( 20 - 20) =     -7.19447  eV     1   --> A              
     e( 21 - 21) =     -5.92757  eV     1   --> A              
     e( 22 - 22) =     -3.75421  eV     1   --> A              
     e( 23 - 23) =     -3.64967  eV     1   --> A              
     e( 24 - 24) =     -3.23080  eV     1   --> A              
     e( 25 - 25) =     -2.63938  eV     1   --> A              
     e( 26 - 26) =     -0.85230  eV     1   --> A              
     e( 27 - 27) =     -0.71650  eV     1   --> A              
     e( 28 - 28) =      1.50762  eV     1   --> A              
     e( 29 - 29) =      1.68244  eV     1   --> A              
     e( 30 - 30) =      2.48180  eV     1   --> A              
     e( 31 - 31) =      2.88223  eV     1   --> A              
     e( 32 - 32) =      3.81325  eV     1   --> A              
     e( 33 - 33) =      4.72556  eV     1   --> A              
     e( 34 - 34) =      4.73042  eV     1   --> A              
     e( 35 - 35) =      4.92548  eV     1   --> A              

 **************************************************************************

 **************************************************************************

                    xk=(   0.25000,   0.14434,   0.00000  )

     Band symmetry, C_1 (1)     point group:

     e(  1 -  1) =    -77.72746  eV     1   --> A              
     e(  2 -  2) =    -49.07418  eV     1   --> A              
     e(  3 -  3) =    -48.99822  eV     1   --> A              
     e(  4 -  4) =    -48.83344  eV     1   --> A              
     e(  5 -  5) =    -22.92995  eV     1   --> A              
     e(  6 -  6) =    -22.83860  eV     1   --> A              
     e(  7 -  7) =    -20.67543  eV     1   --> A              
     e(  8 -  8) =    -19.58444  eV     1   --> A              
     e(  9 -  9) =    -13.20214  eV     1   --> A              
     e( 10 - 10) =    -12.33980  eV     1   --> A              
     e( 11 - 11) =    -11.84645  eV     1   --> A              
     e( 12 - 12) =    -10.48758  eV     1   --> A              
     e( 13 - 13) =     -9.94933  eV     1   --> A              
     e( 14 - 14) =     -9.92342  eV     1   --> A              
     e( 15 - 15) =     -9.87739  eV     1   --> A              
     e( 16 - 16) =     -8.38788  eV     1   --> A              
     e( 17 - 17) =     -8.22706  eV     1   --> A              
     e( 18 - 18) =     -8.14825  eV     1   --> A              
     e( 19 - 19) =     -8.06609  eV     1   --> A              
     e( 20 - 20) =     -7.18677  eV     1   --> A              
     e( 21 - 21) =     -5.91080  eV     1   --> A              
     e( 22 - 22) =     -3.73578  eV     1   --> A              
     e( 23 - 23) =     -3.63849  eV     1   --> A              
     e( 24 - 24) =     -3.24421  eV     1   --> A              
     e( 25 - 25) =     -2.65664  eV     1   --> A              
     e( 26 - 26) =     -0.80533  eV     1   --> A              
     e( 27 - 27) =     -0.67677  eV     1   --> A              
     e( 28 - 28) =      1.47746  eV     1   --> A              
     e( 29 - 29) =      1.64836  eV     1   --> A              
     e( 30 - 30) =      2.47448  eV     1   --> A              
     e( 31 - 31) =      2.87008  eV     1   --> A              
     e( 32 - 32) =      3.75203  eV     1   --> A              
     e( 33 - 33) =      4.67189  eV     1   --> A              
     e( 34 - 34) =      4.69817  eV     1   --> A              
     e( 35 - 35) =      4.86430  eV     1   --> A              

 **************************************************************************

 **************************************************************************

                    xk=(   0.24500,   0.14145,   0.00000  )

     Band symmetry, C_1 (1)     point group:

     e(  1 -  1) =    -77.72783  eV     1   --> A              
     e(  2 -  2) =    -49.07110  eV     1   --> A              
     e(  3 -  3) =    -48.99751  eV     1   --> A              
     e(  4 -  4) =    -48.83398  eV     1   --> A              
     e(  5 -  5) =    -22.96462  eV     1   --> A              
     e(  6 -  6) =    -22.87287  eV     1   --> A              
     e(  7 -  7) =    -20.69435  eV     1   --> A              
     e(  8 -  8) =    -19.59274  eV     1   --> A              
     e(  9 -  9) =    -13.18212  eV     1   --> A              
     e( 10 - 10) =    -12.25722  eV     1   --> A              
     e( 11 - 11) =    -11.80559  eV     1   --> A              
     e( 12 - 12) =    -10.48963  eV     1   --> A              
     e( 13 - 13) =     -9.91772  eV     1   --> A              
     e( 14 - 14) =     -9.90254  eV     1   --> A              
     e( 15 - 15) =     -9.85667  eV     1   --> A              
     e( 16 - 16) =     -8.38673  eV     1   --> A              
     e( 17 - 17) =     -8.21300  eV     1   --> A              
     e( 18 - 18) =     -8.15573  eV     1   --> A              
     e( 19 - 19) =     -8.05887  eV     1   --> A              
     e( 20 - 20) =     -7.17880  eV     1   --> A              
     e( 21 - 21) =     -5.89332  eV     1   --> A              
     e( 22 - 22) =     -3.71737  eV     1   --> A              
     e( 23 - 23) =     -3.62764  eV     1   --> A              
     e( 24 - 24) =     -3.25745  eV     1   --> A              
     e( 25 - 25) =     -2.67411  eV     1   --> A              
     e( 26 - 26) =     -0.75954  eV     1   --> A              
     e( 27 - 27) =     -0.63801  eV     1   --> A              
     e( 28 - 28) =      1.44738  eV     1   --> A              
     e( 29 - 29) =      1.61447  eV     1   --> A              
     e( 30 - 30) =      2.46742  eV     1   --> A              
     e( 31 - 31) =      2.85592  eV     1   --> A              
     e( 32 - 32) =      3.69001  eV     1   --> A              
     e( 33 - 33) =      4.61690  eV     1   --> A              
     e( 34 - 34) =      4.66715  eV     1   --> A              
     e( 35 - 35) =      4.80227  eV     1   --> A              

 **************************************************************************

 **************************************************************************

                    xk=(   0.24000,   0.13856,   0.00000  )

     Band symmetry, C_1 (1)     point group:

     e(  1 -  1) =    -77.72820  eV     1   --> A              
     e(  2 -  2) =    -49.06802  eV     1   --> A              
     e(  3 -  3) =    -48.99680  eV     1   --> A              
     e(  4 -  4) =    -48.83453  eV     1   --> A              
     e(  5 -  5) =    -22.99881  eV     1   --> A              
     e(  6 -  6) =    -22.90666  eV     1   --> A              
     e(  7 -  7) =    -20.71329  eV     1   --> A              
     e(  8 -  8) =    -19.60115  eV     1   --> A              
     e(  9 -  9) =    -13.16595  eV     1   --> A              
     e( 10 - 10) =    -12.17437  eV     1   --> A              
     e( 11 - 11) =    -11.76061  eV     1   --> A              
     e( 12 - 12) =    -10.49240  eV     1   --> A              
     e( 13 - 13) =     -9.88545  eV     1   --> A              
     e( 14 - 14) =     -9.88156  eV     1   --> A              
     e( 15 - 15) =     -9.83583  eV     1   --> A              
     e( 16 - 16) =     -8.38978  eV     1   --> A              
     e( 17 - 17) =     -8.19477  eV     1   --> A              
     e( 18 - 18) =     -8.16853  eV     1   --> A              
     e( 19 - 19) =     -8.04609  eV     1   --> A              
     e( 20 - 20) =     -7.17057  eV     1   --> A              
     e( 21 - 21) =     -5.87517  eV     1   --> A              
     e( 22 - 22) =     -3.69900  eV     1   --> A              
     e( 23 - 23) =     -3.61712  eV     1   --> A              
     e( 24 - 24) =     -3.27044  eV     1   --> A              
     e( 25 - 25) =     -2.69178  eV     1   --> A              
     e( 26 - 26) =     -0.71520  eV     1   --> A              
     e( 27 - 27) =     -0.60045  eV     1   --> A              
     e( 28 - 28) =      1.41780  eV     1   --> A              
     e( 29 - 29) =      1.58107  eV     1   --> A              
     e( 30 - 30) =      2.46033  eV     1   --> A              
     e( 31 - 31) =      2.83974  eV     1   --> A              
     e( 32 - 32) =      3.62729  eV     1   --> A              
     e( 33 - 33) =      4.56075  eV     1   --> A              
     e( 34 - 34) =      4.63727  eV     1   --> A              
     e( 35 - 35) =      4.73953  eV     1   --> A              

 **************************************************************************

 **************************************************************************

                    xk=(   0.23500,   0.13568,   0.00000  )

     Band symmetry, C_1 (1)     point group:

     e(  1 -  1) =    -77.72857  eV     1   --> A              
     e(  2 -  2) =    -49.06494  eV     1   --> A              
     e(  3 -  3) =    -48.99609  eV     1   --> A              
     e(  4 -  4) =    -48.83508  eV     1   --> A              
     e(  5 -  5) =    -23.03250  eV     1   --> A              
     e(  6 -  6) =    -22.93997  eV     1   --> A              
     e(  7 -  7) =    -20.73222  eV     1   --> A              
     e(  8 -  8) =    -19.60964  eV     1   --> A              
     e(  9 -  9) =    -13.15342  eV     1   --> A              
     e( 10 - 10) =    -12.09129  eV     1   --> A              
     e( 11 - 11) =    -11.71174  eV     1   --> A              
     e( 12 - 12) =    -10.49577  eV     1   --> A              
     e( 13 - 13) =     -9.86051  eV     1   --> A              
     e( 14 - 14) =     -9.85261  eV     1   --> A              
     e( 15 - 15) =     -9.81488  eV     1   --> A              
     e( 16 - 16) =     -8.39584  eV     1   --> A              
     e( 17 - 17) =     -8.18396  eV     1   --> A              
     e( 18 - 18) =     -8.17362  eV     1   --> A              
     e( 19 - 19) =     -8.03044  eV     1   --> A              
     e( 20 - 20) =     -7.16209  eV     1   --> A              
     e( 21 - 21) =     -5.85638  eV     1   --> A              
     e( 22 - 22) =     -3.68069  eV     1   --> A              
     e( 23 - 23) =     -3.60695  eV     1   --> A              
     e( 24 - 24) =     -3.28313  eV     1   --> A              
     e( 25 - 25) =     -2.70963  eV     1   --> A              
     e( 26 - 26) =     -0.67263  eV     1   --> A              
     e( 27 - 27) =     -0.56429  eV     1   --> A              
     e( 28 - 28) =      1.38916  eV     1   --> A              
     e( 29 - 29) =      1.54850  eV     1   --> A              
     e( 30 - 30) =      2.45300  eV     1   --> A              
     e( 31 - 31) =      2.82160  eV     1   --> A              
     e( 32 - 32) =      3.56400  eV     1   --> A              
     e( 33 - 33) =      4.50359  eV     1   --> A              
     e( 34 - 34) =      4.60842  eV     1   --> A              
     e( 35 - 35) =      4.67621  eV     1   --> A              

 **************************************************************************

 **************************************************************************

                    xk=(   0.23000,   0.13279,   0.00000  )

     Band symmetry, C_1 (1)     point group:

     e(  1 -  1) =    -77.72893  eV     1   --> A              
     e(  2 -  2) =    -49.06188  eV     1   --> A              
     e(  3 -  3) =    -48.99538  eV     1   --> A              
     e(  4 -  4) =    -48.83562  eV     1   --> A              
     e(  5 -  5) =    -23.06568  eV     1   --> A              
     e(  6 -  6) =    -22.97276  eV     1   --> A              
     e(  7 -  7) =    -20.75112  eV     1   --> A              
     e(  8 -  8) =    -19.61820  eV     1   --> A              
     e(  9 -  9) =    -13.14428  eV     1   --> A              
     e( 10 - 10) =    -12.00807  eV     1   --> A              
     e( 11 - 11) =    -11.65929  eV     1   --> A              
     e( 12 - 12) =    -10.49962  eV     1   --> A              
     e( 13 - 13) =     -9.83937  eV     1   --> A              
     e( 14 - 14) =     -9.81932  eV     1   --> A              
     e( 15 - 15) =     -9.79383  eV     1   --> A              
     e( 16 - 16) =     -8.40395  eV     1   --> A              
     e( 17 - 17) =     -8.20061  eV     1   --> A              
     e( 18 - 18) =     -8.15058  eV     1   --> A              
     e( 19 - 19) =     -8.01330  eV     1   --> A              
     e( 20 - 20) =     -7.15339  eV     1   --> A              
     e( 21 - 21) =     -5.83700  eV     1   --> A              
     e( 22 - 22) =     -3.66244  eV     1   --> A              
     e( 23 - 23) =     -3.59714  eV     1   --> A              
     e( 24 - 24) =     -3.29546  eV     1   --> A              
     e( 25 - 25) =     -2.72766  eV     1   --> A              
     e( 26 - 26) =     -0.63217  eV     1   --> A              
     e( 27 - 27) =     -0.52977  eV     1   --> A              
     e( 28 - 28) =      1.36187  eV     1   --> A              
     e( 29 - 29) =      1.51710  eV     1   --> A              
     e( 30 - 30) =      2.44524  eV     1   --> A              
     e( 31 - 31) =      2.80156  eV     1   --> A              
     e( 32 - 32) =      3.50025  eV     1   --> A              
     e( 33 - 33) =      4.44556  eV     1   --> A              
     e( 34 - 34) =      4.58044  eV     1   --> A              
     e( 35 - 35) =      4.61250  eV     1   --> A              

 **************************************************************************

 **************************************************************************

                    xk=(   0.22500,   0.12990,   0.00000  )

     Band symmetry, C_1 (1)     point group:

     e(  1 -  1) =    -77.72930  eV     1   --> A              
     e(  2 -  2) =    -49.05882  eV     1   --> A              
     e(  3 -  3) =    -48.99468  eV     1   --> A              
     e(  4 -  4) =    -48.83616  eV     1   --> A              
     e(  5 -  5) =    -23.09834  eV     1   --> A              
     e(  6 -  6) =    -23.00504  eV     1   --> A              
     e(  7 -  7) =    -20.76996  eV     1   --> A              
     e(  8 -  8) =    -19.62682  eV     1   --> A              
     e(  9 -  9) =    -13.13824  eV     1   --> A              
     e( 10 - 10) =    -11.92477  eV     1   --> A              
     e( 11 - 11) =    -11.60357  eV     1   --> A              
     e( 12 - 12) =    -10.50387  eV     1   --> A              
     e( 13 - 13) =     -9.81820  eV     1   --> A              
     e( 14 - 14) =     -9.78565  eV     1   --> A              
     e( 15 - 15) =     -9.77271  eV     1   --> A              
     e( 16 - 16) =     -8.41344  eV     1   --> A              
     e( 17 - 17) =     -8.21786  eV     1   --> A              
     e( 18 - 18) =     -8.12637  eV     1   --> A              
     e( 19 - 19) =     -7.99533  eV     1   --> A              
     e( 20 - 20) =     -7.14449  eV     1   --> A              
     e( 21 - 21) =     -5.81707  eV     1   --> A              
     e( 22 - 22) =     -3.64429  eV     1   --> A              
     e( 23 - 23) =     -3.58769  eV     1   --> A              
     e( 24 - 24) =     -3.30737  eV     1   --> A              
     e( 25 - 25) =     -2.74584  eV     1   --> A              
     e( 26 - 26) =     -0.59424  eV     1   --> A              
     e( 27 - 27) =     -0.49713  eV     1   --> A              
     e( 28 - 28) =      1.33635  eV     1   --> A              
     e( 29 - 29) =      1.48725  eV     1   --> A              
     e( 30 - 30) =      2.43690  eV     1   --> A              
     e( 31 - 31) =      2.77974  eV     1   --> A              
     e( 32 - 32) =      3.43616  eV     1   --> A              
     e( 33 - 33) =      4.38681  eV     1   --> A              
     e( 34 - 34) =      4.54730  eV     1   --> A              
     e( 35 - 35) =      4.55442  eV     1   --> A              

 **************************************************************************

 **************************************************************************

                    xk=(   0.22000,   0.12702,   0.00000  )

     Band symmetry, C_1 (1)     point group:

     e(  1 -  1) =    -77.72966  eV     1   --> A              
     e(  2 -  2) =    -49.05578  eV     1   --> A              
     e(  3 -  3) =    -48.99397  eV     1   --> A              
     e(  4 -  4) =    -48.83670  eV     1   --> A              
     e(  5 -  5) =    -23.13045  eV     1   --> A              
     e(  6 -  6) =    -23.03678  eV     1   --> A              
     e(  7 -  7) =    -20.78871  eV     1   --> A              
     e(  8 -  8) =    -19.63547  eV     1   --> A              
     e(  9 -  9) =    -13.13499  eV     1   --> A              
     e( 10 - 10) =    -11.84148  eV     1   --> A              
     e( 11 - 11) =    -11.54492  eV     1   --> A              
     e( 12 - 12) =    -10.50841  eV     1   --> A              
     e( 13 - 13) =     -9.79700  eV     1   --> A              
     e( 14 - 14) =     -9.75189  eV     1   --> A              
     e( 15 - 15) =     -9.75133  eV     1   --> A              
     e( 16 - 16) =     -8.42388  eV     1   --> A              
     e( 17 - 17) =     -8.23536  eV     1   --> A              
     e( 18 - 18) =     -8.10146  eV     1   --> A              
     e( 19 - 19) =     -7.97685  eV     1   --> A              
     e( 20 - 20) =     -7.13540  eV     1   --> A              
     e( 21 - 21) =     -5.79664  eV     1   --> A              
     e( 22 - 22) =     -3.62626  eV     1   --> A              
     e( 23 - 23) =     -3.57862  eV     1   --> A              
     e( 24 - 24) =     -3.31878  eV     1   --> A              
     e( 25 - 25) =     -2.76415  eV     1   --> A              
     e( 26 - 26) =     -0.55931  eV     1   --> A              
     e( 27 - 27) =     -0.46656  eV     1   --> A              
     e( 28 - 28) =      1.31303  eV     1   --> A              
     e( 29 - 29) =      1.45933  eV     1   --> A              
     e( 30 - 30) =      2.42787  eV     1   --> A              
     e( 31 - 31) =      2.75624  eV     1   --> A              
     e( 32 - 32) =      3.37183  eV     1   --> A              
     e( 33 - 33) =      4.32748  eV     1   --> A              
     e( 34 - 34) =      4.48373  eV     1   --> A              
     e( 35 - 35) =      4.52719  eV     1   --> A              

 **************************************************************************

 **************************************************************************

                    xk=(   0.21500,   0.12413,   0.00000  )

     Band symmetry, C_1 (1)     point group:

     e(  1 -  1) =    -77.73002  eV     1   --> A              
     e(  2 -  2) =    -49.05276  eV     1   --> A              
     e(  3 -  3) =    -48.99327  eV     1   --> A              
     e(  4 -  4) =    -48.83724  eV     1   --> A              
     e(  5 -  5) =    -23.16201  eV     1   --> A              
     e(  6 -  6) =    -23.06797  eV     1   --> A              
     e(  7 -  7) =    -20.80736  eV     1   --> A              
     e(  8 -  8) =    -19.64415  eV     1   --> A              
     e(  9 -  9) =    -13.13423  eV     1   --> A              
     e( 10 - 10) =    -11.75827  eV     1   --> A              
     e( 11 - 11) =    -11.48367  eV     1   --> A              
     e( 12 - 12) =    -10.51314  eV     1   --> A              
     e( 13 - 13) =     -9.77580  eV     1   --> A              
     e( 14 - 14) =     -9.73034  eV     1   --> A              
     e( 15 - 15) =     -9.71746  eV     1   --> A              
     e( 16 - 16) =     -8.43497  eV     1   --> A              
     e( 17 - 17) =     -8.25294  eV     1   --> A              
     e( 18 - 18) =     -8.07618  eV     1   --> A              
     e( 19 - 19) =     -7.95805  eV     1   --> A              
     e( 20 - 20) =     -7.12615  eV     1   --> A              
     e( 21 - 21) =     -5.77575  eV     1   --> A              
     e( 22 - 22) =     -3.60835  eV     1   --> A              
     e( 23 - 23) =     -3.56994  eV     1   --> A              
     e( 24 - 24) =     -3.32962  eV     1   --> A              
     e( 25 - 25) =     -2.78259  eV     1   --> A              
     e( 26 - 26) =     -0.52786  eV     1   --> A              
     e( 27 - 27) =     -0.43831  eV     1   --> A              
     e( 28 - 28) =      1.29234  eV     1   --> A              
     e( 29 - 29) =      1.43378  eV     1   --> A              
     e( 30 - 30) =      2.41807  eV     1   --> A              
     e( 31 - 31) =      2.73123  eV     1   --> A              
     e( 32 - 32) =      3.30740  eV     1   --> A              
     e( 33 - 33) =      4.26770  eV     1   --> A              
     e( 34 - 34) =      4.41936  eV     1   --> A              
     e( 35 - 35) =      4.50116  eV     1   --> A              

 **************************************************************************

 **************************************************************************

                    xk=(   0.21000,   0.12124,   0.00000  )

     Band symmetry, C_1 (1)     point group:

     e(  1 -  1) =    -77.73038  eV     1   --> A              
     e(  2 -  2) =    -49.04976  eV     1   --> A              
     e(  3 -  3) =    -48.99258  eV     1   --> A              
     e(  4 -  4) =    -48.83777  eV     1   --> A              
     e(  5 -  5) =    -23.19299  eV     1   --> A              
     e(  6 -  6) =    -23.09859  eV     1   --> A              
     e(  7 -  7) =    -20.82588  eV     1   --> A              
     e(  8 -  8) =    -19.65283  eV     1   --> A              
     e(  9 -  9) =    -13.13567  eV     1   --> A              
     e( 10 - 10) =    -11.67525  eV     1   --> A              
     e( 11 - 11) =    -11.42015  eV     1   --> A              
     e( 12 - 12) =    -10.51797  eV     1   --> A              
     e( 13 - 13) =     -9.75463  eV     1   --> A              
     e( 14 - 14) =     -9.70912  eV     1   --> A              
     e( 15 - 15) =     -9.68309  eV     1   --> A              
     e( 16 - 16) =     -8.44653  eV     1   --> A              
     e( 17 - 17) =     -8.27049  eV     1   --> A              
     e( 18 - 18) =     -8.05079  eV     1   --> A              
     e( 19 - 19) =     -7.93905  eV     1   --> A              
     e( 20 - 20) =     -7.11679  eV     1   --> A              
     e( 21 - 21) =     -5.75446  eV     1   --> A              
     e( 22 - 22) =     -3.59059  eV     1   --> A              
     e( 23 - 23) =     -3.56168  eV     1   --> A              
     e( 24 - 24) =     -3.33982  eV     1   --> A              
     e( 25 - 25) =     -2.80113  eV     1   --> A              
     e( 26 - 26) =     -0.50044  eV     1   --> A              
     e( 27 - 27) =     -0.41256  eV     1   --> A              
     e( 28 - 28) =      1.27467  eV     1   --> A              
     e( 29 - 29) =      1.41100  eV     1   --> A              
     e( 30 - 30) =      2.40743  eV     1   --> A              
     e( 31 - 31) =      2.70486  eV     1   --> A              
     e( 32 - 32) =      3.24296  eV     1   --> A              
     e( 33 - 33) =      4.20763  eV     1   --> A              
     e( 34 - 34) =      4.35499  eV     1   --> A              
     e( 35 - 35) =      4.47548  eV     1   --> A              

 **************************************************************************

 **************************************************************************

                    xk=(   0.20500,   0.11836,   0.00000  )

     Band symmetry, C_1 (1)     point group:

     e(  1 -  1) =    -77.73073  eV     1   --> A              
     e(  2 -  2) =    -49.04678  eV     1   --> A              
     e(  3 -  3) =    -48.99189  eV     1   --> A              
     e(  4 -  4) =    -48.83829  eV     1   --> A              
     e(  5 -  5) =    -23.22340  eV     1   --> A              
     e(  6 -  6) =    -23.12864  eV     1   --> A              
     e(  7 -  7) =    -20.84426  eV     1   --> A              
     e(  8 -  8) =    -19.66150  eV     1   --> A              
     e(  9 -  9) =    -13.13903  eV     1   --> A              
     e( 10 - 10) =    -11.59252  eV     1   --> A              
     e( 11 - 11) =    -11.35468  eV     1   --> A              
     e( 12 - 12) =    -10.52280  eV     1   --> A              
     e( 13 - 13) =     -9.73349  eV     1   --> A              
     e( 14 - 14) =     -9.68790  eV     1   --> A              
     e( 15 - 15) =     -9.64859  eV     1   --> A              
     e( 16 - 16) =     -8.45841  eV     1   --> A              
     e( 17 - 17) =     -8.28792  eV     1   --> A              
     e( 18 - 18) =     -8.02543  eV     1   --> A              
     e( 19 - 19) =     -7.91992  eV     1   --> A              
     e( 20 - 20) =     -7.10733  eV     1   --> A              
     e( 21 - 21) =     -5.73283  eV     1   --> A              
     e( 22 - 22) =     -3.57299  eV     1   --> A              
     e( 23 - 23) =     -3.55385  eV     1   --> A              
     e( 24 - 24) =     -3.34930  eV     1   --> A              
     e( 25 - 25) =     -2.81974  eV     1   --> A              
     e( 26 - 26) =     -0.47754  eV     1   --> A              
     e( 27 - 27) =     -0.38956  eV     1   --> A              
     e( 28 - 28) =      1.26043  eV     1   --> A              
     e( 29 - 29) =      1.39144  eV     1   --> A              
     e( 30 - 30) =      2.39596  eV     1   --> A              
     e( 31 - 31) =      2.67728  eV     1   --> A              
     e( 32 - 32) =      3.17863  eV     1   --> A              
     e( 33 - 33) =      4.14739  eV     1   --> A              
     e( 34 - 34) =      4.29076  eV     1   --> A              
     e( 35 - 35) =      4.44996  eV     1   --> A              

 **************************************************************************

 **************************************************************************

                    xk=(   0.20000,   0.11547,   0.00000  )

     Band symmetry, C_1 (1)     point group:

     e(  1 -  1) =    -77.73109  eV     1   --> A              
     e(  2 -  2) =    -49.04382  eV     1   --> A              
     e(  3 -  3) =    -48.99121  eV     1   --> A              
     e(  4 -  4) =    -48.83882  eV     1   --> A              
     e(  5 -  5) =    -23.25321  eV     1   --> A              
     e(  6 -  6) =    -23.15810  eV     1   --> A              
     e(  7 -  7) =    -20.86246  eV     1   --> A              
     e(  8 -  8) =    -19.67014  eV     1   --> A              
     e(  9 -  9) =    -13.14406  eV     1   --> A              
     e( 10 - 10) =    -11.51020  eV     1   --> A              
     e( 11 - 11) =    -11.28755  eV     1   --> A              
     e( 12 - 12) =    -10.52751  eV     1   --> A              
     e( 13 - 13) =     -9.71243  eV     1   --> A              
     e( 14 - 14) =     -9.66673  eV     1   --> A              
     e( 15 - 15) =     -9.61403  eV     1   --> A              
     e( 16 - 16) =     -8.47053  eV     1   --> A              
     e( 17 - 17) =     -8.30520  eV     1   --> A              
     e( 18 - 18) =     -8.00024  eV     1   --> A              
     e( 19 - 19) =     -7.90073  eV     1   --> A              
     e( 20 - 20) =     -7.09784  eV     1   --> A              
     e( 21 - 21) =     -5.71091  eV     1   --> A              
     e( 22 - 22) =     -3.55558  eV     1   --> A              
     e( 23 - 23) =     -3.54646  eV     1   --> A              
     e( 24 - 24) =     -3.35796  eV     1   --> A              
     e( 25 - 25) =     -2.83843  eV     1   --> A              
     e( 26 - 26) =     -0.45959  eV     1   --> A              
     e( 27 - 27) =     -0.36957  eV     1   --> A              
     e( 28 - 28) =      1.24995  eV     1   --> A              
     e( 29 - 29) =      1.37552  eV     1   --> A              
     e( 30 - 30) =      2.38363  eV     1   --> A              
     e( 31 - 31) =      2.64867  eV     1   --> A              
     e( 32 - 32) =      3.11453  eV     1   --> A              
     e( 33 - 33) =      4.08710  eV     1   --> A              
     e( 34 - 34) =      4.22677  eV     1   --> A              
     e( 35 - 35) =      4.42443  eV     1   --> A              

 **************************************************************************

 **************************************************************************

                    xk=(   0.19500,   0.11258,   0.00000  )

     Band symmetry, C_1 (1)     point group:

     e(  1 -  1) =    -77.73143  eV     1   --> A              
     e(  2 -  2) =    -49.04089  eV     1   --> A              
     e(  3 -  3) =    -48.99054  eV     1   --> A              
     e(  4 -  4) =    -48.83933  eV     1   --> A              
     e(  5 -  5) =    -23.28241  eV     1   --> A              
     e(  6 -  6) =    -23.18696  eV     1   --> A              
     e(  7 -  7) =    -20.88047  eV     1   --> A              
     e(  8 -  8) =    -19.67875  eV     1   --> A              
     e(  9 -  9) =    -13.15052  eV     1   --> A              
     e( 10 - 10) =    -11.42845  eV     1   --> A              
     e( 11 - 11) =    -11.21905  eV     1   --> A              
     e( 12 - 12) =    -10.53196  eV     1   --> A              
     e( 13 - 13) =     -9.69146  eV     1   --> A              
     e( 14 - 14) =     -9.64560  eV     1   --> A              
     e( 15 - 15) =     -9.57946  eV     1   --> A              
     e( 16 - 16) =     -8.48282  eV     1   --> A              
     e( 17 - 17) =     -8.32227  eV     1   --> A              
     e( 18 - 18) =     -7.97532  eV     1   --> A              
     e( 19 - 19) =     -7.88150  eV     1   --> A              
     e( 20 - 20) =     -7.08835  eV     1   --> A              
     e( 21 - 21) =     -5.68877  eV     1   --> A              
     e( 22 - 22) =     -3.53974  eV     1   --> A              
     e( 23 - 23) =     -3.53819  eV     1   --> A              
     e( 24 - 24) =     -3.36572  eV     1   --> A              
     e( 25 - 25) =     -2.85715  eV     1   --> A              
     e( 26 - 26) =     -0.44688  eV     1   --> A              
     e( 27 - 27) =     -0.35291  eV     1   --> A              
     e( 28 - 28) =      1.24350  eV     1   --> A              
     e( 29 - 29) =      1.36364  eV     1   --> A              
     e( 30 - 30) =      2.37046  eV     1   --> A              
     e( 31 - 31) =      2.61919  eV     1   --> A              
     e( 32 - 32) =      3.05079  eV     1   --> A              
     e( 33 - 33) =      4.02691  eV     1   --> A              
     e( 34 - 34) =      4.16315  eV     1   --> A              
     e( 35 - 35) =      4.39875  eV     1   --> A              

 **************************************************************************

 **************************************************************************

                    xk=(   0.19000,   0.10970,   0.00000  )

     Band symmetry, C_1 (1)     point group:

     e(  1 -  1) =    -77.73178  eV     1   --> A              
     e(  2 -  2) =    -49.03800  eV     1   --> A              
     e(  3 -  3) =    -48.98987  eV     1   --> A              
     e(  4 -  4) =    -48.83985  eV     1   --> A              
     e(  5 -  5) =    -23.31100  eV     1   --> A              
     e(  6 -  6) =    -23.21520  eV     1   --> A              
     e(  7 -  7) =    -20.89826  eV     1   --> A              
     e(  8 -  8) =    -19.68730  eV     1   --> A              
     e(  9 -  9) =    -13.15821  eV     1   --> A              
     e( 10 - 10) =    -11.34745  eV     1   --> A              
     e( 11 - 11) =    -11.14944  eV     1   --> A              
     e( 12 - 12) =    -10.53598  eV     1   --> A              
     e( 13 - 13) =     -9.67060  eV     1   --> A              
     e( 14 - 14) =     -9.62454  eV     1   --> A              
     e( 15 - 15) =     -9.54493  eV     1   --> A              
     e( 16 - 16) =     -8.49523  eV     1   --> A              
     e( 17 - 17) =     -8.33912  eV     1   --> A              
     e( 18 - 18) =     -7.95074  eV     1   --> A              
     e( 19 - 19) =     -7.86227  eV     1   --> A              
     e( 20 - 20) =     -7.07891  eV     1   --> A              
     e( 21 - 21) =     -5.66645  eV     1   --> A              
     e( 22 - 22) =     -3.53325  eV     1   --> A              
     e( 23 - 23) =     -3.52130  eV     1   --> A              
     e( 24 - 24) =     -3.37249  eV     1   --> A              
     e( 25 - 25) =     -2.87588  eV     1   --> A              
     e( 26 - 26) =     -0.43960  eV     1   --> A              
     e( 27 - 27) =     -0.33992  eV     1   --> A              
     e( 28 - 28) =      1.24130  eV     1   --> A              
     e( 29 - 29) =      1.35614  eV     1   --> A              
     e( 30 - 30) =      2.35650  eV     1   --> A              
     e( 31 - 31) =      2.58900  eV     1   --> A              
     e( 32 - 32) =      2.98752  eV     1   --> A              
     e( 33 - 33) =      3.96693  eV     1   --> A              
     e( 34 - 34) =      4.10000  eV     1   --> A              
     e( 35 - 35) =      4.37277  eV     1   --> A              

 **************************************************************************

 **************************************************************************

                    xk=(   0.18500,   0.10681,   0.00000  )

     Band symmetry, C_1 (1)     point group:

     e(  1 -  1) =    -77.73212  eV     1   --> A              
     e(  2 -  2) =    -49.03514  eV     1   --> A              
     e(  3 -  3) =    -48.98921  eV     1   --> A              
     e(  4 -  4) =    -48.84035  eV     1   --> A              
     e(  5 -  5) =    -23.33895  eV     1   --> A              
     e(  6 -  6) =    -23.24283  eV     1   --> A              
     e(  7 -  7) =    -20.91583  eV     1   --> A              
     e(  8 -  8) =    -19.69579  eV     1   --> A              
     e(  9 -  9) =    -13.16694  eV     1   --> A              
     e( 10 - 10) =    -11.26745  eV     1   --> A              
     e( 11 - 11) =    -11.07896  eV     1   --> A              
     e( 12 - 12) =    -10.53933  eV     1   --> A              
     e( 13 - 13) =     -9.64988  eV     1   --> A              
     e( 14 - 14) =     -9.60359  eV     1   --> A              
     e( 15 - 15) =     -9.51047  eV     1   --> A              
     e( 16 - 16) =     -8.50770  eV     1   --> A              
     e( 17 - 17) =     -8.35571  eV     1   --> A              
     e( 18 - 18) =     -7.92656  eV     1   --> A              
     e( 19 - 19) =     -7.84310  eV     1   --> A              
     e( 20 - 20) =     -7.06957  eV     1   --> A              
     e( 21 - 21) =     -5.64403  eV     1   --> A              
     e( 22 - 22) =     -3.52742  eV     1   --> A              
     e( 23 - 23) =     -3.50453  eV     1   --> A              
     e( 24 - 24) =     -3.37816  eV     1   --> A              
     e( 25 - 25) =     -2.89461  eV     1   --> A              
     e( 26 - 26) =     -0.43775  eV     1   --> A              
     e( 27 - 27) =     -0.33094  eV     1   --> A              
     e( 28 - 28) =      1.24347  eV     1   --> A              
     e( 29 - 29) =      1.35332  eV     1   --> A              
     e( 30 - 30) =      2.34178  eV     1   --> A              
     e( 31 - 31) =      2.55826  eV     1   --> A              
     e( 32 - 32) =      2.92487  eV     1   --> A              
     e( 33 - 33) =      3.90726  eV     1   --> A              
     e( 34 - 34) =      4.03741  eV     1   --> A              
     e( 35 - 35) =      4.34637  eV     1   --> A              

 **************************************************************************

 **************************************************************************

                    xk=(   0.18000,   0.10392,   0.00000  )

     Band symmetry, C_1 (1)     point group:

     e(  1 -  1) =    -77.73246  eV     1   --> A              
     e(  2 -  2) =    -49.03232  eV     1   --> A              
     e(  3 -  3) =    -48.98856  eV     1   --> A              
     e(  4 -  4) =    -48.84085  eV     1   --> A              
     e(  5 -  5) =    -23.36627  eV     1   --> A              
     e(  6 -  6) =    -23.26982  eV     1   --> A              
     e(  7 -  7) =    -20.93314  eV     1   --> A              
     e(  8 -  8) =    -19.70419  eV     1   --> A              
     e(  9 -  9) =    -13.17654  eV     1   --> A              
     e( 10 - 10) =    -11.18879  eV     1   --> A              
     e( 11 - 11) =    -11.00786  eV     1   --> A              
     e( 12 - 12) =    -10.54168  eV     1   --> A              
     e( 13 - 13) =     -9.62932  eV     1   --> A              
     e( 14 - 14) =     -9.58276  eV     1   --> A              
     e( 15 - 15) =     -9.47614  eV     1   --> A              
     e( 16 - 16) =     -8.52022  eV     1   --> A              
     e( 17 - 17) =     -8.37202  eV     1   --> A              
     e( 18 - 18) =     -7.90284  eV     1   --> A              
     e( 19 - 19) =     -7.82399  eV     1   --> A              
     e( 20 - 20) =     -7.06039  eV     1   --> A              
     e( 21 - 21) =     -5.62157  eV     1   --> A              
     e( 22 - 22) =     -3.52218  eV     1   --> A              
     e( 23 - 23) =     -3.48800  eV     1   --> A              
     e( 24 - 24) =     -3.38267  eV     1   --> A              
     e( 25 - 25) =     -2.91332  eV     1   --> A              
     e( 26 - 26) =     -0.44126  eV     1   --> A              
     e( 27 - 27) =     -0.32624  eV     1   --> A              
     e( 28 - 28) =      1.25003  eV     1   --> A              
     e( 29 - 29) =      1.35537  eV     1   --> A              
     e( 30 - 30) =      2.32636  eV     1   --> A              
     e( 31 - 31) =      2.52711  eV     1   --> A              
     e( 32 - 32) =      2.86297  eV     1   --> A              
     e( 33 - 33) =      3.84804  eV     1   --> A              
     e( 34 - 34) =      3.97547  eV     1   --> A              
     e( 35 - 35) =      4.31945  eV     1   --> A              

 **************************************************************************

 **************************************************************************

                    xk=(   0.17500,   0.10104,   0.00000  )

     Band symmetry, C_1 (1)     point group:

     e(  1 -  1) =    -77.73279  eV     1   --> A              
     e(  2 -  2) =    -49.02954  eV     1   --> A              
     e(  3 -  3) =    -48.98792  eV     1   --> A              
     e(  4 -  4) =    -48.84134  eV     1   --> A              
     e(  5 -  5) =    -23.39294  eV     1   --> A              
     e(  6 -  6) =    -23.29617  eV     1   --> A              
     e(  7 -  7) =    -20.95019  eV     1   --> A              
     e(  8 -  8) =    -19.71251  eV     1   --> A              
     e(  9 -  9) =    -13.18685  eV     1   --> A              
     e( 10 - 10) =    -11.11193  eV     1   --> A              
     e( 11 - 11) =    -10.93638  eV     1   --> A              
     e( 12 - 12) =    -10.54256  eV     1   --> A              
     e( 13 - 13) =     -9.60895  eV     1   --> A              
     e( 14 - 14) =     -9.56208  eV     1   --> A              
     e( 15 - 15) =     -9.44198  eV     1   --> A              
     e( 16 - 16) =     -8.53275  eV     1   --> A              
     e( 17 - 17) =     -8.38804  eV     1   --> A              
     e( 18 - 18) =     -7.87960  eV     1   --> A              
     e( 19 - 19) =     -7.80499  eV     1   --> A              
     e( 20 - 20) =     -7.05143  eV     1   --> A              
     e( 21 - 21) =     -5.59913  eV     1   --> A              
     e( 22 - 22) =     -3.51754  eV     1   --> A              
     e( 23 - 23) =     -3.47174  eV     1   --> A              
     e( 24 - 24) =     -3.38593  eV     1   --> A              
     e( 25 - 25) =     -2.93196  eV     1   --> A              
     e( 26 - 26) =     -0.44994  eV     1   --> A              
     e( 27 - 27) =     -0.32603  eV     1   --> A              
     e( 28 - 28) =      1.26091  eV     1   --> A              
     e( 29 - 29) =      1.36234  eV     1   --> A              
     e( 30 - 30) =      2.31028  eV     1   --> A              
     e( 31 - 31) =      2.49567  eV     1   --> A              
     e( 32 - 32) =      2.80201  eV     1   --> A              
     e( 33 - 33) =      3.78935  eV     1   --> A              
     e( 34 - 34) =      3.91429  eV     1   --> A              
     e( 35 - 35) =      4.29192  eV     1   --> A              

 **************************************************************************

 **************************************************************************

                    xk=(   0.17000,   0.09815,   0.00000  )

     Band symmetry, C_1 (1)     point group:

     e(  1 -  1) =    -77.73311  eV     1   --> A              
     e(  2 -  2) =    -49.02680  eV     1   --> A              
     e(  3 -  3) =    -48.98729  eV     1   --> A              
     e(  4 -  4) =    -48.84182  eV     1   --> A              
     e(  5 -  5) =    -23.41895  eV     1   --> A              
     e(  6 -  6) =    -23.32187  eV     1   --> A              
     e(  7 -  7) =    -20.96695  eV     1   --> A              
     e(  8 -  8) =    -19.72072  eV     1   --> A              
     e(  9 -  9) =    -13.19774  eV     1   --> A              
     e( 10 - 10) =    -11.03761  eV     1   --> A              
     e( 11 - 11) =    -10.86478  eV     1   --> A              
     e( 12 - 12) =    -10.54122  eV     1   --> A              
     e( 13 - 13) =     -9.58880  eV     1   --> A              
     e( 14 - 14) =     -9.54157  eV     1   --> A              
     e( 15 - 15) =     -9.40804  eV     1   --> A              
     e( 16 - 16) =     -8.54527  eV     1   --> A              
     e( 17 - 17) =     -8.40374  eV     1   --> A              
     e( 18 - 18) =     -7.85688  eV     1   --> A              
     e( 19 - 19) =     -7.78612  eV     1   --> A              
     e( 20 - 20) =     -7.04275  eV     1   --> A              
     e( 21 - 21) =     -5.57678  eV     1   --> A              
     e( 22 - 22) =     -3.51348  eV     1   --> A              
     e( 23 - 23) =     -3.45576  eV     1   --> A              
     e( 24 - 24) =     -3.38790  eV     1   --> A              
     e( 25 - 25) =     -2.95053  eV     1   --> A              
     e( 26 - 26) =     -0.46350  eV     1   --> A              
     e( 27 - 27) =     -0.33036  eV     1   --> A              
     e( 28 - 28) =      1.27596  eV     1   --> A              
     e( 29 - 29) =      1.37422  eV     1   --> A              
     e( 30 - 30) =      2.29361  eV     1   --> A              
     e( 31 - 31) =      2.46407  eV     1   --> A              
     e( 32 - 32) =      2.74216  eV     1   --> A              
     e( 33 - 33) =      3.73129  eV     1   --> A              
     e( 34 - 34) =      3.85394  eV     1   --> A              
     e( 35 - 35) =      4.26372  eV     1   --> A              

 **************************************************************************

 **************************************************************************

                    xk=(   0.16500,   0.09526,   0.00000  )

     Band symmetry, C_1 (1)     point group:

     e(  1 -  1) =    -77.73343  eV     1   --> A              
     e(  2 -  2) =    -49.02410  eV     1   --> A              
     e(  3 -  3) =    -48.98667  eV     1   --> A              
     e(  4 -  4) =    -48.84230  eV     1   --> A              
     e(  5 -  5) =    -23.44430  eV     1   --> A              
     e(  6 -  6) =    -23.34691  eV     1   --> A              
     e(  7 -  7) =    -20.98340  eV     1   --> A              
     e(  8 -  8) =    -19.72882  eV     1   --> A              
     e(  9 -  9) =    -13.20909  eV     1   --> A              
     e( 10 - 10) =    -10.96690  eV     1   --> A              
     e( 11 - 11) =    -10.79333  eV     1   --> A              
     e( 12 - 12) =    -10.53649  eV     1   --> A              
     e( 13 - 13) =     -9.56888  eV     1   --> A              
     e( 14 - 14) =     -9.52126  eV     1   --> A              
     e( 15 - 15) =     -9.37434  eV     1   --> A              
     e( 16 - 16) =     -8.55776  eV     1   --> A              
     e( 17 - 17) =     -8.41911  eV     1   --> A              
     e( 18 - 18) =     -7.83469  eV     1   --> A              
     e( 19 - 19) =     -7.76740  eV     1   --> A              
     e( 20 - 20) =     -7.03441  eV     1   --> A              
     e( 21 - 21) =     -5.55458  eV     1   --> A              
     e( 22 - 22) =     -3.50995  eV     1   --> A              
     e( 23 - 23) =     -3.44009  eV     1   --> A              
     e( 24 - 24) =     -3.38856  eV     1   --> A              
     e( 25 - 25) =     -2.96899  eV     1   --> A              
     e( 26 - 26) =     -0.48162  eV     1   --> A              
     e( 27 - 27) =     -0.33919  eV     1   --> A              
     e( 28 - 28) =      1.29496  eV     1   --> A              
     e( 29 - 29) =      1.39083  eV     1   --> A              
     e( 30 - 30) =      2.27639  eV     1   --> A              
     e( 31 - 31) =      2.43241  eV     1   --> A              
     e( 32 - 32) =      2.68367  eV     1   --> A              
     e( 33 - 33) =      3.67398  eV     1   --> A              
     e( 34 - 34) =      3.79452  eV     1   --> A              
     e( 35 - 35) =      4.23479  eV     1   --> A              

 **************************************************************************

 **************************************************************************

                    xk=(   0.16000,   0.09238,   0.00000  )

     Band symmetry, C_1 (1)     point group:

     e(  1 -  1) =    -77.73375  eV     1   --> A              
     e(  2 -  2) =    -49.02146  eV     1   --> A              
     e(  3 -  3) =    -48.98606  eV     1   --> A              
     e(  4 -  4) =    -48.84276  eV     1   --> A              
     e(  5 -  5) =    -23.46897  eV     1   --> A              
     e(  6 -  6) =    -23.37128  eV     1   --> A              
     e(  7 -  7) =    -20.99954  eV     1   --> A              
     e(  8 -  8) =    -19.73679  eV     1   --> A              
     e(  9 -  9) =    -13.22080  eV     1   --> A              
     e( 10 - 10) =    -10.90153  eV     1   --> A              
     e( 11 - 11) =    -10.72239  eV     1   --> A              
     e( 12 - 12) =    -10.52654  eV     1   --> A              
     e( 13 - 13) =     -9.54923  eV     1   --> A              
     e( 14 - 14) =     -9.50118  eV     1   --> A              
     e( 15 - 15) =     -9.34095  eV     1   --> A              
     e( 16 - 16) =     -8.57020  eV     1   --> A              
     e( 17 - 17) =     -8.43413  eV     1   --> A              
     e( 18 - 18) =     -7.81306  eV     1   --> A              
     e( 19 - 19) =     -7.74886  eV     1   --> A              
     e( 20 - 20) =     -7.02649  eV     1   --> A              
     e( 21 - 21) =     -5.53260  eV     1   --> A              
     e( 22 - 22) =     -3.50689  eV     1   --> A              
     e( 23 - 23) =     -3.42473  eV     1   --> A              
     e( 24 - 24) =     -3.38795  eV     1   --> A              
     e( 25 - 25) =     -2.98732  eV     1   --> A              
     e( 26 - 26) =     -0.50394  eV     1   --> A              
     e( 27 - 27) =     -0.35237  eV     1   --> A              
     e( 28 - 28) =      1.31761  eV     1   --> A              
     e( 29 - 29) =      1.41191  eV     1   --> A              
     e( 30 - 30) =      2.25864  eV     1   --> A              
     e( 31 - 31) =      2.40074  eV     1   --> A              
     e( 32 - 32) =      2.62680  eV     1   --> A              
     e( 33 - 33) =      3.61750  eV     1   --> A              
     e( 34 - 34) =      3.73609  eV     1   --> A              
     e( 35 - 35) =      4.20511  eV     1   --> A              

 **************************************************************************

 **************************************************************************

                    xk=(   0.15500,   0.08949,   0.00000  )

     Band symmetry, C_1 (1)     point group:

     e(  1 -  1) =    -77.73405  eV     1   --> A              
     e(  2 -  2) =    -49.01887  eV     1   --> A              
     e(  3 -  3) =    -48.98546  eV     1   --> A              
     e(  4 -  4) =    -48.84322  eV     1   --> A              
     e(  5 -  5) =    -23.49296  eV     1   --> A              
     e(  6 -  6) =    -23.39497  eV     1   --> A              
     e(  7 -  7) =    -21.01534  eV     1   --> A              
     e(  8 -  8) =    -19.74462  eV     1   --> A              
     e(  9 -  9) =    -13.23277  eV     1   --> A              
     e( 10 - 10) =    -10.84392  eV     1   --> A              
     e( 11 - 11) =    -10.65239  eV     1   --> A              
     e( 12 - 12) =    -10.50870  eV     1   --> A              
     e( 13 - 13) =     -9.52986  eV     1   --> A              
     e( 14 - 14) =     -9.48134  eV     1   --> A              
     e( 15 - 15) =     -9.30789  eV     1   --> A              
     e( 16 - 16) =     -8.58258  eV     1   --> A              
     e( 17 - 17) =     -8.44879  eV     1   --> A              
     e( 18 - 18) =     -7.79198  eV     1   --> A              
     e( 19 - 19) =     -7.73053  eV     1   --> A              
     e( 20 - 20) =     -7.01904  eV     1   --> A              
     e( 21 - 21) =     -5.51091  eV     1   --> A              
     e( 22 - 22) =     -3.50419  eV     1   --> A              
     e( 23 - 23) =     -3.40972  eV     1   --> A              
     e( 24 - 24) =     -3.38612  eV     1   --> A              
     e( 25 - 25) =     -3.00548  eV     1   --> A              
     e( 26 - 26) =     -0.53003  eV     1   --> A              
     e( 27 - 27) =     -0.36965  eV     1   --> A              
     e( 28 - 28) =      1.34356  eV     1   --> A              
     e( 29 - 29) =      1.43708  eV     1   --> A              
     e( 30 - 30) =      2.24034  eV     1   --> A              
     e( 31 - 31) =      2.36915  eV     1   --> A              
     e( 32 - 32) =      2.57190  eV     1   --> A              
     e( 33 - 33) =      3.56194  eV     1   --> A              
     e( 34 - 34) =      3.67874  eV     1   --> A              
     e( 35 - 35) =      4.17465  eV     1   --> A              

 **************************************************************************

 **************************************************************************

                    xk=(   0.15000,   0.08660,   0.00000  )

     Band symmetry, C_1 (1)     point group:

     e(  1 -  1) =    -77.73435  eV     1   --> A              
     e(  2 -  2) =    -49.01633  eV     1   --> A              
     e(  3 -  3) =    -48.98488  eV     1   --> A              
     e(  4 -  4) =    -48.84367  eV     1   --> A              
     e(  5 -  5) =    -23.51625  eV     1   --> A              
     e(  6 -  6) =    -23.41799  eV     1   --> A              
     e(  7 -  7) =    -21.03079  eV     1   --> A              
     e(  8 -  8) =    -19.75231  eV     1   --> A              
     e(  9 -  9) =    -13.24492  eV     1   --> A              
     e( 10 - 10) =    -10.79691  eV     1   --> A              
     e( 11 - 11) =    -10.58381  eV     1   --> A              
     e( 12 - 12) =    -10.47986  eV     1   --> A              
     e( 13 - 13) =     -9.51080  eV     1   --> A              
     e( 14 - 14) =     -9.46178  eV     1   --> A              
     e( 15 - 15) =     -9.27521  eV     1   --> A              
     e( 16 - 16) =     -8.59489  eV     1   --> A              
     e( 17 - 17) =     -8.46307  eV     1   --> A              
     e( 18 - 18) =     -7.77147  eV     1   --> A              
     e( 19 - 19) =     -7.71244  eV     1   --> A              
     e( 20 - 20) =     -7.01212  eV     1   --> A              
     e( 21 - 21) =     -5.48956  eV     1   --> A              
     e( 22 - 22) =     -3.50170  eV     1   --> A              
     e( 23 - 23) =     -3.39505  eV     1   --> A              
     e( 24 - 24) =     -3.38316  eV     1   --> A              
     e( 25 - 25) =     -3.02345  eV     1   --> A              
     e( 26 - 26) =     -0.55950  eV     1   --> A              
     e( 27 - 27) =     -0.39071  eV     1   --> A              
     e( 28 - 28) =      1.37241  eV     1   --> A              
     e( 29 - 29) =      1.46594  eV     1   --> A              
     e( 30 - 30) =      2.22142  eV     1   --> A              
     e( 31 - 31) =      2.33768  eV     1   --> A              
     e( 32 - 32) =      2.51941  eV     1   --> A              
     e( 33 - 33) =      3.50737  eV     1   --> A              
     e( 34 - 34) =      3.62254  eV     1   --> A              
     e( 35 - 35) =      4.14342  eV     1   --> A              

 **************************************************************************

 **************************************************************************

                    xk=(   0.14500,   0.08372,   0.00000  )

     Band symmetry, C_1 (1)     point group:

     e(  1 -  1) =    -77.73465  eV     1   --> A              
     e(  2 -  2) =    -49.01385  eV     1   --> A              
     e(  3 -  3) =    -48.98430  eV     1   --> A              
     e(  4 -  4) =    -48.84411  eV     1   --> A              
     e(  5 -  5) =    -23.53885  eV     1   --> A              
     e(  6 -  6) =    -23.44031  eV     1   --> A              
     e(  7 -  7) =    -21.04587  eV     1   --> A              
     e(  8 -  8) =    -19.75983  eV     1   --> A              
     e(  9 -  9) =    -13.25716  eV     1   --> A              
     e( 10 - 10) =    -10.76229  eV     1   --> A              
     e( 11 - 11) =    -10.51691  eV     1   --> A              
     e( 12 - 12) =    -10.43818  eV     1   --> A              
     e( 13 - 13) =     -9.49209  eV     1   --> A              
     e( 14 - 14) =     -9.44252  eV     1   --> A              
     e( 15 - 15) =     -9.24295  eV     1   --> A              
     e( 16 - 16) =     -8.60711  eV     1   --> A              
     e( 17 - 17) =     -8.47697  eV     1   --> A              
     e( 18 - 18) =     -7.75153  eV     1   --> A              
     e( 19 - 19) =     -7.69461  eV     1   --> A              
     e( 20 - 20) =     -7.00581  eV     1   --> A              
     e( 21 - 21) =     -5.46862  eV     1   --> A              
     e( 22 - 22) =     -3.49929  eV     1   --> A              
     e( 23 - 23) =     -3.38079  eV     1   --> A              
     e( 24 - 24) =     -3.37918  eV     1   --> A              
     e( 25 - 25) =     -3.04118  eV     1   --> A              
     e( 26 - 26) =     -0.59193  eV     1   --> A              
     e( 27 - 27) =     -0.41519  eV     1   --> A              
     e( 28 - 28) =      1.40370  eV     1   --> A              
     e( 29 - 29) =      1.49799  eV     1   --> A              
     e( 30 - 30) =      2.20171  eV     1   --> A              
     e( 31 - 31) =      2.30645  eV     1   --> A              
     e( 32 - 32) =      2.46985  eV     1   --> A              
     e( 33 - 33) =      3.45389  eV     1   --> A              
     e( 34 - 34) =      3.56756  eV     1   --> A              
     e( 35 - 35) =      4.11144  eV     1   --> A              

 **************************************************************************

 **************************************************************************

                    xk=(   0.14000,   0.08083,   0.00000  )

     Band symmetry, C_1 (1)     point group:

     e(  1 -  1) =    -77.73494  eV     1   --> A              
     e(  2 -  2) =    -49.01142  eV     1   --> A              
     e(  3 -  3) =    -48.98375  eV     1   --> A              
     e(  4 -  4) =    -48.84453  eV     1   --> A              
     e(  5 -  5) =    -23.56074  eV     1   --> A              
     e(  6 -  6) =    -23.46193  eV     1   --> A              
     e(  7 -  7) =    -21.06057  eV     1   --> A              
     e(  8 -  8) =    -19.76719  eV     1   --> A              
     e(  9 -  9) =    -13.26943  eV     1   --> A              
     e( 10 - 10) =    -10.73939  eV     1   --> A              
     e( 11 - 11) =    -10.45116  eV     1   --> A              
     e( 12 - 12) =    -10.38504  eV     1   --> A              
     e( 13 - 13) =     -9.47374  eV     1   --> A              
     e( 14 - 14) =     -9.42359  eV     1   --> A              
     e( 15 - 15) =     -9.21115  eV     1   --> A              
     e( 16 - 16) =     -8.61925  eV     1   --> A              
     e( 17 - 17) =     -8.49046  eV     1   --> A              
     e( 18 - 18) =     -7.73215  eV     1   --> A              
     e( 19 - 19) =     -7.67706  eV     1   --> A              
     e( 20 - 20) =     -7.00017  eV     1   --> A              
     e( 21 - 21) =     -5.44816  eV     1   --> A              
     e( 22 - 22) =     -3.49681  eV     1   --> A              
     e( 23 - 23) =     -3.37432  eV     1   --> A              
     e( 24 - 24) =     -3.36689  eV     1   --> A              
     e( 25 - 25) =     -3.05865  eV     1   --> A              
     e( 26 - 26) =     -0.62692  eV     1   --> A              
     e( 27 - 27) =     -0.44269  eV     1   --> A              
     e( 28 - 28) =      1.43694  eV     1   --> A              
     e( 29 - 29) =      1.53274  eV     1   --> A              
     e( 30 - 30) =      2.18088  eV     1   --> A              
     e( 31 - 31) =      2.27565  eV     1   --> A              
     e( 32 - 32) =      2.42387  eV     1   --> A              
     e( 33 - 33) =      3.40157  eV     1   --> A              
     e( 34 - 34) =      3.51386  eV     1   --> A              
     e( 35 - 35) =      4.07873  eV     1   --> A              

 **************************************************************************

 **************************************************************************

                    xk=(   0.13500,   0.07794,   0.00000  )

     Band symmetry, C_1 (1)     point group:

     e(  1 -  1) =    -77.73522  eV     1   --> A              
     e(  2 -  2) =    -49.00906  eV     1   --> A              
     e(  3 -  3) =    -48.98320  eV     1   --> A              
     e(  4 -  4) =    -48.84495  eV     1   --> A              
     e(  5 -  5) =    -23.58192  eV     1   --> A              
     e(  6 -  6) =    -23.48285  eV     1   --> A              
     e(  7 -  7) =    -21.07487  eV     1   --> A              
     e(  8 -  8) =    -19.77437  eV     1   --> A              
     e(  9 -  9) =    -13.28167  eV     1   --> A              
     e( 10 - 10) =    -10.72558  eV     1   --> A              
     e( 11 - 11) =    -10.38553  eV     1   --> A              
     e( 12 - 12) =    -10.32433  eV     1   --> A              
     e( 13 - 13) =     -9.45578  eV     1   --> A              
     e( 14 - 14) =     -9.40503  eV     1   --> A              
     e( 15 - 15) =     -9.17985  eV     1   --> A              
     e( 16 - 16) =     -8.63128  eV     1   --> A              
     e( 17 - 17) =     -8.50355  eV     1   --> A              
     e( 18 - 18) =     -7.71333  eV     1   --> A              
     e( 19 - 19) =     -7.65982  eV     1   --> A              
     e( 20 - 20) =     -6.99524  eV     1   --> A              
     e( 21 - 21) =     -5.42822  eV     1   --> A              
     e( 22 - 22) =     -3.49415  eV     1   --> A              
     e( 23 - 23) =     -3.36864  eV     1   --> A              
     e( 24 - 24) =     -3.35343  eV     1   --> A              
     e( 25 - 25) =     -3.07582  eV     1   --> A              
     e( 26 - 26) =     -0.66407  eV     1   --> A              
     e( 27 - 27) =     -0.47283  eV     1   --> A              
     e( 28 - 28) =      1.47155  eV     1   --> A              
     e( 29 - 29) =      1.56967  eV     1   --> A              
     e( 30 - 30) =      2.15838  eV     1   --> A              
     e( 31 - 31) =      2.24574  eV     1   --> A              
     e( 32 - 32) =      2.38212  eV     1   --> A              
     e( 33 - 33) =      3.35047  eV     1   --> A              
     e( 34 - 34) =      3.46151  eV     1   --> A              
     e( 35 - 35) =      4.04533  eV     1   --> A              

 **************************************************************************

 **************************************************************************

                    xk=(   0.13000,   0.07506,   0.00000  )

     Band symmetry, C_1 (1)     point group:

     e(  1 -  1) =    -77.73549  eV     1   --> A              
     e(  2 -  2) =    -49.00676  eV     1   --> A              
     e(  3 -  3) =    -48.98268  eV     1   --> A              
     e(  4 -  4) =    -48.84535  eV     1   --> A              
     e(  5 -  5) =    -23.60238  eV     1   --> A              
     e(  6 -  6) =    -23.50306  eV     1   --> A              
     e(  7 -  7) =    -21.08877  eV     1   --> A              
     e(  8 -  8) =    -19.78136  eV     1   --> A              
     e(  9 -  9) =    -13.29381  eV     1   --> A              
     e( 10 - 10) =    -10.71797  eV     1   --> A              
     e( 11 - 11) =    -10.31946  eV     1   --> A              
     e( 12 - 12) =    -10.25968  eV     1   --> A              
     e( 13 - 13) =     -9.43824  eV     1   --> A              
     e( 14 - 14) =     -9.38684  eV     1   --> A              
     e( 15 - 15) =     -9.14911  eV     1   --> A              
     e( 16 - 16) =     -8.64320  eV     1   --> A              
     e( 17 - 17) =     -8.51621  eV     1   --> A              
     e( 18 - 18) =     -7.69505  eV     1   --> A              
     e( 19 - 19) =     -7.64291  eV     1   --> A              
     e( 20 - 20) =     -6.99109  eV     1   --> A              
     e( 21 - 21) =     -5.40888  eV     1   --> A              
     e( 22 - 22) =     -3.49120  eV     1   --> A              
     e( 23 - 23) =     -3.36225  eV     1   --> A              
     e( 24 - 24) =     -3.34043  eV     1   --> A              
     e( 25 - 25) =     -3.09263  eV     1   --> A              
     e( 26 - 26) =     -0.70302  eV     1   --> A              
     e( 27 - 27) =     -0.50519  eV     1   --> A              
     e( 28 - 28) =      1.50686  eV     1   --> A              
     e( 29 - 29) =      1.60822  eV     1   --> A              
     e( 30 - 30) =      2.13354  eV     1   --> A              
     e( 31 - 31) =      2.21750  eV     1   --> A              
     e( 32 - 32) =      2.34522  eV     1   --> A              
     e( 33 - 33) =      3.30067  eV     1   --> A              
     e( 34 - 34) =      3.41057  eV     1   --> A              
     e( 35 - 35) =      4.01129  eV     1   --> A              

 **************************************************************************

 **************************************************************************

                    xk=(   0.12500,   0.07217,   0.00000  )

     Band symmetry, C_1 (1)     point group:

     e(  1 -  1) =    -77.73575  eV     1   --> A              
     e(  2 -  2) =    -49.00453  eV     1   --> A              
     e(  3 -  3) =    -48.98216  eV     1   --> A              
     e(  4 -  4) =    -48.84574  eV     1   --> A              
     e(  5 -  5) =    -23.62212  eV     1   --> A              
     e(  6 -  6) =    -23.52255  eV     1   --> A              
     e(  7 -  7) =    -21.10224  eV     1   --> A              
     e(  8 -  8) =    -19.78816  eV     1   --> A              
     e(  9 -  9) =    -13.30582  eV     1   --> A              
     e( 10 - 10) =    -10.71437  eV     1   --> A              
     e( 11 - 11) =    -10.25308  eV     1   --> A              
     e( 12 - 12) =    -10.19335  eV     1   --> A              
     e( 13 - 13) =     -9.42113  eV     1   --> A              
     e( 14 - 14) =     -9.36906  eV     1   --> A              
     e( 15 - 15) =     -9.11895  eV     1   --> A              
     e( 16 - 16) =     -8.65501  eV     1   --> A              
     e( 17 - 17) =     -8.52844  eV     1   --> A              
     e( 18 - 18) =     -7.67731  eV     1   --> A              
     e( 19 - 19) =     -7.62638  eV     1   --> A              
     e( 20 - 20) =     -6.98775  eV     1   --> A              
     e( 21 - 21) =     -5.39017  eV     1   --> A              
     e( 22 - 22) =     -3.48787  eV     1   --> A              
     e( 23 - 23) =     -3.35523  eV     1   --> A              
     e( 24 - 24) =     -3.32791  eV     1   --> A              
     e( 25 - 25) =     -3.10906  eV     1   --> A              
     e( 26 - 26) =     -0.74343  eV     1   --> A              
     e( 27 - 27) =     -0.53939  eV     1   --> A              
     e( 28 - 28) =      1.54209  eV     1   --> A              
     e( 29 - 29) =      1.64785  eV     1   --> A              
     e( 30 - 30) =      2.10587  eV     1   --> A              
     e( 31 - 31) =      2.19182  eV     1   --> A              
     e( 32 - 32) =      2.31364  eV     1   --> A              
     e( 33 - 33) =      3.25224  eV     1   --> A              
     e( 34 - 34) =      3.36110  eV     1   --> A              
     e( 35 - 35) =      3.97667  eV     1   --> A              

 **************************************************************************

 **************************************************************************

                    xk=(   0.12000,   0.06928,   0.00000  )

     Band symmetry, C_1 (1)     point group:

     e(  1 -  1) =    -77.73601  eV     1   --> A              
     e(  2 -  2) =    -49.00236  eV     1   --> A              
     e(  3 -  3) =    -48.98166  eV     1   --> A              
     e(  4 -  4) =    -48.84612  eV     1   --> A              
     e(  5 -  5) =    -23.64113  eV     1   --> A              
     e(  6 -  6) =    -23.54132  eV     1   --> A              
     e(  7 -  7) =    -21.11529  eV     1   --> A              
     e(  8 -  8) =    -19.79476  eV     1   --> A              
     e(  9 -  9) =    -13.31763  eV     1   --> A              
     e( 10 - 10) =    -10.71335  eV     1   --> A              
     e( 11 - 11) =    -10.18682  eV     1   --> A              
     e( 12 - 12) =    -10.12657  eV     1   --> A              
     e( 13 - 13) =     -9.40449  eV     1   --> A              
     e( 14 - 14) =     -9.35172  eV     1   --> A              
     e( 15 - 15) =     -9.08943  eV     1   --> A              
     e( 16 - 16) =     -8.66670  eV     1   --> A              
     e( 17 - 17) =     -8.54022  eV     1   --> A              
     e( 18 - 18) =     -7.66009  eV     1   --> A              
     e( 19 - 19) =     -7.61022  eV     1   --> A              
     e( 20 - 20) =     -6.98528  eV     1   --> A              
     e( 21 - 21) =     -5.37215  eV     1   --> A              
     e( 22 - 22) =     -3.48411  eV     1   --> A              
     e( 23 - 23) =     -3.34763  eV     1   --> A              
     e( 24 - 24) =     -3.31592  eV     1   --> A              
     e( 25 - 25) =     -3.12502  eV     1   --> A              
     e( 26 - 26) =     -0.78496  eV     1   --> A              
     e( 27 - 27) =     -0.57506  eV     1   --> A              
     e( 28 - 28) =      1.57628  eV     1   --> A              
     e( 29 - 29) =      1.68790  eV     1   --> A              
     e( 30 - 30) =      2.07565  eV     1   --> A              
     e( 31 - 31) =      2.16928  eV     1   --> A              
     e( 32 - 32) =      2.28766  eV     1   --> A              
     e( 33 - 33) =      3.20523  eV     1   --> A              
     e( 34 - 34) =      3.31315  eV     1   --> A              
     e( 35 - 35) =      3.94154  eV     1   --> A              

 **************************************************************************

 **************************************************************************

                    xk=(   0.11500,   0.06640,   0.00000  )

     Band symmetry, C_1 (1)     point group:

     e(  1 -  1) =    -77.73626  eV     1   --> A              
     e(  2 -  2) =    -49.00027  eV     1   --> A              
     e(  3 -  3) =    -48.98118  eV     1   --> A              
     e(  4 -  4) =    -48.84649  eV     1   --> A              
     e(  5 -  5) =    -23.65940  eV     1   --> A              
     e(  6 -  6) =    -23.55936  eV     1   --> A              
     e(  7 -  7) =    -21.12789  eV     1   --> A              
     e(  8 -  8) =    -19.80114  eV     1   --> A              
     e(  9 -  9) =    -13.32922  eV     1   --> A              
     e( 10 - 10) =    -10.71399  eV     1   --> A              
     e( 11 - 11) =    -10.12111  eV     1   --> A              
     e( 12 - 12) =    -10.06002  eV     1   --> A              
     e( 13 - 13) =     -9.38833  eV     1   --> A              
     e( 14 - 14) =     -9.33485  eV     1   --> A              
     e( 15 - 15) =     -9.06059  eV     1   --> A              
     e( 16 - 16) =     -8.67828  eV     1   --> A              
     e( 17 - 17) =     -8.55156  eV     1   --> A              
     e( 18 - 18) =     -7.64337  eV     1   --> A              
     e( 19 - 19) =     -7.59448  eV     1   --> A              
     e( 20 - 20) =     -6.98370  eV     1   --> A              
     e( 21 - 21) =     -5.35487  eV     1   --> A              
     e( 22 - 22) =     -3.47988  eV     1   --> A              
     e( 23 - 23) =     -3.33952  eV     1   --> A              
     e( 24 - 24) =     -3.30452  eV     1   --> A              
     e( 25 - 25) =     -3.14043  eV     1   --> A              
     e( 26 - 26) =     -0.82731  eV     1   --> A              
     e( 27 - 27) =     -0.61186  eV     1   --> A              
     e( 28 - 28) =      1.60822  eV     1   --> A              
     e( 29 - 29) =      1.72768  eV     1   --> A              
     e( 30 - 30) =      2.04405  eV     1   --> A              
     e( 31 - 31) =      2.14999  eV     1   --> A              
     e( 32 - 32) =      2.26750  eV     1   --> A              
     e( 33 - 33) =      3.15970  eV     1   --> A              
     e( 34 - 34) =      3.26677  eV     1   --> A              
     e( 35 - 35) =      3.90594  eV     1   --> A              

 **************************************************************************

 **************************************************************************

                    xk=(   0.11000,   0.06351,   0.00000  )

     Band symmetry, C_1 (1)     point group:

     e(  1 -  1) =    -77.73650  eV     1   --> A              
     e(  2 -  2) =    -48.99825  eV     1   --> A              
     e(  3 -  3) =    -48.98072  eV     1   --> A              
     e(  4 -  4) =    -48.84685  eV     1   --> A              
     e(  5 -  5) =    -23.67692  eV     1   --> A              
     e(  6 -  6) =    -23.57667  eV     1   --> A              
     e(  7 -  7) =    -21.14003  eV     1   --> A              
     e(  8 -  8) =    -19.80731  eV     1   --> A              
     e(  9 -  9) =    -13.34054  eV     1   --> A              
     e( 10 - 10) =    -10.71573  eV     1   --> A              
     e( 11 - 11) =    -10.05633  eV     1   --> A              
     e( 12 - 12) =     -9.99412  eV     1   --> A              
     e( 13 - 13) =     -9.37269  eV     1   --> A              
     e( 14 - 14) =     -9.31847  eV     1   --> A              
     e( 15 - 15) =     -9.03249  eV     1   --> A              
     e( 16 - 16) =     -8.68973  eV     1   --> A              
     e( 17 - 17) =     -8.56244  eV     1   --> A              
     e( 18 - 18) =     -7.62715  eV     1   --> A              
     e( 19 - 19) =     -7.57918  eV     1   --> A              
     e( 20 - 20) =     -6.98305  eV     1   --> A              
     e( 21 - 21) =     -5.33836  eV     1   --> A              
     e( 22 - 22) =     -3.47516  eV     1   --> A              
     e( 23 - 23) =     -3.33095  eV     1   --> A              
     e( 24 - 24) =     -3.29381  eV     1   --> A              
     e( 25 - 25) =     -3.15520  eV     1   --> A              
     e( 26 - 26) =     -0.87020  eV     1   --> A              
     e( 27 - 27) =     -0.64945  eV     1   --> A              
     e( 28 - 28) =      1.63638  eV     1   --> A              
     e( 29 - 29) =      1.76629  eV     1   --> A              
     e( 30 - 30) =      2.01278  eV     1   --> A              
     e( 31 - 31) =      2.13397  eV     1   --> A              
     e( 32 - 32) =      2.25341  eV     1   --> A              
     e( 33 - 33) =      3.11571  eV     1   --> A              
     e( 34 - 34) =      3.22202  eV     1   --> A              
     e( 35 - 35) =      3.86996  eV     1   --> A              

 **************************************************************************

 **************************************************************************

                    xk=(   0.10500,   0.06062,   0.00000  )

     Band symmetry, C_1 (1)     point group:

     e(  1 -  1) =    -77.73673  eV     1   --> A              
     e(  2 -  2) =    -48.99630  eV     1   --> A              
     e(  3 -  3) =    -48.98027  eV     1   --> A              
     e(  4 -  4) =    -48.84719  eV     1   --> A              
     e(  5 -  5) =    -23.69371  eV     1   --> A              
     e(  6 -  6) =    -23.59324  eV     1   --> A              
     e(  7 -  7) =    -21.15170  eV     1   --> A              
     e(  8 -  8) =    -19.81325  eV     1   --> A              
     e(  9 -  9) =    -13.35156  eV     1   --> A              
     e( 10 - 10) =    -10.71817  eV     1   --> A              
     e( 11 - 11) =     -9.99275  eV     1   --> A              
     e( 12 - 12) =     -9.92918  eV     1   --> A              
     e( 13 - 13) =     -9.35758  eV     1   --> A              
     e( 14 - 14) =     -9.30260  eV     1   --> A              
     e( 15 - 15) =     -9.00518  eV     1   --> A              
     e( 16 - 16) =     -8.70105  eV     1   --> A              
     e( 17 - 17) =     -8.57286  eV     1   --> A              
     e( 18 - 18) =     -7.61139  eV     1   --> A              
     e( 19 - 19) =     -7.56435  eV     1   --> A              
     e( 20 - 20) =     -6.98334  eV     1   --> A              
     e( 21 - 21) =     -5.32267  eV     1   --> A              
     e( 22 - 22) =     -3.46996  eV     1   --> A              
     e( 23 - 23) =     -3.32195  eV     1   --> A              
     e( 24 - 24) =     -3.28394  eV     1   --> A              
     e( 25 - 25) =     -3.16914  eV     1   --> A              
     e( 26 - 26) =     -0.91336  eV     1   --> A              
     e( 27 - 27) =     -0.68753  eV     1   --> A              
     e( 28 - 28) =      1.65892  eV     1   --> A              
     e( 29 - 29) =      1.80257  eV     1   --> A              
     e( 30 - 30) =      1.98374  eV     1   --> A              
     e( 31 - 31) =      2.12166  eV     1   --> A              
     e( 32 - 32) =      2.24572  eV     1   --> A              
     e( 33 - 33) =      3.07332  eV     1   --> A              
     e( 34 - 34) =      3.17894  eV     1   --> A              
     e( 35 - 35) =      3.83368  eV     1   --> A              

 **************************************************************************

 **************************************************************************

                    xk=(   0.10000,   0.05774,   0.00000  )

     Band symmetry, C_1 (1)     point group:

     e(  1 -  1) =    -77.73695  eV     1   --> A              
     e(  2 -  2) =    -48.99444  eV     1   --> A              
     e(  3 -  3) =    -48.97984  eV     1   --> A              
     e(  4 -  4) =    -48.84752  eV     1   --> A              
     e(  5 -  5) =    -23.70974  eV     1   --> A              
     e(  6 -  6) =    -23.60907  eV     1   --> A              
     e(  7 -  7) =    -21.16290  eV     1   --> A              
     e(  8 -  8) =    -19.81895  eV     1   --> A              
     e(  9 -  9) =    -13.36224  eV     1   --> A              
     e( 10 - 10) =    -10.72107  eV     1   --> A              
     e( 11 - 11) =     -9.93061  eV     1   --> A              
     e( 12 - 12) =     -9.86543  eV     1   --> A              
     e( 13 - 13) =     -9.34302  eV     1   --> A              
     e( 14 - 14) =     -9.28728  eV     1   --> A              
     e( 15 - 15) =     -8.97872  eV     1   --> A              
     e( 16 - 16) =     -8.71223  eV     1   --> A              
     e( 17 - 17) =     -8.58280  eV     1   --> A              
     e( 18 - 18) =     -7.59610  eV     1   --> A              
     e( 19 - 19) =     -7.55000  eV     1   --> A              
     e( 20 - 20) =     -6.98459  eV     1   --> A              
     e( 21 - 21) =     -5.30781  eV     1   --> A              
     e( 22 - 22) =     -3.46428  eV     1   --> A              
     e( 23 - 23) =     -3.31257  eV     1   --> A              
     e( 24 - 24) =     -3.27517  eV     1   --> A              
     e( 25 - 25) =     -3.18197  eV     1   --> A              
     e( 26 - 26) =     -0.95654  eV     1   --> A              
     e( 27 - 27) =     -0.72581  eV     1   --> A              
     e( 28 - 28) =      1.67380  eV     1   --> A              
     e( 29 - 29) =      1.83492  eV     1   --> A              
     e( 30 - 30) =      1.95874  eV     1   --> A              
     e( 31 - 31) =      2.11418  eV     1   --> A              
     e( 32 - 32) =      2.24477  eV     1   --> A              
     e( 33 - 33) =      3.03257  eV     1   --> A              
     e( 34 - 34) =      3.13757  eV     1   --> A              
     e( 35 - 35) =      3.79716  eV     1   --> A              

 **************************************************************************

 **************************************************************************

                    xk=(   0.09500,   0.05485,   0.00000  )

     Band symmetry, C_1 (1)     point group:

     e(  1 -  1) =    -77.73716  eV     1   --> A              
     e(  2 -  2) =    -48.99265  eV     1   --> A              
     e(  3 -  3) =    -48.97943  eV     1   --> A              
     e(  4 -  4) =    -48.84783  eV     1   --> A              
     e(  5 -  5) =    -23.72501  eV     1   --> A              
     e(  6 -  6) =    -23.62415  eV     1   --> A              
     e(  7 -  7) =    -21.17362  eV     1   --> A              
     e(  8 -  8) =    -19.82442  eV     1   --> A              
     e(  9 -  9) =    -13.37256  eV     1   --> A              
     e( 10 - 10) =    -10.72426  eV     1   --> A              
     e( 11 - 11) =     -9.87008  eV     1   --> A              
     e( 12 - 12) =     -9.80308  eV     1   --> A              
     e( 13 - 13) =     -9.32904  eV     1   --> A              
     e( 14 - 14) =     -9.27252  eV     1   --> A              
     e( 15 - 15) =     -8.95317  eV     1   --> A              
     e( 16 - 16) =     -8.72325  eV     1   --> A              
     e( 17 - 17) =     -8.59226  eV     1   --> A              
     e( 18 - 18) =     -7.58124  eV     1   --> A              
     e( 19 - 19) =     -7.53616  eV     1   --> A              
     e( 20 - 20) =     -6.98677  eV     1   --> A              
     e( 21 - 21) =     -5.29381  eV     1   --> A              
     e( 22 - 22) =     -3.45816  eV     1   --> A              
     e( 23 - 23) =     -3.30285  eV     1   --> A              
     e( 24 - 24) =     -3.26800  eV     1   --> A              
     e( 25 - 25) =     -3.19317  eV     1   --> A              
     e( 26 - 26) =     -0.99948  eV     1   --> A              
     e( 27 - 27) =     -0.76402  eV     1   --> A              
     e( 28 - 28) =      1.67937  eV     1   --> A              
     e( 29 - 29) =      1.86119  eV     1   --> A              
     e( 30 - 30) =      1.93922  eV     1   --> A              
     e( 31 - 31) =      2.11331  eV     1   --> A              
     e( 32 - 32) =      2.25079  eV     1   --> A              
     e( 33 - 33) =      2.99351  eV     1   --> A              
     e( 34 - 34) =      3.09796  eV     1   --> A              
     e( 35 - 35) =      3.76049  eV     1   --> A              

 **************************************************************************

 **************************************************************************

                    xk=(   0.09000,   0.05196,   0.00000  )

     Band symmetry, C_1 (1)     point group:

     e(  1 -  1) =    -77.73736  eV     1   --> A              
     e(  2 -  2) =    -48.99094  eV     1   --> A              
     e(  3 -  3) =    -48.97904  eV     1   --> A              
     e(  4 -  4) =    -48.84813  eV     1   --> A              
     e(  5 -  5) =    -23.73953  eV     1   --> A              
     e(  6 -  6) =    -23.63848  eV     1   --> A              
     e(  7 -  7) =    -21.18384  eV     1   --> A              
     e(  8 -  8) =    -19.82965  eV     1   --> A              
     e(  9 -  9) =    -13.38249  eV     1   --> A              
     e( 10 - 10) =    -10.72761  eV     1   --> A              
     e( 11 - 11) =     -9.81133  eV     1   --> A              
     e( 12 - 12) =     -9.74235  eV     1   --> A              
     e( 13 - 13) =     -9.31567  eV     1   --> A              
     e( 14 - 14) =     -9.25836  eV     1   --> A              
     e( 15 - 15) =     -8.92863  eV     1   --> A              
     e( 16 - 16) =     -8.73408  eV     1   --> A              
     e( 17 - 17) =     -8.60124  eV     1   --> A              
     e( 18 - 18) =     -7.56681  eV     1   --> A              
     e( 19 - 19) =     -7.52287  eV     1   --> A              
     e( 20 - 20) =     -6.98990  eV     1   --> A              
     e( 21 - 21) =     -5.28069  eV     1   --> A              
     e( 22 - 22) =     -3.45164  eV     1   --> A              
     e( 23 - 23) =     -3.29284  eV     1   --> A              
     e( 24 - 24) =     -3.26331  eV     1   --> A              
     e( 25 - 25) =     -3.20185  eV     1   --> A              
     e( 26 - 26) =     -1.04198  eV     1   --> A              
     e( 27 - 27) =     -0.80190  eV     1   --> A              
     e( 28 - 28) =      1.67522  eV     1   --> A              
     e( 29 - 29) =      1.87918  eV     1   --> A              
     e( 30 - 30) =      1.92565  eV     1   --> A              
     e( 31 - 31) =      2.12098  eV     1   --> A              
     e( 32 - 32) =      2.26368  eV     1   --> A              
     e( 33 - 33) =      2.95619  eV     1   --> A              
     e( 34 - 34) =      3.06016  eV     1   --> A              
     e( 35 - 35) =      3.72374  eV     1   --> A              

 **************************************************************************

 **************************************************************************

                    xk=(   0.08500,   0.04907,   0.00000  )

     Band symmetry, C_1 (1)     point group:

     e(  1 -  1) =    -77.73755  eV     1   --> A              
     e(  2 -  2) =    -48.98931  eV     1   --> A              
     e(  3 -  3) =    -48.97867  eV     1   --> A              
     e(  4 -  4) =    -48.84842  eV     1   --> A              
     e(  5 -  5) =    -23.75329  eV     1   --> A              
     e(  6 -  6) =    -23.65206  eV     1   --> A              
     e(  7 -  7) =    -21.19355  eV     1   --> A              
     e(  8 -  8) =    -19.83462  eV     1   --> A              
     e(  9 -  9) =    -13.39200  eV     1   --> A              
     e( 10 - 10) =    -10.73102  eV     1   --> A              
     e( 11 - 11) =     -9.75447  eV     1   --> A              
     e( 12 - 12) =     -9.68342  eV     1   --> A              
     e( 13 - 13) =     -9.30291  eV     1   --> A              
     e( 14 - 14) =     -9.24482  eV     1   --> A              
     e( 15 - 15) =     -8.90522  eV     1   --> A              
     e( 16 - 16) =     -8.74465  eV     1   --> A              
     e( 17 - 17) =     -8.60973  eV     1   --> A              
     e( 18 - 18) =     -7.55279  eV     1   --> A              
     e( 19 - 19) =     -7.51013  eV     1   --> A              
     e( 20 - 20) =     -6.99394  eV     1   --> A              
     e( 21 - 21) =     -5.26846  eV     1   --> A              
     e( 22 - 22) =     -3.44478  eV     1   --> A              
     e( 23 - 23) =     -3.28260  eV     1   --> A              
     e( 24 - 24) =     -3.26228  eV     1   --> A              
     e( 25 - 25) =     -3.20679  eV     1   --> A              
     e( 26 - 26) =     -1.08379  eV     1   --> A              
     e( 27 - 27) =     -0.83921  eV     1   --> A              
     e( 28 - 28) =      1.66257  eV     1   --> A              
     e( 29 - 29) =      1.88794  eV     1   --> A              
     e( 30 - 30) =      1.91707  eV     1   --> A              
     e( 31 - 31) =      2.13808  eV     1   --> A              
     e( 32 - 32) =      2.28290  eV     1   --> A              
     e( 33 - 33) =      2.92064  eV     1   --> A              
     e( 34 - 34) =      3.02418  eV     1   --> A              
     e( 35 - 35) =      3.68698  eV     1   --> A              

 **************************************************************************

 **************************************************************************

                    xk=(   0.08000,   0.04619,   0.00000  )

     Band symmetry, C_1 (1)     point group:

     e(  1 -  1) =    -77.73773  eV     1   --> A              
     e(  2 -  2) =    -48.98776  eV     1   --> A              
     e(  3 -  3) =    -48.97831  eV     1   --> A              
     e(  4 -  4) =    -48.84869  eV     1   --> A              
     e(  5 -  5) =    -23.76627  eV     1   --> A              
     e(  6 -  6) =    -23.66488  eV     1   --> A              
     e(  7 -  7) =    -21.20275  eV     1   --> A              
     e(  8 -  8) =    -19.83934  eV     1   --> A              
     e(  9 -  9) =    -13.40108  eV     1   --> A              
     e( 10 - 10) =    -10.73443  eV     1   --> A              
     e( 11 - 11) =     -9.69964  eV     1   --> A              
     e( 12 - 12) =     -9.62646  eV     1   --> A              
     e( 13 - 13) =     -9.29079  eV     1   --> A              
     e( 14 - 14) =     -9.23192  eV     1   --> A              
     e( 15 - 15) =     -8.88315  eV     1   --> A              
     e( 16 - 16) =     -8.75484  eV     1   --> A              
     e( 17 - 17) =     -8.61773  eV     1   --> A              
     e( 18 - 18) =     -7.53917  eV     1   --> A              
     e( 19 - 19) =     -7.49799  eV     1   --> A              
     e( 20 - 20) =     -6.99886  eV     1   --> A              
     e( 21 - 21) =     -5.25711  eV     1   --> A              
     e( 22 - 22) =     -3.43763  eV     1   --> A              
     e( 23 - 23) =     -3.27218  eV     1   --> A              
     e( 24 - 24) =     -3.26544  eV     1   --> A              
     e( 25 - 25) =     -3.20747  eV     1   --> A              
     e( 26 - 26) =     -1.12471  eV     1   --> A              
     e( 27 - 27) =     -0.87574  eV     1   --> A              
     e( 28 - 28) =      1.64377  eV     1   --> A              
     e( 29 - 29) =      1.88924  eV     1   --> A              
     e( 30 - 30) =      1.91097  eV     1   --> A              
     e( 31 - 31) =      2.16361  eV     1   --> A              
     e( 32 - 32) =      2.30751  eV     1   --> A              
     e( 33 - 33) =      2.88692  eV     1   --> A              
     e( 34 - 34) =      2.99008  eV     1   --> A              
     e( 35 - 35) =      3.65031  eV     1   --> A              

 **************************************************************************

 **************************************************************************

                    xk=(   0.07500,   0.04330,   0.00000  )

     Band symmetry, C_1 (1)     point group:

     e(  1 -  1) =    -77.73791  eV     1   --> A              
     e(  2 -  2) =    -48.98631  eV     1   --> A              
     e(  3 -  3) =    -48.97798  eV     1   --> A              
     e(  4 -  4) =    -48.84894  eV     1   --> A              
     e(  5 -  5) =    -23.77849  eV     1   --> A              
     e(  6 -  6) =    -23.67694  eV     1   --> A              
     e(  7 -  7) =    -21.21144  eV     1   --> A              
     e(  8 -  8) =    -19.84379  eV     1   --> A              
     e(  9 -  9) =    -13.40970  eV     1   --> A              
     e( 10 - 10) =    -10.73779  eV     1   --> A              
     e( 11 - 11) =     -9.64692  eV     1   --> A              
     e( 12 - 12) =     -9.57168  eV     1   --> A              
     e( 13 - 13) =     -9.27932  eV     1   --> A              
     e( 14 - 14) =     -9.21969  eV     1   --> A              
     e( 15 - 15) =     -8.86277  eV     1   --> A              
     e( 16 - 16) =     -8.76433  eV     1   --> A              
     e( 17 - 17) =     -8.62524  eV     1   --> A              
     e( 18 - 18) =     -7.52593  eV     1   --> A              
     e( 19 - 19) =     -7.48645  eV     1   --> A              
     e( 20 - 20) =     -7.00459  eV     1   --> A              
     e( 21 - 21) =     -5.24665  eV     1   --> A              
     e( 22 - 22) =     -3.43026  eV     1   --> A              
     e( 23 - 23) =     -3.27181  eV     1   --> A              
     e( 24 - 24) =     -3.26163  eV     1   --> A              
     e( 25 - 25) =     -3.20484  eV     1   --> A              
     e( 26 - 26) =     -1.16453  eV     1   --> A              
     e( 27 - 27) =     -0.91125  eV     1   --> A              
     e( 28 - 28) =      1.62119  eV     1   --> A              
     e( 29 - 29) =      1.88636  eV     1   --> A              
     e( 30 - 30) =      1.90477  eV     1   --> A              
     e( 31 - 31) =      2.19536  eV     1   --> A              
     e( 32 - 32) =      2.33637  eV     1   --> A              
     e( 33 - 33) =      2.85505  eV     1   --> A              
     e( 34 - 34) =      2.95788  eV     1   --> A              
     e( 35 - 35) =      3.61379  eV     1   --> A              

 **************************************************************************

 **************************************************************************

                    xk=(   0.07000,   0.04041,   0.00000  )

     Band symmetry, C_1 (1)     point group:

     e(  1 -  1) =    -77.73807  eV     1   --> A              
     e(  2 -  2) =    -48.98493  eV     1   --> A              
     e(  3 -  3) =    -48.97766  eV     1   --> A              
     e(  4 -  4) =    -48.84918  eV     1   --> A              
     e(  5 -  5) =    -23.78993  eV     1   --> A              
     e(  6 -  6) =    -23.68824  eV     1   --> A              
     e(  7 -  7) =    -21.21959  eV     1   --> A              
     e(  8 -  8) =    -19.84799  eV     1   --> A              
     e(  9 -  9) =    -13.41784  eV     1   --> A              
     e( 10 - 10) =    -10.74105  eV     1   --> A              
     e( 11 - 11) =     -9.59642  eV     1   --> A              
     e( 12 - 12) =     -9.51924  eV     1   --> A              
     e( 13 - 13) =     -9.26853  eV     1   --> A              
     e( 14 - 14) =     -9.20813  eV     1   --> A              
     e( 15 - 15) =     -8.84489  eV     1   --> A              
     e( 16 - 16) =     -8.77238  eV     1   --> A              
     e( 17 - 17) =     -8.63225  eV     1   --> A              
     e( 18 - 18) =     -7.51308  eV     1   --> A              
     e( 19 - 19) =     -7.47554  eV     1   --> A              
     e( 20 - 20) =     -7.01109  eV     1   --> A              
     e( 21 - 21) =     -5.23707  eV     1   --> A              
     e( 22 - 22) =     -3.42276  eV     1   --> A              
     e( 23 - 23) =     -3.27983  eV     1   --> A              
     e( 24 - 24) =     -3.25104  eV     1   --> A              
     e( 25 - 25) =     -3.20042  eV     1   --> A              
     e( 26 - 26) =     -1.20305  eV     1   --> A              
     e( 27 - 27) =     -0.94555  eV     1   --> A              
     e( 28 - 28) =      1.59671  eV     1   --> A              
     e( 29 - 29) =      1.88129  eV     1   --> A              
     e( 30 - 30) =      1.89770  eV     1   --> A              
     e( 31 - 31) =      2.23109  eV     1   --> A              
     e( 32 - 32) =      2.36825  eV     1   --> A              
     e( 33 - 33) =      2.82507  eV     1   --> A              
     e( 34 - 34) =      2.92762  eV     1   --> A              
     e( 35 - 35) =      3.57753  eV     1   --> A              

 **************************************************************************

 **************************************************************************

                    xk=(   0.06500,   0.03753,   0.00000  )

     Band symmetry, C_1 (1)     point group:

     e(  1 -  1) =    -77.73822  eV     1   --> A              
     e(  2 -  2) =    -48.98365  eV     1   --> A              
     e(  3 -  3) =    -48.97737  eV     1   --> A              
     e(  4 -  4) =    -48.84941  eV     1   --> A              
     e(  5 -  5) =    -23.80060  eV     1   --> A              
     e(  6 -  6) =    -23.69877  eV     1   --> A              
     e(  7 -  7) =    -21.22721  eV     1   --> A              
     e(  8 -  8) =    -19.85191  eV     1   --> A              
     e(  9 -  9) =    -13.42549  eV     1   --> A              
     e( 10 - 10) =    -10.74419  eV     1   --> A              
     e( 11 - 11) =     -9.54821  eV     1   --> A              
     e( 12 - 12) =     -9.46933  eV     1   --> A              
     e( 13 - 13) =     -9.25842  eV     1   --> A              
     e( 14 - 14) =     -9.19728  eV     1   --> A              
     e( 15 - 15) =     -8.83149  eV     1   --> A              
     e( 16 - 16) =     -8.77709  eV     1   --> A              
     e( 17 - 17) =     -8.63876  eV     1   --> A              
     e( 18 - 18) =     -7.50062  eV     1   --> A              
     e( 19 - 19) =     -7.46528  eV     1   --> A              
     e( 20 - 20) =     -7.01826  eV     1   --> A              
     e( 21 - 21) =     -5.22834  eV     1   --> A              
     e( 22 - 22) =     -3.41521  eV     1   --> A              
     e( 23 - 23) =     -3.28847  eV     1   --> A              
     e( 24 - 24) =     -3.24050  eV     1   --> A              
     e( 25 - 25) =     -3.19523  eV     1   --> A              
     e( 26 - 26) =     -1.24005  eV     1   --> A              
     e( 27 - 27) =     -0.97844  eV     1   --> A              
     e( 28 - 28) =      1.57163  eV     1   --> A              
     e( 29 - 29) =      1.87472  eV     1   --> A              
     e( 30 - 30) =      1.89023  eV     1   --> A              
     e( 31 - 31) =      2.26909  eV     1   --> A              
     e( 32 - 32) =      2.40206  eV     1   --> A              
     e( 33 - 33) =      2.79702  eV     1   --> A              
     e( 34 - 34) =      2.89932  eV     1   --> A              
     e( 35 - 35) =      3.54161  eV     1   --> A              

 **************************************************************************

 **************************************************************************

                    xk=(   0.06000,   0.03464,   0.00000  )

     Band symmetry, C_1 (1)     point group:

     e(  1 -  1) =    -77.73836  eV     1   --> A              
     e(  2 -  2) =    -48.98246  eV     1   --> A              
     e(  3 -  3) =    -48.97709  eV     1   --> A              
     e(  4 -  4) =    -48.84962  eV     1   --> A              
     e(  5 -  5) =    -23.81048  eV     1   --> A              
     e(  6 -  6) =    -23.70853  eV     1   --> A              
     e(  7 -  7) =    -21.23430  eV     1   --> A              
     e(  8 -  8) =    -19.85555  eV     1   --> A              
     e(  9 -  9) =    -13.43263  eV     1   --> A              
     e( 10 - 10) =    -10.74716  eV     1   --> A              
     e( 11 - 11) =     -9.50240  eV     1   --> A              
     e( 12 - 12) =     -9.42213  eV     1   --> A              
     e( 13 - 13) =     -9.24901  eV     1   --> A              
     e( 14 - 14) =     -9.18716  eV     1   --> A              
     e( 15 - 15) =     -8.82594  eV     1   --> A              
     e( 16 - 16) =     -8.77513  eV     1   --> A              
     e( 17 - 17) =     -8.64478  eV     1   --> A              
     e( 18 - 18) =     -7.48855  eV     1   --> A              
     e( 19 - 19) =     -7.45569  eV     1   --> A              
     e( 20 - 20) =     -7.02601  eV     1   --> A              
     e( 21 - 21) =     -5.22045  eV     1   --> A              
     e( 22 - 22) =     -3.40769  eV     1   --> A              
     e( 23 - 23) =     -3.29713  eV     1   --> A              
     e( 24 - 24) =     -3.23008  eV     1   --> A              
     e( 25 - 25) =     -3.18985  eV     1   --> A              
     e( 26 - 26) =     -1.27536  eV     1   --> A              
     e( 27 - 27) =     -1.00974  eV     1   --> A              
     e( 28 - 28) =      1.54684  eV     1   --> A              
     e( 29 - 29) =      1.86700  eV     1   --> A              
     e( 30 - 30) =      1.88297  eV     1   --> A              
     e( 31 - 31) =      2.30815  eV     1   --> A              
     e( 32 - 32) =      2.43682  eV     1   --> A              
     e( 33 - 33) =      2.77092  eV     1   --> A              
     e( 34 - 34) =      2.87301  eV     1   --> A              
     e( 35 - 35) =      3.50613  eV     1   --> A              

 **************************************************************************

 **************************************************************************

                    xk=(   0.05500,   0.03175,   0.00000  )

     Band symmetry, C_1 (1)     point group:

     e(  1 -  1) =    -77.73849  eV     1   --> A              
     e(  2 -  2) =    -48.98136  eV     1   --> A              
     e(  3 -  3) =    -48.97684  eV     1   --> A              
     e(  4 -  4) =    -48.84981  eV     1   --> A              
     e(  5 -  5) =    -23.81959  eV     1   --> A              
     e(  6 -  6) =    -23.71752  eV     1   --> A              
     e(  7 -  7) =    -21.24083  eV     1   --> A              
     e(  8 -  8) =    -19.85892  eV     1   --> A              
     e(  9 -  9) =    -13.43925  eV     1   --> A              
     e( 10 - 10) =    -10.74996  eV     1   --> A              
     e( 11 - 11) =     -9.45906  eV     1   --> A              
     e( 12 - 12) =     -9.37781  eV     1   --> A              
     e( 13 - 13) =     -9.24032  eV     1   --> A              
     e( 14 - 14) =     -9.17778  eV     1   --> A              
     e( 15 - 15) =     -8.82868  eV     1   --> A              
     e( 16 - 16) =     -8.76612  eV     1   --> A              
     e( 17 - 17) =     -8.65029  eV     1   --> A              
     e( 18 - 18) =     -7.47690  eV     1   --> A              
     e( 19 - 19) =     -7.44679  eV     1   --> A              
     e( 20 - 20) =     -7.03422  eV     1   --> A              
     e( 21 - 21) =     -5.21337  eV     1   --> A              
     e( 22 - 22) =     -3.40030  eV     1   --> A              
     e( 23 - 23) =     -3.30551  eV     1   --> A              
     e( 24 - 24) =     -3.21989  eV     1   --> A              
     e( 25 - 25) =     -3.18457  eV     1   --> A              
     e( 26 - 26) =     -1.30876  eV     1   --> A              
     e( 27 - 27) =     -1.03926  eV     1   --> A              
     e( 28 - 28) =      1.52294  eV     1   --> A              
     e( 29 - 29) =      1.85857  eV     1   --> A              
     e( 30 - 30) =      1.87618  eV     1   --> A              
     e( 31 - 31) =      2.34738  eV     1   --> A              
     e( 32 - 32) =      2.47174  eV     1   --> A              
     e( 33 - 33) =      2.74681  eV     1   --> A              
     e( 34 - 34) =      2.84872  eV     1   --> A              
     e( 35 - 35) =      3.47123  eV     1   --> A              

 **************************************************************************

 **************************************************************************

                    xk=(   0.05000,   0.02887,   0.00000  )

     Band symmetry, C_1 (1)     point group:

     e(  1 -  1) =    -77.73861  eV     1   --> A              
     e(  2 -  2) =    -48.98034  eV     1   --> A              
     e(  3 -  3) =    -48.97661  eV     1   --> A              
     e(  4 -  4) =    -48.84999  eV     1   --> A              
     e(  5 -  5) =    -23.82791  eV     1   --> A              
     e(  6 -  6) =    -23.72573  eV     1   --> A              
     e(  7 -  7) =    -21.24682  eV     1   --> A              
     e(  8 -  8) =    -19.86201  eV     1   --> A              
     e(  9 -  9) =    -13.44533  eV     1   --> A              
     e( 10 - 10) =    -10.75256  eV     1   --> A              
     e( 11 - 11) =     -9.41830  eV     1   --> A              
     e( 12 - 12) =     -9.33657  eV     1   --> A              
     e( 13 - 13) =     -9.23234  eV     1   --> A              
     e( 14 - 14) =     -9.16915  eV     1   --> A              
     e( 15 - 15) =     -8.83592  eV     1   --> A              
     e( 16 - 16) =     -8.75389  eV     1   --> A              
     e( 17 - 17) =     -8.65532  eV     1   --> A              
     e( 18 - 18) =     -7.46570  eV     1   --> A              
     e( 19 - 19) =     -7.43860  eV     1   --> A              
     e( 20 - 20) =     -7.04277  eV     1   --> A              
     e( 21 - 21) =     -5.20707  eV     1   --> A              
     e( 22 - 22) =     -3.39314  eV     1   --> A              
     e( 23 - 23) =     -3.31342  eV     1   --> A              
     e( 24 - 24) =     -3.21003  eV     1   --> A              
     e( 25 - 25) =     -3.17954  eV     1   --> A              
     e( 26 - 26) =     -1.34007  eV     1   --> A              
     e( 27 - 27) =     -1.06684  eV     1   --> A              
     e( 28 - 28) =      1.50034  eV     1   --> A              
     e( 29 - 29) =      1.84991  eV     1   --> A              
     e( 30 - 30) =      1.86988  eV     1   --> A              
     e( 31 - 31) =      2.38608  eV     1   --> A              
     e( 32 - 32) =      2.50617  eV     1   --> A              
     e( 33 - 33) =      2.72471  eV     1   --> A              
     e( 34 - 34) =      2.82647  eV     1   --> A              
     e( 35 - 35) =      3.43706  eV     1   --> A              

 **************************************************************************

 **************************************************************************

                    xk=(   0.04500,   0.02598,   0.00000  )

     Band symmetry, C_1 (1)     point group:

     e(  1 -  1) =    -77.73872  eV     1   --> A              
     e(  2 -  2) =    -48.97943  eV     1   --> A              
     e(  3 -  3) =    -48.97640  eV     1   --> A              
     e(  4 -  4) =    -48.85015  eV     1   --> A              
     e(  5 -  5) =    -23.83545  eV     1   --> A              
     e(  6 -  6) =    -23.73317  eV     1   --> A              
     e(  7 -  7) =    -21.25225  eV     1   --> A              
     e(  8 -  8) =    -19.86481  eV     1   --> A              
     e(  9 -  9) =    -13.45086  eV     1   --> A              
     e( 10 - 10) =    -10.75496  eV     1   --> A              
     e( 11 - 11) =     -9.38022  eV     1   --> A              
     e( 12 - 12) =     -9.29855  eV     1   --> A              
     e( 13 - 13) =     -9.22510  eV     1   --> A              
     e( 14 - 14) =     -9.16130  eV     1   --> A              
     e( 15 - 15) =     -8.84504  eV     1   --> A              
     e( 16 - 16) =     -8.74109  eV     1   --> A              
     e( 17 - 17) =     -8.65985  eV     1   --> A              
     e( 18 - 18) =     -7.45501  eV     1   --> A              
     e( 19 - 19) =     -7.43113  eV     1   --> A              
     e( 20 - 20) =     -7.05149  eV     1   --> A              
     e( 21 - 21) =     -5.20152  eV     1   --> A              
     e( 22 - 22) =     -3.38630  eV     1   --> A              
     e( 23 - 23) =     -3.32076  eV     1   --> A              
     e( 24 - 24) =     -3.20062  eV     1   --> A              
     e( 25 - 25) =     -3.17487  eV     1   --> A              
     e( 26 - 26) =     -1.36910  eV     1   --> A              
     e( 27 - 27) =     -1.09233  eV     1   --> A              
     e( 28 - 28) =      1.47932  eV     1   --> A              
     e( 29 - 29) =      1.84144  eV     1   --> A              
     e( 30 - 30) =      1.86407  eV     1   --> A              
     e( 31 - 31) =      2.42366  eV     1   --> A              
     e( 32 - 32) =      2.53955  eV     1   --> A              
     e( 33 - 33) =      2.70464  eV     1   --> A              
     e( 34 - 34) =      2.80627  eV     1   --> A              
     e( 35 - 35) =      3.40378  eV     1   --> A              

 **************************************************************************

 **************************************************************************

                    xk=(   0.04000,   0.02309,   0.00000  )

     Band symmetry, C_1 (1)     point group:

     e(  1 -  1) =    -77.73881  eV     1   --> A              
     e(  2 -  2) =    -48.97860  eV     1   --> A              
     e(  3 -  3) =    -48.97621  eV     1   --> A              
     e(  4 -  4) =    -48.85029  eV     1   --> A              
     e(  5 -  5) =    -23.84219  eV     1   --> A              
     e(  6 -  6) =    -23.73983  eV     1   --> A              
     e(  7 -  7) =    -21.25712  eV     1   --> A              
     e(  8 -  8) =    -19.86733  eV     1   --> A              
     e(  9 -  9) =    -13.45584  eV     1   --> A              
     e( 10 - 10) =    -10.75713  eV     1   --> A              
     e( 11 - 11) =     -9.34495  eV     1   --> A              
     e( 12 - 12) =     -9.26394  eV     1   --> A              
     e( 13 - 13) =     -9.21861  eV     1   --> A              
     e( 14 - 14) =     -9.15424  eV     1   --> A              
     e( 15 - 15) =     -8.85492  eV     1   --> A              
     e( 16 - 16) =     -8.72884  eV     1   --> A              
     e( 17 - 17) =     -8.66389  eV     1   --> A              
     e( 18 - 18) =     -7.44488  eV     1   --> A              
     e( 19 - 19) =     -7.42441  eV     1   --> A              
     e( 20 - 20) =     -7.06023  eV     1   --> A              
     e( 21 - 21) =     -5.19668  eV     1   --> A              
     e( 22 - 22) =     -3.37988  eV     1   --> A              
     e( 23 - 23) =     -3.32746  eV     1   --> A              
     e( 24 - 24) =     -3.19177  eV     1   --> A              
     e( 25 - 25) =     -3.17062  eV     1   --> A              
     e( 26 - 26) =     -1.39567  eV     1   --> A              
     e( 27 - 27) =     -1.11557  eV     1   --> A              
     e( 28 - 28) =      1.46012  eV     1   --> A              
     e( 29 - 29) =      1.83346  eV     1   --> A              
     e( 30 - 30) =      1.85873  eV     1   --> A              
     e( 31 - 31) =      2.45955  eV     1   --> A              
     e( 32 - 32) =      2.57142  eV     1   --> A              
     e( 33 - 33) =      2.68662  eV     1   --> A              
     e( 34 - 34) =      2.78815  eV     1   --> A              
     e( 35 - 35) =      3.37165  eV     1   --> A              

 **************************************************************************

 **************************************************************************

                    xk=(   0.03500,   0.02021,   0.00000  )

     Band symmetry, C_1 (1)     point group:

     e(  1 -  1) =    -77.73890  eV     1   --> A              
     e(  2 -  2) =    -48.97788  eV     1   --> A              
     e(  3 -  3) =    -48.97604  eV     1   --> A              
     e(  4 -  4) =    -48.85042  eV     1   --> A              
     e(  5 -  5) =    -23.84815  eV     1   --> A              
     e(  6 -  6) =    -23.74571  eV     1   --> A              
     e(  7 -  7) =    -21.26142  eV     1   --> A              
     e(  8 -  8) =    -19.86955  eV     1   --> A              
     e(  9 -  9) =    -13.46026  eV     1   --> A              
     e( 10 - 10) =    -10.75906  eV     1   --> A              
     e( 11 - 11) =     -9.31264  eV     1   --> A              
     e( 12 - 12) =     -9.23289  eV     1   --> A              
     e( 13 - 13) =     -9.21287  eV     1   --> A              
     e( 14 - 14) =     -9.14798  eV     1   --> A              
     e( 15 - 15) =     -8.86505  eV     1   --> A              
     e( 16 - 16) =     -8.71760  eV     1   --> A              
     e( 17 - 17) =     -8.66745  eV     1   --> A              
     e( 18 - 18) =     -7.43542  eV     1   --> A              
     e( 19 - 19) =     -7.41844  eV     1   --> A              
     e( 20 - 20) =     -7.06877  eV     1   --> A              
     e( 21 - 21) =     -5.19251  eV     1   --> A              
     e( 22 - 22) =     -3.37396  eV     1   --> A              
     e( 23 - 23) =     -3.33345  eV     1   --> A              
     e( 24 - 24) =     -3.18361  eV     1   --> A              
     e( 25 - 25) =     -3.16681  eV     1   --> A              
     e( 26 - 26) =     -1.41959  eV     1   --> A              
     e( 27 - 27) =     -1.13642  eV     1   --> A              
     e( 28 - 28) =      1.44288  eV     1   --> A              
     e( 29 - 29) =      1.82614  eV     1   --> A              
     e( 30 - 30) =      1.85391  eV     1   --> A              
     e( 31 - 31) =      2.49319  eV     1   --> A              
     e( 32 - 32) =      2.60140  eV     1   --> A              
     e( 33 - 33) =      2.67068  eV     1   --> A              
     e( 34 - 34) =      2.77212  eV     1   --> A              
     e( 35 - 35) =      3.34097  eV     1   --> A              

 **************************************************************************

 **************************************************************************

                    xk=(   0.03000,   0.01732,   0.00000  )

     Band symmetry, C_1 (1)     point group:

     e(  1 -  1) =    -77.73898  eV     1   --> A              
     e(  2 -  2) =    -48.97724  eV     1   --> A              
     e(  3 -  3) =    -48.97590  eV     1   --> A              
     e(  4 -  4) =    -48.85053  eV     1   --> A              
     e(  5 -  5) =    -23.85331  eV     1   --> A              
     e(  6 -  6) =    -23.75080  eV     1   --> A              
     e(  7 -  7) =    -21.26516  eV     1   --> A              
     e(  8 -  8) =    -19.87148  eV     1   --> A              
     e(  9 -  9) =    -13.46410  eV     1   --> A              
     e( 10 - 10) =    -10.76076  eV     1   --> A              
     e( 11 - 11) =     -9.28349  eV     1   --> A              
     e( 12 - 12) =     -9.20789  eV     1   --> A              
     e( 13 - 13) =     -9.20553  eV     1   --> A              
     e( 14 - 14) =     -9.14253  eV     1   --> A              
     e( 15 - 15) =     -8.87511  eV     1   --> A              
     e( 16 - 16) =     -8.70760  eV     1   --> A              
     e( 17 - 17) =     -8.67052  eV     1   --> A              
     e( 18 - 18) =     -7.42673  eV     1   --> A              
     e( 19 - 19) =     -7.41324  eV     1   --> A              
     e( 20 - 20) =     -7.07691  eV     1   --> A              
     e( 21 - 21) =     -5.18898  eV     1   --> A              
     e( 22 - 22) =     -3.36863  eV     1   --> A              
     e( 23 - 23) =     -3.33870  eV     1   --> A              
     e( 24 - 24) =     -3.17624  eV     1   --> A              
     e( 25 - 25) =     -3.16347  eV     1   --> A              
     e( 26 - 26) =     -1.44072  eV     1   --> A              
     e( 27 - 27) =     -1.15477  eV     1   --> A              
     e( 28 - 28) =      1.42773  eV     1   --> A              
     e( 29 - 29) =      1.81962  eV     1   --> A              
     e( 30 - 30) =      1.84964  eV     1   --> A              
     e( 31 - 31) =      2.52398  eV     1   --> A              
     e( 32 - 32) =      2.62911  eV     1   --> A              
     e( 33 - 33) =      2.65684  eV     1   --> A              
     e( 34 - 34) =      2.75821  eV     1   --> A              
     e( 35 - 35) =      3.31213  eV     1   --> A              

 **************************************************************************

 **************************************************************************

                    xk=(   0.02500,   0.01443,   0.00000  )

     Band symmetry, C_1 (1)     point group:

     e(  1 -  1) =    -77.73904  eV     1   --> A              
     e(  2 -  2) =    -48.97671  eV     1   --> A              
     e(  3 -  3) =    -48.97578  eV     1   --> A              
     e(  4 -  4) =    -48.85062  eV     1   --> A              
     e(  5 -  5) =    -23.85769  eV     1   --> A              
     e(  6 -  6) =    -23.75512  eV     1   --> A              
     e(  7 -  7) =    -21.26833  eV     1   --> A              
     e(  8 -  8) =    -19.87312  eV     1   --> A              
     e(  9 -  9) =    -13.46736  eV     1   --> A              
     e( 10 - 10) =    -10.76220  eV     1   --> A              
     e( 11 - 11) =     -9.25777  eV     1   --> A              
     e( 12 - 12) =     -9.20365  eV     1   --> A              
     e( 13 - 13) =     -9.18205  eV     1   --> A              
     e( 14 - 14) =     -9.13790  eV     1   --> A              
     e( 15 - 15) =     -8.88477  eV     1   --> A              
     e( 16 - 16) =     -8.69899  eV     1   --> A              
     e( 17 - 17) =     -8.67311  eV     1   --> A              
     e( 18 - 18) =     -7.41896  eV     1   --> A              
     e( 19 - 19) =     -7.40882  eV     1   --> A              
     e( 20 - 20) =     -7.08440  eV     1   --> A              
     e( 21 - 21) =     -5.18606  eV     1   --> A              
     e( 22 - 22) =     -3.36398  eV     1   --> A              
     e( 23 - 23) =     -3.34319  eV     1   --> A              
     e( 24 - 24) =     -3.16978  eV     1   --> A              
     e( 25 - 25) =     -3.16063  eV     1   --> A              
     e( 26 - 26) =     -1.45888  eV     1   --> A              
     e( 27 - 27) =     -1.17049  eV     1   --> A              
     e( 28 - 28) =      1.41478  eV     1   --> A              
     e( 29 - 29) =      1.81399  eV     1   --> A              
     e( 30 - 30) =      1.84596  eV     1   --> A              
     e( 31 - 31) =      2.55131  eV     1   --> A              
     e( 32 - 32) =      2.64508  eV     1   --> A              
     e( 33 - 33) =      2.65419  eV     1   --> A              
     e( 34 - 34) =      2.74641  eV     1   --> A              
     e( 35 - 35) =      3.28566  eV     1   --> A              

 **************************************************************************

 **************************************************************************

                    xk=(   0.02000,   0.01155,   0.00000  )

     Band symmetry, C_1 (1)     point group:

     e(  1 -  1) =    -77.73909  eV     1   --> A              
     e(  2 -  2) =    -48.97627  eV     1   --> A              
     e(  3 -  3) =    -48.97567  eV     1   --> A              
     e(  4 -  4) =    -48.85070  eV     1   --> A              
     e(  5 -  5) =    -23.86127  eV     1   --> A              
     e(  6 -  6) =    -23.75865  eV     1   --> A              
     e(  7 -  7) =    -21.27093  eV     1   --> A              
     e(  8 -  8) =    -19.87447  eV     1   --> A              
     e(  9 -  9) =    -13.47003  eV     1   --> A              
     e( 10 - 10) =    -10.76339  eV     1   --> A              
     e( 11 - 11) =     -9.23580  eV     1   --> A              
     e( 12 - 12) =     -9.20019  eV     1   --> A              
     e( 13 - 13) =     -9.16254  eV     1   --> A              
     e( 14 - 14) =     -9.13410  eV     1   --> A              
     e( 15 - 15) =     -8.89370  eV     1   --> A              
     e( 16 - 16) =     -8.69184  eV     1   --> A              
     e( 17 - 17) =     -8.67523  eV     1   --> A              
     e( 18 - 18) =     -7.41228  eV     1   --> A              
     e( 19 - 19) =     -7.40518  eV     1   --> A              
     e( 20 - 20) =     -7.09100  eV     1   --> A              
     e( 21 - 21) =     -5.18372  eV     1   --> A              
     e( 22 - 22) =     -3.36007  eV     1   --> A              
     e( 23 - 23) =     -3.34688  eV     1   --> A              
     e( 24 - 24) =     -3.16434  eV     1   --> A              
     e( 25 - 25) =     -3.15829  eV     1   --> A              
     e( 26 - 26) =     -1.47395  eV     1   --> A              
     e( 27 - 27) =     -1.18349  eV     1   --> A              
     e( 28 - 28) =      1.40408  eV     1   --> A              
     e( 29 - 29) =      1.80932  eV     1   --> A              
     e( 30 - 30) =      1.84290  eV     1   --> A              
     e( 31 - 31) =      2.57458  eV     1   --> A              
     e( 32 - 32) =      2.63546  eV     1   --> A              
     e( 33 - 33) =      2.67615  eV     1   --> A              
     e( 34 - 34) =      2.73674  eV     1   --> A              
     e( 35 - 35) =      3.26221  eV     1   --> A              

 **************************************************************************

 **************************************************************************

                    xk=(   0.01500,   0.00866,   0.00000  )

     Band symmetry, C_1 (1)     point group:

     e(  1 -  1) =    -77.73913  eV     1   --> A              
     e(  2 -  2) =    -48.97592  eV     1   --> A              
     e(  3 -  3) =    -48.97560  eV     1   --> A              
     e(  4 -  4) =    -48.85076  eV     1   --> A              
     e(  5 -  5) =    -23.86405  eV     1   --> A              
     e(  6 -  6) =    -23.76140  eV     1   --> A              
     e(  7 -  7) =    -21.27295  eV     1   --> A              
     e(  8 -  8) =    -19.87551  eV     1   --> A              
     e(  9 -  9) =    -13.47212  eV     1   --> A              
     e( 10 - 10) =    -10.76432  eV     1   --> A              
     e( 11 - 11) =     -9.21799  eV     1   --> A              
     e( 12 - 12) =     -9.19749  eV     1   --> A              
     e( 13 - 13) =     -9.14715  eV     1   --> A              
     e( 14 - 14) =     -9.13114  eV     1   --> A              
     e( 15 - 15) =     -8.90145  eV     1   --> A              
     e( 16 - 16) =     -8.68623  eV     1   --> A              
     e( 17 - 17) =     -8.67687  eV     1   --> A              
     e( 18 - 18) =     -7.40684  eV     1   --> A              
     e( 19 - 19) =     -7.40232  eV     1   --> A              
     e( 20 - 20) =     -7.09647  eV     1   --> A              
     e( 21 - 21) =     -5.18193  eV     1   --> A              
     e( 22 - 22) =     -3.35699  eV     1   --> A              
     e( 23 - 23) =     -3.34975  eV     1   --> A              
     e( 24 - 24) =     -3.16000  eV     1   --> A              
     e( 25 - 25) =     -3.15646  eV     1   --> A              
     e( 26 - 26) =     -1.48580  eV     1   --> A              
     e( 27 - 27) =     -1.19370  eV     1   --> A              
     e( 28 - 28) =      1.39571  eV     1   --> A              
     e( 29 - 29) =      1.80564  eV     1   --> A              
     e( 30 - 30) =      1.84049  eV     1   --> A              
     e( 31 - 31) =      2.59325  eV     1   --> A              
     e( 32 - 32) =      2.62797  eV     1   --> A              
     e( 33 - 33) =      2.69442  eV     1   --> A              
     e( 34 - 34) =      2.72922  eV     1   --> A              
     e( 35 - 35) =      3.24257  eV     1   --> A              

 **************************************************************************

 **************************************************************************

                    xk=(   0.01000,   0.00577,   0.00000  )

     Band symmetry, C_1 (1)     point group:

     e(  1 -  1) =    -77.73916  eV     1   --> A              
     e(  2 -  2) =    -48.97568  eV     1   --> A              
     e(  3 -  3) =    -48.97554  eV     1   --> A              
     e(  4 -  4) =    -48.85080  eV     1   --> A              
     e(  5 -  5) =    -23.86604  eV     1   --> A              
     e(  6 -  6) =    -23.76337  eV     1   --> A              
     e(  7 -  7) =    -21.27440  eV     1   --> A              
     e(  8 -  8) =    -19.87626  eV     1   --> A              
     e(  9 -  9) =    -13.47361  eV     1   --> A              
     e( 10 - 10) =    -10.76499  eV     1   --> A              
     e( 11 - 11) =     -9.20479  eV     1   --> A              
     e( 12 - 12) =     -9.19556  eV     1   --> A              
     e( 13 - 13) =     -9.13602  eV     1   --> A              
     e( 14 - 14) =     -9.12902  eV     1   --> A              
     e( 15 - 15) =     -8.90754  eV     1   --> A              
     e( 16 - 16) =     -8.68219  eV     1   --> A              
     e( 17 - 17) =     -8.67804  eV     1   --> A              
     e( 18 - 18) =     -7.40285  eV     1   --> A              
     e( 19 - 19) =     -7.40024  eV     1   --> A              
     e( 20 - 20) =     -7.10057  eV     1   --> A              
     e( 21 - 21) =     -5.18066  eV     1   --> A              
     e( 22 - 22) =     -3.35480  eV     1   --> A              
     e( 23 - 23) =     -3.35176  eV     1   --> A              
     e( 24 - 24) =     -3.15685  eV     1   --> A              
     e( 25 - 25) =     -3.15515  eV     1   --> A              
     e( 26 - 26) =     -1.49434  eV     1   --> A              
     e( 27 - 27) =     -1.20103  eV     1   --> A              
     e( 28 - 28) =      1.38970  eV     1   --> A              
     e( 29 - 29) =      1.80300  eV     1   --> A              
     e( 30 - 30) =      1.83876  eV     1   --> A              
     e( 31 - 31) =      2.60688  eV     1   --> A              
     e( 32 - 32) =      2.62261  eV     1   --> A              
     e( 33 - 33) =      2.70828  eV     1   --> A              
     e( 34 - 34) =      2.72384  eV     1   --> A              
     e( 35 - 35) =      3.22762  eV     1   --> A              

 **************************************************************************

 **************************************************************************

                    xk=(   0.00500,   0.00289,   0.00000  )

     Band symmetry, C_1 (1)     point group:

     e(  1 -  1) =    -77.73918  eV     1   --> A              
     e(  2 -  3) =    -48.97554  eV     2   -->   2 A              
     e(  4 -  4) =    -48.85083  eV     1   --> A              
     e(  5 -  5) =    -23.86724  eV     1   --> A              
     e(  6 -  6) =    -23.76455  eV     1   --> A              
     e(  7 -  7) =    -21.27526  eV     1   --> A              
     e(  8 -  8) =    -19.87671  eV     1   --> A              
     e(  9 -  9) =    -13.47451  eV     1   --> A              
     e( 10 - 10) =    -10.76539  eV     1   --> A              
     e( 11 - 11) =     -9.19666  eV     1   --> A              
     e( 12 - 12) =     -9.19440  eV     1   --> A              
     e( 13 - 13) =     -9.12931  eV     1   --> A              
     e( 14 - 14) =     -9.12770  eV     1   --> A              
     e( 15 - 15) =     -8.91146  eV     1   --> A              
     e( 16 - 16) =     -8.67975  eV     1   --> A              
     e( 17 - 17) =     -8.67874  eV     1   --> A              
     e( 18 - 18) =     -7.40047  eV     1   --> A              
     e( 19 - 19) =     -7.39892  eV     1   --> A              
     e( 20 - 20) =     -7.10311  eV     1   --> A              
     e( 21 - 21) =     -5.17991  eV     1   --> A              
     e( 22 - 22) =     -3.35383  eV     1   --> A              
     e( 23 - 23) =     -3.35261  eV     1   --> A              
     e( 24 - 24) =     -3.15496  eV     1   --> A              
     e( 25 - 25) =     -3.15434  eV     1   --> A              
     e( 26 - 26) =     -1.49949  eV     1   --> A              
     e( 27 - 27) =     -1.20545  eV     1   --> A              
     e( 28 - 28) =      1.38609  eV     1   --> A              
     e( 29 - 29) =      1.80140  eV     1   --> A              
     e( 30 - 30) =      1.83771  eV     1   --> A              
     e( 31 - 31) =      2.61516  eV     1   --> A              
     e( 32 - 32) =      2.61941  eV     1   --> A              
     e( 33 - 33) =      2.71696  eV     1   --> A              
     e( 34 - 34) =      2.72064  eV     1   --> A              
     e( 35 - 35) =      3.21822  eV     1   --> A              

 **************************************************************************

 **************************************************************************

                    xk=(   0.00000,   0.00000,   0.00000  )

     Band symmetry, C_1 (1)     point group:

     e(  1 -  1) =    -77.73918  eV     1   --> A              
     e(  2 -  3) =    -48.97550  eV     2   -->   2 A              
     e(  4 -  4) =    -48.85084  eV     1   --> A              
     e(  5 -  5) =    -23.86763  eV     1   --> A              
     e(  6 -  6) =    -23.76494  eV     1   --> A              
     e(  7 -  7) =    -21.27555  eV     1   --> A              
     e(  8 -  8) =    -19.87686  eV     1   --> A              
     e(  9 -  9) =    -13.47480  eV     1   --> A              
     e( 10 - 10) =    -10.76552  eV     1   --> A              
     e( 11 - 11) =     -9.19407  eV     1   --> A              
     e( 12 - 12) =     -9.19384  eV     1   --> A              
     e( 13 - 13) =     -9.12750  eV     1   --> A              
     e( 14 - 14) =     -9.12681  eV     1   --> A              
     e( 15 - 15) =     -8.91281  eV     1   --> A              
     e( 16 - 17) =     -8.67900  eV     2   -->   2 A              
     e( 18 - 18) =     -7.39971  eV     1   --> A              
     e( 19 - 19) =     -7.39843  eV     1   --> A              
     e( 20 - 20) =     -7.10397  eV     1   --> A              
     e( 21 - 21) =     -5.17966  eV     1   --> A              
     e( 22 - 22) =     -3.35389  eV     1   --> A              
     e( 23 - 23) =     -3.35250  eV     1   --> A              
     e( 24 - 24) =     -3.15436  eV     1   --> A              
     e( 25 - 25) =     -3.15403  eV     1   --> A              
     e( 26 - 26) =     -1.50121  eV     1   --> A              
     e( 27 - 27) =     -1.20693  eV     1   --> A              
     e( 28 - 28) =      1.38488  eV     1   --> A              
     e( 29 - 29) =      1.80087  eV     1   --> A              
     e( 30 - 30) =      1.83736  eV     1   --> A              
     e( 31 - 31) =      2.61778  eV     1   --> A              
     e( 32 - 32) =      2.61849  eV     1   --> A              
     e( 33 - 33) =      2.71929  eV     1   --> A              
     e( 34 - 34) =      2.72022  eV     1   --> A              
     e( 35 - 35) =      3.21500  eV     1   --> A              

 **************************************************************************
 
     BANDS        :     40.71s CPU     53.52s WALL

 
   This run was terminated on:   4:17:44  13Mar2026            

=------------------------------------------------------------------------------=
   JOB DONE.
=------------------------------------------------------------------------------=
