 &plot nbnd=  35, nks=   521 /
            0.000000  0.000000  0.000000
  -77.729  -48.993  -48.993  -48.953  -24.505  -24.419  -21.764  -20.327  -13.977  -11.304
   -9.366   -9.221   -9.221   -9.155   -9.155   -8.821   -8.821   -7.522   -7.522   -7.407
   -5.309   -3.242   -3.241   -3.040   -3.039   -0.885   -0.580    1.829    1.973    2.030
    3.136    3.136    3.210    3.210    3.488
            0.001667  0.002887  0.000000
  -77.729  -48.993  -48.993  -48.953  -24.505  -24.419  -21.764  -20.327  -13.977  -11.304
   -9.367   -9.221   -9.221   -9.156   -9.155   -8.821   -8.821   -7.523   -7.522   -7.406
   -5.309   -3.242   -3.241   -3.040   -3.040   -0.885   -0.579    1.830    1.973    2.030
    3.134    3.136    3.209    3.211    3.490
            0.003333  0.005774  0.000000
  -77.729  -48.993  -48.993  -48.953  -24.505  -24.418  -21.763  -20.327  -13.976  -11.303
   -9.368   -9.221   -9.221   -9.158   -9.156   -8.822   -8.820   -7.525   -7.523   -7.404
   -5.309   -3.242   -3.241   -3.040   -3.040   -0.883   -0.578    1.831    1.974    2.031
    3.130    3.137    3.205    3.212    3.495
            0.005000  0.008660  0.000000
  -77.729  -48.993  -48.993  -48.953  -24.504  -24.418  -21.763  -20.327  -13.976  -11.303
   -9.371   -9.222   -9.221   -9.162   -9.156   -8.824   -8.820   -7.529   -7.524   -7.400
   -5.310   -3.243   -3.240   -3.042   -3.040   -0.880   -0.575    1.833    1.975    2.031
    3.123    3.139    3.199    3.214    3.503
            0.006667  0.011547  0.000000
  -77.729  -48.993  -48.993  -48.953  -24.503  -24.417  -21.762  -20.326  -13.975  -11.303
   -9.374   -9.223   -9.221   -9.167   -9.158   -8.826   -8.820   -7.534   -7.525   -7.396
   -5.310   -3.244   -3.239   -3.043   -3.041   -0.877   -0.572    1.836    1.976    2.032
    3.114    3.142    3.191    3.216    3.514
            0.008333  0.014434  0.000000
  -77.729  -48.993  -48.993  -48.953  -24.502  -24.415  -21.761  -20.326  -13.974  -11.302
   -9.379   -9.224   -9.221   -9.173   -9.159   -8.828   -8.819   -7.539   -7.526   -7.390
   -5.311   -3.245   -3.238   -3.045   -3.042   -0.872   -0.568    1.840    1.978    2.033
    3.102    3.145    3.181    3.220    3.526
            0.010000  0.017321  0.000000
  -77.729  -48.993  -48.993  -48.953  -24.500  -24.414  -21.760  -20.325  -13.973  -11.302
   -9.385   -9.225   -9.221   -9.181   -9.161   -8.832   -8.818   -7.546   -7.528   -7.384
   -5.312   -3.247   -3.236   -3.048   -3.043   -0.866   -0.563    1.845    1.980    2.035
    3.088    3.149    3.171    3.224    3.541
            0.011667  0.020207  0.000000
  -77.729  -48.994  -48.993  -48.953  -24.498  -24.412  -21.758  -20.324  -13.971  -11.301
   -9.392   -9.228   -9.221   -9.189   -9.163   -8.835   -8.817   -7.553   -7.530   -7.377
   -5.313   -3.249   -3.234   -3.050   -3.044   -0.859   -0.557    1.850    1.983    2.036
    3.072    3.153    3.159    3.229    3.557
            0.013333  0.023094  0.000000
  -77.729  -48.994  -48.993  -48.953  -24.496  -24.410  -21.757  -20.323  -13.969  -11.300
   -9.400   -9.230   -9.222   -9.198   -9.165   -8.840   -8.816   -7.560   -7.532   -7.370
   -5.315   -3.251   -3.232   -3.054   -3.046   -0.851   -0.550    1.857    1.986    2.038
    3.055    3.145    3.160    3.234    3.573
            0.015000  0.025981  0.000000
  -77.729  -48.994  -48.993  -48.953  -24.494  -24.407  -21.755  -20.322  -13.967  -11.299
   -9.409   -9.235   -9.224   -9.206   -9.168   -8.845   -8.815   -7.568   -7.535   -7.363
   -5.316   -3.254   -3.229   -3.057   -3.047   -0.843   -0.543    1.864    1.989    2.040
    3.036    3.131    3.167    3.241    3.591
            0.016667  0.028868  0.000000
  -77.729  -48.995  -48.993  -48.953  -24.491  -24.405  -21.753  -20.321  -13.965  -11.298
   -9.419   -9.243   -9.227   -9.210   -9.171   -8.850   -8.813   -7.576   -7.538   -7.355
   -5.318   -3.256   -3.226   -3.061   -3.049   -0.833   -0.534    1.872    1.993    2.043
    3.015    3.116    3.174    3.248    3.610
            0.018333  0.031754  0.000000
  -77.729  -48.995  -48.993  -48.953  -24.488  -24.402  -21.750  -20.320  -13.963  -11.297
   -9.431   -9.255   -9.231   -9.211   -9.175   -8.856   -8.812   -7.584   -7.541   -7.348
   -5.320   -3.259   -3.223   -3.066   -3.051   -0.822   -0.525    1.881    1.997    2.045
    2.994    3.100    3.182    3.256    3.628
            0.020000  0.034641  0.000000
  -77.728  -48.996  -48.993  -48.953  -24.485  -24.399  -21.748  -20.318  -13.960  -11.296
   -9.443   -9.269   -9.234   -9.211   -9.179   -8.863   -8.810   -7.592   -7.545   -7.341
   -5.323   -3.263   -3.220   -3.070   -3.053   -0.810   -0.515    1.891    2.001    2.048
    2.972    3.083    3.190    3.264    3.648
            0.021667  0.037528  0.000000
  -77.728  -48.996  -48.994  -48.952  -24.481  -24.395  -21.745  -20.317  -13.957  -11.294
   -9.457   -9.286   -9.238   -9.210   -9.183   -8.870   -8.809   -7.601   -7.549   -7.333
   -5.325   -3.266   -3.216   -3.076   -3.056   -0.798   -0.504    1.901    2.006    2.051
    2.949    3.065    3.200    3.274    3.667
            0.023333  0.040415  0.000000
  -77.728  -48.997  -48.994  -48.952  -24.477  -24.391  -21.742  -20.315  -13.954  -11.293
   -9.472   -9.305   -9.241   -9.209   -9.188   -8.877   -8.807   -7.609   -7.553   -7.326
   -5.328   -3.270   -3.212   -3.081   -3.058   -0.785   -0.492    1.912    2.010    2.054
    2.926    3.046    3.210    3.284    3.687
            0.025000  0.043301  0.000000
  -77.728  -48.998  -48.994  -48.952  -24.473  -24.387  -21.739  -20.314  -13.950  -11.291
   -9.488   -9.325   -9.245   -9.207   -9.193   -8.885   -8.805   -7.617   -7.558   -7.318
   -5.331   -3.274   -3.208   -3.086   -3.061   -0.770   -0.480    1.924    2.016    2.058
    2.902    3.027    3.221    3.295    3.707
            0.026667  0.046188  0.000000
  -77.728  -48.998  -48.994  -48.952  -24.469  -24.383  -21.735  -20.312  -13.947  -11.290
   -9.505   -9.347   -9.249   -9.205   -9.199   -8.893   -8.803   -7.626   -7.563   -7.311
   -5.334   -3.277   -3.203   -3.092   -3.064   -0.755   -0.467    1.937    2.021    2.061
    2.878    3.007    3.233    3.307    3.727
            0.028333  0.049075  0.000000
  -77.728  -48.999  -48.994  -48.952  -24.464  -24.378  -21.732  -20.310  -13.943  -11.288
   -9.523   -9.369   -9.253   -9.206   -9.202   -8.901   -8.800   -7.635   -7.568   -7.304
   -5.337   -3.282   -3.198   -3.098   -3.067   -0.740   -0.453    1.950    2.027    2.065
    2.853    2.986    3.245    3.319    3.748
            0.030000  0.051962  0.000000
  -77.728  -49.000  -48.994  -48.952  -24.459  -24.373  -21.728  -20.308  -13.939  -11.286
   -9.543   -9.393   -9.258   -9.212   -9.200   -8.910   -8.798   -7.643   -7.574   -7.297
   -5.341   -3.286   -3.193   -3.104   -3.070   -0.723   -0.438    1.964    2.033    2.068
    2.829    2.965    3.259    3.332    3.768
            0.031667  0.054848  0.000000
  -77.728  -49.001  -48.994  -48.952  -24.454  -24.368  -21.724  -20.306  -13.935  -11.284
   -9.563   -9.418   -9.262   -9.218   -9.198   -8.919   -8.795   -7.652   -7.580   -7.291
   -5.345   -3.290   -3.188   -3.111   -3.074   -0.706   -0.423    1.978    2.039    2.072
    2.804    2.943    3.272    3.346    3.789
            0.033333  0.057735  0.000000
  -77.728  -49.002  -48.995  -48.952  -24.448  -24.362  -21.719  -20.303  -13.930  -11.282
   -9.584   -9.444   -9.267   -9.226   -9.195   -8.929   -8.792   -7.660   -7.586   -7.284
   -5.349   -3.295   -3.183   -3.117   -3.077   -0.688   -0.408    1.993    2.045    2.076
    2.779    2.921    3.287    3.361    3.810
            0.035000  0.060622  0.000000
  -77.728  -49.002  -48.995  -48.951  -24.442  -24.357  -21.715  -20.301  -13.925  -11.280
   -9.607   -9.472   -9.273   -9.234   -9.192   -8.939   -8.789   -7.669   -7.593   -7.278
   -5.353   -3.299   -3.177   -3.124   -3.081   -0.669   -0.391    2.008    2.051    2.080
    2.753    2.899    3.302    3.377    3.831
            0.036667  0.063509  0.000000
  -77.728  -49.003  -48.995  -48.951  -24.436  -24.351  -21.710  -20.298  -13.921  -11.278
   -9.630   -9.500   -9.279   -9.242   -9.188   -8.949   -8.786   -7.677   -7.600   -7.272
   -5.358   -3.304   -3.172   -3.131   -3.084   -0.650   -0.374    2.024    2.058    2.085
    2.728    2.877    3.319    3.393    3.852
            0.038333  0.066395  0.000000
  -77.727  -49.004  -48.995  -48.951  -24.430  -24.344  -21.705  -20.296  -13.915  -11.275
   -9.654   -9.529   -9.285   -9.251   -9.185   -8.959   -8.783   -7.686   -7.608   -7.266
   -5.363   -3.309   -3.167   -3.137   -3.088   -0.631   -0.357    2.039    2.064    2.090
    2.704    2.854    3.335    3.410    3.873
            0.040000  0.069282  0.000000
  -77.727  -49.005  -48.996  -48.951  -24.423  -24.338  -21.700  -20.293  -13.910  -11.273
   -9.680   -9.559   -9.292   -9.260   -9.181   -8.969   -8.780   -7.695   -7.616   -7.261
   -5.368   -3.313   -3.162   -3.144   -3.091   -0.610   -0.339    2.054    2.070    2.096
    2.679    2.832    3.353    3.428    3.894
            0.041667  0.072169  0.000000
  -77.727  -49.006  -48.996  -48.951  -24.416  -24.331  -21.695  -20.290  -13.905  -11.270
   -9.706   -9.590   -9.299   -9.270   -9.177   -8.980   -8.776   -7.703   -7.624   -7.255
   -5.374   -3.318   -3.160   -3.148   -3.094   -0.590   -0.321    2.066    2.075    2.105
    2.654    2.810    3.371    3.446    3.915
            0.043333  0.075056  0.000000
  -77.727  -49.008  -48.996  -48.950  -24.409  -24.323  -21.689  -20.287  -13.899  -11.268
   -9.733   -9.622   -9.306   -9.280   -9.173   -8.991   -8.772   -7.712   -7.633   -7.250
   -5.380   -3.323   -3.162   -3.147   -3.096   -0.569   -0.302    2.076    2.080    2.116
    2.631    2.788    3.390    3.466    3.937
            0.045000  0.077942  0.000000
  -77.727  -49.009  -48.996  -48.950  -24.401  -24.316  -21.683  -20.284  -13.893  -11.265
   -9.761   -9.654   -9.314   -9.290   -9.169   -9.002   -8.768   -7.720   -7.642   -7.246
   -5.386   -3.328   -3.169   -3.145   -3.098   -0.547   -0.283    2.082    2.085    2.131
    2.607    2.767    3.409    3.486    3.958
            0.046667  0.080829  0.000000
  -77.727  -49.010  -48.997  -48.950  -24.393  -24.308  -21.677  -20.281  -13.887  -11.262
   -9.790   -9.688   -9.323   -9.301   -9.164   -9.013   -8.764   -7.729   -7.651   -7.241
   -5.393   -3.332   -3.175   -3.143   -3.097   -0.525   -0.264    2.084    2.091    2.148
    2.585    2.747    3.429    3.507    3.980
            0.048333  0.083716  0.000000
  -77.727  -49.011  -48.997  -48.950  -24.385  -24.300  -21.671  -20.278  -13.880  -11.260
   -9.820   -9.722   -9.332   -9.311   -9.160   -9.024   -8.760   -7.737   -7.661   -7.237
   -5.399   -3.337   -3.182   -3.144   -3.094   -0.503   -0.244    2.085    2.095    2.166
    2.563    2.727    3.450    3.529    4.002
            0.050000  0.086603  0.000000
  -77.726  -49.012  -48.997  -48.950  -24.377  -24.292  -21.665  -20.274  -13.874  -11.257
   -9.850   -9.757   -9.342   -9.322   -9.155   -9.035   -8.756   -7.746   -7.671   -7.233
   -5.407   -3.342   -3.189   -3.146   -3.090   -0.480   -0.224    2.084    2.098    2.185
    2.543    2.709    3.471    3.551    4.024
            0.051667  0.089489  0.000000
  -77.726  -49.014  -48.998  -48.949  -24.368  -24.283  -21.658  -20.271  -13.867  -11.254
   -9.881   -9.792   -9.353   -9.333   -9.151   -9.046   -8.751   -7.754   -7.682   -7.229
   -5.414   -3.347   -3.196   -3.149   -3.084   -0.457   -0.203    2.083    2.100    2.205
    2.524    2.692    3.492    3.574    4.046
            0.053333  0.092376  0.000000
  -77.726  -49.015  -48.998  -48.949  -24.359  -24.275  -21.651  -20.267  -13.860  -11.251
   -9.913   -9.829   -9.365   -9.344   -9.146   -9.058   -8.746   -7.762   -7.693   -7.226
   -5.422   -3.351   -3.203   -3.154   -3.077   -0.434   -0.183    2.080    2.101    2.225
    2.507    2.676    3.515    3.598    4.068
            0.055000  0.095263  0.000000
  -77.726  -49.016  -48.998  -48.949  -24.350  -24.266  -21.644  -20.263  -13.853  -11.248
   -9.946   -9.865   -9.378   -9.354   -9.142   -9.069   -8.741   -7.771   -7.704   -7.223
   -5.430   -3.356   -3.210   -3.159   -3.069   -0.410   -0.162    2.075    2.099    2.245
    2.492    2.662    3.537    3.623    4.091
            0.056667  0.098150  0.000000
  -77.726  -49.018  -48.999  -48.949  -24.340  -24.256  -21.637  -20.259  -13.846  -11.245
   -9.979   -9.903   -9.391   -9.365   -9.138   -9.079   -8.736   -7.779   -7.716   -7.220
   -5.438   -3.360   -3.217   -3.165   -3.061   -0.387   -0.141    2.069    2.096    2.266
    2.480    2.651    3.560    3.648    4.113
            0.058333  0.101036  0.000000
  -77.725  -49.019  -48.999  -48.948  -24.331  -24.247  -21.630  -20.256  -13.839  -11.241
  -10.013   -9.941   -9.406   -9.376   -9.135   -9.089   -8.730   -7.788   -7.728   -7.218
   -5.447   -3.364   -3.224   -3.171   -3.052   -0.363   -0.120    2.061    2.090    2.286
    2.470    2.641    3.583    3.674    4.136
            0.060000  0.103923  0.000000
  -77.725  -49.021  -48.999  -48.948  -24.320  -24.237  -21.622  -20.252  -13.831  -11.238
  -10.048   -9.979   -9.421   -9.387   -9.134   -9.096   -8.725   -7.796   -7.741   -7.216
   -5.456   -3.368   -3.231   -3.177   -3.043   -0.339   -0.098    2.052    2.082    2.306
    2.462    2.633    3.607    3.701    4.160
            0.061667  0.106810  0.000000
  -77.725  -49.022  -49.000  -48.948  -24.310  -24.227  -21.615  -20.247  -13.823  -11.235
  -10.084  -10.018   -9.437   -9.398   -9.137   -9.100   -8.719   -7.804   -7.754   -7.214
   -5.465   -3.373   -3.237   -3.184   -3.033   -0.315   -0.077    2.041    2.072    2.326
    2.458    2.628    3.630    3.729    4.183
            0.063333  0.109697  0.000000
  -77.725  -49.024  -49.000  -48.947  -24.300  -24.216  -21.607  -20.243  -13.815  -11.232
  -10.119  -10.058   -9.453   -9.410   -9.144   -9.099   -8.713   -7.813   -7.767   -7.212
   -5.474   -3.377   -3.244   -3.191   -3.023   -0.291   -0.056    2.028    2.060    2.345
    2.456    2.626    3.654    3.757    4.207
            0.065000  0.112583  0.000000
  -77.725  -49.025  -49.000  -48.947  -24.289  -24.205  -21.599  -20.239  -13.807  -11.229
  -10.156  -10.097   -9.470   -9.422   -9.154   -9.096   -8.707   -7.822   -7.780   -7.211
   -5.484   -3.380   -3.250   -3.199   -3.013   -0.267   -0.034    2.013    2.045    2.364
    2.457    2.626    3.678    3.786    4.232
            0.066667  0.115470  0.000000
  -77.724  -49.027  -49.001  -48.947  -24.278  -24.194  -21.590  -20.235  -13.799  -11.225
  -10.193  -10.138   -9.487   -9.434   -9.165   -9.091   -8.701   -7.831   -7.793   -7.210
   -5.494   -3.384   -3.256   -3.206   -3.003   -0.242   -0.013    1.997    2.029    2.382
    2.460    2.628    3.702    3.815    4.257
            0.068333  0.118357  0.000000
  -77.724  -49.028  -49.001  -48.947  -24.266  -24.183  -21.582  -20.230  -13.791  -11.222
  -10.231  -10.178   -9.505   -9.447   -9.177   -9.085   -8.695   -7.840   -7.806   -7.209
   -5.505   -3.388   -3.263   -3.214   -2.992   -0.218    0.009    1.979    2.011    2.400
    2.465    2.633    3.726    3.845    4.282
            0.070000  0.121244  0.000000
  -77.724  -49.030  -49.002  -48.946  -24.254  -24.172  -21.573  -20.225  -13.782  -11.219
  -10.269  -10.219   -9.524   -9.460   -9.189   -9.079   -8.688   -7.850   -7.819   -7.209
   -5.515   -3.391   -3.269   -3.222   -2.982   -0.194    0.030    1.961    1.992    2.416
    2.472    2.641    3.750    3.876    4.308
            0.071667  0.124130  0.000000
  -77.724  -49.032  -49.002  -48.946  -24.243  -24.160  -21.564  -20.221  -13.774  -11.216
  -10.307  -10.260   -9.542   -9.473   -9.201   -9.073   -8.682   -7.862   -7.831   -7.208
   -5.526   -3.394   -3.274   -3.230   -2.971   -0.170    0.052    1.940    1.971    2.432
    2.481    2.651    3.774    3.907    4.334
            0.073333  0.127017  0.000000
  -77.724  -49.033  -49.003  -48.946  -24.230  -24.148  -21.555  -20.216  -13.765  -11.212
  -10.346  -10.301   -9.562   -9.487   -9.214   -9.067   -8.675   -7.874   -7.842   -7.208
   -5.537   -3.398   -3.280   -3.238   -2.959   -0.146    0.073    1.919    1.950    2.447
    2.491    2.664    3.797    3.939    4.361
            0.075000  0.129904  0.000000
  -77.723  -49.035  -49.003  -48.945  -24.218  -24.136  -21.546  -20.211  -13.756  -11.209
  -10.386  -10.343   -9.581   -9.501   -9.227   -9.060   -8.668   -7.888   -7.851   -7.209
   -5.549   -3.401   -3.286   -3.247   -2.948   -0.122    0.094    1.898    1.928    2.461
    2.502    2.678    3.820    3.971    4.389
            0.076667  0.132791  0.000000
  -77.723  -49.037  -49.004  -48.945  -24.205  -24.123  -21.537  -20.206  -13.747  -11.206
  -10.425  -10.384   -9.602   -9.515   -9.240   -9.053   -8.661   -7.904   -7.860   -7.209
   -5.560   -3.404   -3.291   -3.255   -2.936   -0.098    0.115    1.875    1.905    2.474
    2.514    2.695    3.842    4.004    4.418
            0.078333  0.135677  0.000000
  -77.723  -49.039  -49.004  -48.945  -24.192  -24.110  -21.527  -20.201  -13.738  -11.204
  -10.465  -10.426   -9.622   -9.530   -9.254   -9.046   -8.653   -7.920   -7.869   -7.210
   -5.572   -3.406   -3.296   -3.264   -2.925   -0.075    0.136    1.852    1.883    2.488
    2.527    2.712    3.864    4.037    4.447
            0.080000  0.138564  0.000000
  -77.723  -49.041  -49.004  -48.944  -24.179  -24.097  -21.518  -20.196  -13.729  -11.201
  -10.506  -10.467   -9.643   -9.545   -9.267   -9.039   -8.646   -7.937   -7.877   -7.211
   -5.584   -3.409   -3.301   -3.273   -2.913   -0.051    0.157    1.829    1.859    2.501
    2.540    2.732    3.886    4.070    4.477
            0.081667  0.141451  0.000000
  -77.722  -49.042  -49.005  -48.944  -24.165  -24.084  -21.508  -20.191  -13.720  -11.199
  -10.547  -10.509   -9.664   -9.561   -9.281   -9.032   -8.639   -7.954   -7.884   -7.213
   -5.596   -3.412   -3.306   -3.282   -2.901   -0.028    0.177    1.805    1.836    2.514
    2.554    2.752    3.907    4.104    4.508
            0.083333  0.144338  0.000000
  -77.722  -49.044  -49.005  -48.944  -24.152  -24.070  -21.498  -20.186  -13.710  -11.197
  -10.588  -10.550   -9.686   -9.577   -9.294   -9.024   -8.631   -7.972   -7.891   -7.214
   -5.609   -3.414   -3.311   -3.291   -2.889   -0.006    0.198    1.781    1.812    2.528
    2.568    2.773    3.927    4.137    4.539
            0.085000  0.147224  0.000000
  -77.722  -49.046  -49.006  -48.943  -24.138  -24.056  -21.488  -20.180  -13.701  -11.195
  -10.629  -10.592   -9.708   -9.593   -9.308   -9.017   -8.623   -7.991   -7.898   -7.216
   -5.622   -3.417   -3.315   -3.300   -2.876    0.017    0.217    1.758    1.789    2.541
    2.582    2.796    3.947    4.171    4.572
            0.086667  0.150111  0.000000
  -77.722  -49.048  -49.007  -48.943  -24.123  -24.042  -21.477  -20.175  -13.691  -11.194
  -10.670  -10.632   -9.730   -9.610   -9.322   -9.009   -8.616   -8.010   -7.905   -7.218
   -5.634   -3.419   -3.320   -3.308   -2.864    0.039    0.237    1.734    1.766    2.554
    2.597    2.818    3.965    4.205    4.605
            0.088333  0.152998  0.000000
  -77.721  -49.050  -49.007  -48.943  -24.109  -24.028  -21.467  -20.169  -13.682  -11.194
  -10.712  -10.673   -9.753   -9.627   -9.336   -9.002   -8.608   -8.029   -7.911   -7.220
   -5.647   -3.422   -3.326   -3.316   -2.852    0.061    0.256    1.710    1.742    2.567
    2.612    2.842    3.984    4.239    4.639
            0.090000  0.155885  0.000000
  -77.721  -49.052  -49.008  -48.942  -24.094  -24.013  -21.456  -20.164  -13.672  -11.195
  -10.753  -10.713   -9.776   -9.644   -9.351   -8.994   -8.600   -8.049   -7.917   -7.223
   -5.661   -3.424   -3.333   -3.322   -2.839    0.082    0.275    1.687    1.720    2.580
    2.627    2.865    4.001    4.273    4.674
            0.091667  0.158771  0.000000
  -77.721  -49.054  -49.008  -48.942  -24.079  -23.998  -21.446  -20.158  -13.663  -11.197
  -10.794  -10.752   -9.799   -9.662   -9.365   -8.986   -8.592   -8.069   -7.923   -7.226
   -5.674   -3.427   -3.341   -3.326   -2.826    0.103    0.294    1.664    1.697    2.592
    2.643    2.889    4.018    4.307    4.710
            0.093333  0.161658  0.000000
  -77.721  -49.056  -49.009  -48.941  -24.064  -23.983  -21.435  -20.153  -13.653  -11.200
  -10.836  -10.789   -9.823   -9.681   -9.380   -8.978   -8.584   -8.089   -7.929   -7.229
   -5.688   -3.430   -3.350   -3.330   -2.814    0.123    0.312    1.641    1.675    2.605
    2.660    2.914    4.034    4.340    4.747
            0.095000  0.164545  0.000000
  -77.720  -49.058  -49.009  -48.941  -24.048  -23.968  -21.424  -20.147  -13.644  -11.205
  -10.877  -10.825   -9.847   -9.699   -9.394   -8.970   -8.576   -8.110   -7.935   -7.232
   -5.701   -3.433   -3.359   -3.332   -2.801    0.143    0.329    1.619    1.653    2.618
    2.676    2.938    4.049    4.373    4.784
            0.096667  0.167432  0.000000
  -77.720  -49.060  -49.010  -48.941  -24.032  -23.952  -21.413  -20.141  -13.634  -11.213
  -10.917  -10.859   -9.871   -9.718   -9.409   -8.962   -8.568   -8.131   -7.940   -7.235
   -5.715   -3.437   -3.368   -3.335   -2.788    0.162    0.346    1.597    1.632    2.630
    2.693    2.963    4.063    4.406    4.822
            0.098333  0.170318  0.000000
  -77.720  -49.062  -49.011  -48.940  -24.016  -23.937  -21.401  -20.135  -13.625  -11.224
  -10.958  -10.890   -9.896   -9.738   -9.424   -8.954   -8.560   -8.152   -7.946   -7.239
   -5.729   -3.440   -3.377   -3.337   -2.775    0.181    0.363    1.576    1.611    2.643
    2.710    2.988    4.077    4.438    4.860
            0.100000  0.173205  0.000000
  -77.720  -49.064  -49.011  -48.940  -24.000  -23.921  -21.390  -20.129  -13.615  -11.239
  -10.999  -10.917   -9.920   -9.757   -9.439   -8.946   -8.552   -8.174   -7.951   -7.243
   -5.742   -3.445   -3.385   -3.338   -2.762    0.199    0.379    1.556    1.591    2.655
    2.728    3.013    4.090    4.469    4.899
            0.101667  0.176092  0.000000
  -77.719  -49.066  -49.012  -48.939  -23.983  -23.904  -21.378  -20.123  -13.605  -11.258
  -11.039  -10.940   -9.945   -9.777   -9.454   -8.938   -8.544   -8.195   -7.956   -7.247
   -5.756   -3.450   -3.393   -3.340   -2.749    0.216    0.394    1.536    1.572    2.667
    2.745    3.038    4.103    4.500    4.939
            0.103333  0.178979  0.000000
  -77.719  -49.068  -49.012  -48.939  -23.967  -23.888  -21.367  -20.117  -13.596  -11.282
  -11.080  -10.959   -9.971   -9.798   -9.470   -8.930   -8.536   -8.217   -7.960   -7.251
   -5.771   -3.455   -3.401   -3.340   -2.736    0.233    0.409    1.517    1.553    2.679
    2.763    3.063    4.114    4.531    4.979
            0.105000  0.181865  0.000000
  -77.719  -49.070  -49.013  -48.939  -23.950  -23.871  -21.355  -20.111  -13.587  -11.309
  -11.121  -10.973   -9.996   -9.819   -9.485   -8.921   -8.528   -8.239   -7.965   -7.255
   -5.785   -3.462   -3.408   -3.341   -2.723    0.248    0.423    1.499    1.536    2.691
    2.781    3.089    4.126    4.560    5.020
            0.106667  0.184752  0.000000
  -77.718  -49.073  -49.014  -48.938  -23.932  -23.854  -21.343  -20.105  -13.577  -11.341
  -11.161  -10.983  -10.022   -9.840   -9.500   -8.913   -8.520   -8.261   -7.969   -7.260
   -5.799   -3.469   -3.414   -3.341   -2.710    0.263    0.436    1.482    1.519    2.702
    2.800    3.114    4.136    4.589    5.060
            0.108333  0.187639  0.000000
  -77.718  -49.075  -49.014  -48.938  -23.915  -23.837  -21.331  -20.099  -13.568  -11.375
  -11.202  -10.991  -10.048   -9.862   -9.516   -8.905   -8.513   -8.283   -7.973   -7.265
   -5.813   -3.477   -3.420   -3.341   -2.696    0.277    0.448    1.466    1.503    2.714
    2.818    3.139    4.146    4.618    5.101
            0.110000  0.190526  0.000000
  -77.718  -49.077  -49.015  -48.937  -23.897  -23.819  -21.319  -20.093  -13.559  -11.412
  -11.242  -10.995  -10.074   -9.883   -9.532   -8.896   -8.506   -8.305   -7.977   -7.270
   -5.827   -3.486   -3.425   -3.340   -2.683    0.290    0.460    1.451    1.488    2.725
    2.837    3.165    4.156    4.645    5.143
            0.111667  0.193412  0.000000
  -77.717  -49.079  -49.016  -48.937  -23.879  -23.802  -21.307  -20.086  -13.550  -11.451
  -11.283  -10.998  -10.100   -9.906   -9.548   -8.888   -8.500   -8.326   -7.981   -7.275
   -5.841   -3.495   -3.430   -3.339   -2.670    0.302    0.470    1.437    1.474    2.735
    2.856    3.190    4.165    4.672    5.184
            0.113333  0.196299  0.000000
  -77.717  -49.081  -49.016  -48.937  -23.861  -23.784  -21.295  -20.080  -13.542  -11.491
  -11.323  -10.999  -10.127   -9.928   -9.564   -8.879   -8.495   -8.346   -7.984   -7.280
   -5.855   -3.505   -3.435   -3.337   -2.657    0.312    0.480    1.424    1.461    2.746
    2.875    3.216    4.174    4.698    5.225
            0.115000  0.199186  0.000000
  -77.717  -49.083  -49.017  -48.936  -23.843  -23.765  -21.282  -20.074  -13.533  -11.533
  -11.363  -10.999  -10.154   -9.951   -9.580   -8.871   -8.492   -8.365   -7.987   -7.286
   -5.870   -3.515   -3.440   -3.336   -2.644    0.322    0.489    1.413    1.449    2.756
    2.894    3.241    4.183    4.723    5.266
            0.116667  0.202073  0.000000
  -77.717  -49.085  -49.018  -48.936  -23.824  -23.747  -21.270  -20.067  -13.525  -11.575
  -11.402  -10.998  -10.181   -9.975   -9.596   -8.863   -8.492   -8.381   -7.990   -7.291
   -5.884   -3.526   -3.444   -3.333   -2.631    0.331    0.496    1.403    1.439    2.766
    2.913    3.267    4.191    4.748    5.307
            0.118333  0.204959  0.000000
  -77.716  -49.088  -49.019  -48.935  -23.805  -23.728  -21.257  -20.061  -13.517  -11.618
  -11.442  -10.996  -10.208   -9.998   -9.612   -8.855   -8.495   -8.393   -7.993   -7.297
   -5.898   -3.536   -3.448   -3.331   -2.618    0.338    0.503    1.394    1.430    2.775
    2.932    3.292    4.199    4.772    5.348
            0.120000  0.207846  0.000000
  -77.716  -49.090  -49.019  -48.935  -23.786  -23.710  -21.244  -20.054  -13.509  -11.662
  -11.480  -10.994  -10.235  -10.022   -9.628   -8.846   -8.504   -8.400   -7.995   -7.303
   -5.912   -3.547   -3.453   -3.328   -2.605    0.344    0.509    1.386    1.422    2.784
    2.951    3.318    4.206    4.796    5.389
            0.121667  0.210733  0.000000
  -77.716  -49.092  -49.020  -48.934  -23.767  -23.691  -21.232  -20.048  -13.502  -11.706
  -11.519  -10.991  -10.263  -10.046   -9.644   -8.838   -8.518   -8.402   -7.998   -7.310
   -5.926   -3.558   -3.457   -3.325   -2.592    0.349    0.513    1.380    1.415    2.793
    2.970    3.344    4.214    4.819    5.429
            0.123333  0.213620  0.000000
  -77.715  -49.094  -49.021  -48.934  -23.747  -23.671  -21.219  -20.041  -13.495  -11.750
  -11.557  -10.988  -10.291  -10.071   -9.661   -8.830   -8.536   -8.401   -8.000   -7.316
   -5.940   -3.569   -3.461   -3.322   -2.579    0.353    0.516    1.375    1.410    2.802
    2.989    3.370    4.221    4.841    5.468
            0.125000  0.216506  0.000000
  -77.715  -49.096  -49.022  -48.933  -23.728  -23.652  -21.206  -20.035  -13.488  -11.794
  -11.595  -10.984  -10.319  -10.096   -9.677   -8.822   -8.556   -8.397   -8.001   -7.322
   -5.954   -3.580   -3.465   -3.319   -2.566    0.355    0.519    1.371    1.406    2.810
    3.008    3.396    4.229    4.864    5.507
            0.126667  0.219393  0.000000
  -77.715  -49.099  -49.022  -48.933  -23.708  -23.632  -21.193  -20.028  -13.482  -11.839
  -11.632  -10.981  -10.347  -10.121   -9.693   -8.815   -8.578   -8.392   -8.003   -7.329
   -5.967   -3.591   -3.470   -3.315   -2.554    0.357    0.520    1.369    1.403    2.817
    3.028    3.422    4.236    4.885    5.545
            0.128333  0.222280  0.000000
  -77.714  -49.101  -49.023  -48.933  -23.687  -23.612  -21.180  -20.022  -13.476  -11.884
  -11.668  -10.977  -10.375  -10.146   -9.710   -8.807   -8.600   -8.387   -8.004   -7.336
   -5.981   -3.603   -3.474   -3.311   -2.541    0.357    0.520    1.368    1.402    2.824
    3.047    3.448    4.243    4.907    5.583
            0.130000  0.225167  0.000000
  -77.714  -49.103  -49.024  -48.932  -23.667  -23.592  -21.167  -20.015  -13.471  -11.928
  -11.704  -10.973  -10.403  -10.172   -9.726   -8.801   -8.622   -8.381   -8.005   -7.343
   -5.995   -3.614   -3.478   -3.307   -2.529    0.356    0.519    1.369    1.402    2.831
    3.066    3.475    4.250    4.928    5.619
            0.131667  0.228053  0.000000
  -77.714  -49.105  -49.025  -48.932  -23.647  -23.572  -21.154  -20.009  -13.466  -11.973
  -11.739  -10.968  -10.432  -10.197   -9.743   -8.795   -8.644   -8.374   -8.005   -7.350
   -6.008   -3.625   -3.483   -3.303   -2.517    0.354    0.517    1.370    1.403    2.838
    3.085    3.501    4.258    4.948    5.655
            0.133333  0.230940  0.000000
  -77.713  -49.107  -49.026  -48.931  -23.626  -23.552  -21.141  -20.002  -13.461  -12.018
  -11.774  -10.964  -10.461  -10.223   -9.759   -8.790   -8.665   -8.368   -8.006   -7.358
   -6.022   -3.636   -3.487   -3.298   -2.504    0.350    0.514    1.373    1.406    2.844
    3.103    3.528    4.266    4.968    5.689
            0.135000  0.233827  0.000000
  -77.713  -49.110  -49.027  -48.931  -23.605  -23.531  -21.127  -19.995  -13.458  -12.063
  -11.808  -10.960  -10.489  -10.250   -9.776   -8.788   -8.683   -8.361   -8.006   -7.365
   -6.035   -3.647   -3.492   -3.293   -2.492    0.346    0.510    1.377    1.410    2.849
    3.122    3.555    4.273    4.988    5.722
            0.136667  0.236714  0.000000
  -77.713  -49.112  -49.027  -48.930  -23.584  -23.510  -21.114  -19.989  -13.455  -12.107
  -11.841  -10.955  -10.518  -10.276   -9.792   -8.791   -8.698   -8.355   -8.006   -7.373
   -6.048   -3.658   -3.497   -3.289   -2.480    0.341    0.506    1.382    1.414    2.854
    3.140    3.582    4.282    5.008    5.754
            0.138333  0.239600  0.000000
  -77.712  -49.114  -49.028  -48.930  -23.562  -23.489  -21.101  -19.982  -13.452  -12.152
  -11.873  -10.951  -10.547  -10.303   -9.809   -8.799   -8.707   -8.349   -8.005   -7.381
   -6.060   -3.670   -3.501   -3.283   -2.469    0.336    0.500    1.388    1.420    2.859
    3.159    3.609    4.290    5.027    5.785
            0.140000  0.242487  0.000000
  -77.712  -49.116  -49.029  -48.929  -23.541  -23.468  -21.088  -19.976  -13.451  -12.196
  -11.904  -10.947  -10.577  -10.329   -9.825   -8.813   -8.710   -8.343   -8.004   -7.389
   -6.073   -3.681   -3.506   -3.278   -2.457    0.329    0.494    1.395    1.427    2.864
    3.177    3.636    4.299    5.045    5.814
            0.141667  0.245374  0.000000
  -77.712  -49.118  -49.030  -48.929  -23.519  -23.446  -21.074  -19.969  -13.450  -12.241
  -11.934  -10.943  -10.606  -10.356   -9.842   -8.832   -8.708   -8.337   -8.003   -7.397
   -6.086   -3.692   -3.511   -3.273   -2.446    0.322    0.487    1.403    1.435    2.868
    3.195    3.664    4.308    5.064    5.842
            0.143333  0.248261  0.000000
  -77.711  -49.121  -49.031  -48.929  -23.497  -23.425  -21.061  -19.962  -13.450  -12.285
  -11.963  -10.939  -10.635  -10.383   -9.858   -8.854   -8.704   -8.331   -8.002   -7.405
   -6.098   -3.702   -3.516   -3.267   -2.434    0.314    0.480    1.411    1.444    2.872
    3.212    3.692    4.318    5.081    5.868
            0.145000  0.251147  0.000000
  -77.711  -49.123  -49.032  -48.928  -23.475  -23.403  -21.048  -19.956  -13.451  -12.329
  -11.991  -10.935  -10.665  -10.410   -9.875   -8.877   -8.699   -8.326   -8.000   -7.413
   -6.110   -3.713   -3.521   -3.262   -2.423    0.306    0.472    1.420    1.453    2.876
    3.229    3.720    4.328    5.098    5.892
            0.146667  0.254034  0.000000
  -77.711  -49.125  -49.033  -48.928  -23.453  -23.381  -21.034  -19.949  -13.453  -12.373
  -12.018  -10.932  -10.694  -10.436   -9.891   -8.901   -8.693   -8.321   -7.998   -7.422
   -6.122   -3.724   -3.526   -3.256   -2.412    0.297    0.463    1.430    1.463    2.879
    3.246    3.748    4.338    5.115    5.915
            0.148333  0.256921  0.000000
  -77.711  -49.127  -49.034  -48.927  -23.430  -23.359  -21.021  -19.943  -13.456  -12.416
  -12.043  -10.929  -10.724  -10.463   -9.907   -8.926   -8.686   -8.316   -7.996   -7.430
   -6.133   -3.734   -3.531   -3.250   -2.402    0.288    0.454    1.441    1.474    2.883
    3.263    3.776    4.350    5.130    5.935
            0.150000  0.259808  0.000000
  -77.710  -49.129  -49.034  -48.927  -23.408  -23.337  -21.007  -19.936  -13.460  -12.460
  -12.068  -10.926  -10.754  -10.489   -9.924   -8.951   -8.679   -8.311   -7.993   -7.439
   -6.145   -3.745   -3.536   -3.244   -2.391    0.278    0.445    1.451    1.485    2.886
    3.279    3.805    4.362    5.145    5.953
            0.151667  0.262694  0.000000
  -77.710  -49.131  -49.035  -48.926  -23.385  -23.314  -20.994  -19.930  -13.465  -12.503
  -12.091  -10.925  -10.783  -10.515   -9.940   -8.977   -8.672   -8.307   -7.990   -7.448
   -6.156   -3.755   -3.542   -3.238   -2.381    0.268    0.435    1.463    1.497    2.889
    3.295    3.833    4.374    5.159    5.969
            0.153333  0.265581  0.000000
  -77.710  -49.133  -49.036  -48.926  -23.362  -23.291  -20.981  -19.923  -13.471  -12.546
  -12.113  -10.924  -10.813  -10.540   -9.956   -9.002   -8.664   -8.303   -7.987   -7.457
   -6.167   -3.765   -3.547   -3.231   -2.371    0.258    0.425    1.475    1.510    2.891
    3.311    3.862    4.387    5.172    5.983
            0.155000  0.268468  0.000000
  -77.709  -49.136  -49.037  -48.925  -23.339  -23.269  -20.967  -19.917  -13.478  -12.588
  -12.133  -10.924  -10.842  -10.565   -9.972   -9.028   -8.657   -8.299   -7.983   -7.466
   -6.177   -3.776   -3.553   -3.225   -2.361    0.248    0.415    1.487    1.523    2.894
    3.326    3.891    4.401    5.184    5.993
            0.156667  0.271355  0.000000
  -77.709  -49.138  -49.038  -48.925  -23.316  -23.246  -20.954  -19.910  -13.486  -12.631
  -12.153  -10.927  -10.870  -10.588   -9.988   -9.054   -8.649   -8.296   -7.979   -7.475
   -6.187   -3.786   -3.558   -3.219   -2.351    0.238    0.405    1.500    1.536    2.896
    3.341    3.920    4.416    5.195    6.000
            0.158333  0.274241  0.000000
  -77.709  -49.140  -49.039  -48.924  -23.292  -23.223  -20.940  -19.904  -13.496  -12.673
  -12.170  -10.934  -10.896  -10.611  -10.004   -9.080   -8.642   -8.293   -7.975   -7.484
   -6.197   -3.795   -3.564   -3.212   -2.342    0.227    0.395    1.513    1.549    2.899
    3.355    3.949    4.432    5.205    6.003
            0.160000  0.277128  0.000000
  -77.708  -49.142  -49.040  -48.924  -23.269  -23.199  -20.927  -19.898  -13.506  -12.715
  -12.187  -10.950  -10.914  -10.632  -10.020   -9.105   -8.634   -8.291   -7.971   -7.494
   -6.207   -3.805   -3.569   -3.206   -2.333    0.217    0.384    1.526    1.563    2.901
    3.369    3.978    4.448    5.214    6.002
            0.161667  0.280015  0.000000
  -77.708  -49.144  -49.041  -48.923  -23.245  -23.176  -20.914  -19.892  -13.518  -12.757
  -12.202  -10.975  -10.926  -10.650  -10.035   -9.131   -8.627   -8.289   -7.966   -7.503
   -6.217   -3.815   -3.575   -3.199   -2.324    0.206    0.374    1.540    1.577    2.904
    3.383    4.008    4.465    5.221    5.996
            0.163333  0.282902  0.000000
  -77.708  -49.146  -49.042  -48.923  -23.221  -23.152  -20.901  -19.885  -13.531  -12.798
  -12.215  -11.003  -10.937  -10.667  -10.051   -9.157   -8.620   -8.287   -7.962   -7.513
   -6.226   -3.824   -3.581   -3.192   -2.315    0.196    0.363    1.553    1.591    2.906
    3.396    4.037    4.483    5.228    5.986
            0.165000  0.285788  0.000000
  -77.707  -49.148  -49.043  -48.923  -23.197  -23.129  -20.888  -19.879  -13.545  -12.839
  -12.227  -11.033  -10.949  -10.681  -10.066   -9.183   -8.613   -8.286   -7.957   -7.522
   -6.235   -3.833   -3.587   -3.185   -2.307    0.185    0.352    1.567    1.605    2.909
    3.409    4.066    4.502    5.232    5.971
            0.166667  0.288675  0.000000
  -77.707  -49.150  -49.044  -48.922  -23.173  -23.105  -20.874  -19.873  -13.560  -12.880
  -12.238  -11.063  -10.964  -10.692  -10.081   -9.208   -8.605   -8.285   -7.951   -7.532
   -6.243   -3.843   -3.593   -3.178   -2.299    0.175    0.342    1.581    1.620    2.912
    3.422    4.096    4.522    5.236    5.952
            0.168333  0.291562  0.000000
  -77.707  -49.152  -49.045  -48.922  -23.149  -23.081  -20.861  -19.867  -13.576  -12.920
  -12.248  -11.094  -10.981  -10.701  -10.096   -9.234   -8.598   -8.285   -7.946   -7.542
   -6.251   -3.852   -3.598   -3.171   -2.291    0.165    0.331    1.595    1.634    2.915
    3.434    4.125    4.542    5.238    5.931
            0.170000  0.294449  0.000000
  -77.706  -49.154  -49.046  -48.921  -23.125  -23.057  -20.848  -19.861  -13.593  -12.960
  -12.256  -11.124  -11.000  -10.707  -10.111   -9.259   -8.591   -8.285   -7.940   -7.551
   -6.259   -3.860   -3.604   -3.164   -2.284    0.154    0.321    1.610    1.649    2.918
    3.445    4.154    4.564    5.239    5.908
            0.171667  0.297335  0.000000
  -77.706  -49.156  -49.047  -48.921  -23.100  -23.033  -20.835  -19.855  -13.611  -13.000
  -12.263  -11.155  -11.022  -10.712  -10.126   -9.284   -8.584   -8.285   -7.935   -7.561
   -6.267   -3.869   -3.610   -3.157   -2.276    0.144    0.310    1.624    1.663    2.921
    3.457    4.182    4.586    5.239    5.882
            0.173333  0.300222  0.000000
  -77.706  -49.158  -49.048  -48.920  -23.076  -23.009  -20.823  -19.849  -13.630  -13.040
  -12.269  -11.186  -11.046  -10.714  -10.141   -9.309   -8.578   -8.286   -7.929   -7.571
   -6.274   -3.878   -3.616   -3.150   -2.269    0.135    0.300    1.638    1.678    2.925
    3.468    4.211    4.609    5.239    5.856
            0.175000  0.303109  0.000000
  -77.705  -49.159  -49.049  -48.920  -23.051  -22.984  -20.810  -19.843  -13.650  -13.079
  -12.274  -11.217  -11.071  -10.715  -10.155   -9.334   -8.571   -8.287   -7.923   -7.581
   -6.280   -3.886   -3.622   -3.143   -2.263    0.125    0.289    1.653    1.693    2.928
    3.479    4.239    4.633    5.237    5.828
            0.176667  0.305996  0.000000
  -77.705  -49.161  -49.051  -48.919  -23.026  -22.960  -20.797  -19.838  -13.670  -13.117
  -12.278  -11.248  -11.098  -10.714  -10.170   -9.359   -8.565   -8.289   -7.917   -7.590
   -6.287   -3.894   -3.628   -3.136   -2.256    0.116    0.279    1.667    1.707    2.932
    3.489    4.266    4.658    5.235    5.799
            0.178333  0.308882  0.000000
  -77.705  -49.163  -49.052  -48.919  -23.001  -22.935  -20.785  -19.832  -13.692  -13.155
  -12.280  -11.280  -11.126  -10.713  -10.184   -9.383   -8.558   -8.291   -7.911   -7.600
   -6.293   -3.903   -3.634   -3.129   -2.250    0.106    0.269    1.681    1.722    2.937
    3.500    4.293    4.683    5.232    5.769
            0.180000  0.311769  0.000000
  -77.704  -49.165  -49.053  -48.919  -22.976  -22.910  -20.772  -19.827  -13.714  -13.193
  -12.282  -11.311  -11.154  -10.711  -10.198   -9.408   -8.552   -8.294   -7.905   -7.609
   -6.298   -3.911   -3.640   -3.121   -2.245    0.097    0.259    1.695    1.737    2.941
    3.510    4.319    4.710    5.229    5.739
            0.181667  0.314656  0.000000
  -77.704  -49.167  -49.054  -48.918  -22.951  -22.886  -20.760  -19.821  -13.736  -13.231
  -12.283  -11.342  -11.184  -10.708  -10.212   -9.432   -8.546   -8.297   -7.899   -7.619
   -6.304   -3.919   -3.646   -3.114   -2.239    0.088    0.249    1.709    1.751    2.946
    3.519    4.345    4.737    5.226    5.708
            0.183333  0.317543  0.000000
  -77.704  -49.169  -49.055  -48.918  -22.926  -22.861  -20.747  -19.816  -13.759  -13.268
  -12.283  -11.373  -11.214  -10.705  -10.226   -9.456   -8.540   -8.301   -7.893   -7.628
   -6.308   -3.927   -3.651   -3.107   -2.234    0.080    0.240    1.723    1.766    2.952
    3.529    4.369    4.765    5.224    5.678
            0.185000  0.320429  0.000000
  -77.704  -49.170  -49.056  -48.917  -22.901  -22.836  -20.735  -19.810  -13.782  -13.305
  -12.282  -11.405  -11.245  -10.702  -10.239   -9.479   -8.534   -8.304   -7.887   -7.637
   -6.313   -3.935   -3.657   -3.099   -2.229    0.071    0.230    1.736    1.781    2.958
    3.539    4.392    4.793    5.222    5.647
            0.186667  0.323316  0.000000
  -77.703  -49.172  -49.057  -48.917  -22.875  -22.811  -20.723  -19.805  -13.806  -13.341
  -12.281  -11.436  -11.276  -10.698  -10.253   -9.503   -8.529   -8.309   -7.881   -7.646
   -6.317   -3.943   -3.662   -3.092   -2.225    0.063    0.221    1.750    1.796    2.964
    3.548    4.414    4.823    5.221    5.616
            0.188333  0.326203  0.000000
  -77.703  -49.174  -49.058  -48.916  -22.850  -22.786  -20.711  -19.800  -13.830  -13.377
  -12.279  -11.467  -11.307  -10.694  -10.266   -9.526   -8.524   -8.313   -7.875   -7.654
   -6.320   -3.951   -3.668   -3.085   -2.220    0.055    0.212    1.762    1.811    2.970
    3.557    4.435    4.853    5.220    5.585
            0.190000  0.329090  0.000000
  -77.703  -49.175  -49.059  -48.916  -22.825  -22.761  -20.699  -19.795  -13.855  -13.412
  -12.276  -11.498  -11.339  -10.689  -10.279   -9.548   -8.519   -8.318   -7.870   -7.662
   -6.324   -3.959   -3.673   -3.077   -2.216    0.048    0.203    1.775    1.826    2.978
    3.566    4.453    4.883    5.221    5.555
            0.191667  0.331976  0.000000
  -77.702  -49.177  -49.061  -48.916  -22.799  -22.736  -20.688  -19.790  -13.880  -13.447
  -12.273  -11.529  -11.371  -10.685  -10.291   -9.571   -8.515   -8.324   -7.865   -7.670
   -6.326   -3.966   -3.678   -3.070   -2.213    0.040    0.194    1.787    1.841    2.985
    3.575    4.470    4.914    5.223    5.526
            0.193333  0.334863  0.000000
  -77.702  -49.179  -49.062  -48.915  -22.774  -22.710  -20.676  -19.785  -13.905  -13.481
  -12.269  -11.561  -11.403  -10.681  -10.304   -9.593   -8.511   -8.329   -7.861   -7.676
   -6.329   -3.974   -3.683   -3.063   -2.209    0.033    0.186    1.799    1.856    2.993
    3.584    4.485    4.946    5.226    5.497
            0.195000  0.337750  0.000000
  -77.702  -49.180  -49.063  -48.915  -22.748  -22.685  -20.665  -19.781  -13.930  -13.515
  -12.265  -11.592  -11.436  -10.677  -10.316   -9.614   -8.507   -8.335   -7.858   -7.682
   -6.331   -3.982   -3.687   -3.055   -2.206    0.026    0.177    1.810    1.872    3.002
    3.593    4.498    4.979    5.229    5.470
            0.196667  0.340637  0.000000
  -77.701  -49.182  -49.064  -48.914  -22.722  -22.660  -20.653  -19.776  -13.955  -13.549
  -12.261  -11.623  -11.468  -10.672  -10.328   -9.635   -8.504   -8.341   -7.855   -7.688
   -6.333   -3.990   -3.692   -3.048   -2.204    0.019    0.169    1.821    1.887    3.011
    3.602    4.508    5.011    5.233    5.445
            0.198333  0.343523  0.000000
  -77.701  -49.183  -49.065  -48.914  -22.697  -22.634  -20.642  -19.772  -13.980  -13.582
  -12.256  -11.653  -11.501  -10.668  -10.340   -9.656   -8.501   -8.347   -7.853   -7.692
   -6.334   -3.998   -3.696   -3.041   -2.201    0.013    0.161    1.831    1.903    3.020
    3.611    4.517    5.045    5.236    5.424
            0.200000  0.346410  0.000000
  -77.701  -49.185  -49.067  -48.914  -22.671  -22.609  -20.631  -19.767  -14.005  -13.614
  -12.252  -11.684  -11.534  -10.664  -10.352   -9.676   -8.499   -8.353   -7.852   -7.694
   -6.335   -4.006   -3.700   -3.033   -2.199    0.006    0.154    1.841    1.918    3.030
    3.621    4.523    5.078    5.236    5.408
            0.201667  0.349297  0.000000
  -77.701  -49.186  -49.068  -48.913  -22.645  -22.584  -20.621  -19.763  -14.030  -13.646
  -12.247  -11.714  -11.567  -10.660  -10.364   -9.696   -8.498   -8.359   -7.853   -7.696
   -6.335   -4.015   -3.704   -3.026   -2.197    0.000    0.146    1.850    1.934    3.041
    3.630    4.527    5.112    5.232    5.400
            0.203333  0.352184  0.000000
  -77.700  -49.188  -49.069  -48.913  -22.620  -22.558  -20.610  -19.759  -14.055  -13.678
  -12.241  -11.744  -11.600  -10.656  -10.375   -9.715   -8.499   -8.365   -7.854   -7.696
   -6.335   -4.023   -3.707   -3.019   -2.196   -0.006    0.139    1.860    1.950    3.051
    3.639    4.530    5.146    5.221    5.400
            0.205000  0.355070  0.000000
  -77.700  -49.189  -49.070  -48.912  -22.594  -22.533  -20.599  -19.755  -14.080  -13.709
  -12.236  -11.774  -11.633  -10.653  -10.386   -9.734   -8.500   -8.370   -7.857   -7.695
   -6.335   -4.032   -3.710   -3.011   -2.194   -0.011    0.132    1.868    1.966    3.063
    3.648    4.531    5.180    5.204    5.409
            0.206667  0.357957  0.000000
  -77.700  -49.190  -49.071  -48.912  -22.568  -22.508  -20.589  -19.751  -14.105  -13.739
  -12.232  -11.803  -11.667  -10.650  -10.397   -9.752   -8.502   -8.374   -7.861   -7.693
   -6.334   -4.040   -3.713   -3.004   -2.193   -0.017    0.126    1.877    1.982    3.075
    3.657    4.530    5.183    5.215    5.424
            0.208333  0.360844  0.000000
  -77.699  -49.192  -49.073  -48.912  -22.542  -22.482  -20.579  -19.747  -14.129  -13.769
  -12.227  -11.831  -11.700  -10.647  -10.408   -9.769   -8.506   -8.378   -7.865   -7.690
   -6.333   -4.049   -3.715   -2.997   -2.193   -0.022    0.119    1.884    1.998    3.087
    3.666    4.527    5.160    5.249    5.445
            0.210000  0.363731  0.000000
  -77.699  -49.193  -49.074  -48.911  -22.517  -22.457  -20.569  -19.743  -14.154  -13.798
  -12.223  -11.859  -11.733  -10.644  -10.418   -9.786   -8.512   -8.381   -7.871   -7.686
   -6.331   -4.058   -3.717   -2.990   -2.192   -0.027    0.113    1.892    2.014    3.100
    3.676    4.523    5.135    5.282    5.469
            0.211667  0.366617  0.000000
  -77.699  -49.194  -49.075  -48.911  -22.491  -22.432  -20.560  -19.740  -14.178  -13.827
  -12.220  -11.886  -11.767  -10.642  -10.428   -9.802   -8.519   -8.384   -7.877   -7.681
   -6.329   -4.067   -3.719   -2.983   -2.192   -0.032    0.107    1.899    2.030    3.113
    3.685    4.519    5.110    5.315    5.495
            0.213333  0.369504  0.000000
  -77.699  -49.195  -49.076  -48.910  -22.465  -22.406  -20.550  -19.737  -14.202  -13.856
  -12.218  -11.911  -11.800  -10.641  -10.438   -9.817   -8.527   -8.386   -7.883   -7.675
   -6.327   -4.077   -3.720   -2.975   -2.192   -0.037    0.101    1.906    2.045    3.127
    3.695    4.513    5.084    5.347    5.524
            0.215000  0.372391  0.000000
  -77.698  -49.197  -49.078  -48.910  -22.440  -22.381  -20.541  -19.733  -14.225  -13.883
  -12.218  -11.934  -11.834  -10.639  -10.448   -9.832   -8.537   -8.387   -7.890   -7.669
   -6.325   -4.087   -3.721   -2.968   -2.192   -0.041    0.096    1.912    2.061    3.141
    3.705    4.507    5.059    5.377    5.555
            0.216667  0.375278  0.000000
  -77.698  -49.198  -49.079  -48.910  -22.414  -22.356  -20.532  -19.730  -14.248  -13.910
  -12.219  -11.955  -11.867  -10.639  -10.458   -9.846   -8.548   -8.388   -7.897   -7.662
   -6.322   -4.096   -3.721   -2.961   -2.193   -0.046    0.091    1.919    2.077    3.156
    3.715    4.500    5.033    5.405    5.588
            0.218333  0.378164  0.000000
  -77.698  -49.199  -49.080  -48.909  -22.389  -22.331  -20.523  -19.727  -14.271  -13.937
  -12.224  -11.973  -11.901  -10.639  -10.467   -9.858   -8.560   -8.389   -7.904   -7.655
   -6.318   -4.106   -3.721   -2.954   -2.193   -0.050    0.086    1.924    2.093    3.171
    3.725    4.492    5.008    5.431    5.622
            0.220000  0.381051  0.000000
  -77.698  -49.200  -49.081  -48.909  -22.364  -22.306  -20.514  -19.724  -14.294  -13.963
  -12.232  -11.987  -11.934  -10.639  -10.476   -9.870   -8.573   -8.390   -7.911   -7.648
   -6.315   -4.117   -3.721   -2.947   -2.194   -0.054    0.082    1.930    2.109    3.186
    3.735    4.484    4.983    5.453    5.656
            0.221667  0.383938  0.000000
  -77.697  -49.201  -49.083  -48.909  -22.338  -22.281  -20.505  -19.722  -14.316  -13.988
  -12.243  -11.999  -11.967  -10.640  -10.484   -9.881   -8.587   -8.390   -7.918   -7.640
   -6.311   -4.127   -3.720   -2.940   -2.196   -0.058    0.078    1.935    2.124    3.202
    3.745    4.476    4.959    5.471    5.692
            0.223333  0.386825  0.000000
  -77.697  -49.202  -49.084  -48.908  -22.313  -22.256  -20.497  -19.719  -14.338  -14.013
  -12.258  -12.009  -11.996  -10.642  -10.493   -9.892   -8.601   -8.391   -7.924   -7.632
   -6.307   -4.138   -3.719   -2.933   -2.197   -0.062    0.074    1.940    2.140    3.218
    3.755    4.468    4.935    5.485    5.727
            0.225000  0.389711  0.000000
  -77.697  -49.203  -49.085  -48.908  -22.288  -22.231  -20.489  -19.717  -14.359  -14.037
  -12.276  -12.037  -12.006  -10.645  -10.501   -9.901   -8.617   -8.392   -7.931   -7.624
   -6.302   -4.149   -3.718   -2.926   -2.199   -0.066    0.070    1.945    2.155    3.234
    3.766    4.460    4.912    5.493    5.763
            0.226667  0.392598  0.000000
  -77.697  -49.204  -49.087  -48.908  -22.263  -22.206  -20.481  -19.714  -14.380  -14.061
  -12.297  -12.069  -12.007  -10.648  -10.509   -9.909   -8.633   -8.393   -7.937   -7.616
   -6.297   -4.160   -3.716   -2.920   -2.200   -0.070    0.067    1.949    2.170    3.251
    3.776    4.451    4.890    5.497    5.799
            0.228333  0.395485  0.000000
  -77.696  -49.205  -49.088  -48.907  -22.238  -22.182  -20.474  -19.712  -14.401  -14.084
  -12.320  -12.102  -12.005  -10.652  -10.516   -9.916   -8.650   -8.395   -7.943   -7.608
   -6.292   -4.172   -3.714   -2.913   -2.203   -0.073    0.064    1.953    2.185    3.268
    3.787    4.443    4.869    5.497    5.835
            0.230000  0.398372  0.000000
  -77.696  -49.206  -49.089  -48.907  -22.213  -22.157  -20.466  -19.710  -14.421  -14.106
  -12.345  -12.136  -12.000  -10.656  -10.524   -9.922   -8.667   -8.397   -7.949   -7.600
   -6.287   -4.183   -3.711   -2.906   -2.205   -0.077    0.061    1.957    2.200    3.285
    3.797    4.434    4.848    5.493    5.870
            0.231667  0.401258  0.000000
  -77.696  -49.206  -49.091  -48.907  -22.188  -22.133  -20.459  -19.708  -14.440  -14.128
  -12.372  -12.169  -11.994  -10.662  -10.531   -9.928   -8.685   -8.399   -7.954   -7.591
   -6.281   -4.195   -3.708   -2.900   -2.207   -0.080    0.059    1.961    2.215    3.302
    3.808    4.426    4.829    5.487    5.905
            0.233333  0.404145  0.000000
  -77.696  -49.207  -49.092  -48.906  -22.164  -22.109  -20.452  -19.706  -14.459  -14.149
  -12.399  -12.202  -11.987  -10.667  -10.538   -9.932   -8.703   -8.402   -7.959   -7.583
   -6.275   -4.207   -3.705   -2.893   -2.210   -0.083    0.057    1.964    2.230    3.320
    3.819    4.417    4.810    5.478    5.939
            0.235000  0.407032  0.000000
  -77.696  -49.208  -49.093  -48.906  -22.140  -22.085  -20.445  -19.705  -14.478  -14.169
  -12.427  -12.235  -11.979  -10.674  -10.545   -9.935   -8.722   -8.405   -7.964   -7.574
   -6.269   -4.219   -3.702   -2.886   -2.213   -0.087    0.055    1.968    2.244    3.338
    3.830    4.409    4.792    5.467    5.972
            0.236667  0.409919  0.000000
  -77.695  -49.209  -49.094  -48.906  -22.115  -22.061  -20.439  -19.703  -14.496  -14.189
  -12.456  -12.268  -11.970  -10.681  -10.551   -9.937   -8.741   -8.409   -7.968   -7.566
   -6.263   -4.231   -3.698   -2.880   -2.216   -0.090    0.054    1.971    2.258    3.356
    3.840    4.401    4.776    5.456    6.002
            0.238333  0.412805  0.000000
  -77.695  -49.209  -49.096  -48.905  -22.091  -22.037  -20.433  -19.702  -14.513  -14.208
  -12.485  -12.301  -11.961  -10.689  -10.558   -9.939   -8.760   -8.414   -7.971   -7.557
   -6.256   -4.244   -3.694   -2.873   -2.219   -0.093    0.052    1.974    2.272    3.375
    3.851    4.394    4.760    5.443    6.030
            0.240000  0.415692  0.000000
  -77.695  -49.210  -49.097  -48.905  -22.068  -22.014  -20.427  -19.700  -14.530  -14.226
  -12.514  -12.334  -11.950  -10.697  -10.564   -9.939   -8.780   -8.419   -7.974   -7.549
   -6.249   -4.256   -3.689   -2.867   -2.222   -0.096    0.051    1.977    2.286    3.393
    3.862    4.386    4.745    5.429    6.054
            0.241667  0.418579  0.000000
  -77.695  -49.210  -49.099  -48.905  -22.044  -21.990  -20.421  -19.699  -14.547  -14.244
  -12.544  -12.367  -11.940  -10.705  -10.570   -9.939   -8.801   -8.425   -7.976   -7.540
   -6.242   -4.269   -3.685   -2.861   -2.225   -0.099    0.051    1.980    2.299    3.412
    3.873    4.379    4.732    5.415    6.073
            0.243333  0.421466  0.000000
  -77.695  -49.211  -49.100  -48.905  -22.020  -21.967  -20.415  -19.698  -14.562  -14.261
  -12.574  -12.400  -11.928  -10.714  -10.576   -9.937   -8.821   -8.431   -7.978   -7.532
   -6.235   -4.282   -3.680   -2.854   -2.229   -0.101    0.050    1.982    2.312    3.431
    3.883    4.372    4.720    5.400    6.086
            0.245000  0.424352  0.000000
  -77.694  -49.212  -49.101  -48.904  -21.997  -21.944  -20.410  -19.697  -14.578  -14.277
  -12.604  -12.433  -11.917  -10.723  -10.582   -9.935   -8.842   -8.439   -7.980   -7.524
   -6.228   -4.295   -3.675   -2.848   -2.233   -0.104    0.050    1.985    2.324    3.450
    3.894    4.366    4.709    5.385    6.095
            0.246667  0.427239  0.000000
  -77.694  -49.212  -49.103  -48.904  -21.974  -21.922  -20.405  -19.696  -14.592  -14.293
  -12.634  -12.465  -11.905  -10.732  -10.588   -9.933   -8.863   -8.446   -7.980   -7.515
   -6.221   -4.308   -3.669   -2.842   -2.237   -0.107    0.050    1.987    2.337    3.469
    3.905    4.360    4.699    5.370    6.098
            0.248333  0.430126  0.000000
  -77.694  -49.212  -49.104  -48.904  -21.951  -21.899  -20.400  -19.696  -14.606  -14.308
  -12.665  -12.498  -11.893  -10.742  -10.594   -9.929   -8.885   -8.454   -7.981   -7.507
   -6.213   -4.321   -3.663   -2.836   -2.241   -0.109    0.050    1.989    2.348    3.488
    3.915    4.355    4.690    5.355    6.099
            0.250000  0.433013  0.000000
  -77.694  -49.213  -49.105  -48.903  -21.929  -21.877  -20.395  -19.695  -14.620  -14.322
  -12.695  -12.530  -11.880  -10.752  -10.600   -9.925   -8.906   -8.463   -7.981   -7.499
   -6.205   -4.334   -3.658   -2.830   -2.245   -0.111    0.051    1.992    2.360    3.508
    3.925    4.350    4.682    5.339    6.096
            0.251667  0.435899  0.000000
  -77.694  -49.213  -49.107  -48.903  -21.907  -21.855  -20.391  -19.695  -14.632  -14.335
  -12.725  -12.563  -11.867  -10.762  -10.605   -9.920   -8.928   -8.473   -7.980   -7.491
   -6.197   -4.347   -3.652   -2.824   -2.249   -0.113    0.052    1.994    2.371    3.527
    3.935    4.345    4.676    5.324    6.091
            0.253333  0.438786  0.000000
  -77.693  -49.213  -49.108  -48.903  -21.885  -21.833  -20.386  -19.694  -14.644  -14.348
  -12.755  -12.595  -11.854  -10.773  -10.611   -9.915   -8.950   -8.482   -7.979   -7.482
   -6.189   -4.361   -3.645   -2.818   -2.253   -0.116    0.053    1.996    2.381    3.547
    3.945    4.342    4.670    5.308    6.084
            0.255000  0.441673  0.000000
  -77.693  -49.214  -49.109  -48.903  -21.863  -21.812  -20.382  -19.694  -14.656  -14.360
  -12.786  -12.627  -11.841  -10.783  -10.616   -9.909   -8.973   -8.493   -7.978   -7.474
   -6.181   -4.374   -3.639   -2.812   -2.258   -0.118    0.054    1.998    2.391    3.566
    3.954    4.339    4.666    5.293    6.076
            0.256667  0.444560  0.000000
  -77.693  -49.214  -49.111  -48.902  -21.842  -21.790  -20.379  -19.694  -14.667  -14.371
  -12.816  -12.659  -11.828  -10.794  -10.621   -9.903   -8.995   -8.504   -7.976   -7.467
   -6.173   -4.387   -3.632   -2.806   -2.262   -0.119    0.055    1.999    2.401    3.586
    3.963    4.337    4.662    5.277    6.067
            0.258333  0.447447  0.000000
  -77.693  -49.214  -49.112  -48.902  -21.820  -21.770  -20.375  -19.694  -14.677  -14.382
  -12.846  -12.691  -11.814  -10.804  -10.626   -9.896   -9.018   -8.515   -7.974   -7.459
   -6.165   -4.401   -3.625   -2.801   -2.267   -0.121    0.057    2.001    2.410    3.606
    3.972    4.336    4.660    5.262    6.057
            0.260000  0.450333  0.000000
  -77.693  -49.214  -49.114  -48.902  -21.800  -21.749  -20.372  -19.694  -14.687  -14.392
  -12.876  -12.723  -11.800  -10.815  -10.631   -9.889   -9.040   -8.527   -7.972   -7.451
   -6.156   -4.414   -3.619   -2.795   -2.271   -0.123    0.059    2.003    2.418    3.625
    3.980    4.336    4.658    5.247    6.046
            0.261667  0.453220  0.000000
  -77.693  -49.214  -49.115  -48.902  -21.779  -21.729  -20.368  -19.694  -14.695  -14.401
  -12.906  -12.755  -11.786  -10.825  -10.635   -9.882   -9.063   -8.539   -7.970   -7.443
   -6.148   -4.427   -3.611   -2.790   -2.276   -0.124    0.061    2.005    2.426    3.645
    3.988    4.337    4.657    5.233    6.035
            0.263333  0.456107  0.000000
  -77.692  -49.215  -49.116  -48.902  -21.759  -21.709  -20.365  -19.694  -14.704  -14.409
  -12.936  -12.786  -11.772  -10.836  -10.640   -9.874   -9.085   -8.551   -7.967   -7.436
   -6.140   -4.441   -3.604   -2.784   -2.281   -0.125    0.063    2.006    2.433    3.665
    3.996    4.339    4.657    5.218    6.022
            0.265000  0.458994  0.000000
  -77.692  -49.215  -49.118  -48.901  -21.739  -21.689  -20.363  -19.694  -14.711  -14.417
  -12.965  -12.817  -11.758  -10.846  -10.644   -9.867   -9.108   -8.564   -7.964   -7.429
   -6.131   -4.454   -3.597   -2.779   -2.286   -0.127    0.065    2.008    2.439    3.685
    4.003    4.342    4.658    5.204    6.010
            0.266667  0.461880  0.000000
  -77.692  -49.215  -49.119  -48.901  -21.720  -21.670  -20.360  -19.695  -14.718  -14.424
  -12.995  -12.849  -11.743  -10.857  -10.648   -9.859   -9.130   -8.577   -7.961   -7.421
   -6.123   -4.467   -3.590   -2.774   -2.291   -0.128    0.068    2.009    2.445    3.705
    4.010    4.346    4.659    5.190    5.996
            0.268333  0.464767  0.000000
  -77.692  -49.215  -49.120  -48.901  -21.701  -21.651  -20.358  -19.695  -14.724  -14.430
  -13.024  -12.880  -11.729  -10.867  -10.651   -9.851   -9.152   -8.590   -7.958   -7.414
   -6.114   -4.480   -3.582   -2.768   -2.296   -0.129    0.070    2.011    2.451    3.725
    4.017    4.351    4.661    5.177    5.982
            0.270000  0.467654  0.000000
  -77.692  -49.214  -49.122  -48.901  -21.682  -21.633  -20.355  -19.696  -14.730  -14.435
  -13.054  -12.911  -11.714  -10.878  -10.654   -9.843   -9.174   -8.604   -7.955   -7.407
   -6.106   -4.493   -3.575   -2.763   -2.301   -0.129    0.073    2.012    2.455    3.745
    4.024    4.357    4.664    5.164    5.968
            0.271667  0.470541  0.000000
  -77.692  -49.214  -49.123  -48.901  -21.664  -21.615  -20.353  -19.696  -14.735  -14.440
  -13.083  -12.942  -11.699  -10.888  -10.657   -9.835   -9.196   -8.618   -7.951   -7.400
   -6.097   -4.506   -3.567   -2.758   -2.306   -0.130    0.076    2.014    2.459    3.765
    4.030    4.363    4.667    5.151    5.953
            0.273333  0.473427  0.000000
  -77.692  -49.214  -49.125  -48.900  -21.646  -21.597  -20.351  -19.697  -14.739  -14.443
  -13.112  -12.972  -11.685  -10.898  -10.660   -9.828   -9.217   -8.632   -7.948   -7.394
   -6.089   -4.519   -3.559   -2.753   -2.311   -0.130    0.079    2.015    2.463    3.785
    4.037    4.371    4.670    5.139    5.938
            0.275000  0.476314  0.000000
  -77.691  -49.214  -49.126  -48.900  -21.629  -21.579  -20.350  -19.697  -14.742  -14.446
  -13.141  -13.003  -11.670  -10.908  -10.662   -9.820   -9.238   -8.646   -7.944   -7.387
   -6.080   -4.532   -3.551   -2.749   -2.316   -0.131    0.083    2.016    2.466    3.805
    4.043    4.380    4.674    5.128    5.922
            0.276667  0.479201  0.000000
  -77.691  -49.214  -49.127  -48.900  -21.612  -21.563  -20.348  -19.698  -14.745  -14.449
  -13.169  -13.033  -11.655  -10.918  -10.664   -9.814   -9.259   -8.660   -7.941   -7.381
   -6.072   -4.545   -3.544   -2.744   -2.321   -0.131    0.086    2.018    2.468    3.825
    4.050    4.390    4.678    5.117    5.906
            0.278333  0.482088  0.000000
  -77.691  -49.214  -49.129  -48.900  -21.595  -21.546  -20.347  -19.698  -14.747  -14.450
  -13.198  -13.063  -11.640  -10.928  -10.666   -9.807   -9.278   -8.675   -7.937   -7.375
   -6.063   -4.557   -3.536   -2.739   -2.326   -0.131    0.089    2.019    2.469    3.845
    4.056    4.400    4.682    5.106    5.889
            0.280000  0.484974  0.000000
  -77.691  -49.213  -49.130  -48.900  -21.579  -21.530  -20.345  -19.699  -14.749  -14.451
  -13.226  -13.093  -11.625  -10.937  -10.667   -9.802   -9.297   -8.690   -7.934   -7.368
   -6.055   -4.570   -3.528   -2.735   -2.331   -0.131    0.093    2.020    2.470    3.865
    4.062    4.411    4.687    5.096    5.872
            0.281667  0.487861  0.000000
  -77.691  -49.213  -49.131  -48.899  -21.563  -21.514  -20.344  -19.700  -14.750  -14.451
  -13.254  -13.123  -11.611  -10.946  -10.668   -9.797   -9.315   -8.704   -7.930   -7.363
   -6.047   -4.582   -3.521   -2.731   -2.336   -0.131    0.096    2.021    2.470    3.885
    4.069    4.422    4.692    5.086    5.854
            0.283333  0.490748  0.000000
  -77.691  -49.213  -49.133  -48.899  -21.548  -21.499  -20.343  -19.700  -14.750  -14.450
  -13.282  -13.153  -11.596  -10.955  -10.668   -9.793   -9.331   -8.719   -7.927   -7.357
   -6.039   -4.594   -3.513   -2.726   -2.341   -0.130    0.100    2.022    2.470    3.905
    4.076    4.434    4.696    5.077    5.836
            0.285000  0.493635  0.000000
  -77.691  -49.212  -49.134  -48.899  -21.534  -21.484  -20.342  -19.701  -14.749  -14.449
  -13.309  -13.182  -11.582  -10.964  -10.668   -9.791   -9.346   -8.734   -7.923   -7.351
   -6.031   -4.606   -3.505   -2.722   -2.346   -0.130    0.104    2.023    2.469    3.925
    4.083    4.447    4.701    5.069    5.817
            0.286667  0.496521  0.000000
  -77.691  -49.212  -49.135  -48.899  -21.519  -21.470  -20.341  -19.702  -14.748  -14.447
  -13.336  -13.211  -11.567  -10.973  -10.667   -9.790   -9.360   -8.750   -7.920   -7.346
   -6.023   -4.617   -3.497   -2.718   -2.351   -0.129    0.108    2.024    2.468    3.945
    4.090    4.460    4.706    5.061    5.798
            0.288333  0.499408  0.000000
  -77.691  -49.211  -49.137  -48.899  -21.506  -21.456  -20.341  -19.703  -14.746  -14.444
  -13.363  -13.240  -11.553  -10.981  -10.665   -9.791   -9.372   -8.765   -7.917   -7.341
   -6.015   -4.629   -3.490   -2.714   -2.356   -0.128    0.112    2.025    2.466    3.964
    4.098    4.474    4.711    5.054    5.779
            0.290000  0.502295  0.000000
  -77.690  -49.211  -49.138  -48.899  -21.492  -21.443  -20.340  -19.703  -14.744  -14.440
  -13.390  -13.269  -11.539  -10.990  -10.663   -9.794   -9.381   -8.780   -7.914   -7.336
   -6.007   -4.640   -3.482   -2.711   -2.360   -0.127    0.116    2.026    2.464    3.984
    4.106    4.488    4.716    5.047    5.759
            0.291667  0.505182  0.000000
  -77.690  -49.210  -49.139  -48.899  -21.480  -21.430  -20.339  -19.704  -14.741  -14.436
  -13.416  -13.298  -11.525  -10.997  -10.661   -9.799   -9.389   -8.795   -7.910   -7.331
   -6.000   -4.650   -3.475   -2.707   -2.365   -0.126    0.120    2.027    2.461    4.003
    4.114    4.502    4.722    5.041    5.739
            0.293333  0.508068  0.000000
  -77.690  -49.210  -49.141  -48.899  -21.467  -21.418  -20.339  -19.705  -14.737  -14.430
  -13.442  -13.326  -11.512  -11.005  -10.658   -9.805   -9.394   -8.810   -7.907   -7.326
   -5.993   -4.661   -3.468   -2.704   -2.369   -0.125    0.124    2.028    2.458    4.022
    4.122    4.517    4.727    5.035    5.718
            0.295000  0.510955  0.000000
  -77.690  -49.209  -49.142  -48.898  -21.456  -21.406  -20.339  -19.705  -14.733  -14.424
  -13.468  -13.354  -11.499  -11.013  -10.654   -9.814   -9.398   -8.826   -7.904   -7.322
   -5.985   -4.671   -3.460   -2.701   -2.374   -0.123    0.128    2.028    2.455    4.040
    4.131    4.532    4.732    5.030    5.696
            0.296667  0.513842  0.000000
  -77.690  -49.209  -49.143  -48.898  -21.445  -21.395  -20.338  -19.706  -14.729  -14.418
  -13.493  -13.382  -11.486  -11.020  -10.649   -9.825   -9.399   -8.841   -7.902   -7.317
   -5.978   -4.681   -3.453   -2.697   -2.378   -0.122    0.132    2.029    2.451    4.058
    4.141    4.547    4.737    5.026    5.675
            0.298333  0.516729  0.000000
  -77.690  -49.208  -49.145  -48.898  -21.434  -21.384  -20.338  -19.707  -14.723  -14.411
  -13.518  -13.410  -11.473  -11.027  -10.644   -9.838   -9.398   -8.856   -7.899   -7.313
   -5.972   -4.691   -3.447   -2.695   -2.382   -0.120    0.136    2.030    2.447    4.075
    4.151    4.562    4.742    5.021    5.652
            0.300000  0.519615  0.000000
  -77.690  -49.208  -49.146  -48.898  -21.424  -21.374  -20.338  -19.707  -14.718  -14.403
  -13.542  -13.437  -11.462  -11.033  -10.637   -9.852   -9.395   -8.872   -7.896   -7.309
   -5.965   -4.700   -3.440   -2.692   -2.386   -0.118    0.140    2.030    2.442    4.091
    4.162    4.578    4.748    5.017    5.630
            0.301667  0.522502  0.000000
  -77.690  -49.207  -49.147  -48.898  -21.414  -21.364  -20.338  -19.708  -14.712  -14.394
  -13.566  -13.464  -11.450  -11.040  -10.630   -9.868   -9.391   -8.887   -7.894   -7.306
   -5.959   -4.709   -3.433   -2.689   -2.390   -0.117    0.144    2.030    2.438    4.106
    4.174    4.593    4.753    5.014    5.606
            0.303333  0.525389  0.000000
  -77.690  -49.206  -49.148  -48.898  -21.405  -21.355  -20.337  -19.708  -14.705  -14.385
  -13.589  -13.491  -11.439  -11.046  -10.623   -9.886   -9.385   -8.902   -7.892   -7.302
   -5.953   -4.718   -3.427   -2.687   -2.394   -0.115    0.148    2.031    2.433    4.120
    4.188    4.609    4.758    5.010    5.583
            0.305000  0.528276  0.000000
  -77.690  -49.206  -49.150  -48.898  -21.397  -21.346  -20.337  -19.709  -14.698  -14.375
  -13.612  -13.517  -11.429  -11.052  -10.614   -9.904   -9.378   -8.917   -7.889   -7.299
   -5.947   -4.726   -3.421   -2.685   -2.398   -0.113    0.152    2.031    2.429    4.132
    4.202    4.625    4.763    5.008    5.559
            0.306667  0.531162  0.000000
  -77.690  -49.205  -49.151  -48.898  -21.389  -21.338  -20.337  -19.709  -14.691  -14.364
  -13.635  -13.543  -11.419  -11.057  -10.604   -9.924   -9.370   -8.932   -7.887   -7.296
   -5.941   -4.734   -3.415   -2.682   -2.401   -0.111    0.156    2.031    2.424    4.144
    4.217    4.641    4.768    5.005    5.534
            0.308333  0.534049  0.000000
  -77.690  -49.204  -49.152  -48.898  -21.381  -21.330  -20.337  -19.710  -14.684  -14.353
  -13.656  -13.568  -11.409  -11.062  -10.594   -9.944   -9.361   -8.947   -7.885   -7.293
   -5.936   -4.741   -3.410   -2.681   -2.404   -0.108    0.160    2.031    2.419    4.154
    4.232    4.657    4.773    5.003    5.509
            0.310000  0.536936  0.000000
  -77.690  -49.204  -49.153  -48.898  -21.374  -21.323  -20.337  -19.710  -14.676  -14.342
  -13.677  -13.593  -11.401  -11.067  -10.583   -9.965   -9.352   -8.962   -7.884   -7.290
   -5.931   -4.748   -3.404   -2.679   -2.407   -0.106    0.164    2.031    2.414    4.163
    4.248    4.673    4.778    5.002    5.483
            0.311667  0.539823  0.000000
  -77.690  -49.203  -49.154  -48.898  -21.368  -21.316  -20.337  -19.711  -14.668  -14.330
  -13.697  -13.617  -11.392  -11.072  -10.571   -9.986   -9.342   -8.977   -7.882   -7.287
   -5.926   -4.754   -3.399   -2.677   -2.410   -0.104    0.167    2.030    2.409    4.171
    4.264    4.689    4.782    5.001    5.457
            0.313333  0.542709  0.000000
  -77.690  -49.202  -49.155  -48.898  -21.362  -21.310  -20.337  -19.711  -14.660  -14.318
  -13.717  -13.641  -11.385  -11.076  -10.558  -10.008   -9.331   -8.992   -7.880   -7.285
   -5.922   -4.760   -3.395   -2.676   -2.413   -0.102    0.171    2.030    2.405    4.179
    4.280    4.705    4.787    5.001    5.431
            0.315000  0.545596  0.000000
  -77.690  -49.202  -49.156  -48.897  -21.356  -21.305  -20.337  -19.711  -14.652  -14.305
  -13.735  -13.664  -11.378  -11.080  -10.544  -10.030   -9.320   -9.006   -7.879   -7.283
   -5.918   -4.766   -3.390   -2.674   -2.415   -0.100    0.174    2.030    2.400    4.187
    4.296    4.720    4.791    5.002    5.404
            0.316667  0.548483  0.000000
  -77.689  -49.201  -49.157  -48.897  -21.352  -21.299  -20.337  -19.711  -14.644  -14.292
  -13.753  -13.686  -11.372  -11.083  -10.530  -10.052   -9.308   -9.020   -7.878   -7.281
   -5.914   -4.771   -3.386   -2.673   -2.417   -0.098    0.177    2.029    2.396    4.193
    4.311    4.733    4.796    5.004    5.377
            0.318333  0.551370  0.000000
  -77.689  -49.200  -49.158  -48.897  -21.347  -21.295  -20.337  -19.712  -14.637  -14.279
  -13.769  -13.707  -11.366  -11.087  -10.514  -10.074   -9.296   -9.034   -7.877   -7.279
   -5.911   -4.776   -3.383   -2.672   -2.419   -0.096    0.180    2.029    2.392    4.200
    4.326    4.745    4.802    5.007    5.350
            0.320000  0.554256  0.000000
  -77.689  -49.200  -49.159  -48.897  -21.343  -21.291  -20.337  -19.712  -14.630  -14.267
  -13.785  -13.727  -11.361  -11.089  -10.499  -10.096   -9.285   -9.048   -7.876   -7.278
   -5.908   -4.780   -3.379   -2.672   -2.421   -0.094    0.182    2.029    2.388    4.206
    4.340    4.753    4.810    5.011    5.322
            0.321667  0.557143  0.000000
  -77.689  -49.199  -49.160  -48.897  -21.340  -21.287  -20.337  -19.712  -14.623  -14.254
  -13.799  -13.746  -11.357  -11.092  -10.483  -10.118   -9.273   -9.062   -7.875   -7.276
   -5.905   -4.784   -3.376   -2.671   -2.422   -0.092    0.185    2.028    2.385    4.211
    4.353    4.758    4.820    5.016    5.295
            0.323333  0.560030  0.000000
  -77.689  -49.199  -49.160  -48.897  -21.337  -21.284  -20.337  -19.712  -14.616  -14.242
  -13.812  -13.762  -11.353  -11.094  -10.466  -10.139   -9.261   -9.075   -7.874   -7.275
   -5.903   -4.787   -3.374   -2.670   -2.424   -0.090    0.187    2.027    2.382    4.216
    4.365    4.760    4.833    5.022    5.268
            0.325000  0.562917  0.000000
  -77.689  -49.198  -49.161  -48.897  -21.335  -21.282  -20.337  -19.712  -14.611  -14.231
  -13.824  -13.777  -11.350  -11.096  -10.450  -10.160   -9.250   -9.087   -7.874   -7.274
   -5.901   -4.790   -3.371   -2.670   -2.425   -0.088    0.189    2.027    2.379    4.221
    4.375    4.759    4.847    5.029    5.241
            0.326667  0.565803  0.000000
  -77.689  -49.198  -49.161  -48.897  -21.333  -21.280  -20.337  -19.712  -14.606  -14.221
  -13.834  -13.790  -11.348  -11.097  -10.434  -10.179   -9.239   -9.099   -7.873   -7.273
   -5.899   -4.792   -3.370   -2.669   -2.426   -0.087    0.190    2.027    2.377    4.225
    4.384    4.757    4.861    5.036    5.216
            0.328333  0.568690  0.000000
  -77.689  -49.198  -49.162  -48.897  -21.331  -21.278  -20.337  -19.712  -14.602  -14.212
  -13.843  -13.800  -11.346  -11.099  -10.419  -10.196   -9.229   -9.109   -7.873   -7.273
   -5.898   -4.794   -3.368   -2.669   -2.426   -0.086    0.192    2.026    2.375    4.228
    4.391    4.755    4.874    5.042    5.194
            0.330000  0.571577  0.000000
  -77.689  -49.197  -49.162  -48.897  -21.330  -21.277  -20.337  -19.712  -14.599  -14.206
  -13.849  -13.807  -11.345  -11.099  -10.407  -10.211   -9.221   -9.118   -7.872   -7.272
   -5.897   -4.795   -3.367   -2.669   -2.427   -0.085    0.192    2.026    2.373    4.231
    4.396    4.753    4.886    5.047    5.175
            0.331667  0.574464  0.000000
  -77.689  -49.197  -49.162  -48.897  -21.329  -21.276  -20.337  -19.712  -14.597  -14.202
  -13.854  -13.812  -11.344  -11.100  -10.398  -10.220   -9.216   -9.123   -7.872   -7.272
   -5.896   -4.796   -3.367   -2.669   -2.427   -0.085    0.193    2.026    2.373    4.233
    4.399    4.752    4.895    5.049    5.163
            0.333333  0.577350  0.000000
  -77.689  -49.197  -49.162  -48.897  -21.329  -21.276  -20.337  -19.712  -14.597  -14.200
  -13.855  -13.813  -11.344  -11.100  -10.395  -10.224   -9.214   -9.126   -7.872   -7.272
   -5.896   -4.796   -3.366   -2.669   -2.427   -0.084    0.193    2.025    2.372    4.233
    4.400    4.751    4.898    5.049    5.160
            0.334722  0.574945  0.000000
  -77.689  -49.197  -49.162  -48.897  -21.329  -21.276  -20.337  -19.712  -14.597  -14.201
  -13.854  -13.812  -11.344  -11.100  -10.397  -10.221   -9.215   -9.124   -7.872   -7.272
   -5.896   -4.796   -3.367   -2.669   -2.427   -0.084    0.193    2.026    2.372    4.233
    4.399    4.752    4.896    5.050    5.162
            0.336111  0.572539  0.000000
  -77.689  -49.197  -49.162  -48.897  -21.330  -21.277  -20.337  -19.712  -14.598  -14.204
  -13.851  -13.809  -11.345  -11.100  -10.404  -10.214   -9.219   -9.120   -7.872   -7.272
   -5.897   -4.795   -3.367   -2.669   -2.427   -0.085    0.193    2.026    2.373    4.231
    4.398    4.753    4.887    5.053    5.168
            0.337500  0.570133  0.000000
  -77.689  -49.197  -49.162  -48.897  -21.330  -21.278  -20.337  -19.712  -14.601  -14.209
  -13.846  -13.804  -11.345  -11.099  -10.414  -10.203   -9.225   -9.114   -7.873   -7.273
   -5.897   -4.794   -3.368   -2.669   -2.427   -0.086    0.192    2.026    2.374    4.228
    4.395    4.755    4.872    5.059    5.177
            0.338889  0.567728  0.000000
  -77.689  -49.198  -49.162  -48.897  -21.331  -21.279  -20.337  -19.712  -14.604  -14.216
  -13.839  -13.796  -11.346  -11.098  -10.426  -10.189   -9.232   -9.107   -7.873   -7.273
   -5.898   -4.793   -3.369   -2.669   -2.426   -0.087    0.191    2.027    2.376    4.223
    4.392    4.759    4.852    5.069    5.188
            0.340278  0.565322  0.000000
  -77.689  -49.198  -49.161  -48.897  -21.333  -21.280  -20.337  -19.712  -14.608  -14.225
  -13.831  -13.787  -11.348  -11.098  -10.441  -10.172   -9.240   -9.098   -7.873   -7.273
   -5.899   -4.792   -3.370   -2.669   -2.426   -0.088    0.190    2.027    2.378    4.215
    4.389    4.763    4.829    5.080    5.201
            0.341667  0.562917  0.000000
  -77.689  -49.198  -49.161  -48.897  -21.334  -21.281  -20.337  -19.712  -14.613  -14.235
  -13.821  -13.775  -11.349  -11.096  -10.456  -10.154   -9.248   -9.090   -7.873   -7.274
   -5.900   -4.790   -3.371   -2.669   -2.425   -0.090    0.188    2.028    2.380    4.206
    4.387    4.767    4.804    5.093    5.214
            0.343056  0.560511  0.000000
  -77.689  -49.199  -49.160  -48.897  -21.336  -21.283  -20.337  -19.712  -14.619  -14.246
  -13.810  -13.762  -11.351  -11.095  -10.472  -10.135   -9.257   -9.080   -7.874   -7.275
   -5.902   -4.788   -3.373   -2.670   -2.424   -0.092    0.186    2.030    2.383    4.194
    4.385    4.768    4.781    5.108    5.228
            0.344444  0.558105  0.000000
  -77.689  -49.199  -49.160  -48.897  -21.338  -21.285  -20.337  -19.712  -14.625  -14.258
  -13.797  -13.747  -11.353  -11.094  -10.489  -10.114   -9.266   -9.071   -7.874   -7.276
   -5.904   -4.785   -3.375   -2.670   -2.424   -0.095    0.183    2.031    2.386    4.180
    4.383    4.744    4.782    5.123    5.243
            0.345833  0.555700  0.000000
  -77.689  -49.200  -49.159  -48.897  -21.340  -21.287  -20.337  -19.712  -14.633  -14.271
  -13.784  -13.730  -11.355  -11.092  -10.507  -10.093   -9.275   -9.061   -7.875   -7.277
   -5.906   -4.783   -3.378   -2.670   -2.423   -0.098    0.181    2.033    2.390    4.163
    4.383    4.714    4.788    5.139    5.258
            0.347222  0.553294  0.000000
  -77.689  -49.200  -49.158  -48.897  -21.342  -21.290  -20.337  -19.712  -14.641  -14.285
  -13.769  -13.712  -11.358  -11.091  -10.524  -10.071   -9.283   -9.051   -7.875   -7.278
   -5.908   -4.780   -3.380   -2.670   -2.422   -0.102    0.178    2.035    2.395    4.144
    4.384    4.682    4.796    5.156    5.274
            0.348611  0.550888  0.000000
  -77.689  -49.201  -49.158  -48.897  -21.345  -21.293  -20.338  -19.712  -14.649  -14.299
  -13.753  -13.692  -11.360  -11.089  -10.542  -10.048   -9.292   -9.041   -7.876   -7.279
   -5.910   -4.777   -3.383   -2.671   -2.421   -0.106    0.174    2.037    2.399    4.123
    4.385    4.649    4.804    5.173    5.290
            0.350000  0.548483  0.000000
  -77.689  -49.202  -49.157  -48.897  -21.348  -21.296  -20.338  -19.713  -14.659  -14.314
  -13.736  -13.672  -11.363  -11.087  -10.560  -10.025   -9.301   -9.031   -7.876   -7.280
   -5.912   -4.773   -3.386   -2.671   -2.420   -0.111    0.170    2.040    2.405    4.100
    4.387    4.616    4.812    5.190    5.306
            0.351389  0.546077  0.000000
  -77.690  -49.202  -49.156  -48.897  -21.351  -21.299  -20.338  -19.713  -14.669  -14.329
  -13.719  -13.650  -11.366  -11.085  -10.577  -10.002   -9.310   -9.021   -7.877   -7.281
   -5.915   -4.769   -3.390   -2.671   -2.419   -0.116    0.166    2.043    2.411    4.076
    4.389    4.582    4.820    5.208    5.323
            0.352778  0.543672  0.000000
  -77.690  -49.203  -49.155  -48.897  -21.354  -21.302  -20.338  -19.713  -14.679  -14.344
  -13.700  -13.627  -11.369  -11.083  -10.595   -9.979   -9.318   -9.012   -7.877   -7.283
   -5.918   -4.766   -3.393   -2.672   -2.418   -0.122    0.161    2.047    2.417    4.050
    4.393    4.547    4.829    5.225    5.340
            0.354167  0.541266  0.000000
  -77.690  -49.204  -49.154  -48.898  -21.358  -21.306  -20.338  -19.713  -14.690  -14.360
  -13.680  -13.604  -11.372  -11.081  -10.613   -9.955   -9.327   -9.002   -7.878   -7.284
   -5.921   -4.761   -3.397   -2.672   -2.416   -0.128    0.155    2.051    2.424    4.023
    4.396    4.512    4.837    5.243    5.357
            0.355556  0.538860  0.000000
  -77.690  -49.204  -49.153  -48.898  -21.361  -21.309  -20.339  -19.713  -14.701  -14.376
  -13.660  -13.580  -11.376  -11.078  -10.630   -9.931   -9.335   -8.992   -7.879   -7.286
   -5.924   -4.757   -3.401   -2.672   -2.415   -0.135    0.150    2.056    2.432    3.995
    4.400    4.476    4.846    5.261    5.374
            0.356944  0.536455  0.000000
  -77.690  -49.205  -49.152  -48.898  -21.365  -21.313  -20.339  -19.713  -14.713  -14.392
  -13.639  -13.555  -11.379  -11.076  -10.648   -9.906   -9.342   -8.983   -7.879   -7.287
   -5.927   -4.752   -3.405   -2.672   -2.414   -0.143    0.143    2.061    2.440    3.966
    4.404    4.441    4.855    5.279    5.391
            0.358333  0.534049  0.000000
  -77.690  -49.206  -49.151  -48.898  -21.369  -21.317  -20.340  -19.713  -14.725  -14.408
  -13.617  -13.529  -11.383  -11.074  -10.665   -9.882   -9.350   -8.973   -7.880   -7.289
   -5.931   -4.747   -3.410   -2.673   -2.412   -0.151    0.136    2.066    2.448    3.935
    4.403    4.410    4.863    5.297    5.408
            0.359722  0.531643  0.000000
  -77.690  -49.207  -49.150  -48.898  -21.373  -21.322  -20.340  -19.714  -14.738  -14.424
  -13.594  -13.503  -11.386  -11.072  -10.682   -9.857   -9.357   -8.964   -7.881   -7.291
   -5.934   -4.742   -3.414   -2.673   -2.411   -0.160    0.129    2.072    2.457    3.905
    4.367    4.414    4.872    5.316    5.425
            0.361111  0.529238  0.000000
  -77.690  -49.208  -49.148  -48.898  -21.377  -21.326  -20.340  -19.714  -14.750  -14.440
  -13.571  -13.477  -11.390  -11.069  -10.698   -9.833   -9.364   -8.954   -7.881   -7.293
   -5.938   -4.737   -3.419   -2.673   -2.410   -0.169    0.121    2.079    2.467    3.873
    4.330    4.419    4.881    5.334    5.443
            0.362500  0.526832  0.000000
  -77.690  -49.209  -49.147  -48.898  -21.382  -21.330  -20.341  -19.714  -14.763  -14.456
  -13.546  -13.449  -11.394  -11.067  -10.715   -9.809   -9.371   -8.945   -7.882   -7.295
   -5.942   -4.732   -3.424   -2.674   -2.408   -0.179    0.113    2.086    2.477    3.841
    4.293    4.424    4.889    5.352    5.460
            0.363889  0.524427  0.000000
  -77.690  -49.209  -49.146  -48.898  -21.386  -21.335  -20.342  -19.714  -14.776  -14.472
  -13.522  -13.422  -11.398  -11.065  -10.731   -9.784   -9.377   -8.936   -7.883   -7.297
   -5.946   -4.726   -3.430   -2.674   -2.407   -0.190    0.103    2.093    2.488    3.808
    4.255    4.429    4.898    5.370    5.477
            0.365278  0.522021  0.000000
  -77.690  -49.210  -49.145  -48.898  -21.391  -21.340  -20.342  -19.715  -14.789  -14.488
  -13.496  -13.394  -11.402  -11.063  -10.747   -9.760   -9.382   -8.927   -7.884   -7.299
   -5.950   -4.721   -3.435   -2.674   -2.406   -0.202    0.094    2.102    2.499    3.775
    4.217    4.435    4.906    5.388    5.495
            0.366667  0.519615  0.000000
  -77.690  -49.211  -49.144  -48.898  -21.396  -21.345  -20.343  -19.715  -14.802  -14.504
  -13.471  -13.365  -11.406  -11.061  -10.762   -9.736   -9.387   -8.918   -7.884   -7.301
   -5.954   -4.715   -3.441   -2.674   -2.404   -0.214    0.083    2.110    2.510    3.742
    4.179    4.440    4.915    5.407    5.512
            0.368056  0.517210  0.000000
  -77.690  -49.212  -49.142  -48.898  -21.401  -21.350  -20.343  -19.716  -14.816  -14.520
  -13.444  -13.336  -11.410  -11.059  -10.777   -9.713   -9.391   -8.909   -7.885   -7.303
   -5.958   -4.709   -3.446   -2.675   -2.403   -0.226    0.072    2.120    2.523    3.708
    4.141    4.446    4.923    5.425    5.529
            0.369444  0.514804  0.000000
  -77.690  -49.213  -49.141  -48.898  -21.406  -21.355  -20.344  -19.716  -14.829  -14.536
  -13.417  -13.307  -11.414  -11.057  -10.792   -9.690   -9.395   -8.900   -7.886   -7.306
   -5.962   -4.703   -3.452   -2.675   -2.401   -0.239    0.061    2.130    2.535    3.674
    4.103    4.451    4.931    5.443    5.546
            0.370833  0.512398  0.000000
  -77.690  -49.214  -49.140  -48.898  -21.411  -21.360  -20.345  -19.717  -14.843  -14.552
  -13.390  -13.277  -11.418  -11.056  -10.806   -9.668   -9.397   -8.892   -7.887   -7.308
   -5.967   -4.697   -3.458   -2.675   -2.400   -0.253    0.049    2.140    2.548    3.640
    4.065    4.457    4.939    5.461    5.562
            0.372222  0.509993  0.000000
  -77.690  -49.215  -49.139  -48.898  -21.416  -21.366  -20.346  -19.717  -14.856  -14.568
  -13.362  -13.247  -11.422  -11.054  -10.819   -9.648   -9.398   -8.883   -7.887   -7.311
   -5.971   -4.690   -3.464   -2.675   -2.399   -0.268    0.036    2.152    2.562    3.606
    4.026    4.463    4.947    5.479    5.579
            0.373611  0.507587  0.000000
  -77.690  -49.215  -49.137  -48.898  -21.422  -21.371  -20.347  -19.718  -14.870  -14.584
  -13.334  -13.217  -11.427  -11.054  -10.832   -9.628   -9.398   -8.874   -7.888   -7.313
   -5.975   -4.684   -3.470   -2.675   -2.398   -0.283    0.022    2.163    2.576    3.571
    3.988    4.469    4.955    5.497    5.595
            0.375000  0.505182  0.000000
  -77.690  -49.216  -49.136  -48.898  -21.427  -21.377  -20.347  -19.718  -14.884  -14.599
  -13.305  -13.186  -11.431  -11.053  -10.844   -9.610   -9.395   -8.866   -7.889   -7.316
   -5.980   -4.677   -3.477   -2.675   -2.396   -0.299    0.008    2.175    2.590    3.537
    3.950    4.475    4.963    5.514    5.611
            0.376389  0.502776  0.000000
  -77.690  -49.217  -49.135  -48.898  -21.432  -21.382  -20.348  -19.719  -14.897  -14.615
  -13.276  -13.155  -11.435  -11.053  -10.856   -9.595   -9.391   -8.857   -7.890   -7.318
   -5.984   -4.671   -3.483   -2.675   -2.395   -0.315   -0.007    2.188    2.605    3.502
    3.912    4.480    4.970    5.532    5.627
            0.377778  0.500370  0.000000
  -77.690  -49.218  -49.133  -48.898  -21.438  -21.388  -20.349  -19.719  -14.911  -14.630
  -13.247  -13.124  -11.439  -11.054  -10.866   -9.582   -9.384   -8.849   -7.890   -7.321
   -5.989   -4.664   -3.490   -2.675   -2.394   -0.332   -0.023    2.202    2.620    3.468
    3.873    4.486    4.978    5.549    5.643
            0.379167  0.497965  0.000000
  -77.690  -49.219  -49.132  -48.898  -21.444  -21.394  -20.350  -19.720  -14.925  -14.645
  -13.218  -13.092  -11.444  -11.056  -10.875   -9.571   -9.374   -8.840   -7.891   -7.323
   -5.994   -4.657   -3.497   -2.675   -2.393   -0.350   -0.039    2.215    2.636    3.434
    3.835    4.492    4.985    5.567    5.658
            0.380556  0.495559  0.000000
  -77.690  -49.220  -49.131  -48.899  -21.449  -21.399  -20.351  -19.721  -14.938  -14.660
  -13.188  -13.061  -11.448  -11.058  -10.884   -9.563   -9.362   -8.832   -7.892   -7.326
   -5.998   -4.651   -3.504   -2.675   -2.392   -0.368   -0.056    2.230    2.652    3.400
    3.797    4.498    4.992    5.584    5.674
            0.381944  0.493153  0.000000
  -77.690  -49.221  -49.129  -48.899  -21.455  -21.405  -20.353  -19.722  -14.952  -14.675
  -13.158  -13.029  -11.453  -11.061  -10.891   -9.557   -9.347   -8.823   -7.893   -7.329
   -6.003   -4.644   -3.511   -2.675   -2.392   -0.387   -0.073    2.244    2.668    3.366
    3.760    4.504    4.999    5.601    5.688
            0.383333  0.490748  0.000000
  -77.690  -49.222  -49.128  -48.899  -21.461  -21.411  -20.354  -19.722  -14.965  -14.690
  -13.127  -12.997  -11.457  -11.066  -10.897   -9.553   -9.330   -8.814   -7.893   -7.332
   -6.008   -4.637   -3.518   -2.675   -2.391   -0.406   -0.092    2.259    2.685    3.333
    3.722    4.510    5.007    5.618    5.703
            0.384722  0.488342  0.000000
  -77.690  -49.222  -49.127  -48.899  -21.467  -21.417  -20.355  -19.723  -14.979  -14.705
  -13.097  -12.964  -11.461  -11.070  -10.901   -9.551   -9.312   -8.805   -7.894   -7.335
   -6.012   -4.630   -3.525   -2.674   -2.390   -0.426   -0.111    2.274    2.702    3.300
    3.685    4.516    5.013    5.634    5.717
            0.386111  0.485937  0.000000
  -77.690  -49.223  -49.125  -48.899  -21.473  -21.423  -20.356  -19.724  -14.992  -14.719
  -13.066  -12.932  -11.466  -11.076  -10.905   -9.549   -9.293   -8.796   -7.895   -7.338
   -6.017   -4.623   -3.532   -2.674   -2.390   -0.446   -0.130    2.290    2.719    3.268
    3.648    4.522    5.020    5.651    5.730
            0.387500  0.483531  0.000000
  -77.691  -49.224  -49.124  -48.899  -21.479  -21.429  -20.357  -19.725  -15.006  -14.734
  -13.035  -12.899  -11.470  -11.083  -10.908   -9.549   -9.274   -8.787   -7.895   -7.341
   -6.022   -4.616   -3.539   -2.674   -2.389   -0.467   -0.150    2.306    2.737    3.236
    3.611    4.528    5.027    5.667    5.743
            0.388889  0.481125  0.000000
  -77.691  -49.225  -49.123  -48.899  -21.485  -21.435  -20.359  -19.726  -15.019  -14.748
  -13.004  -12.866  -11.474  -11.090  -10.909   -9.549   -9.254   -8.777   -7.896   -7.344
   -6.026   -4.609   -3.547   -2.673   -2.389   -0.489   -0.171    2.321    2.754    3.205
    3.574    4.533    5.034    5.683    5.756
            0.390278  0.478720  0.000000
  -77.691  -49.226  -49.121  -48.899  -21.491  -21.441  -20.360  -19.727  -15.032  -14.762
  -12.973  -12.833  -11.478  -11.097  -10.910   -9.550   -9.233   -8.768   -7.897   -7.347
   -6.031   -4.602   -3.554   -2.672   -2.388   -0.511   -0.192    2.337    2.773    3.175
    3.538    4.539    5.040    5.699    5.768
            0.391667  0.476314  0.000000
  -77.691  -49.227  -49.120  -48.899  -21.497  -21.447  -20.361  -19.728  -15.045  -14.776
  -12.942  -12.800  -11.483  -11.105  -10.911   -9.551   -9.213   -8.757   -7.898   -7.350
   -6.035   -4.595   -3.562   -2.672   -2.388   -0.533   -0.214    2.352    2.791    3.146
    3.502    4.545    5.047    5.714    5.780
            0.393056  0.473908  0.000000
  -77.691  -49.227  -49.119  -48.899  -21.503  -21.454  -20.363  -19.729  -15.058  -14.790
  -12.911  -12.767  -11.487  -11.114  -10.910   -9.552   -9.193   -8.747   -7.898   -7.353
   -6.040   -4.588   -3.569   -2.671   -2.388   -0.557   -0.237    2.367    2.809    3.118
    3.467    4.551    5.053    5.729    5.791
            0.394444  0.471503  0.000000
  -77.691  -49.228  -49.117  -48.899  -21.509  -21.460  -20.364  -19.730  -15.071  -14.804
  -12.880  -12.734  -11.491  -11.122  -10.909   -9.553   -9.173   -8.735   -7.899   -7.356
   -6.045   -4.581   -3.577   -2.670   -2.388   -0.580   -0.260    2.381    2.828    3.092
    3.432    4.557    5.060    5.745    5.801
            0.395833  0.469097  0.000000
  -77.691  -49.229  -49.116  -48.899  -21.515  -21.466  -20.366  -19.731  -15.084  -14.817
  -12.849  -12.700  -11.494  -11.130  -10.908   -9.554   -9.154   -8.724   -7.900   -7.359
   -6.049   -4.574   -3.585   -2.669   -2.388   -0.604   -0.283    2.394    2.847    3.067
    3.398    4.562    5.066    5.759    5.811
            0.397222  0.466692  0.000000
  -77.691  -49.230  -49.115  -48.899  -21.521  -21.472  -20.367  -19.732  -15.097  -14.831
  -12.818  -12.667  -11.498  -11.139  -10.906   -9.556   -9.136   -8.711   -7.901   -7.363
   -6.054   -4.567   -3.592   -2.668   -2.389   -0.628   -0.307    2.406    2.866    3.044
    3.364    4.568    5.072    5.774    5.821
            0.398611  0.464286  0.000000
  -77.691  -49.231  -49.113  -48.900  -21.527  -21.478  -20.369  -19.733  -15.109  -14.844
  -12.786  -12.634  -11.502  -11.147  -10.905   -9.557   -9.118   -8.698   -7.901   -7.366
   -6.058   -4.560   -3.600   -2.667   -2.389   -0.653   -0.332    2.417    2.885    3.023
    3.331    4.574    5.078    5.788    5.829
            0.400000  0.461880  0.000000
  -77.691  -49.232  -49.112  -48.900  -21.533  -21.484  -20.370  -19.734  -15.122  -14.857
  -12.756  -12.600  -11.505  -11.156  -10.902   -9.558   -9.101   -8.685   -7.902   -7.369
   -6.063   -4.553   -3.608   -2.666   -2.390   -0.679   -0.356    2.425    2.903    3.005
    3.298    4.580    5.084    5.802    5.837
            0.401389  0.459475  0.000000
  -77.691  -49.232  -49.111  -48.900  -21.540  -21.490  -20.372  -19.735  -15.134  -14.870
  -12.725  -12.567  -11.508  -11.164  -10.900   -9.559   -9.085   -8.671   -7.903   -7.372
   -6.067   -4.546   -3.616   -2.665   -2.390   -0.704   -0.382    2.432    2.922    2.990
    3.267    4.585    5.090    5.816    5.845
            0.402778  0.457069  0.000000
  -77.691  -49.233  -49.109  -48.900  -21.546  -21.497  -20.373  -19.737  -15.146  -14.883
  -12.694  -12.534  -11.511  -11.172  -10.898   -9.559   -9.069   -8.655   -7.904   -7.376
   -6.072   -4.539   -3.624   -2.664   -2.391   -0.731   -0.407    2.435    2.939    2.978
    3.237    4.591    5.096    5.829    5.851
            0.404167  0.454663  0.000000
  -77.691  -49.234  -49.108  -48.900  -21.552  -21.503  -20.375  -19.738  -15.158  -14.895
  -12.664  -12.501  -11.514  -11.179  -10.895   -9.560   -9.055   -8.640   -7.905   -7.379
   -6.076   -4.532   -3.632   -2.663   -2.392   -0.757   -0.433    2.436    2.956    2.969
    3.209    4.597    5.102    5.842    5.858
            0.405556  0.452258  0.000000
  -77.691  -49.235  -49.107  -48.900  -21.558  -21.509  -20.377  -19.739  -15.170  -14.908
  -12.634  -12.468  -11.516  -11.187  -10.893   -9.560   -9.041   -8.623   -7.905   -7.383
   -6.081   -4.525   -3.640   -2.661   -2.393   -0.784   -0.460    2.434    2.962    2.973
    3.183    4.603    5.108    5.853    5.864
            0.406944  0.449852  0.000000
  -77.691  -49.235  -49.105  -48.900  -21.564  -21.515  -20.378  -19.740  -15.182  -14.920
  -12.604  -12.435  -11.518  -11.194  -10.890   -9.560   -9.029   -8.606   -7.906   -7.386
   -6.085   -4.519   -3.648   -2.660   -2.394   -0.811   -0.486    2.429    2.960    2.985
    3.161    4.609    5.114    5.862    5.872
            0.408333  0.447447  0.000000
  -77.691  -49.236  -49.104  -48.900  -21.570  -21.521  -20.380  -19.742  -15.194  -14.932
  -12.574  -12.403  -11.519  -11.201  -10.887   -9.560   -9.017   -8.588   -7.907   -7.390
   -6.089   -4.512   -3.656   -2.658   -2.395   -0.839   -0.513    2.421    2.960    2.993
    3.146    4.615    5.119    5.867    5.882
            0.409722  0.445041  0.000000
  -77.691  -49.237  -49.103  -48.900  -21.576  -21.527  -20.382  -19.743  -15.205  -14.944
  -12.545  -12.370  -11.520  -11.207  -10.884   -9.560   -9.007   -8.569   -7.908   -7.393
   -6.093   -4.505   -3.664   -2.657   -2.396   -0.867   -0.540    2.410    2.960    2.998
    3.138    4.621    5.125    5.871    5.894
            0.411111  0.442635  0.000000
  -77.691  -49.238  -49.101  -48.900  -21.582  -21.533  -20.383  -19.744  -15.217  -14.956
  -12.517  -12.338  -11.521  -11.213  -10.882   -9.560   -8.997   -8.550   -7.909   -7.397
   -6.098   -4.498   -3.672   -2.655   -2.397   -0.895   -0.568    2.397    2.955    3.001
    3.140    4.626    5.131    5.873    5.905
            0.412500  0.440230  0.000000
  -77.692  -49.238  -49.100  -48.900  -21.588  -21.539  -20.385  -19.745  -15.228  -14.968
  -12.489  -12.306  -11.521  -11.219  -10.879   -9.559   -8.988   -8.530   -7.910   -7.401
   -6.102   -4.492   -3.680   -2.654   -2.399   -0.923   -0.595    2.381    2.943    3.009
    3.148    4.633    5.136    5.874    5.917
            0.413889  0.437824  0.000000
  -77.692  -49.239  -49.099  -48.900  -21.593  -21.545  -20.387  -19.747  -15.239  -14.979
  -12.462  -12.274  -11.520  -11.224  -10.876   -9.558   -8.980   -8.510   -7.911   -7.404
   -6.106   -4.485   -3.688   -2.653   -2.400   -0.952   -0.623    2.363    2.925    3.020
    3.162    4.639    5.142    5.875    5.928
            0.415278  0.435418  0.000000
  -77.692  -49.240  -49.098  -48.900  -21.599  -21.551  -20.389  -19.748  -15.250  -14.990
  -12.435  -12.243  -11.519  -11.229  -10.873   -9.557   -8.972   -8.489   -7.911   -7.408
   -6.110   -4.479   -3.696   -2.651   -2.402   -0.981   -0.650    2.344    2.903    3.035
    3.179    4.645    5.148    5.874    5.939
            0.416667  0.433013  0.000000
  -77.692  -49.241  -49.096  -48.901  -21.605  -21.556  -20.390  -19.750  -15.261  -15.002
  -12.409  -12.212  -11.516  -11.233  -10.871   -9.556   -8.965   -8.468   -7.912   -7.412
   -6.114   -4.472   -3.704   -2.650   -2.403   -1.010   -0.678    2.324    2.879    3.052
    3.198    4.651    5.153    5.873    5.949
            0.418056  0.430607  0.000000
  -77.692  -49.241  -49.095  -48.901  -21.611  -21.562  -20.392  -19.751  -15.272  -15.012
  -12.384  -12.182  -11.513  -11.237  -10.868   -9.555   -8.959   -8.447   -7.913   -7.415
   -6.118   -4.466   -3.712   -2.649   -2.405   -1.040   -0.706    2.303    2.854    3.070
    3.218    4.657    5.159    5.872    5.959
            0.419444  0.428201  0.000000
  -77.692  -49.242  -49.094  -48.901  -21.617  -21.568  -20.394  -19.752  -15.282  -15.023
  -12.360  -12.152  -11.510  -11.241  -10.865   -9.553   -8.954   -8.425   -7.914   -7.419
   -6.122   -4.459   -3.720   -2.648   -2.407   -1.069   -0.734    2.281    2.829    3.090
    3.239    4.664    5.165    5.869    5.969
            0.420833  0.425796  0.000000
  -77.692  -49.243  -49.093  -48.901  -21.622  -21.574  -20.396  -19.754  -15.293  -15.034
  -12.337  -12.123  -11.505  -11.243  -10.863   -9.551   -8.949   -8.403   -7.915   -7.423
   -6.126   -4.453   -3.728   -2.647   -2.408   -1.099   -0.762    2.258    2.804    3.111
    3.261    4.670    5.170    5.866    5.979
            0.422222  0.423390  0.000000
  -77.692  -49.243  -49.091  -48.901  -21.628  -21.579  -20.398  -19.755  -15.303  -15.044
  -12.315  -12.094  -11.499  -11.246  -10.860   -9.549   -8.944   -8.381   -7.915   -7.427
   -6.130   -4.447   -3.737   -2.646   -2.410   -1.129   -0.789    2.235    2.778    3.132
    3.283    4.677    5.176    5.862    5.988
            0.423611  0.420985  0.000000
  -77.692  -49.244  -49.090  -48.901  -21.633  -21.585  -20.399  -19.756  -15.313  -15.055
  -12.293  -12.066  -11.492  -11.247  -10.857   -9.547   -8.940   -8.359   -7.916   -7.430
   -6.133   -4.441   -3.745   -2.645   -2.411   -1.159   -0.817    2.212    2.753    3.154
    3.306    4.683    5.182    5.858    5.997
            0.425000  0.418579  0.000000
  -77.692  -49.245  -49.089  -48.901  -21.639  -21.590  -20.401  -19.758  -15.323  -15.065
  -12.274  -12.039  -11.484  -11.248  -10.855   -9.545   -8.937   -8.337   -7.917   -7.434
   -6.137   -4.435   -3.753   -2.645   -2.412   -1.189   -0.845    2.189    2.729    3.175
    3.330    4.690    5.188    5.853    6.006
            0.426389  0.416173  0.000000
  -77.692  -49.245  -49.088  -48.901  -21.644  -21.596  -20.403  -19.759  -15.332  -15.075
  -12.255  -12.012  -11.474  -11.248  -10.852   -9.542   -8.933   -8.316   -7.917   -7.438
   -6.141   -4.429   -3.761   -2.645   -2.414   -1.220   -0.872    2.166    2.704    3.197
    3.354    4.697    5.193    5.848    6.015
            0.427778  0.413768  0.000000
  -77.692  -49.246  -49.087  -48.901  -21.650  -21.601  -20.405  -19.761  -15.342  -15.084
  -12.238  -11.986  -11.464  -11.248  -10.850   -9.539   -8.930   -8.294   -7.917   -7.442
   -6.145   -4.423   -3.769   -2.645   -2.415   -1.250   -0.899    2.142    2.680    3.219
    3.379    4.704    5.199    5.842    6.023
            0.429167  0.411362  0.000000
  -77.692  -49.247  -49.086  -48.901  -21.655  -21.606  -20.407  -19.762  -15.351  -15.094
  -12.221  -11.961  -11.452  -11.247  -10.848   -9.536   -8.928   -8.273   -7.918   -7.446
   -6.148   -4.417   -3.777   -2.646   -2.416   -1.280   -0.926    2.119    2.656    3.240
    3.404    4.711    5.205    5.835    6.031
            0.430556  0.408956  0.000000
  -77.692  -49.247  -49.085  -48.901  -21.660  -21.611  -20.408  -19.763  -15.361  -15.103
  -12.207  -11.937  -11.439  -11.245  -10.845   -9.533   -8.926   -8.251   -7.918   -7.449
   -6.152   -4.411   -3.785   -2.647   -2.416   -1.310   -0.953    2.096    2.633    3.262
    3.429    4.719    5.211    5.829    6.039
            0.431944  0.406551  0.000000
  -77.692  -49.248  -49.083  -48.901  -21.665  -21.617  -20.410  -19.765  -15.370  -15.112
  -12.193  -11.913  -11.425  -11.242  -10.843   -9.530   -8.923   -8.231   -7.917   -7.453
   -6.155   -4.406   -3.793   -2.648   -2.417   -1.340   -0.980    2.073    2.611    3.283
    3.455    4.726    5.217    5.821    6.046
            0.433333  0.404145  0.000000
  -77.692  -49.248  -49.082  -48.901  -21.670  -21.622  -20.412  -19.766  -15.379  -15.121
  -12.181  -11.891  -11.410  -11.238  -10.841   -9.526   -8.922   -8.210   -7.917   -7.457
   -6.159   -4.400   -3.801   -2.650   -2.417   -1.370   -1.006    2.050    2.588    3.303
    3.482    4.734    5.224    5.814    6.054
            0.434722  0.401740  0.000000
  -77.692  -49.249  -49.081  -48.902  -21.675  -21.627  -20.414  -19.768  -15.387  -15.130
  -12.170  -11.870  -11.393  -11.234  -10.838   -9.523   -8.920   -8.190   -7.916   -7.461
   -6.162   -4.394   -3.809   -2.652   -2.417   -1.400   -1.032    2.028    2.566    3.323
    3.509    4.742    5.230    5.806    6.061
            0.436111  0.399334  0.000000
  -77.692  -49.249  -49.080  -48.902  -21.680  -21.632  -20.415  -19.769  -15.396  -15.139
  -12.161  -11.850  -11.376  -11.228  -10.836   -9.519   -8.919   -8.171   -7.915   -7.465
   -6.165   -4.389   -3.817   -2.655   -2.417   -1.430   -1.058    2.006    2.545    3.342
    3.536    4.750    5.236    5.798    6.068
            0.437500  0.396928  0.000000
  -77.693  -49.250  -49.079  -48.902  -21.685  -21.636  -20.417  -19.770  -15.404  -15.147
  -12.152  -11.831  -11.358  -11.221  -10.834   -9.515   -8.917   -8.153   -7.913   -7.468
   -6.169   -4.383   -3.825   -2.658   -2.416   -1.460   -1.083    1.984    2.524    3.361
    3.563    4.758    5.243    5.790    6.074
            0.438889  0.394523  0.000000
  -77.693  -49.251  -49.078  -48.902  -21.690  -21.641  -20.419  -19.772  -15.412  -15.156
  -12.145  -11.812  -11.339  -11.214  -10.832   -9.511   -8.916   -8.136   -7.911   -7.472
   -6.172   -4.378   -3.833   -2.662   -2.415   -1.489   -1.108    1.962    2.504    3.379
    3.591    4.766    5.249    5.781    6.080
            0.440278  0.392117  0.000000
  -77.693  -49.251  -49.077  -48.902  -21.694  -21.646  -20.420  -19.773  -15.421  -15.164
  -12.139  -11.796  -11.320  -11.205  -10.830   -9.507   -8.915   -8.119   -7.907   -7.476
   -6.175   -4.373   -3.840   -2.666   -2.414   -1.518   -1.133    1.941    2.484    3.397
    3.619    4.774    5.256    5.772    6.087
            0.441667  0.389711  0.000000
  -77.693  -49.252  -49.076  -48.902  -21.699  -21.650  -20.422  -19.774  -15.428  -15.172
  -12.133  -11.780  -11.300  -11.195  -10.827   -9.502   -8.915   -8.104   -7.903   -7.480
   -6.178   -4.368   -3.848   -2.671   -2.413   -1.547   -1.157    1.920    2.464    3.414
    3.647    4.783    5.263    5.763    6.093
            0.443056  0.387306  0.000000
  -77.693  -49.252  -49.075  -48.902  -21.703  -21.655  -20.424  -19.776  -15.436  -15.180
  -12.129  -11.765  -11.280  -11.184  -10.825   -9.498   -8.914   -8.090   -7.898   -7.483
   -6.182   -4.363   -3.856   -2.676   -2.411   -1.575   -1.181    1.900    2.445    3.431
    3.674    4.792    5.270    5.754    6.098
            0.444444  0.384900  0.000000
  -77.693  -49.253  -49.074  -48.902  -21.708  -21.659  -20.425  -19.777  -15.444  -15.187
  -12.125  -11.751  -11.260  -11.172  -10.823   -9.494   -8.913   -8.078   -7.892   -7.487
   -6.185   -4.358   -3.863   -2.681   -2.410   -1.603   -1.204    1.880    2.427    3.447
    3.702    4.801    5.277    5.745    6.104
            0.445833  0.382495  0.000000
  -77.693  -49.253  -49.073  -48.902  -21.712  -21.664  -20.427  -19.778  -15.451  -15.195
  -12.123  -11.739  -11.239  -11.158  -10.821   -9.489   -8.913   -8.068   -7.884   -7.490
   -6.188   -4.353   -3.871   -2.687   -2.408   -1.631   -1.227    1.860    2.409    3.463
    3.730    4.810    5.285    5.736    6.109
            0.447222  0.380089  0.000000
  -77.693  -49.254  -49.072  -48.902  -21.716  -21.668  -20.429  -19.779  -15.458  -15.202
  -12.120  -11.728  -11.219  -11.143  -10.818   -9.484   -8.913   -8.059   -7.875   -7.494
   -6.191   -4.348   -3.879   -2.694   -2.406   -1.658   -1.249    1.841    2.391    3.478
    3.758    4.819    5.292    5.727    6.114
            0.448611  0.377683  0.000000
  -77.693  -49.254  -49.072  -48.902  -21.721  -21.672  -20.430  -19.781  -15.465  -15.209
  -12.119  -11.717  -11.200  -11.127  -10.816   -9.480   -8.912   -8.051   -7.865   -7.497
   -6.194   -4.343   -3.886   -2.701   -2.404   -1.684   -1.271    1.822    2.374    3.492
    3.785    4.829    5.300    5.718    6.119
            0.450000  0.375278  0.000000
  -77.693  -49.254  -49.071  -48.902  -21.725  -21.676  -20.432  -19.782  -15.472  -15.216
  -12.118  -11.708  -11.181  -11.110  -10.814   -9.475   -8.912   -8.045   -7.854   -7.500
   -6.197   -4.338   -3.893   -2.708   -2.402   -1.710   -1.293    1.804    2.358    3.506
    3.812    4.838    5.308    5.708    6.124
            0.451389  0.372872  0.000000
  -77.693  -49.255  -49.070  -48.902  -21.729  -21.680  -20.433  -19.783  -15.479  -15.222
  -12.117  -11.699  -11.162  -11.091  -10.811   -9.470   -8.912   -8.041   -7.842   -7.503
   -6.200   -4.334   -3.901   -2.715   -2.399   -1.735   -1.314    1.786    2.342    3.520
    3.839    4.848    5.316    5.699    6.129
            0.452778  0.370466  0.000000
  -77.693  -49.255  -49.069  -48.902  -21.732  -21.684  -20.435  -19.784  -15.485  -15.229
  -12.117  -11.692  -11.144  -11.072  -10.808   -9.466   -8.912   -8.037   -7.830   -7.506
   -6.203   -4.329   -3.908   -2.723   -2.397   -1.760   -1.335    1.768    2.326    3.533
    3.865    4.858    5.325    5.690    6.133
            0.454167  0.368061  0.000000
  -77.693  -49.256  -49.068  -48.902  -21.736  -21.688  -20.436  -19.785  -15.491  -15.235
  -12.117  -11.685  -11.127  -11.052  -10.805   -9.461   -8.912   -8.034   -7.817   -7.509
   -6.205   -4.325   -3.915   -2.731   -2.395   -1.784   -1.355    1.751    2.311    3.545
    3.891    4.867    5.333    5.681    6.138
            0.455556  0.365655  0.000000
  -77.693  -49.256  -49.067  -48.902  -21.740  -21.691  -20.437  -19.787  -15.497  -15.241
  -12.118  -11.678  -11.110  -11.031  -10.802   -9.456   -8.912   -8.033   -7.804   -7.512
   -6.208   -4.321   -3.922   -2.740   -2.394   -1.806   -1.374    1.735    2.296    3.557
    3.917    4.877    5.342    5.672    6.142
            0.456944  0.363250  0.000000
  -77.693  -49.257  -49.067  -48.903  -21.743  -21.695  -20.439  -19.788  -15.503  -15.247
  -12.119  -11.673  -11.094  -11.011  -10.799   -9.451   -8.912   -8.032   -7.791   -7.514
   -6.211   -4.316   -3.929   -2.748   -2.392   -1.828   -1.394    1.719    2.282    3.569
    3.942    4.888    5.351    5.664    6.146
            0.458333  0.360844  0.000000
  -77.693  -49.257  -49.066  -48.903  -21.747  -21.698  -20.440  -19.789  -15.509  -15.253
  -12.120  -11.668  -11.078  -10.990  -10.796   -9.446   -8.912   -8.031   -7.778   -7.517
   -6.213   -4.312   -3.936   -2.757   -2.391   -1.849   -1.412    1.703    2.269    3.580
    3.966    4.898    5.360    5.655    6.150
            0.459722  0.358438  0.000000
  -77.693  -49.257  -49.065  -48.903  -21.750  -21.702  -20.441  -19.790  -15.515  -15.258
  -12.121  -11.664  -11.062  -10.968  -10.792   -9.442   -8.912   -8.031   -7.765   -7.519
   -6.216   -4.308   -3.943   -2.765   -2.390   -1.869   -1.430    1.688    2.255    3.591
    3.990    4.908    5.370    5.647    6.154
            0.461111  0.356033  0.000000
  -77.693  -49.258  -49.064  -48.903  -21.753  -21.705  -20.443  -19.791  -15.520  -15.264
  -12.123  -11.660  -11.048  -10.947  -10.788   -9.437   -8.912   -8.031   -7.752   -7.520
   -6.219   -4.304   -3.949   -2.774   -2.389   -1.888   -1.448    1.673    2.243    3.601
    4.013    4.918    5.379    5.639    6.158
            0.462500  0.353627  0.000000
  -77.693  -49.258  -49.064  -48.903  -21.757  -21.708  -20.444  -19.792  -15.525  -15.269
  -12.124  -11.656  -11.033  -10.927  -10.783   -9.432   -8.912   -8.031   -7.739   -7.522
   -6.221   -4.300   -3.956   -2.783   -2.389   -1.906   -1.465    1.659    2.230    3.611
    4.036    4.928    5.389    5.631    6.162
            0.463889  0.351221  0.000000
  -77.693  -49.258  -49.063  -48.903  -21.760  -21.711  -20.445  -19.793  -15.530  -15.274
  -12.126  -11.653  -11.020  -10.906  -10.779   -9.428   -8.912   -8.032   -7.728   -7.523
   -6.223   -4.296   -3.962   -2.792   -2.389   -1.923   -1.482    1.645    2.219    3.620
    4.057    4.939    5.399    5.623    6.165
            0.465278  0.348816  0.000000
  -77.693  -49.259  -49.062  -48.903  -21.762  -21.714  -20.446  -19.794  -15.535  -15.279
  -12.128  -11.651  -11.007  -10.886  -10.773   -9.423   -8.913   -8.033   -7.716   -7.524
   -6.226   -4.292   -3.969   -2.801   -2.390   -1.938   -1.498    1.632    2.207    3.629
    4.078    4.949    5.409    5.615    6.169
            0.466667  0.346410  0.000000
  -77.693  -49.259  -49.062  -48.903  -21.765  -21.717  -20.447  -19.795  -15.540  -15.283
  -12.129  -11.648  -10.995  -10.866  -10.768   -9.419   -8.913   -8.034   -7.706   -7.524
   -6.228   -4.289   -3.975   -2.810   -2.391   -1.952   -1.514    1.619    2.196    3.637
    4.099    4.959    5.419    5.608    6.172
            0.468056  0.344005  0.000000
  -77.693  -49.259  -49.061  -48.903  -21.768  -21.720  -20.449  -19.796  -15.544  -15.288
  -12.131  -11.646  -10.984  -10.847  -10.762   -9.415   -8.913   -8.035   -7.696   -7.524
   -6.230   -4.285   -3.981   -2.819   -2.393   -1.964   -1.529    1.607    2.186    3.645
    4.118    4.969    5.430    5.601    6.175
            0.469444  0.341599  0.000000
  -77.693  -49.260  -49.061  -48.903  -21.771  -21.722  -20.450  -19.796  -15.548  -15.292
  -12.133  -11.645  -10.973  -10.829  -10.755   -9.410   -8.913   -8.037   -7.687   -7.524
   -6.233   -4.282   -3.987   -2.828   -2.396   -1.976   -1.543    1.595    2.176    3.652
    4.137    4.979    5.440    5.594    6.179
            0.470833  0.339193  0.000000
  -77.693  -49.260  -49.060  -48.903  -21.773  -21.725  -20.451  -19.797  -15.552  -15.296
  -12.135  -11.643  -10.964  -10.811  -10.748   -9.406   -8.913   -8.038   -7.678   -7.522
   -6.235   -4.278   -3.992   -2.836   -2.399   -1.986   -1.558    1.584    2.166    3.660
    4.155    4.989    5.451    5.588    6.182
            0.472222  0.336788  0.000000
  -77.693  -49.260  -49.060  -48.903  -21.775  -21.727  -20.452  -19.798  -15.556  -15.300
  -12.137  -11.642  -10.955  -10.794  -10.741   -9.402   -8.913   -8.039   -7.671   -7.521
   -6.237   -4.275   -3.998   -2.845   -2.403   -1.994   -1.571    1.573    2.157    3.666
    4.171    4.998    5.461    5.582    6.185
            0.473611  0.334382  0.000000
  -77.694  -49.260  -49.059  -48.903  -21.778  -21.729  -20.452  -19.799  -15.560  -15.304
  -12.139  -11.641  -10.947  -10.778  -10.733   -9.398   -8.914   -8.041   -7.664   -7.519
   -6.239   -4.271   -4.003   -2.853   -2.407   -2.002   -1.584    1.563    2.149    3.673
    4.188    5.008    5.472    5.576    6.188
            0.475000  0.331976  0.000000
  -77.694  -49.261  -49.059  -48.903  -21.780  -21.731  -20.453  -19.799  -15.563  -15.307
  -12.141  -11.640  -10.940  -10.762  -10.724   -9.395   -8.914   -8.042   -7.659   -7.516
   -6.241   -4.268   -4.009   -2.861   -2.412   -2.008   -1.597    1.553    2.141    3.679
    4.203    5.017    5.483    5.571    6.191
            0.476389  0.329571  0.000000
  -77.694  -49.261  -49.058  -48.903  -21.782  -21.733  -20.454  -19.800  -15.567  -15.311
  -12.143  -11.639  -10.933  -10.748  -10.715   -9.391   -8.914   -8.044   -7.654   -7.513
   -6.242   -4.265   -4.014   -2.869   -2.417   -2.013   -1.609    1.544    2.133    3.684
    4.217    5.026    5.493    5.566    6.193
            0.477778  0.327165  0.000000
  -77.694  -49.261  -49.058  -48.903  -21.784  -21.735  -20.455  -19.801  -15.570  -15.314
  -12.144  -11.638  -10.928  -10.735  -10.706   -9.388   -8.914   -8.045   -7.650   -7.509
   -6.244   -4.262   -4.019   -2.876   -2.422   -2.017   -1.621    1.535    2.126    3.690
    4.231    5.034    5.503    5.561    6.196
            0.479167  0.324760  0.000000
  -77.694  -49.261  -49.057  -48.903  -21.786  -21.737  -20.456  -19.801  -15.573  -15.317
  -12.146  -11.637  -10.923  -10.723  -10.696   -9.385   -8.914   -8.046   -7.647   -7.506
   -6.246   -4.259   -4.023   -2.883   -2.428   -2.020   -1.632    1.527    2.119    3.694
    4.243    5.042    5.513    5.557    6.199
            0.480556  0.322354  0.000000
  -77.694  -49.261  -49.057  -48.903  -21.787  -21.739  -20.456  -19.802  -15.576  -15.319
  -12.148  -11.637  -10.918  -10.713  -10.686   -9.381   -8.914   -8.048   -7.644   -7.502
   -6.247   -4.257   -4.028   -2.890   -2.433   -2.022   -1.642    1.519    2.112    3.699
    4.255    5.050    5.522    5.554    6.201
            0.481944  0.319948  0.000000
  -77.694  -49.262  -49.057  -48.903  -21.789  -21.740  -20.457  -19.803  -15.578  -15.322
  -12.149  -11.636  -10.914  -10.704  -10.675   -9.379   -8.914   -8.049   -7.642   -7.497
   -6.249   -4.254   -4.032   -2.897   -2.439   -2.024   -1.652    1.512    2.106    3.703
    4.266    5.057    5.530    5.552    6.203
            0.483333  0.317543  0.000000
  -77.694  -49.262  -49.056  -48.903  -21.790  -21.742  -20.458  -19.803  -15.580  -15.324
  -12.151  -11.636  -10.911  -10.695  -10.665   -9.376   -8.914   -8.050   -7.640   -7.493
   -6.250   -4.252   -4.036   -2.903   -2.445   -2.025   -1.661    1.505    2.101    3.707
    4.276    5.064    5.534    5.553    6.206
            0.484722  0.315137  0.000000
  -77.694  -49.262  -49.056  -48.903  -21.792  -21.743  -20.458  -19.803  -15.583  -15.326
  -12.152  -11.635  -10.908  -10.687  -10.655   -9.373   -8.914   -8.052   -7.639   -7.489
   -6.252   -4.249   -4.040   -2.909   -2.450   -2.025   -1.670    1.499    2.096    3.711
    4.285    5.071    5.535    5.558    6.208
            0.486111  0.312731  0.000000
  -77.694  -49.262  -49.056  -48.903  -21.793  -21.745  -20.459  -19.804  -15.585  -15.328
  -12.153  -11.635  -10.905  -10.680  -10.646   -9.371   -8.915   -8.053   -7.638   -7.485
   -6.253   -4.247   -4.043   -2.914   -2.456   -2.025   -1.678    1.493    2.091    3.714
    4.294    5.076    5.533    5.565    6.210
            0.487500  0.310326  0.000000
  -77.694  -49.262  -49.056  -48.903  -21.794  -21.746  -20.459  -19.804  -15.586  -15.330
  -12.154  -11.635  -10.903  -10.674  -10.637   -9.369   -8.915   -8.054   -7.637   -7.481
   -6.254   -4.245   -4.046   -2.919   -2.461   -2.025   -1.686    1.488    2.087    3.717
    4.301    5.082    5.531    5.572    6.211
            0.488889  0.307920  0.000000
  -77.694  -49.262  -49.055  -48.903  -21.795  -21.747  -20.460  -19.805  -15.588  -15.332
  -12.155  -11.635  -10.901  -10.668  -10.630   -9.367   -8.915   -8.055   -7.637   -7.478
   -6.255   -4.243   -4.049   -2.923   -2.465   -2.024   -1.692    1.484    2.083    3.719
    4.308    5.087    5.529    5.579    6.213
            0.490278  0.305515  0.000000
  -77.694  -49.262  -49.055  -48.903  -21.796  -21.748  -20.460  -19.805  -15.589  -15.333
  -12.156  -11.634  -10.899  -10.663  -10.623   -9.365   -8.915   -8.055   -7.636   -7.475
   -6.256   -4.241   -4.052   -2.927   -2.470   -2.023   -1.698    1.480    2.080    3.721
    4.314    5.091    5.528    5.586    6.214
            0.491667  0.303109  0.000000
  -77.694  -49.262  -49.055  -48.903  -21.797  -21.748  -20.460  -19.805  -15.591  -15.335
  -12.157  -11.634  -10.898  -10.659  -10.617   -9.364   -8.915   -8.056   -7.636   -7.472
   -6.257   -4.240   -4.054   -2.930   -2.473   -2.022   -1.704    1.476    2.077    3.723
    4.319    5.095    5.526    5.592    6.216
            0.493056  0.300703  0.000000
  -77.694  -49.263  -49.055  -48.903  -21.797  -21.749  -20.461  -19.805  -15.592  -15.336
  -12.158  -11.634  -10.897  -10.655  -10.612   -9.363   -8.915   -8.057   -7.636   -7.470
   -6.257   -4.239   -4.056   -2.933   -2.477   -2.022   -1.708    1.473    2.075    3.725
    4.323    5.098    5.525    5.597    6.217
            0.494444  0.298298  0.000000
  -77.694  -49.263  -49.055  -48.903  -21.798  -21.749  -20.461  -19.806  -15.593  -15.336
  -12.158  -11.634  -10.896  -10.652  -10.607   -9.362   -8.915   -8.057   -7.636   -7.467
   -6.258   -4.238   -4.058   -2.935   -2.479   -2.021   -1.712    1.471    2.073    3.726
    4.327    5.101    5.523    5.601    6.218
            0.495833  0.295892  0.000000
  -77.694  -49.263  -49.055  -48.903  -21.798  -21.750  -20.461  -19.806  -15.593  -15.337
  -12.159  -11.634  -10.895  -10.649  -10.604   -9.361   -8.915   -8.058   -7.636   -7.466
   -6.258   -4.237   -4.059   -2.937   -2.481   -2.020   -1.715    1.469    2.071    3.727
    4.329    5.103    5.523    5.604    6.218
            0.497222  0.293486  0.000000
  -77.694  -49.263  -49.055  -48.903  -21.799  -21.750  -20.461  -19.806  -15.594  -15.338
  -12.159  -11.634  -10.895  -10.647  -10.602   -9.360   -8.915   -8.058   -7.636   -7.465
   -6.258   -4.236   -4.060   -2.939   -2.483   -2.020   -1.717    1.468    2.070    3.728
    4.331    5.104    5.522    5.607    6.219
            0.498611  0.291081  0.000000
  -77.694  -49.263  -49.054  -48.903  -21.799  -21.750  -20.461  -19.806  -15.594  -15.338
  -12.159  -11.634  -10.894  -10.646  -10.600   -9.360   -8.915   -8.058   -7.636   -7.464
   -6.259   -4.236   -4.061   -2.939   -2.484   -2.019   -1.719    1.467    2.070    3.729
    4.332    5.105    5.521    5.608    6.219
            0.500000  0.288675  0.000000
  -77.694  -49.263  -49.054  -48.903  -21.799  -21.750  -20.461  -19.806  -15.594  -15.338
  -12.159  -11.634  -10.894  -10.646  -10.600   -9.360   -8.915   -8.058   -7.636   -7.464
   -6.259   -4.236   -4.061   -2.940   -2.484   -2.019   -1.719    1.467    2.069    3.729
    4.333    5.105    5.521    5.609    6.219
            0.497500  0.287232  0.000000
  -77.694  -49.263  -49.054  -48.903  -21.799  -21.751  -20.461  -19.806  -15.594  -15.338
  -12.159  -11.634  -10.894  -10.646  -10.600   -9.360   -8.915   -8.058   -7.636   -7.464
   -6.259   -4.236   -4.061   -2.940   -2.484   -2.019   -1.719    1.467    2.070    3.729
    4.332    5.105    5.521    5.609    6.219
            0.495000  0.285788  0.000000
  -77.694  -49.263  -49.054  -48.903  -21.800  -21.752  -20.461  -19.806  -15.593  -15.337
  -12.160  -11.633  -10.894  -10.646  -10.599   -9.360   -8.915   -8.059   -7.636   -7.464
   -6.259   -4.235   -4.061   -2.939   -2.483   -2.019   -1.719    1.467    2.070    3.728
    4.331    5.105    5.522    5.609    6.219
            0.492500  0.284345  0.000000
  -77.694  -49.263  -49.054  -48.903  -21.802  -21.753  -20.461  -19.805  -15.591  -15.335
  -12.160  -11.632  -10.893  -10.645  -10.599   -9.360   -8.914   -8.059   -7.636   -7.465
   -6.259   -4.235   -4.060   -2.939   -2.482   -2.020   -1.718    1.468    2.071    3.727
    4.329    5.105    5.522    5.609    6.219
            0.490000  0.282902  0.000000
  -77.694  -49.262  -49.054  -48.903  -21.804  -21.756  -20.461  -19.805  -15.588  -15.332
  -12.161  -11.630  -10.893  -10.645  -10.599   -9.359   -8.914   -8.060   -7.636   -7.465
   -6.259   -4.235   -4.060   -2.938   -2.480   -2.020   -1.718    1.469    2.072    3.726
    4.327    5.105    5.522    5.609    6.219
            0.487500  0.281458  0.000000
  -77.694  -49.262  -49.054  -48.903  -21.807  -21.759  -20.461  -19.805  -15.585  -15.329
  -12.162  -11.628  -10.892  -10.644  -10.598   -9.359   -8.913   -8.062   -7.635   -7.466
   -6.260   -4.234   -4.059   -2.938   -2.478   -2.020   -1.717    1.470    2.073    3.724
    4.324    5.105    5.523    5.610    6.219
            0.485000  0.280015  0.000000
  -77.694  -49.262  -49.054  -48.904  -21.811  -21.762  -20.461  -19.804  -15.581  -15.325
  -12.163  -11.626  -10.892  -10.643  -10.597   -9.359   -8.912   -8.063   -7.635   -7.467
   -6.260   -4.233   -4.058   -2.937   -2.475   -2.021   -1.716    1.471    2.074    3.723
    4.320    5.104    5.523    5.610    6.219
            0.482500  0.278572  0.000000
  -77.694  -49.262  -49.054  -48.904  -21.815  -21.766  -20.461  -19.803  -15.577  -15.321
  -12.165  -11.623  -10.891  -10.642  -10.596   -9.358   -8.911   -8.065   -7.635   -7.469
   -6.260   -4.232   -4.057   -2.936   -2.471   -2.022   -1.716    1.473    2.076    3.720
    4.315    5.104    5.524    5.611    6.219
            0.480000  0.277128  0.000000
  -77.694  -49.262  -49.054  -48.904  -21.820  -21.771  -20.461  -19.802  -15.571  -15.315
  -12.167  -11.620  -10.890  -10.641  -10.595   -9.358   -8.910   -8.067   -7.635   -7.470
   -6.261   -4.231   -4.055   -2.934   -2.467   -2.022   -1.714    1.475    2.078    3.718
    4.309    5.104    5.525    5.612    6.218
            0.477500  0.275685  0.000000
  -77.694  -49.261  -49.054  -48.904  -21.825  -21.777  -20.462  -19.802  -15.565  -15.309
  -12.169  -11.616  -10.888  -10.640  -10.594   -9.357   -8.909   -8.070   -7.635   -7.472
   -6.261   -4.230   -4.054   -2.933   -2.463   -2.023   -1.713    1.477    2.080    3.715
    4.303    5.103    5.526    5.612    6.218
            0.475000  0.274241  0.000000
  -77.694  -49.261  -49.054  -48.904  -21.832  -21.783  -20.462  -19.801  -15.559  -15.303
  -12.171  -11.612  -10.887  -10.639  -10.593   -9.356   -8.908   -8.073   -7.635   -7.474
   -6.262   -4.228   -4.052   -2.932   -2.458   -2.024   -1.712    1.480    2.083    3.712
    4.297    5.103    5.527    5.613    6.218
            0.472500  0.272798  0.000000
  -77.694  -49.261  -49.054  -48.904  -21.838  -21.789  -20.462  -19.800  -15.551  -15.295
  -12.173  -11.608  -10.885  -10.637  -10.591   -9.356   -8.907   -8.076   -7.634   -7.476
   -6.263   -4.227   -4.051   -2.930   -2.452   -2.025   -1.710    1.482    2.085    3.708
    4.289    5.102    5.528    5.614    6.217
            0.470000  0.271355  0.000000
  -77.694  -49.260  -49.054  -48.904  -21.846  -21.797  -20.462  -19.798  -15.543  -15.287
  -12.175  -11.603  -10.884  -10.635  -10.589   -9.355   -8.905   -8.079   -7.634   -7.478
   -6.264   -4.225   -4.049   -2.928   -2.446   -2.026   -1.708    1.485    2.088    3.705
    4.281    5.101    5.530    5.615    6.217
            0.467500  0.269911  0.000000
  -77.694  -49.260  -49.054  -48.904  -21.854  -21.805  -20.462  -19.797  -15.534  -15.278
  -12.178  -11.598  -10.882  -10.634  -10.588   -9.354   -8.903   -8.082   -7.634   -7.481
   -6.264   -4.223   -4.047   -2.926   -2.439   -2.027   -1.707    1.488    2.092    3.700
    4.272    5.100    5.531    5.617    6.216
            0.465000  0.268468  0.000000
  -77.694  -49.260  -49.054  -48.904  -21.862  -21.813  -20.463  -19.796  -15.525  -15.269
  -12.181  -11.592  -10.880  -10.632  -10.586   -9.353   -8.902   -8.086   -7.634   -7.483
   -6.265   -4.221   -4.044   -2.924   -2.432   -2.029   -1.704    1.492    2.095    3.696
    4.263    5.099    5.533    5.618    6.216
            0.462500  0.267025  0.000000
  -77.694  -49.259  -49.054  -48.904  -21.871  -21.822  -20.463  -19.795  -15.514  -15.259
  -12.184  -11.586  -10.878  -10.629  -10.584   -9.352   -8.900   -8.090   -7.634   -7.486
   -6.266   -4.219   -4.042   -2.922   -2.424   -2.030   -1.702    1.496    2.099    3.691
    4.253    5.098    5.535    5.619    6.215
            0.460000  0.265581  0.000000
  -77.694  -49.259  -49.054  -48.904  -21.881  -21.832  -20.463  -19.793  -15.504  -15.248
  -12.187  -11.580  -10.876  -10.627  -10.581   -9.351   -8.898   -8.094   -7.633   -7.489
   -6.267   -4.217   -4.039   -2.920   -2.416   -2.032   -1.700    1.499    2.103    3.686
    4.242    5.097    5.536    5.621    6.215
            0.457500  0.264138  0.000000
  -77.694  -49.258  -49.053  -48.904  -21.891  -21.842  -20.464  -19.792  -15.492  -15.237
  -12.190  -11.573  -10.874  -10.625  -10.579   -9.350   -8.895   -8.099   -7.633   -7.493
   -6.268   -4.215   -4.036   -2.917   -2.408   -2.033   -1.697    1.504    2.107    3.680
    4.231    5.095    5.539    5.622    6.214
            0.455000  0.262694  0.000000
  -77.694  -49.257  -49.053  -48.904  -21.902  -21.852  -20.465  -19.791  -15.480  -15.224
  -12.194  -11.566  -10.872  -10.622  -10.577   -9.348   -8.893   -8.103   -7.633   -7.496
   -6.270   -4.212   -4.034   -2.915   -2.398   -2.035   -1.694    1.508    2.111    3.675
    4.219    5.094    5.541    5.624    6.214
            0.452500  0.261251  0.000000
  -77.695  -49.257  -49.053  -48.905  -21.913  -21.863  -20.465  -19.789  -15.467  -15.212
  -12.198  -11.559  -10.869  -10.620  -10.574   -9.347   -8.890   -8.108   -7.632   -7.500
   -6.271   -4.209   -4.031   -2.913   -2.389   -2.037   -1.691    1.513    2.116    3.668
    4.207    5.092    5.543    5.625    6.213
            0.450000  0.259808  0.000000
  -77.695  -49.256  -49.053  -48.905  -21.925  -21.875  -20.466  -19.788  -15.453  -15.198
  -12.201  -11.551  -10.866  -10.617  -10.571   -9.345   -8.888   -8.113   -7.632   -7.503
   -6.272   -4.207   -4.027   -2.910   -2.379   -2.038   -1.688    1.518    2.121    3.662
    4.194    5.090    5.545    5.627    6.212
            0.447500  0.258364  0.000000
  -77.695  -49.256  -49.053  -48.905  -21.937  -21.887  -20.467  -19.786  -15.439  -15.184
  -12.205  -11.543  -10.864  -10.614  -10.568   -9.344   -8.885   -8.119   -7.632   -7.507
   -6.273   -4.204   -4.024   -2.907   -2.368   -2.040   -1.684    1.523    2.126    3.655
    4.180    5.088    5.548    5.629    6.211
            0.445000  0.256921  0.000000
  -77.695  -49.255  -49.053  -48.905  -21.950  -21.899  -20.468  -19.785  -15.424  -15.169
  -12.209  -11.535  -10.861  -10.611  -10.565   -9.342   -8.882   -8.124   -7.631   -7.512
   -6.274   -4.201   -4.021   -2.905   -2.357   -2.043   -1.681    1.528    2.131    3.648
    4.166    5.086    5.550    5.630    6.210
            0.442500  0.255478  0.000000
  -77.695  -49.254  -49.052  -48.905  -21.963  -21.912  -20.470  -19.784  -15.409  -15.154
  -12.213  -11.526  -10.858  -10.607  -10.562   -9.340   -8.879   -8.130   -7.631   -7.516
   -6.276   -4.197   -4.017   -2.902   -2.345   -2.045   -1.677    1.534    2.137    3.641
    4.151    5.084    5.553    5.632    6.209
            0.440000  0.254034  0.000000
  -77.695  -49.253  -49.052  -48.905  -21.977  -21.926  -20.471  -19.782  -15.393  -15.137
  -12.217  -11.518  -10.855  -10.604  -10.559   -9.338   -8.876   -8.135   -7.631   -7.521
   -6.277   -4.194   -4.013   -2.900   -2.333   -2.047   -1.672    1.540    2.143    3.633
    4.136    5.082    5.556    5.634    6.208
            0.437500  0.252591  0.000000
  -77.695  -49.253  -49.052  -48.905  -21.991  -21.940  -20.472  -19.781  -15.376  -15.121
  -12.222  -11.509  -10.852  -10.600  -10.555   -9.336   -8.873   -8.141   -7.630   -7.525
   -6.279   -4.190   -4.009   -2.897   -2.320   -2.049   -1.668    1.546    2.149    3.625
    4.121    5.079    5.559    5.636    6.207
            0.435000  0.251147  0.000000
  -77.695  -49.252  -49.052  -48.905  -22.005  -21.954  -20.474  -19.780  -15.359  -15.103
  -12.226  -11.500  -10.849  -10.597  -10.552   -9.333   -8.869   -8.147   -7.630   -7.530
   -6.280   -4.187   -4.006   -2.894   -2.307   -2.052   -1.663    1.552    2.155    3.617
    4.105    5.077    5.562    5.638    6.205
            0.432500  0.249704  0.000000
  -77.695  -49.251  -49.052  -48.906  -22.020  -21.969  -20.476  -19.778  -15.341  -15.085
  -12.230  -11.490  -10.846  -10.593  -10.548   -9.331   -8.866   -8.154   -7.630   -7.535
   -6.281   -4.183   -4.001   -2.892   -2.294   -2.054   -1.658    1.559    2.161    3.608
    4.088    5.074    5.565    5.640    6.204
            0.430000  0.248261  0.000000
  -77.695  -49.250  -49.052  -48.906  -22.035  -21.984  -20.478  -19.777  -15.323  -15.066
  -12.235  -11.480  -10.843  -10.589  -10.544   -9.328   -8.862   -8.160   -7.629   -7.540
   -6.283   -4.179   -3.997   -2.889   -2.280   -2.057   -1.653    1.565    2.168    3.599
    4.071    5.071    5.568    5.642    6.203
            0.427500  0.246817  0.000000
  -77.696  -49.249  -49.051  -48.906  -22.051  -21.999  -20.480  -19.776  -15.303  -15.047
  -12.240  -11.470  -10.839  -10.585  -10.540   -9.326   -8.858   -8.166   -7.629   -7.546
   -6.284   -4.175   -3.993   -2.886   -2.266   -2.060   -1.647    1.572    2.174    3.590
    4.054    5.069    5.571    5.644    6.201
            0.425000  0.245374  0.000000
  -77.696  -49.248  -49.051  -48.906  -22.067  -22.015  -20.482  -19.775  -15.284  -15.027
  -12.244  -11.460  -10.836  -10.580  -10.536   -9.323   -8.854   -8.173   -7.628   -7.551
   -6.286   -4.171   -3.988   -2.884   -2.251   -2.063   -1.641    1.580    2.181    3.581
    4.036    5.066    5.574    5.646    6.199
            0.422500  0.243931  0.000000
  -77.696  -49.247  -49.051  -48.906  -22.083  -22.031  -20.485  -19.774  -15.263  -15.007
  -12.249  -11.450  -10.832  -10.576  -10.532   -9.320   -8.850   -8.180   -7.628   -7.557
   -6.287   -4.167   -3.984   -2.881   -2.236   -2.066   -1.635    1.587    2.188    3.571
    4.018    5.063    5.577    5.648    6.198
            0.420000  0.242487  0.000000
  -77.696  -49.246  -49.051  -48.906  -22.100  -22.047  -20.487  -19.773  -15.243  -14.986
  -12.254  -11.439  -10.829  -10.571  -10.527   -9.317   -8.846   -8.187   -7.627   -7.563
   -6.289   -4.162   -3.979   -2.879   -2.220   -2.068   -1.628    1.595    2.195    3.561
    3.999    5.059    5.581    5.650    6.196
            0.417500  0.241044  0.000000
  -77.696  -49.245  -49.050  -48.907  -22.117  -22.064  -20.490  -19.772  -15.221  -14.964
  -12.259  -11.429  -10.825  -10.567  -10.523   -9.313   -8.842   -8.194   -7.627   -7.569
   -6.290   -4.158   -3.974   -2.877   -2.204   -2.072   -1.621    1.602    2.203    3.551
    3.981    5.056    5.584    5.652    6.194
            0.415000  0.239600  0.000000
  -77.696  -49.244  -49.050  -48.907  -22.134  -22.081  -20.493  -19.771  -15.199  -14.942
  -12.264  -11.418  -10.822  -10.562  -10.518   -9.310   -8.837   -8.201   -7.627   -7.575
   -6.292   -4.153   -3.969   -2.875   -2.187   -2.075   -1.614    1.610    2.210    3.541
    3.961    5.053    5.587    5.653    6.192
            0.412500  0.238157  0.000000
  -77.696  -49.243  -49.050  -48.907  -22.152  -22.098  -20.496  -19.770  -15.177  -14.919
  -12.269  -11.406  -10.818  -10.557  -10.513   -9.306   -8.833   -8.208   -7.626   -7.582
   -6.293   -4.148   -3.964   -2.873   -2.170   -2.078   -1.607    1.619    2.218    3.530
    3.942    5.050    5.590    5.655    6.189
            0.410000  0.236714  0.000000
  -77.696  -49.242  -49.050  -48.907  -22.170  -22.116  -20.500  -19.770  -15.154  -14.895
  -12.274  -11.395  -10.814  -10.552  -10.508   -9.302   -8.828   -8.215   -7.626   -7.588
   -6.295   -4.143   -3.959   -2.871   -2.153   -2.082   -1.599    1.627    2.225    3.519
    3.922    5.046    5.593    5.657    6.187
            0.407500  0.235270  0.000000
  -77.697  -49.241  -49.049  -48.908  -22.188  -22.134  -20.504  -19.769  -15.130  -14.871
  -12.280  -11.384  -10.810  -10.547  -10.503   -9.298   -8.823   -8.222   -7.625   -7.595
   -6.296   -4.138   -3.954   -2.869   -2.135   -2.085   -1.590    1.636    2.233    3.508
    3.902    5.043    5.596    5.659    6.184
            0.405000  0.233827  0.000000
  -77.697  -49.240  -49.049  -48.908  -22.206  -22.152  -20.507  -19.769  -15.106  -14.847
  -12.285  -11.372  -10.807  -10.541  -10.498   -9.294   -8.818   -8.229   -7.624   -7.602
   -6.298   -4.133   -3.949   -2.867   -2.117   -2.089   -1.582    1.644    2.241    3.497
    3.881    5.039    5.599    5.661    6.182
            0.402500  0.232384  0.000000
  -77.697  -49.239  -49.049  -48.908  -22.225  -22.170  -20.511  -19.768  -15.082  -14.821
  -12.290  -11.360  -10.803  -10.536  -10.493   -9.290   -8.813   -8.237   -7.624   -7.609
   -6.299   -4.128   -3.944   -2.866   -2.099   -2.092   -1.573    1.653    2.249    3.485
    3.860    5.036    5.602    5.663    6.179
            0.400000  0.230940  0.000000
  -77.697  -49.237  -49.049  -48.908  -22.244  -22.189  -20.516  -19.768  -15.057  -14.796
  -12.295  -11.349  -10.799  -10.530  -10.487   -9.285   -8.808   -8.244   -7.623   -7.616
   -6.300   -4.122   -3.938   -2.865   -2.096   -2.080   -1.563    1.662    2.257    3.474
    3.839    5.032    5.605    5.664    6.176
            0.397500  0.229497  0.000000
  -77.697  -49.236  -49.048  -48.908  -22.263  -22.208  -20.520  -19.768  -15.032  -14.770
  -12.301  -11.337  -10.795  -10.524  -10.482   -9.280   -8.803   -8.252   -7.623   -7.623
   -6.302   -4.117   -3.933   -2.863   -2.100   -2.060   -1.554    1.672    2.265    3.462
    3.818    5.029    5.608    5.666    6.172
            0.395000  0.228053  0.000000
  -77.697  -49.235  -49.048  -48.909  -22.282  -22.227  -20.525  -19.768  -15.006  -14.743
  -12.306  -11.325  -10.791  -10.519  -10.476   -9.275   -8.797   -8.259   -7.631   -7.622
   -6.303   -4.111   -3.927   -2.862   -2.104   -2.041   -1.543    1.681    2.273    3.450
    3.796    5.025    5.611    5.667    6.169
            0.392500  0.226610  0.000000
  -77.698  -49.233  -49.048  -48.909  -22.302  -22.246  -20.530  -19.768  -14.979  -14.715
  -12.312  -11.312  -10.787  -10.513  -10.470   -9.270   -8.792   -8.267   -7.638   -7.621
   -6.304   -4.105   -3.922   -2.862   -2.108   -2.021   -1.533    1.690    2.281    3.438
    3.775    5.021    5.613    5.668    6.165
            0.390000  0.225167  0.000000
  -77.698  -49.232  -49.047  -48.909  -22.322  -22.265  -20.535  -19.769  -14.953  -14.688
  -12.317  -11.300  -10.783  -10.506  -10.464   -9.264   -8.786   -8.274   -7.646   -7.621
   -6.305   -4.100   -3.916   -2.861   -2.112   -2.001   -1.522    1.700    2.289    3.426
    3.753    5.018    5.616    5.670    6.161
            0.387500  0.223723  0.000000
  -77.698  -49.231  -49.047  -48.909  -22.341  -22.285  -20.540  -19.769  -14.926  -14.659
  -12.323  -11.288  -10.779  -10.500  -10.458   -9.259   -8.780   -8.282   -7.654   -7.620
   -6.306   -4.094   -3.910   -2.861   -2.117   -1.980   -1.510    1.710    2.297    3.414
    3.731    5.014    5.618    5.671    6.157
            0.385000  0.222280  0.000000
  -77.698  -49.229  -49.047  -48.910  -22.361  -22.305  -20.545  -19.770  -14.898  -14.631
  -12.328  -11.276  -10.775  -10.494  -10.452   -9.253   -8.775   -8.289   -7.662   -7.619
   -6.307   -4.088   -3.905   -2.861   -2.121   -1.959   -1.499    1.720    2.304    3.402
    3.708    5.010    5.620    5.672    6.153
            0.382500  0.220837  0.000000
  -77.698  -49.228  -49.046  -48.910  -22.382  -22.325  -20.551  -19.770  -14.870  -14.601
  -12.334  -11.263  -10.771  -10.487  -10.445   -9.247   -8.769   -8.297   -7.670   -7.618
   -6.308   -4.081   -3.899   -2.861   -2.126   -1.938   -1.487    1.730    2.312    3.390
    3.686    5.006    5.622    5.673    6.149
            0.380000  0.219393  0.000000
  -77.699  -49.227  -49.046  -48.910  -22.402  -22.345  -20.557  -19.771  -14.842  -14.571
  -12.340  -11.251  -10.767  -10.481  -10.439   -9.240   -8.762   -8.304   -7.678   -7.617
   -6.309   -4.075   -3.893   -2.861   -2.130   -1.916   -1.474    1.740    2.320    3.377
    3.663    5.002    5.624    5.673    6.144
            0.377500  0.217950  0.000000
  -77.699  -49.225  -49.046  -48.910  -22.422  -22.365  -20.563  -19.772  -14.813  -14.541
  -12.345  -11.238  -10.763  -10.474  -10.432   -9.234   -8.756   -8.312   -7.686   -7.616
   -6.310   -4.069   -3.887   -2.862   -2.135   -1.894   -1.461    1.750    2.327    3.365
    3.641    4.998    5.626    5.674    6.139
            0.375000  0.216506  0.000000
  -77.699  -49.224  -49.045  -48.911  -22.443  -22.385  -20.569  -19.773  -14.784  -14.510
  -12.351  -11.226  -10.758  -10.467  -10.426   -9.227   -8.750   -8.320   -7.695   -7.615
   -6.310   -4.062   -3.881   -2.863   -2.140   -1.872   -1.448    1.760    2.335    3.353
    3.618    4.994    5.627    5.674    6.133
            0.372500  0.215063  0.000000
  -77.699  -49.222  -49.045  -48.911  -22.464  -22.405  -20.576  -19.774  -14.754  -14.479
  -12.356  -11.213  -10.754  -10.460  -10.419   -9.220   -8.743   -8.327   -7.703   -7.614
   -6.311   -4.056   -3.875   -2.864   -2.145   -1.850   -1.434    1.770    2.342    3.341
    3.595    4.990    5.628    5.674    6.128
            0.370000  0.213620  0.000000
  -77.699  -49.221  -49.045  -48.911  -22.485  -22.426  -20.582  -19.776  -14.725  -14.447
  -12.362  -11.201  -10.750  -10.453  -10.412   -9.212   -8.737   -8.335   -7.712   -7.613
   -6.311   -4.049   -3.869   -2.865   -2.150   -1.827   -1.419    1.781    2.349    3.329
    3.572    4.985    5.629    5.674    6.122
            0.367500  0.212176  0.000000
  -77.700  -49.219  -49.044  -48.912  -22.506  -22.447  -20.589  -19.777  -14.695  -14.415
  -12.368  -11.188  -10.745  -10.445  -10.405   -9.205   -8.730   -8.343   -7.721   -7.612
   -6.312   -4.042   -3.863   -2.866   -2.155   -1.804   -1.405    1.791    2.356    3.317
    3.549    4.981    5.630    5.674    6.116
            0.365000  0.210733  0.000000
  -77.700  -49.218  -49.044  -48.912  -22.527  -22.467  -20.596  -19.779  -14.664  -14.383
  -12.373  -11.176  -10.741  -10.438  -10.398   -9.197   -8.723   -8.350   -7.730   -7.611
   -6.312   -4.035   -3.857   -2.868   -2.160   -1.780   -1.390    1.801    2.362    3.305
    3.526    4.976    5.630    5.673    6.110
            0.362500  0.209289  0.000000
  -77.700  -49.216  -49.044  -48.912  -22.548  -22.488  -20.603  -19.780  -14.634  -14.350
  -12.379  -11.164  -10.736  -10.430  -10.390   -9.189   -8.716   -8.358   -7.739   -7.610
   -6.312   -4.028   -3.851   -2.870   -2.165   -1.757   -1.374    1.812    2.368    3.294
    3.503    4.972    5.631    5.672    6.103
            0.360000  0.207846  0.000000
  -77.700  -49.214  -49.043  -48.912  -22.569  -22.509  -20.611  -19.782  -14.603  -14.316
  -12.384  -11.151  -10.731  -10.423  -10.383   -9.180   -8.709   -8.365   -7.748   -7.609
   -6.312   -4.021   -3.845   -2.872   -2.171   -1.733   -1.359    1.822    2.374    3.283
    3.481    4.967    5.630    5.671    6.096
            0.357500  0.206403  0.000000
  -77.700  -49.213  -49.043  -48.913  -22.590  -22.530  -20.618  -19.784  -14.572  -14.282
  -12.389  -11.139  -10.726  -10.415  -10.375   -9.172   -8.702   -8.373   -7.757   -7.607
   -6.311   -4.014   -3.838   -2.875   -2.176   -1.709   -1.342    1.832    2.379    3.272
    3.458    4.962    5.630    5.670    6.088
            0.355000  0.204959  0.000000
  -77.701  -49.211  -49.043  -48.913  -22.611  -22.551  -20.626  -19.786  -14.541  -14.248
  -12.395  -11.127  -10.721  -10.407  -10.368   -9.163   -8.695   -8.380   -7.766   -7.606
   -6.311   -4.007   -3.832   -2.877   -2.182   -1.685   -1.326    1.842    2.384    3.261
    3.435    4.956    5.629    5.668    6.081
            0.352500  0.203516  0.000000
  -77.701  -49.209  -49.042  -48.913  -22.633  -22.572  -20.634  -19.788  -14.509  -14.214
  -12.400  -11.116  -10.716  -10.399  -10.360   -9.154   -8.688   -8.388   -7.775   -7.604
   -6.310   -3.999   -3.826   -2.880   -2.187   -1.660   -1.309    1.852    2.389    3.250
    3.412    4.951    5.628    5.666    6.072
            0.350000  0.202073  0.000000
  -77.701  -49.208  -49.042  -48.914  -22.654  -22.593  -20.642  -19.791  -14.478  -14.179
  -12.405  -11.104  -10.711  -10.391  -10.352   -9.144   -8.680   -8.395   -7.785   -7.603
   -6.309   -3.992   -3.820   -2.883   -2.193   -1.635   -1.292    1.862    2.393    3.240
    3.390    4.945    5.627    5.664    6.064
            0.347500  0.200629  0.000000
  -77.701  -49.206  -49.041  -48.914  -22.676  -22.614  -20.650  -19.793  -14.446  -14.143
  -12.410  -11.093  -10.705  -10.383  -10.344   -9.135   -8.673   -8.403   -7.794   -7.601
   -6.309   -3.984   -3.813   -2.887   -2.199   -1.610   -1.274    1.872    2.396    3.230
    3.368    4.940    5.625    5.661    6.055
            0.345000  0.199186  0.000000
  -77.701  -49.204  -49.041  -48.914  -22.697  -22.635  -20.658  -19.796  -14.414  -14.107
  -12.415  -11.082  -10.699  -10.375  -10.336   -9.125   -8.665   -8.410   -7.804   -7.600
   -6.307   -3.977   -3.807   -2.890   -2.205   -1.585   -1.256    1.882    2.399    3.221
    3.346    4.933    5.622    5.658    6.046
            0.342500  0.197742  0.000000
  -77.702  -49.203  -49.041  -48.915  -22.718  -22.656  -20.667  -19.799  -14.382  -14.071
  -12.420  -11.071  -10.693  -10.366  -10.328   -9.115   -8.657   -8.418   -7.814   -7.598
   -6.306   -3.969   -3.801   -2.894   -2.211   -1.560   -1.237    1.891    2.401    3.211
    3.324    4.927    5.619    5.655    6.036
            0.340000  0.196299  0.000000
  -77.702  -49.201  -49.040  -48.915  -22.740  -22.678  -20.676  -19.801  -14.350  -14.035
  -12.425  -11.061  -10.687  -10.358  -10.320   -9.105   -8.649   -8.425   -7.824   -7.596
   -6.305   -3.962   -3.795   -2.898   -2.217   -1.534   -1.219    1.901    2.402    3.202
    3.303    4.920    5.616    5.651    6.026
            0.337500  0.194856  0.000000
  -77.702  -49.199  -49.040  -48.915  -22.761  -22.699  -20.685  -19.804  -14.318  -13.998
  -12.429  -11.051  -10.680  -10.349  -10.311   -9.094   -8.641   -8.433   -7.833   -7.594
   -6.303   -3.954   -3.788   -2.902   -2.223   -1.508   -1.199    1.910    2.403    3.193
    3.282    4.913    5.612    5.647    6.016
            0.335000  0.193412  0.000000
  -77.702  -49.197  -49.039  -48.916  -22.783  -22.720  -20.694  -19.807  -14.286  -13.961
  -12.433  -11.041  -10.673  -10.340  -10.303   -9.083   -8.633   -8.440   -7.843   -7.592
   -6.301   -3.946   -3.782   -2.907   -2.230   -1.482   -1.180    1.919    2.403    3.184
    3.263    4.906    5.608    5.642    6.005
            0.332500  0.191969  0.000000
  -77.703  -49.195  -49.039  -48.916  -22.805  -22.741  -20.703  -19.811  -14.254  -13.923
  -12.437  -11.032  -10.665  -10.332  -10.294   -9.072   -8.625   -8.447   -7.853   -7.590
   -6.299   -3.938   -3.776   -2.911   -2.236   -1.456   -1.160    1.927    2.403    3.175
    3.244    4.898    5.603    5.637    5.981
            0.330000  0.190526  0.000000
  -77.703  -49.194  -49.039  -48.916  -22.826  -22.763  -20.712  -19.814  -14.222  -13.885
  -12.441  -11.023  -10.657  -10.323  -10.286   -9.061   -8.617   -8.455   -7.863   -7.588
   -6.297   -3.930   -3.770   -2.916   -2.242   -1.429   -1.140    1.935    2.402    3.164
    3.227    4.890    5.597    5.632    5.962
            0.327500  0.189082  0.000000
  -77.703  -49.192  -49.038  -48.917  -22.848  -22.784  -20.721  -19.817  -14.190  -13.847
  -12.444  -11.014  -10.649  -10.314  -10.277   -9.050   -8.609   -8.462   -7.873   -7.586
   -6.294   -3.922   -3.763   -2.921   -2.249   -1.403   -1.120    1.943    2.399    3.153
    3.213    4.881    5.591    5.626    5.943
            0.325000  0.187639  0.000000
  -77.703  -49.190  -49.038  -48.917  -22.869  -22.805  -20.731  -19.821  -14.158  -13.808
  -12.448  -11.007  -10.640  -10.304  -10.268   -9.038   -8.600   -8.469   -7.884   -7.584
   -6.292   -3.914   -3.757   -2.926   -2.256   -1.376   -1.099    1.951    2.397    3.139
    3.201    4.872    5.584    5.619    5.925
            0.322500  0.186195  0.000000
  -77.704  -49.188  -49.037  -48.917  -22.891  -22.826  -20.741  -19.824  -14.126  -13.770
  -12.450  -10.999  -10.631  -10.295  -10.259   -9.027   -8.592   -8.476   -7.894   -7.582
   -6.289   -3.905   -3.751   -2.932   -2.263   -1.349   -1.078    1.958    2.393    3.124
    3.192    4.862    5.576    5.612    5.906
            0.320000  0.184752  0.000000
  -77.704  -49.186  -49.037  -48.918  -22.912  -22.847  -20.750  -19.828  -14.095  -13.730
  -12.453  -10.992  -10.621  -10.286  -10.250   -9.015   -8.583   -8.483   -7.904   -7.579
   -6.286   -3.897   -3.745   -2.937   -2.269   -1.322   -1.057    1.964    2.389    3.107
    3.185    4.852    5.568    5.605    5.887
            0.317500  0.183309  0.000000
  -77.704  -49.184  -49.036  -48.918  -22.933  -22.868  -20.760  -19.832  -14.064  -13.691
  -12.455  -10.986  -10.611  -10.276  -10.241   -9.003   -8.574   -8.490   -7.914   -7.577
   -6.282   -3.889   -3.739   -2.943   -2.276   -1.295   -1.035    1.970    2.384    3.090
    3.180    4.842    5.558    5.597    5.869
            0.315000  0.181865  0.000000
  -77.704  -49.182  -49.036  -48.918  -22.955  -22.890  -20.770  -19.836  -14.033  -13.651
  -12.456  -10.980  -10.600  -10.267  -10.231   -8.990   -8.566   -8.497   -7.925   -7.574
   -6.279   -3.880   -3.732   -2.949   -2.283   -1.268   -1.013    1.976    2.378    3.073
    3.176    4.831    5.548    5.589    5.850
            0.312500  0.180422  0.000000
  -77.705  -49.180  -49.035  -48.919  -22.976  -22.911  -20.780  -19.840  -14.002  -13.611
  -12.457  -10.975  -10.589  -10.257  -10.222   -8.978   -8.557   -8.504   -7.935   -7.572
   -6.275   -3.872   -3.726   -2.955   -2.291   -1.240   -0.991    1.981    2.371    3.055
    3.173    4.819    5.538    5.580    5.832
            0.310000  0.178979  0.000000
  -77.705  -49.178  -49.035  -48.919  -22.998  -22.932  -20.791  -19.844  -13.972  -13.571
  -12.458  -10.970  -10.578  -10.248  -10.213   -8.965   -8.548   -8.511   -7.946   -7.569
   -6.271   -3.863   -3.720   -2.961   -2.298   -1.213   -0.969    1.985    2.364    3.038
    3.171    4.807    5.526    5.571    5.814
            0.307500  0.177535  0.000000
  -77.705  -49.176  -49.035  -48.920  -23.019  -22.953  -20.801  -19.848  -13.942  -13.531
  -12.458  -10.965  -10.566  -10.238  -10.203   -8.953   -8.539   -8.518   -7.956   -7.566
   -6.266   -3.855   -3.714   -2.967   -2.305   -1.185   -0.947    1.988    2.356    3.020
    3.170    4.794    5.514    5.561    5.796
            0.305000  0.176092  0.000000
  -77.705  -49.174  -49.034  -48.920  -23.040  -22.974  -20.811  -19.852  -13.913  -13.490
  -12.457  -10.962  -10.553  -10.228  -10.193   -8.940   -8.530   -8.524   -7.967   -7.563
   -6.262   -3.846   -3.708   -2.974   -2.313   -1.157   -0.924    1.991    2.348    3.004
    3.169    4.780    5.501    5.550    5.778
            0.302500  0.174648  0.000000
  -77.706  -49.172  -49.034  -48.920  -23.061  -22.994  -20.822  -19.857  -13.884  -13.449
  -12.456  -10.958  -10.540  -10.218  -10.184   -8.927   -8.531   -8.520   -7.977   -7.560
   -6.257   -3.837   -3.702   -2.980   -2.320   -1.129   -0.901    1.993    2.339    2.987
    3.169    4.766    5.487    5.539    5.760
            0.300000  0.173205  0.000000
  -77.706  -49.170  -49.033  -48.921  -23.082  -23.015  -20.832  -19.861  -13.856  -13.408
  -12.454  -10.955  -10.527  -10.208  -10.174   -8.914   -8.537   -8.511   -7.988   -7.557
   -6.252   -3.828   -3.696   -2.987   -2.328   -1.101   -0.878    1.995    2.329    2.972
    3.169    4.751    5.472    5.527    5.742
            0.297500  0.171762  0.000000
  -77.706  -49.168  -49.033  -48.921  -23.103  -23.036  -20.843  -19.866  -13.829  -13.366
  -12.451  -10.953  -10.513  -10.198  -10.164   -8.901   -8.544   -8.502   -7.998   -7.554
   -6.247   -3.820   -3.690   -2.994   -2.335   -1.073   -0.854    1.995    2.319    2.956
    3.169    4.735    5.457    5.515    5.725
            0.295000  0.170318  0.000000
  -77.706  -49.166  -49.032  -48.921  -23.124  -23.057  -20.854  -19.870  -13.802  -13.325
  -12.447  -10.951  -10.499  -10.188  -10.154   -8.888   -8.550   -8.493   -8.009   -7.551
   -6.241   -3.811   -3.684   -3.001   -2.343   -1.045   -0.831    1.995    2.308    2.942
    3.170    4.719    5.441    5.502    5.707
            0.292500  0.168875  0.000000
  -77.707  -49.164  -49.032  -48.922  -23.145  -23.077  -20.865  -19.875  -13.776  -13.283
  -12.442  -10.949  -10.485  -10.177  -10.144   -8.876   -8.556   -8.483   -8.019   -7.547
   -6.236   -3.802   -3.678   -3.008   -2.351   -1.017   -0.807    1.993    2.297    2.928
    3.171    4.702    5.425    5.489    5.690
            0.290000  0.167432  0.000000
  -77.707  -49.162  -49.031  -48.922  -23.166  -23.098  -20.876  -19.880  -13.751  -13.241
  -12.436  -10.948  -10.470  -10.167  -10.134   -8.863   -8.561   -8.474   -8.030   -7.544
   -6.230   -3.793   -3.672   -3.015   -2.359   -0.989   -0.784    1.991    2.285    2.915
    3.171    4.684    5.408    5.474    5.673
            0.287500  0.165988  0.000000
  -77.707  -49.160  -49.031  -48.923  -23.187  -23.118  -20.887  -19.884  -13.727  -13.199
  -12.429  -10.947  -10.455  -10.157  -10.124   -8.850   -8.567   -8.464   -8.040   -7.540
   -6.223   -3.784   -3.666   -3.022   -2.367   -0.961   -0.760    1.988    2.273    2.902
    3.173    4.666    5.390    5.460    5.656
            0.285000  0.164545  0.000000
  -77.708  -49.158  -49.030  -48.923  -23.207  -23.139  -20.898  -19.889  -13.704  -13.156
  -12.422  -10.946  -10.440  -10.146  -10.114   -8.838   -8.572   -8.455   -8.051   -7.537
   -6.217   -3.775   -3.660   -3.029   -2.375   -0.932   -0.736    1.985    2.261    2.890
    3.174    4.646    5.372    5.445    5.639
            0.282500  0.163101  0.000000
  -77.708  -49.156  -49.030  -48.923  -23.228  -23.159  -20.909  -19.894  -13.682  -13.114
  -12.412  -10.946  -10.424  -10.135  -10.103   -8.826   -8.576   -8.445   -8.062   -7.533
   -6.210   -3.766   -3.655   -3.037   -2.383   -0.904   -0.712    1.980    2.248    2.879
    3.175    4.627    5.353    5.429    5.623
            0.280000  0.161658  0.000000
  -77.708  -49.154  -49.029  -48.924  -23.248  -23.179  -20.920  -19.899  -13.661  -13.071
  -12.402  -10.946  -10.408  -10.125  -10.093   -8.814   -8.581   -8.435   -8.072   -7.529
   -6.203   -3.757   -3.649   -3.044   -2.391   -0.876   -0.687    1.974    2.235    2.869
    3.176    4.606    5.334    5.412    5.606
            0.277500  0.160215  0.000000
  -77.708  -49.152  -49.029  -48.924  -23.268  -23.199  -20.931  -19.904  -13.641  -13.028
  -12.391  -10.946  -10.392  -10.114  -10.083   -8.803   -8.584   -8.426   -8.083   -7.525
   -6.196   -3.748   -3.643   -3.051   -2.400   -0.847   -0.663    1.968    2.221    2.859
    3.177    4.585    5.315    5.395    5.590
            0.275000  0.158771  0.000000
  -77.709  -49.150  -49.028  -48.924  -23.289  -23.219  -20.942  -19.909  -13.622  -12.985
  -12.378  -10.947  -10.376  -10.103  -10.072   -8.793   -8.587   -8.416   -8.093   -7.521
   -6.189   -3.738   -3.637   -3.059   -2.408   -0.819   -0.639    1.960    2.207    2.850
    3.177    4.563    5.296    5.378    5.573
            0.272500  0.157328  0.000000
  -77.709  -49.148  -49.028  -48.925  -23.309  -23.239  -20.953  -19.914  -13.605  -12.941
  -12.364  -10.948  -10.359  -10.093  -10.062   -8.783   -8.588   -8.406   -8.104   -7.517
   -6.181   -3.729   -3.632   -3.066   -2.417   -0.791   -0.614    1.952    2.193    2.842
    3.178    4.540    5.276    5.359    5.557
            0.270000  0.155885  0.000000
  -77.709  -49.146  -49.028  -48.925  -23.329  -23.259  -20.965  -19.919  -13.588  -12.898
  -12.349  -10.949  -10.342  -10.082  -10.051   -8.775   -8.589   -8.396   -8.114   -7.513
   -6.173   -3.720   -3.626   -3.074   -2.425   -0.762   -0.590    1.944    2.179    2.834
    3.178    4.517    5.256    5.341    5.541
            0.267500  0.154441  0.000000
  -77.709  -49.144  -49.027  -48.926  -23.349  -23.278  -20.976  -19.925  -13.573  -12.854
  -12.332  -10.950  -10.325  -10.071  -10.040   -8.767   -8.588   -8.386   -8.124   -7.509
   -6.165   -3.711   -3.621   -3.081   -2.434   -0.734   -0.565    1.934    2.164    2.827
    3.178    4.493    5.236    5.321    5.524
            0.265000  0.152998  0.000000
  -77.710  -49.142  -49.027  -48.926  -23.369  -23.298  -20.987  -19.930  -13.560  -12.811
  -12.314  -10.952  -10.308  -10.060  -10.030   -8.762   -8.586   -8.377   -8.135   -7.505
   -6.157   -3.702   -3.615   -3.089   -2.443   -0.706   -0.541    1.924    2.149    2.821
    3.177    4.468    5.216    5.301    5.499
            0.262500  0.151554  0.000000
  -77.710  -49.139  -49.026  -48.926  -23.388  -23.317  -20.999  -19.935  -13.547  -12.767
  -12.294  -10.953  -10.290  -10.049  -10.019   -8.757   -8.583   -8.367   -8.145   -7.500
   -6.148   -3.692   -3.610   -3.097   -2.451   -0.678   -0.517    1.914    2.134    2.815
    3.177    4.443    5.196    5.281    5.474
            0.260000  0.150111  0.000000
  -77.710  -49.137  -49.026  -48.927  -23.408  -23.337  -21.010  -19.941  -13.536  -12.723
  -12.273  -10.955  -10.273  -10.038  -10.008   -8.754   -8.577   -8.357   -8.155   -7.496
   -6.140   -3.683   -3.604   -3.104   -2.460   -0.650   -0.492    1.902    2.119    2.809
    3.175    4.417    5.176    5.260    5.448
            0.257500  0.148668  0.000000
  -77.711  -49.135  -49.025  -48.927  -23.428  -23.356  -21.021  -19.946  -13.526  -12.679
  -12.251  -10.957  -10.255  -10.027   -9.997   -8.753   -8.571   -8.348   -8.165   -7.491
   -6.131   -3.674   -3.599   -3.112   -2.469   -0.622   -0.468    1.891    2.103    2.804
    3.174    4.391    5.156    5.238    5.422
            0.255000  0.147224  0.000000
  -77.711  -49.133  -49.025  -48.928  -23.447  -23.375  -21.033  -19.951  -13.517  -12.635
  -12.228  -10.959  -10.237  -10.016   -9.986   -8.753   -8.563   -8.339   -8.174   -7.486
   -6.121   -3.665   -3.594   -3.119   -2.478   -0.594   -0.444    1.879    2.088    2.799
    3.172    4.364    5.136    5.216    5.396
            0.252500  0.145781  0.000000
  -77.711  -49.131  -49.024  -48.928  -23.466  -23.394  -21.044  -19.957  -13.510  -12.591
  -12.203  -10.962  -10.220  -10.004   -9.975   -8.754   -8.553   -8.330   -8.183   -7.482
   -6.112   -3.655   -3.588   -3.127   -2.487   -0.566   -0.420    1.867    2.072    2.795
    3.169    4.337    5.117    5.194    5.369
            0.250000  0.144338  0.000000
  -77.711  -49.129  -49.024  -48.928  -23.485  -23.413  -21.056  -19.962  -13.503  -12.547
  -12.178  -10.964  -10.202   -9.993   -9.964   -8.757   -8.543   -8.321   -8.192   -7.477
   -6.102   -3.646   -3.583   -3.134   -2.496   -0.539   -0.396    1.854    2.056    2.791
    3.166    4.309    5.097    5.171    5.342
            0.247500  0.142894  0.000000
  -77.712  -49.127  -49.023  -48.929  -23.504  -23.432  -21.067  -19.968  -13.498  -12.503
  -12.151  -10.967  -10.183   -9.982   -9.953   -8.760   -8.531   -8.313   -8.200   -7.472
   -6.093   -3.637   -3.578   -3.142   -2.506   -0.512   -0.372    1.841    2.040    2.787
    3.163    4.280    5.077    5.147    5.314
            0.245000  0.141451  0.000000
  -77.712  -49.125  -49.023  -48.929  -23.523  -23.450  -21.078  -19.973  -13.494  -12.458
  -12.123  -10.969  -10.165   -9.971   -9.942   -8.764   -8.520   -8.306   -8.207   -7.467
   -6.083   -3.627   -3.573   -3.149   -2.515   -0.485   -0.349    1.828    2.024    2.783
    3.158    4.252    5.058    5.123    5.286
            0.242500  0.140007  0.000000
  -77.712  -49.122  -49.022  -48.929  -23.542  -23.469  -21.090  -19.979  -13.491  -12.414
  -12.094  -10.972  -10.147   -9.959   -9.931   -8.768   -8.507   -8.301   -8.212   -7.462
   -6.073   -3.618   -3.567   -3.157   -2.524   -0.458   -0.325    1.815    2.008    2.780
    3.154    4.222    5.039    5.099    5.258
            0.240000  0.138564  0.000000
  -77.712  -49.120  -49.022  -48.930  -23.560  -23.487  -21.101  -19.984  -13.488  -12.370
  -12.064  -10.975  -10.128   -9.948   -9.920   -8.773   -8.494   -8.298   -8.215   -7.457
   -6.062   -3.609   -3.562   -3.164   -2.534   -0.432   -0.302    1.802    1.992    2.776
    3.149    4.193    5.020    5.074    5.229
            0.237500  0.137121  0.000000
  -77.713  -49.118  -49.021  -48.930  -23.579  -23.505  -21.113  -19.990  -13.487  -12.325
  -12.033  -10.978  -10.110   -9.937   -9.909   -8.778   -8.481   -8.297   -8.216   -7.451
   -6.052   -3.599   -3.557   -3.171   -2.543   -0.406   -0.279    1.789    1.976    2.773
    3.143    4.163    5.001    5.049    5.201
            0.235000  0.135677  0.000000
  -77.713  -49.116  -49.021  -48.931  -23.597  -23.523  -21.124  -19.995  -13.486  -12.281
  -12.001  -10.981  -10.091   -9.925   -9.897   -8.784   -8.467   -8.299   -8.214   -7.446
   -6.041   -3.590   -3.552   -3.178   -2.552   -0.380   -0.256    1.776    1.960    2.769
    3.136    4.132    4.983    5.023    5.172
            0.232500  0.134234  0.000000
  -77.713  -49.114  -49.020  -48.931  -23.615  -23.541  -21.135  -20.001  -13.486  -12.236
  -11.968  -10.984  -10.073   -9.914   -9.886   -8.790   -8.453   -8.303   -8.209   -7.441
   -6.030   -3.581   -3.547   -3.185   -2.562   -0.354   -0.234    1.763    1.944    2.766
    3.130    4.101    4.964    4.997    5.142
            0.230000  0.132791  0.000000
  -77.714  -49.112  -49.020  -48.931  -23.633  -23.559  -21.147  -20.006  -13.487  -12.192
  -11.935  -10.987  -10.054   -9.902   -9.875   -8.796   -8.439   -8.309   -8.203   -7.435
   -6.019   -3.572   -3.542   -3.192   -2.571   -0.329   -0.212    1.751    1.929    2.762
    3.122    4.070    4.946    4.971    5.113
            0.227500  0.131347  0.000000
  -77.714  -49.110  -49.019  -48.932  -23.651  -23.577  -21.158  -20.012  -13.489  -12.148
  -11.901  -10.990  -10.035   -9.891   -9.864   -8.802   -8.425   -8.316   -8.195   -7.430
   -6.008   -3.562   -3.537   -3.199   -2.581   -0.305   -0.191    1.738    1.913    2.759
    3.114    4.039    4.928    4.944    5.083
            0.225000  0.129904  0.000000
  -77.714  -49.108  -49.019  -48.932  -23.669  -23.594  -21.169  -20.018  -13.491  -12.103
  -11.866  -10.993  -10.017   -9.880   -9.852   -8.809   -8.411   -8.324   -8.187   -7.424
   -5.997   -3.553   -3.532   -3.206   -2.591   -0.281   -0.169    1.726    1.898    2.755
    3.105    4.007    4.911    4.917    5.053
            0.222500  0.128460  0.000000
  -77.714  -49.106  -49.018  -48.933  -23.686  -23.611  -21.180  -20.023  -13.493  -12.059
  -11.831  -10.996   -9.998   -9.868   -9.841   -8.815   -8.396   -8.333   -8.177   -7.419
   -5.985   -3.544   -3.528   -3.213   -2.600   -0.257   -0.149    1.715    1.884    2.751
    3.096    3.975    4.890    4.894    5.023
            0.220000  0.127017  0.000000
  -77.715  -49.103  -49.018  -48.933  -23.704  -23.629  -21.192  -20.029  -13.497  -12.015
  -11.795  -10.999   -9.979   -9.857   -9.830   -8.822   -8.382   -8.342   -8.168   -7.413
   -5.974   -3.535   -3.523   -3.219   -2.610   -0.235   -0.128    1.703    1.869    2.747
    3.086    3.943    4.862    4.876    4.993
            0.217500  0.125574  0.000000
  -77.715  -49.101  -49.017  -48.933  -23.721  -23.646  -21.203  -20.034  -13.501  -11.971
  -11.758  -11.002   -9.960   -9.845   -9.818   -8.829   -8.368   -8.351   -8.158   -7.407
   -5.962   -3.525   -3.518   -3.225   -2.620   -0.212   -0.109    1.693    1.856    2.742
    3.076    3.911    4.835    4.860    4.962
            0.215000  0.124130  0.000000
  -77.715  -49.099  -49.017  -48.934  -23.738  -23.663  -21.214  -20.040  -13.505  -11.927
  -11.721  -11.004   -9.942   -9.834   -9.807   -8.835   -8.360   -8.353   -8.148   -7.402
   -5.951   -3.516   -3.513   -3.232   -2.630   -0.191   -0.089    1.682    1.842    2.738
    3.065    3.879    4.807    4.843    4.932
            0.212500  0.122687  0.000000
  -77.715  -49.097  -49.016  -48.934  -23.755  -23.679  -21.225  -20.045  -13.510  -11.884
  -11.684  -11.007   -9.923   -9.823   -9.796   -8.842   -8.369   -8.339   -8.138   -7.396
   -5.939   -3.509   -3.507   -3.238   -2.639   -0.170   -0.071    1.673    1.829    2.733
    3.054    3.846    4.778    4.826    4.901
            0.210000  0.121244  0.000000
  -77.716  -49.095  -49.016  -48.935  -23.772  -23.696  -21.236  -20.051  -13.515  -11.840
  -11.647  -11.010   -9.904   -9.811   -9.784   -8.849   -8.379   -8.325   -8.127   -7.390
   -5.927   -3.504   -3.498   -3.244   -2.649   -0.150   -0.053    1.664    1.817    2.728
    3.042    3.813    4.750    4.810    4.870
            0.207500  0.119800  0.000000
  -77.716  -49.093  -49.015  -48.935  -23.789  -23.712  -21.247  -20.056  -13.520  -11.797
  -11.609  -11.012   -9.885   -9.800   -9.773   -8.856   -8.388   -8.310   -8.117   -7.384
   -5.915   -3.499   -3.489   -3.249   -2.659   -0.132   -0.035    1.656    1.805    2.723
    3.029    3.781    4.721    4.794    4.839
            0.205000  0.118357  0.000000
  -77.716  -49.091  -49.015  -48.935  -23.805  -23.729  -21.258  -20.062  -13.526  -11.754
  -11.570  -11.014   -9.866   -9.788   -9.761   -8.863   -8.397   -8.296   -8.107   -7.379
   -5.903   -3.495   -3.480   -3.255   -2.669   -0.114   -0.018    1.648    1.794    2.718
    3.017    3.748    4.693    4.778    4.809
            0.202500  0.116913  0.000000
  -77.717  -49.089  -49.015  -48.936  -23.822  -23.745  -21.269  -20.067  -13.532  -11.711
  -11.532  -11.016   -9.847   -9.777   -9.750   -8.870   -8.407   -8.282   -8.096   -7.373
   -5.891   -3.490   -3.471   -3.260   -2.679   -0.097   -0.002    1.641    1.783    2.712
    3.003    3.715    4.664    4.763    4.778
            0.200000  0.115470  0.000000
  -77.717  -49.087  -49.014  -48.936  -23.838  -23.761  -21.279  -20.073  -13.538  -11.669
  -11.493  -11.018   -9.828   -9.766   -9.739   -8.877   -8.416   -8.268   -8.085   -7.367
   -5.878   -3.486   -3.462   -3.265   -2.689   -0.081    0.013    1.635    1.774    2.706
    2.990    3.682    4.635    4.747    4.747
            0.197500  0.114027  0.000000
  -77.717  -49.085  -49.014  -48.936  -23.854  -23.776  -21.290  -20.078  -13.545  -11.627
  -11.454  -11.019   -9.810   -9.754   -9.727   -8.884   -8.426   -8.254   -8.075   -7.361
   -5.866   -3.481   -3.453   -3.270   -2.699   -0.067    0.028    1.631    1.765    2.700
    2.976    3.649    4.606    4.716    4.732
            0.195000  0.112583  0.000000
  -77.717  -49.083  -49.013  -48.937  -23.869  -23.792  -21.301  -20.084  -13.552  -11.586
  -11.415  -11.020   -9.791   -9.743   -9.716   -8.891   -8.435   -8.240   -8.064   -7.355
   -5.854   -3.477   -3.444   -3.275   -2.709   -0.053    0.042    1.627    1.757    2.693
    2.961    3.616    4.577    4.685    4.716
            0.192500  0.111140  0.000000
  -77.718  -49.081  -49.013  -48.937  -23.885  -23.807  -21.311  -20.089  -13.559  -11.546
  -11.375  -11.020   -9.772   -9.732   -9.705   -8.898   -8.444   -8.227   -8.053   -7.350
   -5.842   -3.473   -3.435   -3.279   -2.719   -0.041    0.055    1.624    1.750    2.686
    2.947    3.583    4.547    4.654    4.701
            0.190000  0.109697  0.000000
  -77.718  -49.079  -49.012  -48.937  -23.901  -23.823  -21.322  -20.094  -13.566  -11.506
  -11.336  -11.019   -9.753   -9.721   -9.693   -8.905   -8.453   -8.213   -8.043   -7.344
   -5.829   -3.468   -3.426   -3.284   -2.729   -0.031    0.067    1.622    1.744    2.679
    2.932    3.550    4.518    4.623    4.686
            0.187500  0.108253  0.000000
  -77.718  -49.077  -49.012  -48.938  -23.916  -23.838  -21.332  -20.100  -13.573  -11.468
  -11.296  -11.017   -9.735   -9.710   -9.682   -8.912   -8.462   -8.199   -8.032   -7.338
   -5.817   -3.464   -3.418   -3.288   -2.739   -0.022    0.079    1.621    1.738    2.672
    2.916    3.518    4.489    4.592    4.671
            0.185000  0.106810  0.000000
  -77.718  -49.075  -49.011  -48.938  -23.931  -23.853  -21.343  -20.105  -13.581  -11.431
  -11.257  -11.014   -9.716   -9.699   -9.671   -8.919   -8.471   -8.186   -8.021   -7.333
   -5.805   -3.460   -3.409   -3.292   -2.749   -0.014    0.089    1.621    1.734    2.665
    2.901    3.485    4.460    4.561    4.656
            0.182500  0.105366  0.000000
  -77.719  -49.073  -49.011  -48.939  -23.946  -23.867  -21.353  -20.110  -13.588  -11.395
  -11.217  -11.009   -9.698   -9.688   -9.660   -8.926   -8.480   -8.173   -8.011   -7.327
   -5.792   -3.456   -3.400   -3.295   -2.759   -0.007    0.098    1.622    1.731    2.657
    2.885    3.452    4.430    4.530    4.641
            0.180000  0.103923  0.000000
  -77.719  -49.071  -49.010  -48.939  -23.961  -23.882  -21.363  -20.116  -13.596  -11.362
  -11.178  -11.003   -9.679   -9.677   -9.648   -8.933   -8.489   -8.159   -8.000   -7.322
   -5.780   -3.452   -3.392   -3.298   -2.769   -0.002    0.107    1.624    1.730    2.649
    2.869    3.420    4.401    4.500    4.626
            0.177500  0.102480  0.000000
  -77.719  -49.069  -49.010  -48.939  -23.975  -23.896  -21.373  -20.121  -13.604  -11.331
  -11.138  -10.993   -9.666   -9.661   -9.637   -8.940   -8.498   -8.146   -7.990   -7.316
   -5.768   -3.448   -3.383   -3.301   -2.779    0.001    0.114    1.628    1.729    2.641
    2.853    3.388    4.372    4.469    4.611
            0.175000  0.101036  0.000000
  -77.719  -49.067  -49.010  -48.940  -23.990  -23.911  -21.383  -20.126  -13.612  -11.304
  -11.099  -10.981   -9.655   -9.642   -9.626   -8.947   -8.507   -8.133   -7.979   -7.311
   -5.756   -3.444   -3.375   -3.304   -2.789    0.003    0.121    1.632    1.730    2.632
    2.837    3.356    4.343    4.439    4.596
            0.172500  0.099593  0.000000
  -77.720  -49.065  -49.009  -48.940  -24.004  -23.925  -21.393  -20.131  -13.620  -11.280
  -11.060  -10.964   -9.644   -9.624   -9.615   -8.954   -8.516   -8.121   -7.969   -7.305
   -5.743   -3.440   -3.366   -3.306   -2.799    0.004    0.126    1.638    1.731    2.624
    2.820    3.324    4.314    4.409    4.581
            0.170000  0.098150  0.000000
  -77.720  -49.064  -49.009  -48.940  -24.018  -23.939  -21.403  -20.136  -13.628  -11.259
  -11.022  -10.944   -9.633   -9.606   -9.604   -8.961   -8.524   -8.108   -7.958   -7.300
   -5.731   -3.436   -3.358   -3.308   -2.809    0.003    0.130    1.645    1.734    2.615
    2.804    3.292    4.285    4.379    4.566
            0.167500  0.096706  0.000000
  -77.720  -49.062  -49.008  -48.941  -24.032  -23.952  -21.413  -20.141  -13.636  -11.243
  -10.984  -10.920   -9.623   -9.593   -9.587   -8.967   -8.533   -8.095   -7.948   -7.295
   -5.719   -3.433   -3.350   -3.309   -2.819    0.001    0.133    1.652    1.738    2.606
    2.787    3.261    4.256    4.349    4.551
            0.165000  0.095263  0.000000
  -77.720  -49.060  -49.008  -48.941  -24.046  -23.966  -21.422  -20.146  -13.644  -11.230
  -10.946  -10.892   -9.612   -9.582   -9.569   -8.974   -8.541   -8.083   -7.937   -7.290
   -5.707   -3.429   -3.342   -3.310   -2.828   -0.002    0.134    1.661    1.744    2.597
    2.771    3.230    4.228    4.319    4.536
            0.162500  0.093819  0.000000
  -77.721  -49.058  -49.007  -48.941  -24.059  -23.979  -21.432  -20.151  -13.652  -11.220
  -10.909  -10.861   -9.601   -9.571   -9.551   -8.981   -8.550   -8.071   -7.927   -7.286
   -5.695   -3.426   -3.334   -3.311   -2.838   -0.007    0.135    1.670    1.750    2.588
    2.754    3.199    4.199    4.290    4.521
            0.160000  0.092376  0.000000
  -77.721  -49.056  -49.007  -48.942  -24.072  -23.992  -21.441  -20.156  -13.660  -11.213
  -10.872  -10.827   -9.591   -9.560   -9.534   -8.987   -8.558   -8.059   -7.916   -7.281
   -5.683   -3.422   -3.326   -3.312   -2.848   -0.012    0.134    1.681    1.758    2.579
    2.738    3.169    4.171    4.260    4.506
            0.157500  0.090933  0.000000
  -77.721  -49.054  -49.007  -48.942  -24.086  -24.005  -21.451  -20.161  -13.668  -11.208
  -10.835  -10.792   -9.581   -9.550   -9.516   -8.994   -8.566   -8.047   -7.906   -7.276
   -5.672   -3.419   -3.318   -3.312   -2.858   -0.019    0.132    1.692    1.767    2.570
    2.722    3.139    4.143    4.231    4.490
            0.155000  0.089489  0.000000
  -77.721  -49.053  -49.006  -48.942  -24.099  -24.018  -21.460  -20.166  -13.676  -11.204
  -10.798  -10.755   -9.570   -9.539   -9.498   -9.000   -8.574   -8.035   -7.896   -7.272
   -5.660   -3.416   -3.311   -3.310   -2.868   -0.027    0.129    1.704    1.777    2.560
    2.705    3.109    4.115    4.202    4.475
            0.152500  0.088046  0.000000
  -77.721  -49.051  -49.006  -48.943  -24.111  -24.030  -21.469  -20.171  -13.685  -11.202
  -10.761  -10.718   -9.560   -9.528   -9.481   -9.007   -8.582   -8.023   -7.886   -7.268
   -5.648   -3.413   -3.310   -3.302   -2.877   -0.037    0.125    1.717    1.788    2.551
    2.689    3.080    4.087    4.174    4.459
            0.150000  0.086603  0.000000
  -77.722  -49.049  -49.005  -48.943  -24.124  -24.043  -21.478  -20.175  -13.693  -11.201
  -10.724  -10.680   -9.550   -9.518   -9.463   -9.013   -8.590   -8.011   -7.876   -7.264
   -5.637   -3.411   -3.309   -3.294   -2.887   -0.047    0.120    1.731    1.800    2.541
    2.673    3.052    4.059    4.145    4.444
            0.147500  0.085159  0.000000
  -77.722  -49.047  -49.005  -48.943  -24.136  -24.055  -21.487  -20.180  -13.701  -11.201
  -10.686  -10.641   -9.540   -9.507   -9.446   -9.019   -8.597   -8.000   -7.866   -7.260
   -5.626   -3.408   -3.308   -3.287   -2.896   -0.058    0.114    1.745    1.813    2.531
    2.657    3.024    4.032    4.117    4.428
            0.145000  0.083716  0.000000
  -77.722  -49.046  -49.005  -48.944  -24.148  -24.067  -21.496  -20.185  -13.709  -11.201
  -10.649  -10.603   -9.530   -9.497   -9.429   -9.026   -8.605   -7.989   -7.856   -7.256
   -5.615   -3.405   -3.306   -3.279   -2.906   -0.070    0.107    1.760    1.827    2.521
    2.642    2.997    4.005    4.089    4.412
            0.142500  0.082272  0.000000
  -77.722  -49.044  -49.004  -48.944  -24.160  -24.079  -21.504  -20.189  -13.717  -11.202
  -10.611  -10.564   -9.520   -9.487   -9.412   -9.032   -8.612   -7.978   -7.846   -7.253
   -5.603   -3.403   -3.303   -3.272   -2.915   -0.082    0.098    1.775    1.841    2.511
    2.627    2.970    3.978    4.062    4.397
            0.140000  0.080829  0.000000
  -77.723  -49.042  -49.004  -48.944  -24.172  -24.091  -21.513  -20.194  -13.725  -11.203
  -10.574  -10.526   -9.511   -9.477   -9.395   -9.038   -8.620   -7.966   -7.836   -7.250
   -5.593   -3.401   -3.300   -3.264   -2.925   -0.096    0.089    1.790    1.856    2.501
    2.612    2.944    3.951    4.035    4.381
            0.137500  0.079386  0.000000
  -77.723  -49.041  -49.004  -48.944  -24.184  -24.102  -21.521  -20.198  -13.733  -11.205
  -10.537  -10.487   -9.501   -9.466   -9.378   -9.043   -8.627   -7.956   -7.826   -7.247
   -5.582   -3.398   -3.297   -3.257   -2.934   -0.110    0.079    1.806    1.871    2.491
    2.598    2.919    3.925    4.008    4.365
            0.135000  0.077942  0.000000
  -77.723  -49.039  -49.003  -48.945  -24.195  -24.113  -21.530  -20.202  -13.741  -11.207
  -10.500  -10.449   -9.491   -9.456   -9.362   -9.049   -8.634   -7.945   -7.817   -7.244
   -5.571   -3.396   -3.294   -3.250   -2.943   -0.125    0.069    1.822    1.887    2.481
    2.584    2.895    3.899    3.981    4.348
            0.132500  0.076499  0.000000
  -77.723  -49.037  -49.003  -48.945  -24.206  -24.124  -21.538  -20.207  -13.748  -11.209
  -10.463  -10.411   -9.482   -9.447   -9.346   -9.055   -8.641   -7.934   -7.807   -7.241
   -5.561   -3.393   -3.290   -3.243   -2.953   -0.141    0.057    1.839    1.904    2.470
    2.571    2.871    3.873    3.955    4.332
            0.130000  0.075056  0.000000
  -77.723  -49.036  -49.002  -48.945  -24.217  -24.135  -21.546  -20.211  -13.756  -11.211
  -10.426  -10.373   -9.473   -9.437   -9.330   -9.060   -8.648   -7.924   -7.798   -7.239
   -5.551   -3.391   -3.286   -3.236   -2.962   -0.157    0.045    1.855    1.920    2.459
    2.558    2.849    3.848    3.929    4.316
            0.127500  0.073612  0.000000
  -77.724  -49.034  -49.002  -48.946  -24.228  -24.146  -21.554  -20.215  -13.764  -11.213
  -10.390  -10.335   -9.464   -9.427   -9.314   -9.066   -8.655   -7.913   -7.788   -7.237
   -5.541   -3.389   -3.282   -3.229   -2.971   -0.174    0.032    1.872    1.936    2.448
    2.547    2.828    3.823    3.903    4.299
            0.125000  0.072169  0.000000
  -77.724  -49.033  -49.002  -48.946  -24.239  -24.156  -21.562  -20.219  -13.771  -11.216
  -10.354  -10.297   -9.455   -9.418   -9.298   -9.071   -8.661   -7.903   -7.779   -7.235
   -5.531   -3.386   -3.278   -3.223   -2.980   -0.191    0.019    1.889    1.952    2.436
    2.536    2.809    3.798    3.878    4.282
            0.122500  0.070725  0.000000
  -77.724  -49.031  -49.001  -48.946  -24.249  -24.167  -21.569  -20.223  -13.779  -11.218
  -10.319  -10.260   -9.446   -9.408   -9.283   -9.076   -8.668   -7.893   -7.770   -7.233
   -5.521   -3.384   -3.273   -3.216   -2.988   -0.209    0.005    1.905    1.968    2.424
    2.527    2.790    3.774    3.853    4.266
            0.120000  0.069282  0.000000
  -77.724  -49.030  -49.001  -48.946  -24.260  -24.177  -21.577  -20.227  -13.786  -11.221
  -10.284  -10.223   -9.437   -9.399   -9.268   -9.081   -8.674   -7.883   -7.761   -7.232
   -5.512   -3.381   -3.268   -3.210   -2.997   -0.227   -0.010    1.921    1.984    2.411
    2.519    2.774    3.749    3.829    4.249
            0.117500  0.067839  0.000000
  -77.724  -49.028  -49.001  -48.947  -24.270  -24.187  -21.584  -20.231  -13.793  -11.224
  -10.249  -10.186   -9.429   -9.390   -9.253   -9.086   -8.680   -7.873   -7.752   -7.231
   -5.503   -3.379   -3.263   -3.203   -3.006   -0.245   -0.025    1.937    1.999    2.397
    2.512    2.759    3.726    3.805    4.232
            0.115000  0.066395  0.000000
  -77.725  -49.027  -49.000  -48.947  -24.279  -24.196  -21.592  -20.235  -13.801  -11.226
  -10.215  -10.149   -9.420   -9.380   -9.238   -9.090   -8.687   -7.863   -7.743   -7.230
   -5.494   -3.376   -3.258   -3.197   -3.014   -0.264   -0.040    1.952    2.013    2.384
    2.507    2.745    3.702    3.781    4.215
            0.112500  0.064952  0.000000
  -77.725  -49.025  -49.000  -48.947  -24.289  -24.206  -21.599  -20.239  -13.808  -11.229
  -10.181  -10.113   -9.412   -9.371   -9.225   -9.094   -8.693   -7.853   -7.735   -7.229
   -5.485   -3.373   -3.252   -3.191   -3.022   -0.282   -0.056    1.966    2.026    2.369
    2.503    2.734    3.679    3.758    4.198
            0.110000  0.063509  0.000000
  -77.725  -49.024  -49.000  -48.947  -24.298  -24.215  -21.606  -20.243  -13.815  -11.232
  -10.147  -10.077   -9.404   -9.363   -9.211   -9.097   -8.698   -7.844   -7.726   -7.229
   -5.476   -3.371   -3.247   -3.185   -3.031   -0.301   -0.072    1.980    2.039    2.354
    2.501    2.725    3.657    3.735    4.180
            0.107500  0.062065  0.000000
  -77.725  -49.023  -48.999  -48.948  -24.308  -24.224  -21.613  -20.246  -13.821  -11.235
  -10.114  -10.042   -9.396   -9.354   -9.199   -9.100   -8.704   -7.834   -7.718   -7.229
   -5.468   -3.368   -3.241   -3.180   -3.039   -0.321   -0.088    1.993    2.050    2.338
    2.500    2.718    3.635    3.712    4.163
            0.105000  0.060622  0.000000
  -77.725  -49.021  -48.999  -48.948  -24.317  -24.233  -21.620  -20.250  -13.828  -11.237
  -10.082  -10.007   -9.388   -9.345   -9.188   -9.102   -8.710   -7.825   -7.709   -7.229
   -5.460   -3.364   -3.235   -3.174   -3.046   -0.340   -0.104    2.005    2.060    2.323
    2.501    2.713    3.613    3.690    4.146
            0.102500  0.059178  0.000000
  -77.725  -49.020  -48.999  -48.948  -24.325  -24.242  -21.626  -20.254  -13.835  -11.240
  -10.050   -9.972   -9.380   -9.337   -9.178   -9.102   -8.715   -7.815   -7.701   -7.230
   -5.452   -3.361   -3.229   -3.169   -3.054   -0.359   -0.121    2.016    2.068    2.306
    2.504    2.710    3.591    3.668    4.128
            0.100000  0.057735  0.000000
  -77.726  -49.019  -48.999  -48.948  -24.334  -24.250  -21.633  -20.257  -13.841  -11.243
  -10.019   -9.938   -9.373   -9.329   -9.170   -9.100   -8.720   -7.806   -7.693   -7.231
   -5.444   -3.358   -3.223   -3.164   -3.061   -0.379   -0.138    2.026    2.075    2.290
    2.509    2.709    3.570    3.647    4.111
            0.097500  0.056292  0.000000
  -77.726  -49.018  -48.998  -48.949  -24.342  -24.258  -21.639  -20.260  -13.848  -11.246
   -9.988   -9.904   -9.365   -9.321   -9.165   -9.096   -8.726   -7.797   -7.685   -7.232
   -5.437   -3.355   -3.217   -3.159   -3.068   -0.399   -0.155    2.035    2.080    2.273
    2.516    2.711    3.550    3.626    4.093
            0.095000  0.054848  0.000000
  -77.726  -49.016  -48.998  -48.949  -24.351  -24.266  -21.645  -20.264  -13.854  -11.248
   -9.958   -9.871   -9.358   -9.313   -9.162   -9.090   -8.731   -7.788   -7.678   -7.233
   -5.429   -3.351   -3.211   -3.155   -3.075   -0.418   -0.171    2.042    2.084    2.256
    2.525    2.714    3.530    3.606    4.075
            0.092500  0.053405  0.000000
  -77.726  -49.015  -48.998  -48.949  -24.359  -24.274  -21.651  -20.267  -13.860  -11.251
   -9.928   -9.838   -9.351   -9.305   -9.162   -9.081   -8.736   -7.779   -7.670   -7.235
   -5.422   -3.348   -3.205   -3.151   -3.081   -0.438   -0.188    2.049    2.086    2.239
    2.535    2.720    3.510    3.586    4.058
            0.090000  0.051962  0.000000
  -77.726  -49.014  -48.997  -48.949  -24.366  -24.282  -21.657  -20.270  -13.866  -11.253
   -9.899   -9.806   -9.344   -9.297   -9.162   -9.071   -8.740   -7.770   -7.663   -7.237
   -5.416   -3.344   -3.199   -3.148   -3.086   -0.457   -0.205    2.054    2.087    2.223
    2.546    2.727    3.491    3.567    4.040
            0.087500  0.050518  0.000000
  -77.726  -49.013  -48.997  -48.950  -24.374  -24.289  -21.663  -20.273  -13.872  -11.256
   -9.871   -9.774   -9.337   -9.290   -9.164   -9.061   -8.745   -7.762   -7.655   -7.239
   -5.409   -3.340   -3.192   -3.145   -3.091   -0.476   -0.222    2.058    2.087    2.206
    2.560    2.736    3.472    3.548    4.022
            0.085000  0.049075  0.000000
  -77.726  -49.012  -48.997  -48.950  -24.381  -24.297  -21.668  -20.276  -13.878  -11.258
   -9.843   -9.743   -9.331   -9.283   -9.166   -9.050   -8.749   -7.753   -7.648   -7.242
   -5.403   -3.337   -3.186   -3.144   -3.095   -0.496   -0.239    2.060    2.086    2.190
    2.574    2.747    3.453    3.529    4.004
            0.082500  0.047631  0.000000
  -77.727  -49.011  -48.997  -48.950  -24.388  -24.304  -21.674  -20.279  -13.883  -11.261
   -9.816   -9.712   -9.324   -9.276   -9.169   -9.039   -8.754   -7.744   -7.641   -7.244
   -5.397   -3.333   -3.180   -3.144   -3.097   -0.515   -0.255    2.062    2.084    2.174
    2.590    2.760    3.436    3.511    3.986
            0.080000  0.046188  0.000000
  -77.727  -49.010  -48.996  -48.950  -24.395  -24.311  -21.679  -20.282  -13.889  -11.263
   -9.790   -9.682   -9.318   -9.269   -9.171   -9.028   -8.758   -7.736   -7.634   -7.247
   -5.391   -3.329   -3.173   -3.145   -3.098   -0.533   -0.272    2.062    2.081    2.159
    2.607    2.773    3.418    3.494    3.968
            0.077500  0.044745  0.000000
  -77.727  -49.009  -48.996  -48.950  -24.402  -24.317  -21.684  -20.284  -13.894  -11.266
   -9.764   -9.653   -9.312   -9.262   -9.174   -9.017   -8.762   -7.728   -7.628   -7.251
   -5.385   -3.325   -3.167   -3.147   -3.097   -0.552   -0.288    2.061    2.077    2.144
    2.624    2.788    3.401    3.477    3.950
            0.075000  0.043301  0.000000
  -77.727  -49.008  -48.996  -48.950  -24.409  -24.324  -21.689  -20.287  -13.899  -11.268
   -9.739   -9.624   -9.306   -9.255   -9.177   -9.006   -8.766   -7.719   -7.621   -7.254
   -5.380   -3.321   -3.161   -3.151   -3.096   -0.570   -0.304    2.057    2.073    2.131
    2.643    2.803    3.385    3.460    3.933
            0.072500  0.041858  0.000000
  -77.727  -49.007  -48.996  -48.951  -24.415  -24.330  -21.694  -20.290  -13.904  -11.270
   -9.715   -9.596   -9.301   -9.249   -9.180   -8.995   -8.770   -7.711   -7.615   -7.258
   -5.375   -3.317   -3.155   -3.154   -3.094   -0.588   -0.320    2.052    2.070    2.119
    2.662    2.819    3.369    3.444    3.915
            0.070000  0.040415  0.000000
  -77.727  -49.006  -48.996  -48.951  -24.421  -24.336  -21.699  -20.292  -13.909  -11.272
   -9.691   -9.568   -9.295   -9.243   -9.183   -8.984   -8.773   -7.703   -7.609   -7.262
   -5.370   -3.313   -3.160   -3.148   -3.091   -0.606   -0.336    2.045    2.066    2.109
    2.681    2.836    3.353    3.429    3.897
            0.067500  0.038971  0.000000
  -77.727  -49.005  -48.995  -48.951  -24.427  -24.342  -21.703  -20.295  -13.913  -11.274
   -9.668   -9.542   -9.290   -9.237   -9.186   -8.974   -8.777   -7.695   -7.603   -7.267
   -5.365   -3.309   -3.165   -3.142   -3.088   -0.624   -0.351    2.035    2.062    2.100
    2.701    2.854    3.338    3.413    3.879
            0.065000  0.037528  0.000000
  -77.727  -49.004  -48.995  -48.951  -24.433  -24.347  -21.708  -20.297  -13.918  -11.277
   -9.646   -9.516   -9.285   -9.231   -9.188   -8.963   -8.780   -7.686   -7.598   -7.271
   -5.361   -3.305   -3.169   -3.136   -3.085   -0.641   -0.366    2.025    2.058    2.093
    2.722    2.872    3.324    3.399    3.861
            0.062500  0.036084  0.000000
  -77.728  -49.003  -48.995  -48.951  -24.438  -24.353  -21.712  -20.299  -13.922  -11.279
   -9.625   -9.490   -9.280   -9.226   -9.191   -8.953   -8.783   -7.678   -7.592   -7.276
   -5.357   -3.301   -3.174   -3.130   -3.082   -0.658   -0.381    2.013    2.053    2.087
    2.742    2.890    3.310    3.385    3.843
            0.060000  0.034641  0.000000
  -77.728  -49.002  -48.995  -48.951  -24.443  -24.358  -21.716  -20.301  -13.926  -11.280
   -9.605   -9.466   -9.275   -9.220   -9.194   -8.944   -8.786   -7.670   -7.587   -7.281
   -5.353   -3.298   -3.179   -3.124   -3.079   -0.674   -0.395    2.001    2.048    2.082
    2.763    2.908    3.297    3.371    3.825
            0.057500  0.033198  0.000000
  -77.728  -49.002  -48.995  -48.952  -24.448  -24.363  -21.720  -20.303  -13.931  -11.282
   -9.585   -9.442   -9.271   -9.215   -9.196   -8.934   -8.789   -7.663   -7.582   -7.286
   -5.349   -3.294   -3.184   -3.118   -3.076   -0.690   -0.409    1.989    2.043    2.078
    2.784    2.927    3.284    3.358    3.807
            0.055000  0.031754  0.000000
  -77.728  -49.001  -48.994  -48.952  -24.453  -24.368  -21.723  -20.305  -13.934  -11.284
   -9.566   -9.419   -9.267   -9.210   -9.198   -8.925   -8.792   -7.655   -7.577   -7.291
   -5.345   -3.290   -3.188   -3.112   -3.073   -0.705   -0.423    1.977    2.038    2.074
    2.805    2.945    3.271    3.346    3.789
            0.052500  0.030311  0.000000
  -77.728  -49.000  -48.994  -48.952  -24.458  -24.372  -21.727  -20.307  -13.938  -11.286
   -9.548   -9.397   -9.263   -9.205   -9.200   -8.916   -8.795   -7.647   -7.572   -7.297
   -5.342   -3.286   -3.193   -3.106   -3.071   -0.720   -0.436    1.965    2.033    2.070
    2.826    2.963    3.259    3.334    3.772
            0.050000  0.028868  0.000000
  -77.728  -48.999  -48.994  -48.952  -24.462  -24.376  -21.730  -20.309  -13.942  -11.287
   -9.531   -9.376   -9.259   -9.202   -9.201   -8.908   -8.797   -7.639   -7.567   -7.303
   -5.338   -3.283   -3.197   -3.101   -3.068   -0.734   -0.448    1.953    2.028    2.066
    2.847    2.981    3.248    3.323    3.754
            0.047500  0.027424  0.000000
  -77.728  -48.999  -48.994  -48.952  -24.467  -24.381  -21.734  -20.311  -13.945  -11.289
   -9.514   -9.356   -9.255   -9.204   -9.196   -8.900   -8.800   -7.631   -7.563   -7.309
   -5.335   -3.279   -3.201   -3.095   -3.065   -0.748   -0.461    1.942    2.023    2.063
    2.868    2.999    3.237    3.312    3.736
            0.045000  0.025981  0.000000
  -77.728  -48.998  -48.994  -48.952  -24.471  -24.385  -21.737  -20.313  -13.948  -11.290
   -9.499   -9.336   -9.251   -9.206   -9.192   -8.892   -8.802   -7.624   -7.559   -7.315
   -5.332   -3.275   -3.205   -3.090   -3.063   -0.762   -0.472    1.931    2.019    2.060
    2.889    3.016    3.227    3.301    3.719
            0.042500  0.024537  0.000000
  -77.728  -48.998  -48.994  -48.952  -24.474  -24.388  -21.740  -20.314  -13.951  -11.292
   -9.484   -9.318   -9.248   -9.207   -9.188   -8.885   -8.804   -7.616   -7.555   -7.321
   -5.330   -3.272   -3.209   -3.085   -3.060   -0.774   -0.483    1.920    2.014    2.057
    2.910    3.033    3.217    3.292    3.701
            0.040000  0.023094  0.000000
  -77.728  -48.997  -48.994  -48.952  -24.478  -24.392  -21.742  -20.316  -13.954  -11.293
   -9.470   -9.300   -9.245   -9.209   -9.184   -8.878   -8.806   -7.609   -7.551   -7.327
   -5.327   -3.269   -3.213   -3.080   -3.058   -0.787   -0.494    1.910    2.010    2.054
    2.930    3.050    3.208    3.282    3.684
            0.037500  0.021651  0.000000
  -77.728  -48.996  -48.994  -48.952  -24.481  -24.395  -21.745  -20.317  -13.957  -11.294
   -9.457   -9.284   -9.242   -9.210   -9.181   -8.871   -8.808   -7.601   -7.548   -7.333
   -5.325   -3.266   -3.216   -3.076   -3.056   -0.798   -0.504    1.901    2.005    2.051
    2.950    3.066    3.199    3.274    3.667
            0.035000  0.020207  0.000000
  -77.728  -48.996  -48.993  -48.953  -24.484  -24.398  -21.747  -20.318  -13.959  -11.296
   -9.445   -9.269   -9.239   -9.210   -9.178   -8.865   -8.809   -7.594   -7.544   -7.340
   -5.323   -3.263   -3.219   -3.071   -3.054   -0.809   -0.513    1.892    2.001    2.049
    2.970    3.081    3.191    3.266    3.650
            0.032500  0.018764  0.000000
  -77.729  -48.996  -48.993  -48.953  -24.487  -24.401  -21.750  -20.319  -13.962  -11.297
   -9.434   -9.255   -9.237   -9.211   -9.174   -8.859   -8.811   -7.586   -7.541   -7.346
   -5.321   -3.260   -3.222   -3.067   -3.052   -0.819   -0.522    1.883    1.998    2.046
    2.989    3.096    3.183    3.258    3.633
            0.030000  0.017321  0.000000
  -77.729  -48.995  -48.993  -48.953  -24.490  -24.404  -21.752  -20.321  -13.964  -11.298
   -9.424   -9.243   -9.234   -9.210   -9.172   -8.853   -8.812   -7.579   -7.539   -7.353
   -5.319   -3.257   -3.225   -3.063   -3.050   -0.829   -0.531    1.875    1.994    2.044
    3.007    3.110    3.176    3.251    3.617
            0.027500  0.015877  0.000000
  -77.729  -48.995  -48.993  -48.953  -24.492  -24.406  -21.754  -20.322  -13.966  -11.299
   -9.414   -9.233   -9.232   -9.208   -9.169   -8.848   -8.814   -7.572   -7.536   -7.359
   -5.317   -3.255   -3.228   -3.060   -3.048   -0.838   -0.538    1.868    1.991    2.042
    3.025    3.123    3.170    3.245    3.601
            0.025000  0.014434  0.000000
  -77.729  -48.994  -48.993  -48.953  -24.495  -24.408  -21.755  -20.323  -13.968  -11.299
   -9.406   -9.230   -9.226   -9.204   -9.167   -8.843   -8.815   -7.565   -7.534   -7.365
   -5.316   -3.253   -3.230   -3.056   -3.047   -0.846   -0.545    1.861    1.988    2.040
    3.042    3.136    3.164    3.239    3.585
            0.022500  0.012990  0.000000
  -77.729  -48.994  -48.993  -48.953  -24.497  -24.410  -21.757  -20.323  -13.970  -11.300
   -9.398   -9.228   -9.223   -9.197   -9.164   -8.839   -8.816   -7.559   -7.531   -7.372
   -5.315   -3.251   -3.232   -3.053   -3.045   -0.853   -0.552    1.855    1.985    2.038
    3.058    3.148    3.159    3.233    3.570
            0.020000  0.011547  0.000000
  -77.729  -48.994  -48.993  -48.953  -24.499  -24.412  -21.758  -20.324  -13.971  -11.301
   -9.391   -9.227   -9.222   -9.189   -9.162   -8.835   -8.817   -7.552   -7.529   -7.378
   -5.313   -3.249   -3.234   -3.050   -3.044   -0.860   -0.558    1.850    1.983    2.036
    3.074    3.154    3.159    3.228    3.555
            0.017500  0.010104  0.000000
  -77.729  -48.993  -48.993  -48.953  -24.500  -24.414  -21.760  -20.325  -13.972  -11.302
   -9.385   -9.225   -9.221   -9.181   -9.161   -8.832   -8.818   -7.546   -7.528   -7.383
   -5.312   -3.247   -3.236   -3.048   -3.043   -0.866   -0.563    1.845    1.980    2.035
    3.087    3.150    3.170    3.224    3.542
            0.015000  0.008660  0.000000
  -77.729  -48.993  -48.993  -48.953  -24.502  -24.415  -21.761  -20.325  -13.974  -11.302
   -9.380   -9.224   -9.221   -9.175   -9.159   -8.829   -8.819   -7.541   -7.526   -7.389
   -5.311   -3.246   -3.237   -3.046   -3.042   -0.871   -0.567    1.841    1.978    2.034
    3.100    3.146    3.179    3.221    3.529
            0.012500  0.007217  0.000000
  -77.729  -48.993  -48.993  -48.953  -24.503  -24.416  -21.762  -20.326  -13.975  -11.303
   -9.376   -9.223   -9.221   -9.169   -9.158   -8.826   -8.819   -7.535   -7.525   -7.394
   -5.311   -3.244   -3.239   -3.044   -3.041   -0.875   -0.571    1.837    1.977    2.032
    3.110    3.143    3.188    3.217    3.518
            0.010000  0.005774  0.000000
  -77.729  -48.993  -48.993  -48.953  -24.504  -24.417  -21.762  -20.326  -13.975  -11.303
   -9.372   -9.222   -9.221   -9.164   -9.157   -8.824   -8.820   -7.531   -7.524   -7.398
   -5.310   -3.243   -3.240   -3.042   -3.041   -0.879   -0.574    1.834    1.976    2.032
    3.119    3.140    3.195    3.215    3.508
            0.007500  0.004330  0.000000
  -77.729  -48.993  -48.993  -48.953  -24.504  -24.418  -21.763  -20.327  -13.976  -11.303
   -9.370   -9.221   -9.221   -9.160   -9.156   -8.823   -8.820   -7.527   -7.523   -7.402
   -5.310   -3.243   -3.241   -3.041   -3.040   -0.882   -0.576    1.832    1.974    2.031
    3.127    3.138    3.202    3.213    3.499
            0.005000  0.002887  0.000000
  -77.729  -48.993  -48.993  -48.953  -24.505  -24.419  -21.763  -20.327  -13.976  -11.303
   -9.368   -9.221   -9.221   -9.157   -9.156   -8.822   -8.821   -7.524   -7.523   -7.405
   -5.309   -3.242   -3.241   -3.040   -3.040   -0.884   -0.578    1.830    1.974    2.030
    3.132    3.137    3.206    3.211    3.493
            0.002500  0.001443  0.000000
  -77.729  -48.993  -48.993  -48.953  -24.505  -24.419  -21.764  -20.327  -13.977  -11.304
   -9.366   -9.221   -9.221   -9.156   -9.155   -8.821   -8.821   -7.523   -7.522   -7.406
   -5.309   -3.242   -3.241   -3.040   -3.040   -0.885   -0.579    1.829    1.973    2.030
    3.135    3.136    3.209    3.211    3.489
            0.000000  0.000000  0.000000
  -77.729  -48.993  -48.993  -48.953  -24.505  -24.419  -21.764  -20.327  -13.977  -11.304
   -9.366   -9.221   -9.221   -9.155   -9.155   -8.821   -8.821   -7.522   -7.522   -7.407
   -5.309   -3.242   -3.241   -3.040   -3.039   -0.885   -0.580    1.829    1.973    2.030
    3.136    3.136    3.210    3.210    3.488
