
     Program BANDS v.7.4.1 starts on 13Mar2026 at  3: 6:58 

     This program is part of the open-source Quantum ESPRESSO suite
     for quantum simulation of materials; please cite
         "P. Giannozzi et al., J. Phys.:Condens. Matter 21 395502 (2009);
         "P. Giannozzi et al., J. Phys.:Condens. Matter 29 465901 (2017);
         "P. Giannozzi et al., J. Chem. Phys. 152 154105 (2020);
          URL http://www.quantum-espresso.org", 
     in publications or presentations arising from this work. More details at
     http://www.quantum-espresso.org/quote

     Parallel version (MPI), running on     1 processors

     MPI processes distributed on     1 nodes
     1839 MiB available memory on the printing compute node when the environment starts
 

     Reading xml data from directory:

     ./tmp/crsi2n4.save/

     IMPORTANT: XC functional enforced from input :
     Exchange-correlation= PBE
                           (   1   4   3   4   0   0   0)
     Any further DFT definition will be discarded
     Please, verify this is what you really want

 
     G-vector sticks info
     --------------------
     sticks:   dense  smooth     PW     G-vecs:    dense   smooth      PW
     Sum         721     583    163               119529    85897   13807
 
     Using Slab Decomposition
 
 ----2D----2D----2D----2D----2D----2D----2D----2D----2D----2D----2D----2D
  The code is running with the 2D cutoff
  Please refer to:
  Sohier, T., Calandra, M., & Mauri, F. (2017), 
  Density functional perturbation theory for gated two-dimensional heterostructures:
  Theoretical developments and application to flexural phonons in graphene.
  Physical Review B, 96(7), 75448. https://doi.org/10.1103/PhysRevB.96.075448
 ----2D----2D----2D----2D----2D----2D----2D----2D----2D----2D----2D----2D
     Reading collected, re-writing distributed wavefunctions
     high-symmetry point:  0.0000 0.0000 0.0000   x coordinate   0.0000
     high-symmetry point:  0.3333 0.5774 0.0000   x coordinate   0.6667
     high-symmetry point:  0.5000 0.2887 0.0000   x coordinate   1.0000
     high-symmetry point:  0.0000 0.0000 0.0000   x coordinate   1.5774

     Plottable bands (eV) written to file bands.dat.gnu
     Bands written to file bands.dat

 **************************************************************************

                    xk=(   0.00000,   0.00000,   0.00000  )

     point group C_1 (1)    
     there are  1 classes
     the character table:

       E    
A      1.00

     the symmetry operations in each class and the name of the first element:

     E        1
                                                                 

     Band symmetry, C_1 (1)     point group:

     e(  1 -  1) =    -78.01729  eV     1   --> A              
     e(  2 -  2) =    -49.27022  eV     1   --> A              
     e(  3 -  4) =    -49.15377  eV     2   -->   2 A              
     e(  5 -  5) =    -25.56767  eV     1   --> A              
     e(  6 -  6) =    -25.49269  eV     1   --> A              
     e(  7 -  7) =    -22.63600  eV     1   --> A              
     e(  8 -  8) =    -21.26713  eV     1   --> A              
     e(  9 -  9) =    -14.88849  eV     1   --> A              
     e( 10 - 10) =    -12.35596  eV     1   --> A              
     e( 11 - 11) =    -10.27342  eV     1   --> A              
     e( 12 - 13) =     -9.19888  eV     2   -->   2 A              
     e( 14 - 15) =     -9.04953  eV     2   -->   2 A              
     e( 16 - 16) =     -8.95311  eV     1   --> A              
     e( 17 - 17) =     -8.95297  eV     1   --> A              
     e( 18 - 18) =     -8.27400  eV     1   --> A              
     e( 19 - 19) =     -7.71422  eV     1   --> A              
     e( 20 - 20) =     -7.71373  eV     1   --> A              
     e( 21 - 21) =     -5.89070  eV     1   --> A              
     e( 22 - 22) =     -3.22780  eV     1   --> A              
     e( 23 - 23) =     -3.22695  eV     1   --> A              
     e( 24 - 24) =     -3.13473  eV     1   --> A              
     e( 25 - 25) =     -3.13455  eV     1   --> A              
     e( 26 - 26) =     -0.14691  eV     1   --> A              
     e( 27 - 27) =      0.21745  eV     1   --> A              
     e( 28 - 28) =      2.45694  eV     1   --> A              
     e( 29 - 29) =      2.50268  eV     1   --> A              
     e( 30 - 30) =      2.87288  eV     1   --> A              
     e( 31 - 31) =      4.01933  eV     1   --> A              
     e( 32 - 33) =      4.33433  eV     2   -->   2 A              
     e( 34 - 35) =      4.35388  eV     2   -->   2 A              

 **************************************************************************

 **************************************************************************

                    xk=(   0.00333,   0.00577,   0.00000  )

     Band symmetry, C_1 (1)     point group:

     e(  1 -  1) =    -78.01726  eV     1   --> A              
     e(  2 -  2) =    -49.27019  eV     1   --> A              
     e(  3 -  3) =    -49.15391  eV     1   --> A              
     e(  4 -  4) =    -49.15381  eV     1   --> A              
     e(  5 -  5) =    -25.56700  eV     1   --> A              
     e(  6 -  6) =    -25.49204  eV     1   --> A              
     e(  7 -  7) =    -22.63544  eV     1   --> A              
     e(  8 -  8) =    -21.26680  eV     1   --> A              
     e(  9 -  9) =    -14.88789  eV     1   --> A              
     e( 10 - 10) =    -12.35568  eV     1   --> A              
     e( 11 - 11) =    -10.27320  eV     1   --> A              
     e( 12 - 12) =     -9.20062  eV     1   --> A              
     e( 13 - 13) =     -9.19896  eV     1   --> A              
     e( 14 - 14) =     -9.05312  eV     1   --> A              
     e( 15 - 15) =     -9.05021  eV     1   --> A              
     e( 16 - 16) =     -8.95494  eV     1   --> A              
     e( 17 - 17) =     -8.95322  eV     1   --> A              
     e( 18 - 18) =     -8.27409  eV     1   --> A              
     e( 19 - 19) =     -7.71449  eV     1   --> A              
     e( 20 - 20) =     -7.71399  eV     1   --> A              
     e( 21 - 21) =     -5.89095  eV     1   --> A              
     e( 22 - 22) =     -3.22765  eV     1   --> A              
     e( 23 - 23) =     -3.22713  eV     1   --> A              
     e( 24 - 24) =     -3.13592  eV     1   --> A              
     e( 25 - 25) =     -3.13498  eV     1   --> A              
     e( 26 - 26) =     -0.14526  eV     1   --> A              
     e( 27 - 27) =      0.21877  eV     1   --> A              
     e( 28 - 28) =      2.45759  eV     1   --> A              
     e( 29 - 29) =      2.50337  eV     1   --> A              
     e( 30 - 30) =      2.87477  eV     1   --> A              
     e( 31 - 31) =      4.01637  eV     1   --> A              
     e( 32 - 32) =      4.33591  eV     1   --> A              
     e( 33 - 33) =      4.33657  eV     1   --> A              
     e( 34 - 34) =      4.34912  eV     1   --> A              
     e( 35 - 35) =      4.35552  eV     1   --> A              

 **************************************************************************

 **************************************************************************

                    xk=(   0.00667,   0.01155,   0.00000  )

     Band symmetry, C_1 (1)     point group:

     e(  1 -  1) =    -78.01720  eV     1   --> A              
     e(  2 -  2) =    -49.27011  eV     1   --> A              
     e(  3 -  3) =    -49.15436  eV     1   --> A              
     e(  4 -  4) =    -49.15391  eV     1   --> A              
     e(  5 -  5) =    -25.56501  eV     1   --> A              
     e(  6 -  6) =    -25.49008  eV     1   --> A              
     e(  7 -  7) =    -22.63375  eV     1   --> A              
     e(  8 -  8) =    -21.26582  eV     1   --> A              
     e(  9 -  9) =    -14.88607  eV     1   --> A              
     e( 10 - 10) =    -12.35484  eV     1   --> A              
     e( 11 - 11) =    -10.27255  eV     1   --> A              
     e( 12 - 12) =     -9.20605  eV     1   --> A              
     e( 13 - 13) =     -9.19922  eV     1   --> A              
     e( 14 - 14) =     -9.06374  eV     1   --> A              
     e( 15 - 15) =     -9.05226  eV     1   --> A              
     e( 16 - 16) =     -8.96074  eV     1   --> A              
     e( 17 - 17) =     -8.95358  eV     1   --> A              
     e( 18 - 18) =     -8.27440  eV     1   --> A              
     e( 19 - 19) =     -7.71677  eV     1   --> A              
     e( 20 - 20) =     -7.71330  eV     1   --> A              
     e( 21 - 21) =     -5.89169  eV     1   --> A              
     e( 22 - 22) =     -3.22972  eV     1   --> A              
     e( 23 - 23) =     -3.22513  eV     1   --> A              
     e( 24 - 24) =     -3.13946  eV     1   --> A              
     e( 25 - 25) =     -3.13628  eV     1   --> A              
     e( 26 - 26) =     -0.14034  eV     1   --> A              
     e( 27 - 27) =      0.22270  eV     1   --> A              
     e( 28 - 28) =      2.45952  eV     1   --> A              
     e( 29 - 29) =      2.50540  eV     1   --> A              
     e( 30 - 30) =      2.88043  eV     1   --> A              
     e( 31 - 31) =      4.00772  eV     1   --> A              
     e( 32 - 32) =      4.33451  eV     1   --> A              
     e( 33 - 33) =      4.34133  eV     1   --> A              
     e( 34 - 34) =      4.34301  eV     1   --> A              
     e( 35 - 35) =      4.36041  eV     1   --> A              

 **************************************************************************

 **************************************************************************

                    xk=(   0.01000,   0.01732,   0.00000  )

     Band symmetry, C_1 (1)     point group:

     e(  1 -  1) =    -78.01709  eV     1   --> A              
     e(  2 -  2) =    -49.26996  eV     1   --> A              
     e(  3 -  3) =    -49.15512  eV     1   --> A              
     e(  4 -  4) =    -49.15407  eV     1   --> A              
     e(  5 -  5) =    -25.56170  eV     1   --> A              
     e(  6 -  6) =    -25.48681  eV     1   --> A              
     e(  7 -  7) =    -22.63092  eV     1   --> A              
     e(  8 -  8) =    -21.26418  eV     1   --> A              
     e(  9 -  9) =    -14.88305  eV     1   --> A              
     e( 10 - 10) =    -12.35344  eV     1   --> A              
     e( 11 - 11) =    -10.27148  eV     1   --> A              
     e( 12 - 12) =     -9.21511  eV     1   --> A              
     e( 13 - 13) =     -9.19981  eV     1   --> A              
     e( 14 - 14) =     -9.08105  eV     1   --> A              
     e( 15 - 15) =     -9.05586  eV     1   --> A              
     e( 16 - 16) =     -8.97015  eV     1   --> A              
     e( 17 - 17) =     -8.95422  eV     1   --> A              
     e( 18 - 18) =     -8.27503  eV     1   --> A              
     e( 19 - 19) =     -7.72059  eV     1   --> A              
     e( 20 - 20) =     -7.71217  eV     1   --> A              
     e( 21 - 21) =     -5.89296  eV     1   --> A              
     e( 22 - 22) =     -3.23316  eV     1   --> A              
     e( 23 - 23) =     -3.22180  eV     1   --> A              
     e( 24 - 24) =     -3.14530  eV     1   --> A              
     e( 25 - 25) =     -3.13842  eV     1   --> A              
     e( 26 - 26) =     -0.13221  eV     1   --> A              
     e( 27 - 27) =      0.22920  eV     1   --> A              
     e( 28 - 28) =      2.46269  eV     1   --> A              
     e( 29 - 29) =      2.50874  eV     1   --> A              
     e( 30 - 30) =      2.88984  eV     1   --> A              
     e( 31 - 31) =      3.99397  eV     1   --> A              
     e( 32 - 32) =      4.31249  eV     1   --> A              
     e( 33 - 33) =      4.34922  eV     1   --> A              
     e( 34 - 34) =      4.35262  eV     1   --> A              
     e( 35 - 35) =      4.36904  eV     1   --> A              

 **************************************************************************

 **************************************************************************

                    xk=(   0.01333,   0.02309,   0.00000  )

     Band symmetry, C_1 (1)     point group:

     e(  1 -  1) =    -78.01694  eV     1   --> A              
     e(  2 -  2) =    -49.26976  eV     1   --> A              
     e(  3 -  3) =    -49.15617  eV     1   --> A              
     e(  4 -  4) =    -49.15431  eV     1   --> A              
     e(  5 -  5) =    -25.55706  eV     1   --> A              
     e(  6 -  6) =    -25.48224  eV     1   --> A              
     e(  7 -  7) =    -22.62698  eV     1   --> A              
     e(  8 -  8) =    -21.26190  eV     1   --> A              
     e(  9 -  9) =    -14.87883  eV     1   --> A              
     e( 10 - 10) =    -12.35148  eV     1   --> A              
     e( 11 - 11) =    -10.27004  eV     1   --> A              
     e( 12 - 12) =     -9.22781  eV     1   --> A              
     e( 13 - 13) =     -9.20105  eV     1   --> A              
     e( 14 - 14) =     -9.10445  eV     1   --> A              
     e( 15 - 15) =     -9.06134  eV     1   --> A              
     e( 16 - 16) =     -8.98272  eV     1   --> A              
     e( 17 - 17) =     -8.95516  eV     1   --> A              
     e( 18 - 18) =     -8.27615  eV     1   --> A              
     e( 19 - 19) =     -7.72596  eV     1   --> A              
     e( 20 - 20) =     -7.71061  eV     1   --> A              
     e( 21 - 21) =     -5.89476  eV     1   --> A              
     e( 22 - 22) =     -3.23789  eV     1   --> A              
     e( 23 - 23) =     -3.21717  eV     1   --> A              
     e( 24 - 24) =     -3.15336  eV     1   --> A              
     e( 25 - 25) =     -3.14139  eV     1   --> A              
     e( 26 - 26) =     -0.12097  eV     1   --> A              
     e( 27 - 27) =      0.23819  eV     1   --> A              
     e( 28 - 28) =      2.46700  eV     1   --> A              
     e( 29 - 29) =      2.51330  eV     1   --> A              
     e( 30 - 30) =      2.90296  eV     1   --> A              
     e( 31 - 31) =      3.97588  eV     1   --> A              
     e( 32 - 32) =      4.28329  eV     1   --> A              
     e( 33 - 33) =      4.36061  eV     1   --> A              
     e( 34 - 34) =      4.36400  eV     1   --> A              
     e( 35 - 35) =      4.38226  eV     1   --> A              

 **************************************************************************

 **************************************************************************

                    xk=(   0.01667,   0.02887,   0.00000  )

     Band symmetry, C_1 (1)     point group:

     e(  1 -  1) =    -78.01674  eV     1   --> A              
     e(  2 -  2) =    -49.26951  eV     1   --> A              
     e(  3 -  3) =    -49.15752  eV     1   --> A              
     e(  4 -  4) =    -49.15461  eV     1   --> A              
     e(  5 -  5) =    -25.55109  eV     1   --> A              
     e(  6 -  6) =    -25.47636  eV     1   --> A              
     e(  7 -  7) =    -22.62191  eV     1   --> A              
     e(  8 -  8) =    -21.25896  eV     1   --> A              
     e(  9 -  9) =    -14.87340  eV     1   --> A              
     e( 10 - 10) =    -12.34898  eV     1   --> A              
     e( 11 - 11) =    -10.26827  eV     1   --> A              
     e( 12 - 12) =     -9.24422  eV     1   --> A              
     e( 13 - 13) =     -9.20381  eV     1   --> A              
     e( 14 - 14) =     -9.13277  eV     1   --> A              
     e( 15 - 15) =     -9.06924  eV     1   --> A              
     e( 16 - 16) =     -8.99772  eV     1   --> A              
     e( 17 - 17) =     -8.95632  eV     1   --> A              
     e( 18 - 18) =     -8.27793  eV     1   --> A              
     e( 19 - 19) =     -7.73292  eV     1   --> A              
     e( 20 - 20) =     -7.70867  eV     1   --> A              
     e( 21 - 21) =     -5.89714  eV     1   --> A              
     e( 22 - 22) =     -3.24387  eV     1   --> A              
     e( 23 - 23) =     -3.21128  eV     1   --> A              
     e( 24 - 24) =     -3.16351  eV     1   --> A              
     e( 25 - 25) =     -3.14518  eV     1   --> A              
     e( 26 - 26) =     -0.10673  eV     1   --> A              
     e( 27 - 27) =      0.24957  eV     1   --> A              
     e( 28 - 28) =      2.47235  eV     1   --> A              
     e( 29 - 29) =      2.51898  eV     1   --> A              
     e( 30 - 30) =      2.91972  eV     1   --> A              
     e( 31 - 31) =      3.95426  eV     1   --> A              
     e( 32 - 32) =      4.24849  eV     1   --> A              
     e( 33 - 33) =      4.37508  eV     1   --> A              
     e( 34 - 34) =      4.37629  eV     1   --> A              
     e( 35 - 35) =      4.40045  eV     1   --> A              

 **************************************************************************

 **************************************************************************

                    xk=(   0.02000,   0.03464,   0.00000  )

     Band symmetry, C_1 (1)     point group:

     e(  1 -  1) =    -78.01650  eV     1   --> A              
     e(  2 -  2) =    -49.26919  eV     1   --> A              
     e(  3 -  3) =    -49.15917  eV     1   --> A              
     e(  4 -  4) =    -49.15498  eV     1   --> A              
     e(  5 -  5) =    -25.54381  eV     1   --> A              
     e(  6 -  6) =    -25.46919  eV     1   --> A              
     e(  7 -  7) =    -22.61572  eV     1   --> A              
     e(  8 -  8) =    -21.25538  eV     1   --> A              
     e(  9 -  9) =    -14.86679  eV     1   --> A              
     e( 10 - 10) =    -12.34592  eV     1   --> A              
     e( 11 - 11) =    -10.26626  eV     1   --> A              
     e( 12 - 12) =     -9.26444  eV     1   --> A              
     e( 13 - 13) =     -9.21107  eV     1   --> A              
     e( 14 - 14) =     -9.16276  eV     1   --> A              
     e( 15 - 15) =     -9.08039  eV     1   --> A              
     e( 16 - 16) =     -9.01406  eV     1   --> A              
     e( 17 - 17) =     -8.95758  eV     1   --> A              
     e( 18 - 18) =     -8.28058  eV     1   --> A              
     e( 19 - 19) =     -7.74152  eV     1   --> A              
     e( 20 - 20) =     -7.70639  eV     1   --> A              
     e( 21 - 21) =     -5.90015  eV     1   --> A              
     e( 22 - 22) =     -3.25103  eV     1   --> A              
     e( 23 - 23) =     -3.20424  eV     1   --> A              
     e( 24 - 24) =     -3.17561  eV     1   --> A              
     e( 25 - 25) =     -3.14972  eV     1   --> A              
     e( 26 - 26) =     -0.08969  eV     1   --> A              
     e( 27 - 27) =      0.26320  eV     1   --> A              
     e( 28 - 28) =      2.47859  eV     1   --> A              
     e( 29 - 29) =      2.52562  eV     1   --> A              
     e( 30 - 30) =      2.94004  eV     1   --> A              
     e( 31 - 31) =      3.92984  eV     1   --> A              
     e( 32 - 32) =      4.20930  eV     1   --> A              
     e( 33 - 33) =      4.38871  eV     1   --> A              
     e( 34 - 34) =      4.39333  eV     1   --> A              
     e( 35 - 35) =      4.42318  eV     1   --> A              

 **************************************************************************

 **************************************************************************

                    xk=(   0.02333,   0.04041,   0.00000  )

     Band symmetry, C_1 (1)     point group:

     e(  1 -  1) =    -78.01622  eV     1   --> A              
     e(  2 -  2) =    -49.26882  eV     1   --> A              
     e(  3 -  3) =    -49.16112  eV     1   --> A              
     e(  4 -  4) =    -49.15542  eV     1   --> A              
     e(  5 -  5) =    -25.53520  eV     1   --> A              
     e(  6 -  6) =    -25.46071  eV     1   --> A              
     e(  7 -  7) =    -22.60842  eV     1   --> A              
     e(  8 -  8) =    -21.25115  eV     1   --> A              
     e(  9 -  9) =    -14.85900  eV     1   --> A              
     e( 10 - 10) =    -12.34233  eV     1   --> A              
     e( 11 - 11) =    -10.26411  eV     1   --> A              
     e( 12 - 12) =     -9.28871  eV     1   --> A              
     e( 13 - 13) =     -9.23228  eV     1   --> A              
     e( 14 - 14) =     -9.18460  eV     1   --> A              
     e( 15 - 15) =     -9.09578  eV     1   --> A              
     e( 16 - 16) =     -9.03042  eV     1   --> A              
     e( 17 - 17) =     -8.95874  eV     1   --> A              
     e( 18 - 18) =     -8.28424  eV     1   --> A              
     e( 19 - 19) =     -7.75180  eV     1   --> A              
     e( 20 - 20) =     -7.70384  eV     1   --> A              
     e( 21 - 21) =     -5.90384  eV     1   --> A              
     e( 22 - 22) =     -3.25927  eV     1   --> A              
     e( 23 - 23) =     -3.19649  eV     1   --> A              
     e( 24 - 24) =     -3.18919  eV     1   --> A              
     e( 25 - 25) =     -3.15484  eV     1   --> A              
     e( 26 - 26) =     -0.07002  eV     1   --> A              
     e( 27 - 27) =      0.27891  eV     1   --> A              
     e( 28 - 28) =      2.48553  eV     1   --> A              
     e( 29 - 29) =      2.53306  eV     1   --> A              
     e( 30 - 30) =      2.96383  eV     1   --> A              
     e( 31 - 31) =      3.90328  eV     1   --> A              
     e( 32 - 32) =      4.16676  eV     1   --> A              
     e( 33 - 33) =      4.40221  eV     1   --> A              
     e( 34 - 34) =      4.41441  eV     1   --> A              
     e( 35 - 35) =      4.44999  eV     1   --> A              

 **************************************************************************

 **************************************************************************

                    xk=(   0.02667,   0.04619,   0.00000  )

     Band symmetry, C_1 (1)     point group:

     e(  1 -  1) =    -78.01589  eV     1   --> A              
     e(  2 -  2) =    -49.26840  eV     1   --> A              
     e(  3 -  3) =    -49.16335  eV     1   --> A              
     e(  4 -  4) =    -49.15592  eV     1   --> A              
     e(  5 -  5) =    -25.52527  eV     1   --> A              
     e(  6 -  6) =    -25.45094  eV     1   --> A              
     e(  7 -  7) =    -22.60001  eV     1   --> A              
     e(  8 -  8) =    -21.24628  eV     1   --> A              
     e(  9 -  9) =    -14.85003  eV     1   --> A              
     e( 10 - 10) =    -12.33819  eV     1   --> A              
     e( 11 - 11) =    -10.26196  eV     1   --> A              
     e( 12 - 12) =     -9.31757  eV     1   --> A              
     e( 13 - 13) =     -9.27052  eV     1   --> A              
     e( 14 - 14) =     -9.19459  eV     1   --> A              
     e( 15 - 15) =     -9.11598  eV     1   --> A              
     e( 16 - 16) =     -9.04581  eV     1   --> A              
     e( 17 - 17) =     -8.95959  eV     1   --> A              
     e( 18 - 18) =     -8.28904  eV     1   --> A              
     e( 19 - 19) =     -7.76381  eV     1   --> A              
     e( 20 - 20) =     -7.70108  eV     1   --> A              
     e( 21 - 21) =     -5.90826  eV     1   --> A              
     e( 22 - 22) =     -3.26852  eV     1   --> A              
     e( 23 - 23) =     -3.20533  eV     1   --> A              
     e( 24 - 24) =     -3.18738  eV     1   --> A              
     e( 25 - 25) =     -3.15994  eV     1   --> A              
     e( 26 - 26) =     -0.04794  eV     1   --> A              
     e( 27 - 27) =      0.29653  eV     1   --> A              
     e( 28 - 28) =      2.49298  eV     1   --> A              
     e( 29 - 29) =      2.54109  eV     1   --> A              
     e( 30 - 30) =      2.99094  eV     1   --> A              
     e( 31 - 31) =      3.87520  eV     1   --> A              
     e( 32 - 32) =      4.12173  eV     1   --> A              
     e( 33 - 33) =      4.41632  eV     1   --> A              
     e( 34 - 34) =      4.43869  eV     1   --> A              
     e( 35 - 35) =      4.48067  eV     1   --> A              

 **************************************************************************

 **************************************************************************

                    xk=(   0.03000,   0.05196,   0.00000  )

     Band symmetry, C_1 (1)     point group:

     e(  1 -  1) =    -78.01552  eV     1   --> A              
     e(  2 -  2) =    -49.26792  eV     1   --> A              
     e(  3 -  3) =    -49.16587  eV     1   --> A              
     e(  4 -  4) =    -49.15649  eV     1   --> A              
     e(  5 -  5) =    -25.51404  eV     1   --> A              
     e(  6 -  6) =    -25.43987  eV     1   --> A              
     e(  7 -  7) =    -22.59050  eV     1   --> A              
     e(  8 -  8) =    -21.24078  eV     1   --> A              
     e(  9 -  9) =    -14.83991  eV     1   --> A              
     e( 10 - 10) =    -12.33354  eV     1   --> A              
     e( 11 - 11) =    -10.25997  eV     1   --> A              
     e( 12 - 12) =     -9.35252  eV     1   --> A              
     e( 13 - 13) =     -9.31586  eV     1   --> A              
     e( 14 - 14) =     -9.20129  eV     1   --> A              
     e( 15 - 15) =     -9.14055  eV     1   --> A              
     e( 16 - 16) =     -9.06013  eV     1   --> A              
     e( 17 - 17) =     -8.95991  eV     1   --> A              
     e( 18 - 18) =     -8.29507  eV     1   --> A              
     e( 19 - 19) =     -7.77761  eV     1   --> A              
     e( 20 - 20) =     -7.69821  eV     1   --> A              
     e( 21 - 21) =     -5.91348  eV     1   --> A              
     e( 22 - 22) =     -3.27871  eV     1   --> A              
     e( 23 - 23) =     -3.22210  eV     1   --> A              
     e( 24 - 24) =     -3.18141  eV     1   --> A              
     e( 25 - 25) =     -3.16225  eV     1   --> A              
     e( 26 - 26) =     -0.02370  eV     1   --> A              
     e( 27 - 27) =      0.31586  eV     1   --> A              
     e( 28 - 28) =      2.50070  eV     1   --> A              
     e( 29 - 29) =      2.54946  eV     1   --> A              
     e( 30 - 30) =      3.02122  eV     1   --> A              
     e( 31 - 31) =      3.84616  eV     1   --> A              
     e( 32 - 32) =      4.07498  eV     1   --> A              
     e( 33 - 33) =      4.43093  eV     1   --> A              
     e( 34 - 34) =      4.46607  eV     1   --> A              
     e( 35 - 35) =      4.51512  eV     1   --> A              

 **************************************************************************

 **************************************************************************

                    xk=(   0.03333,   0.05774,   0.00000  )

     Band symmetry, C_1 (1)     point group:

     e(  1 -  1) =    -78.01511  eV     1   --> A              
     e(  2 -  2) =    -49.26738  eV     1   --> A              
     e(  3 -  3) =    -49.16867  eV     1   --> A              
     e(  4 -  4) =    -49.15713  eV     1   --> A              
     e(  5 -  5) =    -25.50149  eV     1   --> A              
     e(  6 -  6) =    -25.42750  eV     1   --> A              
     e(  7 -  7) =    -22.57991  eV     1   --> A              
     e(  8 -  8) =    -21.23465  eV     1   --> A              
     e(  9 -  9) =    -14.82864  eV     1   --> A              
     e( 10 - 10) =    -12.32836  eV     1   --> A              
     e( 11 - 11) =    -10.25837  eV     1   --> A              
     e( 12 - 12) =     -9.39672  eV     1   --> A              
     e( 13 - 13) =     -9.36136  eV     1   --> A              
     e( 14 - 14) =     -9.20895  eV     1   --> A              
     e( 15 - 15) =     -9.16790  eV     1   --> A              
     e( 16 - 16) =     -9.07393  eV     1   --> A              
     e( 17 - 17) =     -8.95942  eV     1   --> A              
     e( 18 - 18) =     -8.30235  eV     1   --> A              
     e( 19 - 19) =     -7.79324  eV     1   --> A              
     e( 20 - 20) =     -7.69530  eV     1   --> A              
     e( 21 - 21) =     -5.91956  eV     1   --> A              
     e( 22 - 22) =     -3.28981  eV     1   --> A              
     e( 23 - 23) =     -3.24004  eV     1   --> A              
     e( 24 - 24) =     -3.18354  eV     1   --> A              
     e( 25 - 25) =     -3.15602  eV     1   --> A              
     e( 26 - 26) =      0.00246  eV     1   --> A              
     e( 27 - 27) =      0.33669  eV     1   --> A              
     e( 28 - 28) =      2.50844  eV     1   --> A              
     e( 29 - 29) =      2.55790  eV     1   --> A              
     e( 30 - 30) =      3.05450  eV     1   --> A              
     e( 31 - 31) =      3.81675  eV     1   --> A              
     e( 32 - 32) =      4.02718  eV     1   --> A              
     e( 33 - 33) =      4.44588  eV     1   --> A              
     e( 34 - 34) =      4.49648  eV     1   --> A              
     e( 35 - 35) =      4.55335  eV     1   --> A              

 **************************************************************************

 **************************************************************************

                    xk=(   0.03667,   0.06351,   0.00000  )

     Band symmetry, C_1 (1)     point group:

     e(  1 -  1) =    -78.01466  eV     1   --> A              
     e(  2 -  2) =    -49.26679  eV     1   --> A              
     e(  3 -  3) =    -49.17174  eV     1   --> A              
     e(  4 -  4) =    -49.15784  eV     1   --> A              
     e(  5 -  5) =    -25.48763  eV     1   --> A              
     e(  6 -  6) =    -25.41385  eV     1   --> A              
     e(  7 -  7) =    -22.56822  eV     1   --> A              
     e(  8 -  8) =    -21.22789  eV     1   --> A              
     e(  9 -  9) =    -14.81625  eV     1   --> A              
     e( 10 - 10) =    -12.32268  eV     1   --> A              
     e( 11 - 11) =    -10.25747  eV     1   --> A              
     e( 12 - 12) =     -9.45134  eV     1   --> A              
     e( 13 - 13) =     -9.40443  eV     1   --> A              
     e( 14 - 14) =     -9.22152  eV     1   --> A              
     e( 15 - 15) =     -9.19428  eV     1   --> A              
     e( 16 - 16) =     -9.08783  eV     1   --> A              
     e( 17 - 17) =     -8.95790  eV     1   --> A              
     e( 18 - 18) =     -8.31088  eV     1   --> A              
     e( 19 - 19) =     -7.81075  eV     1   --> A              
     e( 20 - 20) =     -7.69244  eV     1   --> A              
     e( 21 - 21) =     -5.92656  eV     1   --> A              
     e( 22 - 22) =     -3.30184  eV     1   --> A              
     e( 23 - 23) =     -3.25871  eV     1   --> A              
     e( 24 - 24) =     -3.19092  eV     1   --> A              
     e( 25 - 25) =     -3.14416  eV     1   --> A              
     e( 26 - 26) =      0.03028  eV     1   --> A              
     e( 27 - 27) =      0.35877  eV     1   --> A              
     e( 28 - 28) =      2.51592  eV     1   --> A              
     e( 29 - 29) =      2.56610  eV     1   --> A              
     e( 30 - 30) =      3.09056  eV     1   --> A              
     e( 31 - 31) =      3.78752  eV     1   --> A              
     e( 32 - 32) =      3.97896  eV     1   --> A              
     e( 33 - 33) =      4.46102  eV     1   --> A              
     e( 34 - 34) =      4.52979  eV     1   --> A              
     e( 35 - 35) =      4.59534  eV     1   --> A              

 **************************************************************************

 **************************************************************************

                    xk=(   0.04000,   0.06928,   0.00000  )

     Band symmetry, C_1 (1)     point group:

     e(  1 -  1) =    -78.01417  eV     1   --> A              
     e(  2 -  2) =    -49.26615  eV     1   --> A              
     e(  3 -  3) =    -49.17509  eV     1   --> A              
     e(  4 -  4) =    -49.15861  eV     1   --> A              
     e(  5 -  5) =    -25.47247  eV     1   --> A              
     e(  6 -  6) =    -25.39892  eV     1   --> A              
     e(  7 -  7) =    -22.55547  eV     1   --> A              
     e(  8 -  8) =    -21.22051  eV     1   --> A              
     e(  9 -  9) =    -14.80274  eV     1   --> A              
     e( 10 - 10) =    -12.31650  eV     1   --> A              
     e( 11 - 11) =    -10.25764  eV     1   --> A              
     e( 12 - 12) =     -9.51333  eV     1   --> A              
     e( 13 - 13) =     -9.44716  eV     1   --> A              
     e( 14 - 14) =     -9.24578  eV     1   --> A              
     e( 15 - 15) =     -9.21267  eV     1   --> A              
     e( 16 - 16) =     -9.10226  eV     1   --> A              
     e( 17 - 17) =     -8.95516  eV     1   --> A              
     e( 18 - 18) =     -8.32061  eV     1   --> A              
     e( 19 - 19) =     -7.83020  eV     1   --> A              
     e( 20 - 20) =     -7.68972  eV     1   --> A              
     e( 21 - 21) =     -5.93454  eV     1   --> A              
     e( 22 - 22) =     -3.31495  eV     1   --> A              
     e( 23 - 23) =     -3.27759  eV     1   --> A              
     e( 24 - 24) =     -3.20025  eV     1   --> A              
     e( 25 - 25) =     -3.13003  eV     1   --> A              
     e( 26 - 26) =      0.05947  eV     1   --> A              
     e( 27 - 27) =      0.38188  eV     1   --> A              
     e( 28 - 28) =      2.52283  eV     1   --> A              
     e( 29 - 29) =      2.57374  eV     1   --> A              
     e( 30 - 30) =      3.12920  eV     1   --> A              
     e( 31 - 31) =      3.75905  eV     1   --> A              
     e( 32 - 32) =      3.93095  eV     1   --> A              
     e( 33 - 33) =      4.47622  eV     1   --> A              
     e( 34 - 34) =      4.56584  eV     1   --> A              
     e( 35 - 35) =      4.64111  eV     1   --> A              

 **************************************************************************

 **************************************************************************

                    xk=(   0.04333,   0.07506,   0.00000  )

     Band symmetry, C_1 (1)     point group:

     e(  1 -  1) =    -78.01364  eV     1   --> A              
     e(  2 -  2) =    -49.26545  eV     1   --> A              
     e(  3 -  3) =    -49.17870  eV     1   --> A              
     e(  4 -  4) =    -49.15946  eV     1   --> A              
     e(  5 -  5) =    -25.45601  eV     1   --> A              
     e(  6 -  6) =    -25.38270  eV     1   --> A              
     e(  7 -  7) =    -22.54165  eV     1   --> A              
     e(  8 -  8) =    -21.21251  eV     1   --> A              
     e(  9 -  9) =    -14.78815  eV     1   --> A              
     e( 10 - 10) =    -12.30984  eV     1   --> A              
     e( 11 - 11) =    -10.25940  eV     1   --> A              
     e( 12 - 12) =     -9.58037  eV     1   --> A              
     e( 13 - 13) =     -9.49095  eV     1   --> A              
     e( 14 - 14) =     -9.27868  eV     1   --> A              
     e( 15 - 15) =     -9.22596  eV     1   --> A              
     e( 16 - 16) =     -9.11751  eV     1   --> A              
     e( 17 - 17) =     -8.95105  eV     1   --> A              
     e( 18 - 18) =     -8.33148  eV     1   --> A              
     e( 19 - 19) =     -7.85165  eV     1   --> A              
     e( 20 - 20) =     -7.68724  eV     1   --> A              
     e( 21 - 21) =     -5.94356  eV     1   --> A              
     e( 22 - 22) =     -3.32951  eV     1   --> A              
     e( 23 - 23) =     -3.29602  eV     1   --> A              
     e( 24 - 24) =     -3.21076  eV     1   --> A              
     e( 25 - 25) =     -3.11442  eV     1   --> A              
     e( 26 - 26) =      0.08976  eV     1   --> A              
     e( 27 - 27) =      0.40575  eV     1   --> A              
     e( 28 - 28) =      2.52885  eV     1   --> A              
     e( 29 - 29) =      2.58045  eV     1   --> A              
     e( 30 - 30) =      3.17015  eV     1   --> A              
     e( 31 - 31) =      3.73192  eV     1   --> A              
     e( 32 - 32) =      3.88373  eV     1   --> A              
     e( 33 - 33) =      4.49134  eV     1   --> A              
     e( 34 - 34) =      4.60444  eV     1   --> A              
     e( 35 - 35) =      4.69061  eV     1   --> A              

 **************************************************************************

 **************************************************************************

                    xk=(   0.04667,   0.08083,   0.00000  )

     Band symmetry, C_1 (1)     point group:

     e(  1 -  1) =    -78.01307  eV     1   --> A              
     e(  2 -  2) =    -49.26471  eV     1   --> A              
     e(  3 -  3) =    -49.18257  eV     1   --> A              
     e(  4 -  4) =    -49.16037  eV     1   --> A              
     e(  5 -  5) =    -25.43825  eV     1   --> A              
     e(  6 -  6) =    -25.36521  eV     1   --> A              
     e(  7 -  7) =    -22.52678  eV     1   --> A              
     e(  8 -  8) =    -21.20392  eV     1   --> A              
     e(  9 -  9) =    -14.77248  eV     1   --> A              
     e( 10 - 10) =    -12.30271  eV     1   --> A              
     e( 11 - 11) =    -10.26340  eV     1   --> A              
     e( 12 - 12) =     -9.65139  eV     1   --> A              
     e( 13 - 13) =     -9.53573  eV     1   --> A              
     e( 14 - 14) =     -9.31490  eV     1   --> A              
     e( 15 - 15) =     -9.23935  eV     1   --> A              
     e( 16 - 16) =     -9.13376  eV     1   --> A              
     e( 17 - 17) =     -8.94550  eV     1   --> A              
     e( 18 - 18) =     -8.34339  eV     1   --> A              
     e( 19 - 19) =     -7.87511  eV     1   --> A              
     e( 20 - 20) =     -7.68508  eV     1   --> A              
     e( 21 - 21) =     -5.95366  eV     1   --> A              
     e( 22 - 22) =     -3.34598  eV     1   --> A              
     e( 23 - 23) =     -3.31322  eV     1   --> A              
     e( 24 - 24) =     -3.22224  eV     1   --> A              
     e( 25 - 25) =     -3.09756  eV     1   --> A              
     e( 26 - 26) =      0.12086  eV     1   --> A              
     e( 27 - 27) =      0.43014  eV     1   --> A              
     e( 28 - 28) =      2.53364  eV     1   --> A              
     e( 29 - 29) =      2.58588  eV     1   --> A              
     e( 30 - 30) =      3.21316  eV     1   --> A              
     e( 31 - 31) =      3.70673  eV     1   --> A              
     e( 32 - 32) =      3.83790  eV     1   --> A              
     e( 33 - 33) =      4.50629  eV     1   --> A              
     e( 34 - 34) =      4.64531  eV     1   --> A              
     e( 35 - 35) =      4.74382  eV     1   --> A              

 **************************************************************************

 **************************************************************************

                    xk=(   0.05000,   0.08660,   0.00000  )

     Band symmetry, C_1 (1)     point group:

     e(  1 -  1) =    -78.01246  eV     1   --> A              
     e(  2 -  2) =    -49.26391  eV     1   --> A              
     e(  3 -  3) =    -49.18670  eV     1   --> A              
     e(  4 -  4) =    -49.16135  eV     1   --> A              
     e(  5 -  5) =    -25.41921  eV     1   --> A              
     e(  6 -  6) =    -25.34645  eV     1   --> A              
     e(  7 -  7) =    -22.51088  eV     1   --> A              
     e(  8 -  8) =    -21.19472  eV     1   --> A              
     e(  9 -  9) =    -14.75577  eV     1   --> A              
     e( 10 - 10) =    -12.29513  eV     1   --> A              
     e( 11 - 11) =    -10.27048  eV     1   --> A              
     e( 12 - 12) =     -9.72584  eV     1   --> A              
     e( 13 - 13) =     -9.58076  eV     1   --> A              
     e( 14 - 14) =     -9.35295  eV     1   --> A              
     e( 15 - 15) =     -9.25424  eV     1   --> A              
     e( 16 - 16) =     -9.15109  eV     1   --> A              
     e( 17 - 17) =     -8.93848  eV     1   --> A              
     e( 18 - 18) =     -8.35622  eV     1   --> A              
     e( 19 - 19) =     -7.90062  eV     1   --> A              
     e( 20 - 20) =     -7.68331  eV     1   --> A              
     e( 21 - 21) =     -5.96491  eV     1   --> A              
     e( 22 - 22) =     -3.36454  eV     1   --> A              
     e( 23 - 23) =     -3.32868  eV     1   --> A              
     e( 24 - 24) =     -3.23460  eV     1   --> A              
     e( 25 - 25) =     -3.07958  eV     1   --> A              
     e( 26 - 26) =      0.15248  eV     1   --> A              
     e( 27 - 27) =      0.45479  eV     1   --> A              
     e( 28 - 28) =      2.53686  eV     1   --> A              
     e( 29 - 29) =      2.58967  eV     1   --> A              
     e( 30 - 30) =      3.25797  eV     1   --> A              
     e( 31 - 31) =      3.68406  eV     1   --> A              
     e( 32 - 32) =      3.79407  eV     1   --> A              
     e( 33 - 33) =      4.52096  eV     1   --> A              
     e( 34 - 34) =      4.68812  eV     1   --> A              
     e( 35 - 35) =      4.80066  eV     1   --> A              

 **************************************************************************

 **************************************************************************

                    xk=(   0.05333,   0.09238,   0.00000  )

     Band symmetry, C_1 (1)     point group:

     e(  1 -  1) =    -78.01182  eV     1   --> A              
     e(  2 -  2) =    -49.26307  eV     1   --> A              
     e(  3 -  3) =    -49.19107  eV     1   --> A              
     e(  4 -  4) =    -49.16239  eV     1   --> A              
     e(  5 -  5) =    -25.39888  eV     1   --> A              
     e(  6 -  6) =    -25.32642  eV     1   --> A              
     e(  7 -  7) =    -22.49395  eV     1   --> A              
     e(  8 -  8) =    -21.18493  eV     1   --> A              
     e(  9 -  9) =    -14.73804  eV     1   --> A              
     e( 10 - 10) =    -12.28710  eV     1   --> A              
     e( 11 - 11) =    -10.28167  eV     1   --> A              
     e( 12 - 12) =     -9.80334  eV     1   --> A              
     e( 13 - 13) =     -9.62488  eV     1   --> A              
     e( 14 - 14) =     -9.39239  eV     1   --> A              
     e( 15 - 15) =     -9.27103  eV     1   --> A              
     e( 16 - 16) =     -9.16956  eV     1   --> A              
     e( 17 - 17) =     -8.93001  eV     1   --> A              
     e( 18 - 18) =     -8.36985  eV     1   --> A              
     e( 19 - 19) =     -7.92820  eV     1   --> A              
     e( 20 - 20) =     -7.68198  eV     1   --> A              
     e( 21 - 21) =     -5.97732  eV     1   --> A              
     e( 22 - 22) =     -3.38482  eV     1   --> A              
     e( 23 - 23) =     -3.34248  eV     1   --> A              
     e( 24 - 24) =     -3.24778  eV     1   --> A              
     e( 25 - 25) =     -3.06053  eV     1   --> A              
     e( 26 - 26) =      0.18433  eV     1   --> A              
     e( 27 - 27) =      0.47944  eV     1   --> A              
     e( 28 - 28) =      2.53820  eV     1   --> A              
     e( 29 - 29) =      2.59150  eV     1   --> A              
     e( 30 - 30) =      3.30427  eV     1   --> A              
     e( 31 - 31) =      3.66444  eV     1   --> A              
     e( 32 - 32) =      3.75280  eV     1   --> A              
     e( 33 - 33) =      4.53526  eV     1   --> A              
     e( 34 - 34) =      4.73246  eV     1   --> A              
     e( 35 - 35) =      4.86105  eV     1   --> A              

 **************************************************************************

 **************************************************************************

                    xk=(   0.05667,   0.09815,   0.00000  )

     Band symmetry, C_1 (1)     point group:

     e(  1 -  1) =    -78.01113  eV     1   --> A              
     e(  2 -  2) =    -49.26217  eV     1   --> A              
     e(  3 -  3) =    -49.19567  eV     1   --> A              
     e(  4 -  4) =    -49.16351  eV     1   --> A              
     e(  5 -  5) =    -25.37728  eV     1   --> A              
     e(  6 -  6) =    -25.30514  eV     1   --> A              
     e(  7 -  7) =    -22.47601  eV     1   --> A              
     e(  8 -  8) =    -21.17457  eV     1   --> A              
     e(  9 -  9) =    -14.71931  eV     1   --> A              
     e( 10 - 10) =    -12.27866  eV     1   --> A              
     e( 11 - 11) =    -10.29819  eV     1   --> A              
     e( 12 - 12) =     -9.88361  eV     1   --> A              
     e( 13 - 13) =     -9.66673  eV     1   --> A              
     e( 14 - 14) =     -9.43303  eV     1   --> A              
     e( 15 - 15) =     -9.28984  eV     1   --> A              
     e( 16 - 16) =     -9.18920  eV     1   --> A              
     e( 17 - 17) =     -8.92016  eV     1   --> A              
     e( 18 - 18) =     -8.38417  eV     1   --> A              
     e( 19 - 19) =     -7.95789  eV     1   --> A              
     e( 20 - 20) =     -7.68118  eV     1   --> A              
     e( 21 - 21) =     -5.99094  eV     1   --> A              
     e( 22 - 22) =     -3.40619  eV     1   --> A              
     e( 23 - 23) =     -3.35500  eV     1   --> A              
     e( 24 - 24) =     -3.26174  eV     1   --> A              
     e( 25 - 25) =     -3.04052  eV     1   --> A              
     e( 26 - 26) =      0.21613  eV     1   --> A              
     e( 27 - 27) =      0.50381  eV     1   --> A              
     e( 28 - 28) =      2.53736  eV     1   --> A              
     e( 29 - 29) =      2.59108  eV     1   --> A              
     e( 30 - 30) =      3.35178  eV     1   --> A              
     e( 31 - 31) =      3.64834  eV     1   --> A              
     e( 32 - 32) =      3.71469  eV     1   --> A              
     e( 33 - 33) =      4.54909  eV     1   --> A              
     e( 34 - 34) =      4.77787  eV     1   --> A              
     e( 35 - 35) =      4.92484  eV     1   --> A              

 **************************************************************************

 **************************************************************************

                    xk=(   0.06000,   0.10392,   0.00000  )

     Band symmetry, C_1 (1)     point group:

     e(  1 -  1) =    -78.01041  eV     1   --> A              
     e(  2 -  2) =    -49.26123  eV     1   --> A              
     e(  3 -  3) =    -49.20051  eV     1   --> A              
     e(  4 -  4) =    -49.16469  eV     1   --> A              
     e(  5 -  5) =    -25.35440  eV     1   --> A              
     e(  6 -  6) =    -25.28260  eV     1   --> A              
     e(  7 -  7) =    -22.45708  eV     1   --> A              
     e(  8 -  8) =    -21.16363  eV     1   --> A              
     e(  9 -  9) =    -14.69962  eV     1   --> A              
     e( 10 - 10) =    -12.26983  eV     1   --> A              
     e( 11 - 11) =    -10.32130  eV     1   --> A              
     e( 12 - 12) =     -9.96639  eV     1   --> A              
     e( 13 - 13) =     -9.70485  eV     1   --> A              
     e( 14 - 14) =     -9.47475  eV     1   --> A              
     e( 15 - 15) =     -9.31070  eV     1   --> A              
     e( 16 - 16) =     -9.21002  eV     1   --> A              
     e( 17 - 17) =     -8.90901  eV     1   --> A              
     e( 18 - 18) =     -8.39904  eV     1   --> A              
     e( 19 - 19) =     -7.98966  eV     1   --> A              
     e( 20 - 20) =     -7.68095  eV     1   --> A              
     e( 21 - 21) =     -6.00578  eV     1   --> A              
     e( 22 - 22) =     -3.42813  eV     1   --> A              
     e( 23 - 23) =     -3.36649  eV     1   --> A              
     e( 24 - 24) =     -3.27644  eV     1   --> A              
     e( 25 - 25) =     -3.01957  eV     1   --> A              
     e( 26 - 26) =      0.24758  eV     1   --> A              
     e( 27 - 27) =      0.52764  eV     1   --> A              
     e( 28 - 28) =      2.53414  eV     1   --> A              
     e( 29 - 29) =      2.58822  eV     1   --> A              
     e( 30 - 30) =      3.40015  eV     1   --> A              
     e( 31 - 31) =      3.63618  eV     1   --> A              
     e( 32 - 32) =      3.68027  eV     1   --> A              
     e( 33 - 33) =      4.56236  eV     1   --> A              
     e( 34 - 34) =      4.82381  eV     1   --> A              
     e( 35 - 35) =      4.99188  eV     1   --> A              

 **************************************************************************

 **************************************************************************

                    xk=(   0.06333,   0.10970,   0.00000  )

     Band symmetry, C_1 (1)     point group:

     e(  1 -  1) =    -78.00966  eV     1   --> A              
     e(  2 -  2) =    -49.26025  eV     1   --> A              
     e(  3 -  3) =    -49.20557  eV     1   --> A              
     e(  4 -  4) =    -49.16594  eV     1   --> A              
     e(  5 -  5) =    -25.33027  eV     1   --> A              
     e(  6 -  6) =    -25.25882  eV     1   --> A              
     e(  7 -  7) =    -22.43716  eV     1   --> A              
     e(  8 -  8) =    -21.15214  eV     1   --> A              
     e(  9 -  9) =    -14.67900  eV     1   --> A              
     e( 10 - 10) =    -12.26062  eV     1   --> A              
     e( 11 - 11) =    -10.35212  eV     1   --> A              
     e( 12 - 12) =    -10.05145  eV     1   --> A              
     e( 13 - 13) =     -9.73794  eV     1   --> A              
     e( 14 - 14) =     -9.51745  eV     1   --> A              
     e( 15 - 15) =     -9.33362  eV     1   --> A              
     e( 16 - 16) =     -9.23200  eV     1   --> A              
     e( 17 - 17) =     -8.89664  eV     1   --> A              
     e( 18 - 18) =     -8.41433  eV     1   --> A              
     e( 19 - 19) =     -8.02352  eV     1   --> A              
     e( 20 - 20) =     -7.68132  eV     1   --> A              
     e( 21 - 21) =     -6.02186  eV     1   --> A              
     e( 22 - 22) =     -3.45027  eV     1   --> A              
     e( 23 - 23) =     -3.37709  eV     1   --> A              
     e( 24 - 24) =     -3.29184  eV     1   --> A              
     e( 25 - 25) =     -2.99775  eV     1   --> A              
     e( 26 - 26) =      0.27838  eV     1   --> A              
     e( 27 - 27) =      0.55066  eV     1   --> A              
     e( 28 - 28) =      2.52843  eV     1   --> A              
     e( 29 - 29) =      2.58278  eV     1   --> A              
     e( 30 - 30) =      3.44899  eV     1   --> A              
     e( 31 - 31) =      3.62820  eV     1   --> A              
     e( 32 - 32) =      3.65010  eV     1   --> A              
     e( 33 - 33) =      4.57502  eV     1   --> A              
     e( 34 - 34) =      4.86975  eV     1   --> A              
     e( 35 - 35) =      5.06196  eV     1   --> A              

 **************************************************************************

 **************************************************************************

                    xk=(   0.06667,   0.11547,   0.00000  )

     Band symmetry, C_1 (1)     point group:

     e(  1 -  1) =    -78.00887  eV     1   --> A              
     e(  2 -  2) =    -49.25922  eV     1   --> A              
     e(  3 -  3) =    -49.21084  eV     1   --> A              
     e(  4 -  4) =    -49.16727  eV     1   --> A              
     e(  5 -  5) =    -25.30488  eV     1   --> A              
     e(  6 -  6) =    -25.23380  eV     1   --> A              
     e(  7 -  7) =    -22.41629  eV     1   --> A              
     e(  8 -  8) =    -21.14010  eV     1   --> A              
     e(  9 -  9) =    -14.65748  eV     1   --> A              
     e( 10 - 10) =    -12.25105  eV     1   --> A              
     e( 11 - 11) =    -10.39140  eV     1   --> A              
     e( 12 - 12) =    -10.13858  eV     1   --> A              
     e( 13 - 13) =     -9.76515  eV     1   --> A              
     e( 14 - 14) =     -9.56100  eV     1   --> A              
     e( 15 - 15) =     -9.35858  eV     1   --> A              
     e( 16 - 16) =     -9.25511  eV     1   --> A              
     e( 17 - 17) =     -8.88317  eV     1   --> A              
     e( 18 - 18) =     -8.42991  eV     1   --> A              
     e( 19 - 19) =     -8.05944  eV     1   --> A              
     e( 20 - 20) =     -7.68233  eV     1   --> A              
     e( 21 - 21) =     -6.03917  eV     1   --> A              
     e( 22 - 22) =     -3.47237  eV     1   --> A              
     e( 23 - 23) =     -3.38688  eV     1   --> A              
     e( 24 - 24) =     -3.30789  eV     1   --> A              
     e( 25 - 25) =     -2.97511  eV     1   --> A              
     e( 26 - 26) =      0.30825  eV     1   --> A              
     e( 27 - 27) =      0.57261  eV     1   --> A              
     e( 28 - 28) =      2.52026  eV     1   --> A              
     e( 29 - 29) =      2.57477  eV     1   --> A              
     e( 30 - 30) =      3.49761  eV     1   --> A              
     e( 31 - 31) =      3.62361  eV     1   --> A              
     e( 32 - 32) =      3.62587  eV     1   --> A              
     e( 33 - 33) =      4.58697  eV     1   --> A              
     e( 34 - 34) =      4.91516  eV     1   --> A              
     e( 35 - 35) =      5.13485  eV     1   --> A              

 **************************************************************************

 **************************************************************************

                    xk=(   0.07000,   0.12124,   0.00000  )

     Band symmetry, C_1 (1)     point group:

     e(  1 -  1) =    -78.00805  eV     1   --> A              
     e(  2 -  2) =    -49.25814  eV     1   --> A              
     e(  3 -  3) =    -49.21631  eV     1   --> A              
     e(  4 -  4) =    -49.16866  eV     1   --> A              
     e(  5 -  5) =    -25.27824  eV     1   --> A              
     e(  6 -  6) =    -25.20755  eV     1   --> A              
     e(  7 -  7) =    -22.39448  eV     1   --> A              
     e(  8 -  8) =    -21.12752  eV     1   --> A              
     e(  9 -  9) =    -14.63511  eV     1   --> A              
     e( 10 - 10) =    -12.24117  eV     1   --> A              
     e( 11 - 11) =    -10.43929  eV     1   --> A              
     e( 12 - 12) =    -10.22758  eV     1   --> A              
     e( 13 - 13) =     -9.78634  eV     1   --> A              
     e( 14 - 14) =     -9.60516  eV     1   --> A              
     e( 15 - 15) =     -9.38555  eV     1   --> A              
     e( 16 - 16) =     -9.27933  eV     1   --> A              
     e( 17 - 17) =     -8.86869  eV     1   --> A              
     e( 18 - 18) =     -8.44567  eV     1   --> A              
     e( 19 - 19) =     -8.09739  eV     1   --> A              
     e( 20 - 20) =     -7.68402  eV     1   --> A              
     e( 21 - 21) =     -6.05771  eV     1   --> A              
     e( 22 - 22) =     -3.49426  eV     1   --> A              
     e( 23 - 23) =     -3.39586  eV     1   --> A              
     e( 24 - 24) =     -3.32451  eV     1   --> A              
     e( 25 - 25) =     -2.95172  eV     1   --> A              
     e( 26 - 26) =      0.33690  eV     1   --> A              
     e( 27 - 27) =      0.59321  eV     1   --> A              
     e( 28 - 28) =      2.50979  eV     1   --> A              
     e( 29 - 29) =      2.56431  eV     1   --> A              
     e( 30 - 30) =      3.54360  eV     1   --> A              
     e( 31 - 31) =      3.60661  eV     1   --> A              
     e( 32 - 32) =      3.62569  eV     1   --> A              
     e( 33 - 33) =      4.59816  eV     1   --> A              
     e( 34 - 34) =      4.95960  eV     1   --> A              
     e( 35 - 35) =      5.21024  eV     1   --> A              

 **************************************************************************

 **************************************************************************

                    xk=(   0.07333,   0.12702,   0.00000  )

     Band symmetry, C_1 (1)     point group:

     e(  1 -  1) =    -78.00720  eV     1   --> A              
     e(  2 -  2) =    -49.25703  eV     1   --> A              
     e(  3 -  3) =    -49.22198  eV     1   --> A              
     e(  4 -  4) =    -49.17011  eV     1   --> A              
     e(  5 -  5) =    -25.25036  eV     1   --> A              
     e(  6 -  6) =    -25.18008  eV     1   --> A              
     e(  7 -  7) =    -22.37175  eV     1   --> A              
     e(  8 -  8) =    -21.11441  eV     1   --> A              
     e(  9 -  9) =    -14.61191  eV     1   --> A              
     e( 10 - 10) =    -12.23100  eV     1   --> A              
     e( 11 - 11) =    -10.49537  eV     1   --> A              
     e( 12 - 12) =    -10.31825  eV     1   --> A              
     e( 13 - 13) =     -9.80221  eV     1   --> A              
     e( 14 - 14) =     -9.64946  eV     1   --> A              
     e( 15 - 15) =     -9.41453  eV     1   --> A              
     e( 16 - 16) =     -9.30461  eV     1   --> A              
     e( 17 - 17) =     -8.85332  eV     1   --> A              
     e( 18 - 18) =     -8.46149  eV     1   --> A              
     e( 19 - 19) =     -8.13733  eV     1   --> A              
     e( 20 - 20) =     -7.68640  eV     1   --> A              
     e( 21 - 21) =     -6.07746  eV     1   --> A              
     e( 22 - 22) =     -3.51581  eV     1   --> A              
     e( 23 - 23) =     -3.40406  eV     1   --> A              
     e( 24 - 24) =     -3.34165  eV     1   --> A              
     e( 25 - 25) =     -2.92764  eV     1   --> A              
     e( 26 - 26) =      0.36402  eV     1   --> A              
     e( 27 - 27) =      0.61221  eV     1   --> A              
     e( 28 - 28) =      2.49734  eV     1   --> A              
     e( 29 - 29) =      2.55163  eV     1   --> A              
     e( 30 - 30) =      3.56908  eV     1   --> A              
     e( 31 - 31) =      3.61268  eV     1   --> A              
     e( 32 - 32) =      3.63167  eV     1   --> A              
     e( 33 - 33) =      4.60854  eV     1   --> A              
     e( 34 - 34) =      5.00282  eV     1   --> A              
     e( 35 - 35) =      5.28780  eV     1   --> A              

 **************************************************************************

 **************************************************************************

                    xk=(   0.07667,   0.13279,   0.00000  )

     Band symmetry, C_1 (1)     point group:

     e(  1 -  1) =    -78.00631  eV     1   --> A              
     e(  2 -  2) =    -49.25587  eV     1   --> A              
     e(  3 -  3) =    -49.22783  eV     1   --> A              
     e(  4 -  4) =    -49.17164  eV     1   --> A              
     e(  5 -  5) =    -25.22125  eV     1   --> A              
     e(  6 -  6) =    -25.15139  eV     1   --> A              
     e(  7 -  7) =    -22.34811  eV     1   --> A              
     e(  8 -  8) =    -21.10079  eV     1   --> A              
     e(  9 -  9) =    -14.58794  eV     1   --> A              
     e( 10 - 10) =    -12.22057  eV     1   --> A              
     e( 11 - 11) =    -10.55880  eV     1   --> A              
     e( 12 - 12) =    -10.41038  eV     1   --> A              
     e( 13 - 13) =     -9.81451  eV     1   --> A              
     e( 14 - 14) =     -9.69277  eV     1   --> A              
     e( 15 - 15) =     -9.44549  eV     1   --> A              
     e( 16 - 16) =     -9.33086  eV     1   --> A              
     e( 17 - 17) =     -8.83714  eV     1   --> A              
     e( 18 - 18) =     -8.47725  eV     1   --> A              
     e( 19 - 19) =     -8.17920  eV     1   --> A              
     e( 20 - 20) =     -7.68950  eV     1   --> A              
     e( 21 - 21) =     -6.09838  eV     1   --> A              
     e( 22 - 22) =     -3.53693  eV     1   --> A              
     e( 23 - 23) =     -3.41152  eV     1   --> A              
     e( 24 - 24) =     -3.35914  eV     1   --> A              
     e( 25 - 25) =     -2.90293  eV     1   --> A              
     e( 26 - 26) =      0.38932  eV     1   --> A              
     e( 27 - 27) =      0.62936  eV     1   --> A              
     e( 28 - 28) =      2.48332  eV     1   --> A              
     e( 29 - 29) =      2.53712  eV     1   --> A              
     e( 30 - 30) =      3.56395  eV     1   --> A              
     e( 31 - 31) =      3.63716  eV     1   --> A              
     e( 32 - 32) =      3.65801  eV     1   --> A              
     e( 33 - 33) =      4.61807  eV     1   --> A              
     e( 34 - 34) =      5.04469  eV     1   --> A              
     e( 35 - 35) =      5.36713  eV     1   --> A              

 **************************************************************************

 **************************************************************************

                    xk=(   0.08000,   0.13856,   0.00000  )

     Band symmetry, C_1 (1)     point group:

     e(  1 -  1) =    -78.00540  eV     1   --> A              
     e(  2 -  2) =    -49.25468  eV     1   --> A              
     e(  3 -  3) =    -49.23385  eV     1   --> A              
     e(  4 -  4) =    -49.17324  eV     1   --> A              
     e(  5 -  5) =    -25.19093  eV     1   --> A              
     e(  6 -  6) =    -25.12150  eV     1   --> A              
     e(  7 -  7) =    -22.32360  eV     1   --> A              
     e(  8 -  8) =    -21.08668  eV     1   --> A              
     e(  9 -  9) =    -14.56325  eV     1   --> A              
     e( 10 - 10) =    -12.20993  eV     1   --> A              
     e( 11 - 11) =    -10.62857  eV     1   --> A              
     e( 12 - 12) =    -10.50379  eV     1   --> A              
     e( 13 - 13) =     -9.82702  eV     1   --> A              
     e( 14 - 14) =     -9.73220  eV     1   --> A              
     e( 15 - 15) =     -9.47840  eV     1   --> A              
     e( 16 - 16) =     -9.35800  eV     1   --> A              
     e( 17 - 17) =     -8.82027  eV     1   --> A              
     e( 18 - 18) =     -8.49285  eV     1   --> A              
     e( 19 - 19) =     -8.22290  eV     1   --> A              
     e( 20 - 20) =     -7.69333  eV     1   --> A              
     e( 21 - 21) =     -6.12044  eV     1   --> A              
     e( 22 - 22) =     -3.55755  eV     1   --> A              
     e( 23 - 23) =     -3.41842  eV     1   --> A              
     e( 24 - 24) =     -3.37674  eV     1   --> A              
     e( 25 - 25) =     -2.87766  eV     1   --> A              
     e( 26 - 26) =      0.41252  eV     1   --> A              
     e( 27 - 27) =      0.64440  eV     1   --> A              
     e( 28 - 28) =      2.46824  eV     1   --> A              
     e( 29 - 29) =      2.52125  eV     1   --> A              
     e( 30 - 30) =      3.55656  eV     1   --> A              
     e( 31 - 31) =      3.65105  eV     1   --> A              
     e( 32 - 32) =      3.70460  eV     1   --> A              
     e( 33 - 33) =      4.62674  eV     1   --> A              
     e( 34 - 34) =      5.08528  eV     1   --> A              
     e( 35 - 35) =      5.44776  eV     1   --> A              

 **************************************************************************

 **************************************************************************

                    xk=(   0.08333,   0.14434,   0.00000  )

     Band symmetry, C_1 (1)     point group:

     e(  1 -  1) =    -78.00445  eV     1   --> A              
     e(  2 -  2) =    -49.25345  eV     1   --> A              
     e(  3 -  3) =    -49.24004  eV     1   --> A              
     e(  4 -  4) =    -49.17491  eV     1   --> A              
     e(  5 -  5) =    -25.15939  eV     1   --> A              
     e(  6 -  6) =    -25.09042  eV     1   --> A              
     e(  7 -  7) =    -22.29823  eV     1   --> A              
     e(  8 -  8) =    -21.07208  eV     1   --> A              
     e(  9 -  9) =    -14.53787  eV     1   --> A              
     e( 10 - 10) =    -12.19913  eV     1   --> A              
     e( 11 - 11) =    -10.70365  eV     1   --> A              
     e( 12 - 12) =    -10.59827  eV     1   --> A              
     e( 13 - 13) =     -9.84730  eV     1   --> A              
     e( 14 - 14) =     -9.76111  eV     1   --> A              
     e( 15 - 15) =     -9.51327  eV     1   --> A              
     e( 16 - 16) =     -9.38589  eV     1   --> A              
     e( 17 - 17) =     -8.80283  eV     1   --> A              
     e( 18 - 18) =     -8.50818  eV     1   --> A              
     e( 19 - 19) =     -8.26837  eV     1   --> A              
     e( 20 - 20) =     -7.69791  eV     1   --> A              
     e( 21 - 21) =     -6.14358  eV     1   --> A              
     e( 22 - 22) =     -3.57764  eV     1   --> A              
     e( 23 - 23) =     -3.42525  eV     1   --> A              
     e( 24 - 24) =     -3.39388  eV     1   --> A              
     e( 25 - 25) =     -2.85189  eV     1   --> A              
     e( 26 - 26) =      0.43332  eV     1   --> A              
     e( 27 - 27) =      0.65710  eV     1   --> A              
     e( 28 - 28) =      2.45265  eV     1   --> A              
     e( 29 - 29) =      2.50459  eV     1   --> A              
     e( 30 - 30) =      3.55169  eV     1   --> A              
     e( 31 - 31) =      3.66752  eV     1   --> A              
     e( 32 - 32) =      3.75265  eV     1   --> A              
     e( 33 - 33) =      4.63452  eV     1   --> A              
     e( 34 - 34) =      5.12479  eV     1   --> A              
     e( 35 - 35) =      5.52917  eV     1   --> A              

 **************************************************************************

 **************************************************************************

                    xk=(   0.08667,   0.15011,   0.00000  )

     Band symmetry, C_1 (1)     point group:

     e(  1 -  1) =    -78.00348  eV     1   --> A              
     e(  2 -  2) =    -49.25219  eV     1   --> A              
     e(  3 -  3) =    -49.24637  eV     1   --> A              
     e(  4 -  4) =    -49.17664  eV     1   --> A              
     e(  5 -  5) =    -25.12666  eV     1   --> A              
     e(  6 -  6) =    -25.05816  eV     1   --> A              
     e(  7 -  7) =    -22.27202  eV     1   --> A              
     e(  8 -  8) =    -21.05701  eV     1   --> A              
     e(  9 -  9) =    -14.51186  eV     1   --> A              
     e( 10 - 10) =    -12.18823  eV     1   --> A              
     e( 11 - 11) =    -10.78310  eV     1   --> A              
     e( 12 - 12) =    -10.69363  eV     1   --> A              
     e( 13 - 13) =     -9.88142  eV     1   --> A              
     e( 14 - 14) =     -9.77432  eV     1   --> A              
     e( 15 - 15) =     -9.55008  eV     1   --> A              
     e( 16 - 16) =     -9.41433  eV     1   --> A              
     e( 17 - 17) =     -8.78496  eV     1   --> A              
     e( 18 - 18) =     -8.52312  eV     1   --> A              
     e( 19 - 19) =     -8.31545  eV     1   --> A              
     e( 20 - 20) =     -7.70324  eV     1   --> A              
     e( 21 - 21) =     -6.16774  eV     1   --> A              
     e( 22 - 22) =     -3.59717  eV     1   --> A              
     e( 23 - 23) =     -3.43351  eV     1   --> A              
     e( 24 - 24) =     -3.40894  eV     1   --> A              
     e( 25 - 25) =     -2.82569  eV     1   --> A              
     e( 26 - 26) =      0.45148  eV     1   --> A              
     e( 27 - 27) =      0.66727  eV     1   --> A              
     e( 28 - 28) =      2.43712  eV     1   --> A              
     e( 29 - 29) =      2.48776  eV     1   --> A              
     e( 30 - 30) =      3.54958  eV     1   --> A              
     e( 31 - 31) =      3.68697  eV     1   --> A              
     e( 32 - 32) =      3.80056  eV     1   --> A              
     e( 33 - 33) =      4.64143  eV     1   --> A              
     e( 34 - 34) =      5.16353  eV     1   --> A              
     e( 35 - 35) =      5.61073  eV     1   --> A              

 **************************************************************************

 **************************************************************************

                    xk=(   0.09000,   0.15588,   0.00000  )

     Band symmetry, C_1 (1)     point group:

     e(  1 -  1) =    -78.00249  eV     1   --> A              
     e(  2 -  2) =    -49.25295  eV     1   --> A              
     e(  3 -  3) =    -49.25079  eV     1   --> A              
     e(  4 -  4) =    -49.17845  eV     1   --> A              
     e(  5 -  5) =    -25.09274  eV     1   --> A              
     e(  6 -  6) =    -25.02472  eV     1   --> A              
     e(  7 -  7) =    -22.24501  eV     1   --> A              
     e(  8 -  8) =    -21.04150  eV     1   --> A              
     e(  9 -  9) =    -14.48529  eV     1   --> A              
     e( 10 - 10) =    -12.17730  eV     1   --> A              
     e( 11 - 11) =    -10.86613  eV     1   --> A              
     e( 12 - 12) =    -10.78966  eV     1   --> A              
     e( 13 - 13) =     -9.92543  eV     1   --> A              
     e( 14 - 14) =     -9.77662  eV     1   --> A              
     e( 15 - 15) =     -9.58882  eV     1   --> A              
     e( 16 - 16) =     -9.44304  eV     1   --> A              
     e( 17 - 17) =     -8.76682  eV     1   --> A              
     e( 18 - 18) =     -8.53760  eV     1   --> A              
     e( 19 - 19) =     -8.36401  eV     1   --> A              
     e( 20 - 20) =     -7.70933  eV     1   --> A              
     e( 21 - 21) =     -6.19286  eV     1   --> A              
     e( 22 - 22) =     -3.61614  eV     1   --> A              
     e( 23 - 23) =     -3.44596  eV     1   --> A              
     e( 24 - 24) =     -3.41911  eV     1   --> A              
     e( 25 - 25) =     -2.79914  eV     1   --> A              
     e( 26 - 26) =      0.46671  eV     1   --> A              
     e( 27 - 27) =      0.67470  eV     1   --> A              
     e( 28 - 28) =      2.42221  eV     1   --> A              
     e( 29 - 29) =      2.47139  eV     1   --> A              
     e( 30 - 30) =      3.54985  eV     1   --> A              
     e( 31 - 31) =      3.70914  eV     1   --> A              
     e( 32 - 32) =      3.84798  eV     1   --> A              
     e( 33 - 33) =      4.64751  eV     1   --> A              
     e( 34 - 34) =      5.20182  eV     1   --> A              
     e( 35 - 35) =      5.69174  eV     1   --> A              

 **************************************************************************

 **************************************************************************

                    xk=(   0.09333,   0.16166,   0.00000  )

     Band symmetry, C_1 (1)     point group:

     e(  1 -  1) =    -78.00146  eV     1   --> A              
     e(  2 -  2) =    -49.25952  eV     1   --> A              
     e(  3 -  3) =    -49.24951  eV     1   --> A              
     e(  4 -  4) =    -49.18032  eV     1   --> A              
     e(  5 -  5) =    -25.05764  eV     1   --> A              
     e(  6 -  6) =    -24.99013  eV     1   --> A              
     e(  7 -  7) =    -22.21722  eV     1   --> A              
     e(  8 -  8) =    -21.02554  eV     1   --> A              
     e(  9 -  9) =    -14.45822  eV     1   --> A              
     e( 10 - 10) =    -12.16645  eV     1   --> A              
     e( 11 - 11) =    -10.95204  eV     1   --> A              
     e( 12 - 12) =    -10.88615  eV     1   --> A              
     e( 13 - 13) =     -9.97422  eV     1   --> A              
     e( 14 - 14) =     -9.77400  eV     1   --> A              
     e( 15 - 15) =     -9.62947  eV     1   --> A              
     e( 16 - 16) =     -9.47160  eV     1   --> A              
     e( 17 - 17) =     -8.74866  eV     1   --> A              
     e( 18 - 18) =     -8.55152  eV     1   --> A              
     e( 19 - 19) =     -8.41381  eV     1   --> A              
     e( 20 - 20) =     -7.71620  eV     1   --> A              
     e( 21 - 21) =     -6.21885  eV     1   --> A              
     e( 22 - 22) =     -3.63458  eV     1   --> A              
     e( 23 - 23) =     -3.46257  eV     1   --> A              
     e( 24 - 24) =     -3.42432  eV     1   --> A              
     e( 25 - 25) =     -2.77230  eV     1   --> A              
     e( 26 - 26) =      0.47880  eV     1   --> A              
     e( 27 - 27) =      0.67924  eV     1   --> A              
     e( 28 - 28) =      2.40843  eV     1   --> A              
     e( 29 - 29) =      2.45609  eV     1   --> A              
     e( 30 - 30) =      3.55200  eV     1   --> A              
     e( 31 - 31) =      3.73371  eV     1   --> A              
     e( 32 - 32) =      3.89480  eV     1   --> A              
     e( 33 - 33) =      4.65281  eV     1   --> A              
     e( 34 - 34) =      5.23996  eV     1   --> A              
     e( 35 - 35) =      5.77139  eV     1   --> A              

 **************************************************************************

 **************************************************************************

                    xk=(   0.09667,   0.16743,   0.00000  )

     Band symmetry, C_1 (1)     point group:

     e(  1 -  1) =    -78.00042  eV     1   --> A              
     e(  2 -  2) =    -49.26626  eV     1   --> A              
     e(  3 -  3) =    -49.24815  eV     1   --> A              
     e(  4 -  4) =    -49.18227  eV     1   --> A              
     e(  5 -  5) =    -25.02138  eV     1   --> A              
     e(  6 -  6) =    -24.95439  eV     1   --> A              
     e(  7 -  7) =    -22.18867  eV     1   --> A              
     e(  8 -  8) =    -21.00917  eV     1   --> A              
     e(  9 -  9) =    -14.43070  eV     1   --> A              
     e( 10 - 10) =    -12.15580  eV     1   --> A              
     e( 11 - 11) =    -11.04025  eV     1   --> A              
     e( 12 - 12) =    -10.98287  eV     1   --> A              
     e( 13 - 13) =    -10.02555  eV     1   --> A              
     e( 14 - 14) =     -9.76973  eV     1   --> A              
     e( 15 - 15) =     -9.67201  eV     1   --> A              
     e( 16 - 16) =     -9.49933  eV     1   --> A              
     e( 17 - 17) =     -8.73089  eV     1   --> A              
     e( 18 - 18) =     -8.56477  eV     1   --> A              
     e( 19 - 19) =     -8.46443  eV     1   --> A              
     e( 20 - 20) =     -7.72384  eV     1   --> A              
     e( 21 - 21) =     -6.24563  eV     1   --> A              
     e( 22 - 22) =     -3.65249  eV     1   --> A              
     e( 23 - 23) =     -3.48107  eV     1   --> A              
     e( 24 - 24) =     -3.42674  eV     1   --> A              
     e( 25 - 25) =     -2.74526  eV     1   --> A              
     e( 26 - 26) =      0.48756  eV     1   --> A              
     e( 27 - 27) =      0.68079  eV     1   --> A              
     e( 28 - 28) =      2.39626  eV     1   --> A              
     e( 29 - 29) =      2.44241  eV     1   --> A              
     e( 30 - 30) =      3.55548  eV     1   --> A              
     e( 31 - 31) =      3.76038  eV     1   --> A              
     e( 32 - 32) =      3.94101  eV     1   --> A              
     e( 33 - 33) =      4.65742  eV     1   --> A              
     e( 34 - 34) =      5.27823  eV     1   --> A              
     e( 35 - 35) =      5.84879  eV     1   --> A              

 **************************************************************************

 **************************************************************************

                    xk=(   0.10000,   0.17321,   0.00000  )

     Band symmetry, C_1 (1)     point group:

     e(  1 -  1) =    -77.99935  eV     1   --> A              
     e(  2 -  2) =    -49.27311  eV     1   --> A              
     e(  3 -  3) =    -49.24676  eV     1   --> A              
     e(  4 -  4) =    -49.18428  eV     1   --> A              
     e(  5 -  5) =    -24.98398  eV     1   --> A              
     e(  6 -  6) =    -24.91751  eV     1   --> A              
     e(  7 -  7) =    -22.15939  eV     1   --> A              
     e(  8 -  8) =    -20.99239  eV     1   --> A              
     e(  9 -  9) =    -14.40282  eV     1   --> A              
     e( 10 - 10) =    -12.14552  eV     1   --> A              
     e( 11 - 11) =    -11.13021  eV     1   --> A              
     e( 12 - 12) =    -11.07959  eV     1   --> A              
     e( 13 - 13) =    -10.07851  eV     1   --> A              
     e( 14 - 14) =     -9.76607  eV     1   --> A              
     e( 15 - 15) =     -9.71635  eV     1   --> A              
     e( 16 - 16) =     -9.52520  eV     1   --> A              
     e( 17 - 17) =     -8.71436  eV     1   --> A              
     e( 18 - 18) =     -8.57729  eV     1   --> A              
     e( 19 - 19) =     -8.51499  eV     1   --> A              
     e( 20 - 20) =     -7.73227  eV     1   --> A              
     e( 21 - 21) =     -6.27311  eV     1   --> A              
     e( 22 - 22) =     -3.66994  eV     1   --> A              
     e( 23 - 23) =     -3.50029  eV     1   --> A              
     e( 24 - 24) =     -3.42746  eV     1   --> A              
     e( 25 - 25) =     -2.71808  eV     1   --> A              
     e( 26 - 26) =      0.49283  eV     1   --> A              
     e( 27 - 27) =      0.67928  eV     1   --> A              
     e( 28 - 28) =      2.38610  eV     1   --> A              
     e( 29 - 29) =      2.43080  eV     1   --> A              
     e( 30 - 30) =      3.55974  eV     1   --> A              
     e( 31 - 31) =      3.78881  eV     1   --> A              
     e( 32 - 32) =      3.98664  eV     1   --> A              
     e( 33 - 33) =      4.66147  eV     1   --> A              
     e( 34 - 34) =      5.31685  eV     1   --> A              
     e( 35 - 35) =      5.92290  eV     1   --> A              

 **************************************************************************

 **************************************************************************

                    xk=(   0.10333,   0.17898,   0.00000  )

     Band symmetry, C_1 (1)     point group:

     e(  1 -  1) =    -77.99826  eV     1   --> A              
     e(  2 -  2) =    -49.28006  eV     1   --> A              
     e(  3 -  3) =    -49.24533  eV     1   --> A              
     e(  4 -  4) =    -49.18636  eV     1   --> A              
     e(  5 -  5) =    -24.94544  eV     1   --> A              
     e(  6 -  6) =    -24.87951  eV     1   --> A              
     e(  7 -  7) =    -22.12941  eV     1   --> A              
     e(  8 -  8) =    -20.97524  eV     1   --> A              
     e(  9 -  9) =    -14.37466  eV     1   --> A              
     e( 10 - 10) =    -12.13587  eV     1   --> A              
     e( 11 - 11) =    -11.22140  eV     1   --> A              
     e( 12 - 12) =    -11.17607  eV     1   --> A              
     e( 13 - 13) =    -10.13269  eV     1   --> A              
     e( 14 - 14) =     -9.76782  eV     1   --> A              
     e( 15 - 15) =     -9.75982  eV     1   --> A              
     e( 16 - 16) =     -9.54765  eV     1   --> A              
     e( 17 - 17) =     -8.70135  eV     1   --> A              
     e( 18 - 18) =     -8.58968  eV     1   --> A              
     e( 19 - 19) =     -8.56259  eV     1   --> A              
     e( 20 - 20) =     -7.74148  eV     1   --> A              
     e( 21 - 21) =     -6.30119  eV     1   --> A              
     e( 22 - 22) =     -3.68697  eV     1   --> A              
     e( 23 - 23) =     -3.51976  eV     1   --> A              
     e( 24 - 24) =     -3.42688  eV     1   --> A              
     e( 25 - 25) =     -2.69085  eV     1   --> A              
     e( 26 - 26) =      0.49453  eV     1   --> A              
     e( 27 - 27) =      0.67468  eV     1   --> A              
     e( 28 - 28) =      2.37831  eV     1   --> A              
     e( 29 - 29) =      2.42162  eV     1   --> A              
     e( 30 - 30) =      3.56426  eV     1   --> A              
     e( 31 - 31) =      3.81871  eV     1   --> A              
     e( 32 - 32) =      4.03181  eV     1   --> A              
     e( 33 - 33) =      4.66511  eV     1   --> A              
     e( 34 - 34) =      5.35593  eV     1   --> A              
     e( 35 - 35) =      5.99255  eV     1   --> A              

 **************************************************************************

 **************************************************************************

                    xk=(   0.10667,   0.18475,   0.00000  )

     Band symmetry, C_1 (1)     point group:

     e(  1 -  1) =    -77.99715  eV     1   --> A              
     e(  2 -  2) =    -49.28709  eV     1   --> A              
     e(  3 -  3) =    -49.24388  eV     1   --> A              
     e(  4 -  4) =    -49.18852  eV     1   --> A              
     e(  5 -  5) =    -24.90578  eV     1   --> A              
     e(  6 -  6) =    -24.84041  eV     1   --> A              
     e(  7 -  7) =    -22.09877  eV     1   --> A              
     e(  8 -  8) =    -20.95772  eV     1   --> A              
     e(  9 -  9) =    -14.34630  eV     1   --> A              
     e( 10 - 10) =    -12.12719  eV     1   --> A              
     e( 11 - 11) =    -11.31326  eV     1   --> A              
     e( 12 - 12) =    -11.27204  eV     1   --> A              
     e( 13 - 13) =    -10.18786  eV     1   --> A              
     e( 14 - 14) =     -9.81162  eV     1   --> A              
     e( 15 - 15) =     -9.76816  eV     1   --> A              
     e( 16 - 16) =     -9.56466  eV     1   --> A              
     e( 17 - 17) =     -8.69925  eV     1   --> A              
     e( 18 - 18) =     -8.61020  eV     1   --> A              
     e( 19 - 19) =     -8.59144  eV     1   --> A              
     e( 20 - 20) =     -7.75149  eV     1   --> A              
     e( 21 - 21) =     -6.32975  eV     1   --> A              
     e( 22 - 22) =     -3.70366  eV     1   --> A              
     e( 23 - 23) =     -3.53921  eV     1   --> A              
     e( 24 - 24) =     -3.42516  eV     1   --> A              
     e( 25 - 25) =     -2.66364  eV     1   --> A              
     e( 26 - 26) =      0.49260  eV     1   --> A              
     e( 27 - 27) =      0.66704  eV     1   --> A              
     e( 28 - 28) =      2.37317  eV     1   --> A              
     e( 29 - 29) =      2.41513  eV     1   --> A              
     e( 30 - 30) =      3.56858  eV     1   --> A              
     e( 31 - 31) =      3.84974  eV     1   --> A              
     e( 32 - 32) =      4.07666  eV     1   --> A              
     e( 33 - 33) =      4.66854  eV     1   --> A              
     e( 34 - 34) =      5.39552  eV     1   --> A              
     e( 35 - 35) =      6.05647  eV     1   --> A              

 **************************************************************************

 **************************************************************************

                    xk=(   0.11000,   0.19053,   0.00000  )

     Band symmetry, C_1 (1)     point group:

     e(  1 -  1) =    -77.99602  eV     1   --> A              
     e(  2 -  2) =    -49.29421  eV     1   --> A              
     e(  3 -  3) =    -49.24241  eV     1   --> A              
     e(  4 -  4) =    -49.19074  eV     1   --> A              
     e(  5 -  5) =    -24.86501  eV     1   --> A              
     e(  6 -  6) =    -24.80022  eV     1   --> A              
     e(  7 -  7) =    -22.06749  eV     1   --> A              
     e(  8 -  8) =    -20.93986  eV     1   --> A              
     e(  9 -  9) =    -14.31784  eV     1   --> A              
     e( 10 - 10) =    -12.12005  eV     1   --> A              
     e( 11 - 11) =    -11.40516  eV     1   --> A              
     e( 12 - 12) =    -11.36716  eV     1   --> A              
     e( 13 - 13) =    -10.24387  eV     1   --> A              
     e( 14 - 14) =     -9.86152  eV     1   --> A              
     e( 15 - 15) =     -9.77933  eV     1   --> A              
     e( 16 - 16) =     -9.57441  eV     1   --> A              
     e( 17 - 17) =     -8.72307  eV     1   --> A              
     e( 18 - 18) =     -8.62769  eV     1   --> A              
     e( 19 - 19) =     -8.59766  eV     1   --> A              
     e( 20 - 20) =     -7.76229  eV     1   --> A              
     e( 21 - 21) =     -6.35869  eV     1   --> A              
     e( 22 - 22) =     -3.72006  eV     1   --> A              
     e( 23 - 23) =     -3.55848  eV     1   --> A              
     e( 24 - 24) =     -3.42239  eV     1   --> A              
     e( 25 - 25) =     -2.63653  eV     1   --> A              
     e( 26 - 26) =      0.48707  eV     1   --> A              
     e( 27 - 27) =      0.65641  eV     1   --> A              
     e( 28 - 28) =      2.37089  eV     1   --> A              
     e( 29 - 29) =      2.41147  eV     1   --> A              
     e( 30 - 30) =      3.57228  eV     1   --> A              
     e( 31 - 31) =      3.88161  eV     1   --> A              
     e( 32 - 32) =      4.12136  eV     1   --> A              
     e( 33 - 33) =      4.67201  eV     1   --> A              
     e( 34 - 34) =      5.43556  eV     1   --> A              
     e( 35 - 35) =      6.11328  eV     1   --> A              

 **************************************************************************

 **************************************************************************

                    xk=(   0.11333,   0.19630,   0.00000  )

     Band symmetry, C_1 (1)     point group:

     e(  1 -  1) =    -77.99488  eV     1   --> A              
     e(  2 -  2) =    -49.30138  eV     1   --> A              
     e(  3 -  3) =    -49.24091  eV     1   --> A              
     e(  4 -  4) =    -49.19303  eV     1   --> A              
     e(  5 -  5) =    -24.82316  eV     1   --> A              
     e(  6 -  6) =    -24.75895  eV     1   --> A              
     e(  7 -  7) =    -22.03560  eV     1   --> A              
     e(  8 -  8) =    -20.92168  eV     1   --> A              
     e(  9 -  9) =    -14.28938  eV     1   --> A              
     e( 10 - 10) =    -12.11530  eV     1   --> A              
     e( 11 - 11) =    -11.49639  eV     1   --> A              
     e( 12 - 12) =    -11.46087  eV     1   --> A              
     e( 13 - 13) =    -10.30065  eV     1   --> A              
     e( 14 - 14) =     -9.91335  eV     1   --> A              
     e( 15 - 15) =     -9.79815  eV     1   --> A              
     e( 16 - 16) =     -9.57640  eV     1   --> A              
     e( 17 - 17) =     -8.76903  eV     1   --> A              
     e( 18 - 18) =     -8.63356  eV     1   --> A              
     e( 19 - 19) =     -8.59354  eV     1   --> A              
     e( 20 - 20) =     -7.77390  eV     1   --> A              
     e( 21 - 21) =     -6.38790  eV     1   --> A              
     e( 22 - 22) =     -3.73626  eV     1   --> A              
     e( 23 - 23) =     -3.57741  eV     1   --> A              
     e( 24 - 24) =     -3.41863  eV     1   --> A              
     e( 25 - 25) =     -2.60960  eV     1   --> A              
     e( 26 - 26) =      0.47804  eV     1   --> A              
     e( 27 - 27) =      0.64294  eV     1   --> A              
     e( 28 - 28) =      2.37159  eV     1   --> A              
     e( 29 - 29) =      2.41069  eV     1   --> A              
     e( 30 - 30) =      3.57502  eV     1   --> A              
     e( 31 - 31) =      3.91397  eV     1   --> A              
     e( 32 - 32) =      4.16608  eV     1   --> A              
     e( 33 - 33) =      4.67583  eV     1   --> A              
     e( 34 - 34) =      5.47589  eV     1   --> A              
     e( 35 - 35) =      6.16165  eV     1   --> A              

 **************************************************************************

 **************************************************************************

                    xk=(   0.11667,   0.20207,   0.00000  )

     Band symmetry, C_1 (1)     point group:

     e(  1 -  1) =    -77.99372  eV     1   --> A              
     e(  2 -  2) =    -49.30861  eV     1   --> A              
     e(  3 -  3) =    -49.23939  eV     1   --> A              
     e(  4 -  4) =    -49.19539  eV     1   --> A              
     e(  5 -  5) =    -24.78024  eV     1   --> A              
     e(  6 -  6) =    -24.71663  eV     1   --> A              
     e(  7 -  7) =    -22.00315  eV     1   --> A              
     e(  8 -  8) =    -20.90320  eV     1   --> A              
     e(  9 -  9) =    -14.26105  eV     1   --> A              
     e( 10 - 10) =    -12.11436  eV     1   --> A              
     e( 11 - 11) =    -11.58637  eV     1   --> A              
     e( 12 - 12) =    -11.55197  eV     1   --> A              
     e( 13 - 13) =    -10.35811  eV     1   --> A              
     e( 14 - 14) =     -9.96697  eV     1   --> A              
     e( 15 - 15) =     -9.82372  eV     1   --> A              
     e( 16 - 16) =     -9.57172  eV     1   --> A              
     e( 17 - 17) =     -8.82325  eV     1   --> A              
     e( 18 - 18) =     -8.63924  eV     1   --> A              
     e( 19 - 19) =     -8.58150  eV     1   --> A              
     e( 20 - 20) =     -7.78631  eV     1   --> A              
     e( 21 - 21) =     -6.41725  eV     1   --> A              
     e( 22 - 22) =     -3.75231  eV     1   --> A              
     e( 23 - 23) =     -3.59590  eV     1   --> A              
     e( 24 - 24) =     -3.41394  eV     1   --> A              
     e( 25 - 25) =     -2.58294  eV     1   --> A              
     e( 26 - 26) =      0.46565  eV     1   --> A              
     e( 27 - 27) =      0.62679  eV     1   --> A              
     e( 28 - 28) =      2.37533  eV     1   --> A              
     e( 29 - 29) =      2.41275  eV     1   --> A              
     e( 30 - 30) =      3.57651  eV     1   --> A              
     e( 31 - 31) =      3.94648  eV     1   --> A              
     e( 32 - 32) =      4.21102  eV     1   --> A              
     e( 33 - 33) =      4.68034  eV     1   --> A              
     e( 34 - 34) =      5.51626  eV     1   --> A              
     e( 35 - 35) =      6.20051  eV     1   --> A              

 **************************************************************************

 **************************************************************************

                    xk=(   0.12000,   0.20785,   0.00000  )

     Band symmetry, C_1 (1)     point group:

     e(  1 -  1) =    -77.99254  eV     1   --> A              
     e(  2 -  2) =    -49.31588  eV     1   --> A              
     e(  3 -  3) =    -49.23786  eV     1   --> A              
     e(  4 -  4) =    -49.19782  eV     1   --> A              
     e(  5 -  5) =    -24.73627  eV     1   --> A              
     e(  6 -  6) =    -24.67327  eV     1   --> A              
     e(  7 -  7) =    -21.97015  eV     1   --> A              
     e(  8 -  8) =    -20.88445  eV     1   --> A              
     e(  9 -  9) =    -14.23296  eV     1   --> A              
     e( 10 - 10) =    -12.11951  eV     1   --> A              
     e( 11 - 11) =    -11.67517  eV     1   --> A              
     e( 12 - 12) =    -11.63774  eV     1   --> A              
     e( 13 - 13) =    -10.41621  eV     1   --> A              
     e( 14 - 14) =    -10.02234  eV     1   --> A              
     e( 15 - 15) =     -9.85440  eV     1   --> A              
     e( 16 - 16) =     -9.56214  eV     1   --> A              
     e( 17 - 17) =     -8.88067  eV     1   --> A              
     e( 18 - 18) =     -8.64555  eV     1   --> A              
     e( 19 - 19) =     -8.56569  eV     1   --> A              
     e( 20 - 20) =     -7.79953  eV     1   --> A              
     e( 21 - 21) =     -6.44661  eV     1   --> A              
     e( 22 - 22) =     -3.76828  eV     1   --> A              
     e( 23 - 23) =     -3.61383  eV     1   --> A              
     e( 24 - 24) =     -3.40835  eV     1   --> A              
     e( 25 - 25) =     -2.55662  eV     1   --> A              
     e( 26 - 26) =      0.45010  eV     1   --> A              
     e( 27 - 27) =      0.60815  eV     1   --> A              
     e( 28 - 28) =      2.38207  eV     1   --> A              
     e( 29 - 29) =      2.41754  eV     1   --> A              
     e( 30 - 30) =      3.57657  eV     1   --> A              
     e( 31 - 31) =      3.97874  eV     1   --> A              
     e( 32 - 32) =      4.25635  eV     1   --> A              
     e( 33 - 33) =      4.68599  eV     1   --> A              
     e( 34 - 34) =      5.55627  eV     1   --> A              
     e( 35 - 35) =      6.22947  eV     1   --> A              

 **************************************************************************

 **************************************************************************

                    xk=(   0.12333,   0.21362,   0.00000  )

     Band symmetry, C_1 (1)     point group:

     e(  1 -  1) =    -77.99135  eV     1   --> A              
     e(  2 -  2) =    -49.32318  eV     1   --> A              
     e(  3 -  3) =    -49.23630  eV     1   --> A              
     e(  4 -  4) =    -49.20032  eV     1   --> A              
     e(  5 -  5) =    -24.69127  eV     1   --> A              
     e(  6 -  6) =    -24.62889  eV     1   --> A              
     e(  7 -  7) =    -21.93667  eV     1   --> A              
     e(  8 -  8) =    -20.86544  eV     1   --> A              
     e(  9 -  9) =    -14.20527  eV     1   --> A              
     e( 10 - 10) =    -12.13427  eV     1   --> A              
     e( 11 - 11) =    -11.76387  eV     1   --> A              
     e( 12 - 12) =    -11.71322  eV     1   --> A              
     e( 13 - 13) =    -10.47489  eV     1   --> A              
     e( 14 - 14) =    -10.07940  eV     1   --> A              
     e( 15 - 15) =     -9.88869  eV     1   --> A              
     e( 16 - 16) =     -9.54923  eV     1   --> A              
     e( 17 - 17) =     -8.93973  eV     1   --> A              
     e( 18 - 18) =     -8.65169  eV     1   --> A              
     e( 19 - 19) =     -8.54846  eV     1   --> A              
     e( 20 - 20) =     -7.81355  eV     1   --> A              
     e( 21 - 21) =     -6.47587  eV     1   --> A              
     e( 22 - 22) =     -3.78420  eV     1   --> A              
     e( 23 - 23) =     -3.63114  eV     1   --> A              
     e( 24 - 24) =     -3.40192  eV     1   --> A              
     e( 25 - 25) =     -2.53073  eV     1   --> A              
     e( 26 - 26) =      0.43165  eV     1   --> A              
     e( 27 - 27) =      0.58723  eV     1   --> A              
     e( 28 - 28) =      2.39170  eV     1   --> A              
     e( 29 - 29) =      2.42491  eV     1   --> A              
     e( 30 - 30) =      3.57509  eV     1   --> A              
     e( 31 - 31) =      4.01035  eV     1   --> A              
     e( 32 - 32) =      4.30222  eV     1   --> A              
     e( 33 - 33) =      4.69323  eV     1   --> A              
     e( 34 - 34) =      5.59543  eV     1   --> A              
     e( 35 - 35) =      6.24893  eV     1   --> A              

 **************************************************************************

 **************************************************************************

                    xk=(   0.12667,   0.21939,   0.00000  )

     Band symmetry, C_1 (1)     point group:

     e(  1 -  1) =    -77.99015  eV     1   --> A              
     e(  2 -  2) =    -49.33049  eV     1   --> A              
     e(  3 -  3) =    -49.23474  eV     1   --> A              
     e(  4 -  4) =    -49.20289  eV     1   --> A              
     e(  5 -  5) =    -24.64526  eV     1   --> A              
     e(  6 -  6) =    -24.58351  eV     1   --> A              
     e(  7 -  7) =    -21.90271  eV     1   --> A              
     e(  8 -  8) =    -20.84620  eV     1   --> A              
     e(  9 -  9) =    -14.17814  eV     1   --> A              
     e( 10 - 10) =    -12.16303  eV     1   --> A              
     e( 11 - 11) =    -11.85316  eV     1   --> A              
     e( 12 - 12) =    -11.77299  eV     1   --> A              
     e( 13 - 13) =    -10.53412  eV     1   --> A              
     e( 14 - 14) =    -10.13808  eV     1   --> A              
     e( 15 - 15) =     -9.92550  eV     1   --> A              
     e( 16 - 16) =     -9.53416  eV     1   --> A              
     e( 17 - 17) =     -8.99977  eV     1   --> A              
     e( 18 - 18) =     -8.65727  eV     1   --> A              
     e( 19 - 19) =     -8.53079  eV     1   --> A              
     e( 20 - 20) =     -7.82838  eV     1   --> A              
     e( 21 - 21) =     -6.50488  eV     1   --> A              
     e( 22 - 22) =     -3.80009  eV     1   --> A              
     e( 23 - 23) =     -3.64776  eV     1   --> A              
     e( 24 - 24) =     -3.39468  eV     1   --> A              
     e( 25 - 25) =     -2.50534  eV     1   --> A              
     e( 26 - 26) =      0.41057  eV     1   --> A              
     e( 27 - 27) =      0.56427  eV     1   --> A              
     e( 28 - 28) =      2.40405  eV     1   --> A              
     e( 29 - 29) =      2.43466  eV     1   --> A              
     e( 30 - 30) =      3.57204  eV     1   --> A              
     e( 31 - 31) =      4.04087  eV     1   --> A              
     e( 32 - 32) =      4.34875  eV     1   --> A              
     e( 33 - 33) =      4.70260  eV     1   --> A              
     e( 34 - 34) =      5.63306  eV     1   --> A              
     e( 35 - 35) =      6.26007  eV     1   --> A              

 **************************************************************************

 **************************************************************************

                    xk=(   0.13000,   0.22517,   0.00000  )

     Band symmetry, C_1 (1)     point group:

     e(  1 -  1) =    -77.98895  eV     1   --> A              
     e(  2 -  2) =    -49.33781  eV     1   --> A              
     e(  3 -  3) =    -49.23316  eV     1   --> A              
     e(  4 -  4) =    -49.20553  eV     1   --> A              
     e(  5 -  5) =    -24.59825  eV     1   --> A              
     e(  6 -  6) =    -24.53715  eV     1   --> A              
     e(  7 -  7) =    -21.86834  eV     1   --> A              
     e(  8 -  8) =    -20.82676  eV     1   --> A              
     e(  9 -  9) =    -14.15176  eV     1   --> A              
     e( 10 - 10) =    -12.20884  eV     1   --> A              
     e( 11 - 11) =    -11.94247  eV     1   --> A              
     e( 12 - 12) =    -11.81420  eV     1   --> A              
     e( 13 - 13) =    -10.59388  eV     1   --> A              
     e( 14 - 14) =    -10.19835  eV     1   --> A              
     e( 15 - 15) =     -9.96412  eV     1   --> A              
     e( 16 - 16) =     -9.51775  eV     1   --> A              
     e( 17 - 17) =     -9.06037  eV     1   --> A              
     e( 18 - 18) =     -8.66210  eV     1   --> A              
     e( 19 - 19) =     -8.51320  eV     1   --> A              
     e( 20 - 20) =     -7.84402  eV     1   --> A              
     e( 21 - 21) =     -6.53351  eV     1   --> A              
     e( 22 - 22) =     -3.81594  eV     1   --> A              
     e( 23 - 23) =     -3.66368  eV     1   --> A              
     e( 24 - 24) =     -3.38668  eV     1   --> A              
     e( 25 - 25) =     -2.48055  eV     1   --> A              
     e( 26 - 26) =      0.38717  eV     1   --> A              
     e( 27 - 27) =      0.53952  eV     1   --> A              
     e( 28 - 28) =      2.41890  eV     1   --> A              
     e( 29 - 29) =      2.44659  eV     1   --> A              
     e( 30 - 30) =      3.56745  eV     1   --> A              
     e( 31 - 31) =      4.06986  eV     1   --> A              
     e( 32 - 32) =      4.39604  eV     1   --> A              
     e( 33 - 33) =      4.71467  eV     1   --> A              
     e( 34 - 34) =      5.66834  eV     1   --> A              
     e( 35 - 35) =      6.26465  eV     1   --> A              

 **************************************************************************

 **************************************************************************

                    xk=(   0.13333,   0.23094,   0.00000  )

     Band symmetry, C_1 (1)     point group:

     e(  1 -  1) =    -77.98773  eV     1   --> A              
     e(  2 -  2) =    -49.34512  eV     1   --> A              
     e(  3 -  3) =    -49.23156  eV     1   --> A              
     e(  4 -  4) =    -49.20824  eV     1   --> A              
     e(  5 -  5) =    -24.55028  eV     1   --> A              
     e(  6 -  6) =    -24.48984  eV     1   --> A              
     e(  7 -  7) =    -21.83358  eV     1   --> A              
     e(  8 -  8) =    -20.80715  eV     1   --> A              
     e(  9 -  9) =    -14.12633  eV     1   --> A              
     e( 10 - 10) =    -12.27090  eV     1   --> A              
     e( 11 - 11) =    -12.03102  eV     1   --> A              
     e( 12 - 12) =    -11.83807  eV     1   --> A              
     e( 13 - 13) =    -10.65414  eV     1   --> A              
     e( 14 - 14) =    -10.26011  eV     1   --> A              
     e( 15 - 15) =    -10.00403  eV     1   --> A              
     e( 16 - 16) =     -9.50068  eV     1   --> A              
     e( 17 - 17) =     -9.12117  eV     1   --> A              
     e( 18 - 18) =     -8.66611  eV     1   --> A              
     e( 19 - 19) =     -8.49600  eV     1   --> A              
     e( 20 - 20) =     -7.86046  eV     1   --> A              
     e( 21 - 21) =     -6.56163  eV     1   --> A              
     e( 22 - 22) =     -3.83170  eV     1   --> A              
     e( 23 - 23) =     -3.67889  eV     1   --> A              
     e( 24 - 24) =     -3.37797  eV     1   --> A              
     e( 25 - 25) =     -2.45643  eV     1   --> A              
     e( 26 - 26) =      0.36176  eV     1   --> A              
     e( 27 - 27) =      0.51319  eV     1   --> A              
     e( 28 - 28) =      2.43596  eV     1   --> A              
     e( 29 - 29) =      2.46045  eV     1   --> A              
     e( 30 - 30) =      3.56145  eV     1   --> A              
     e( 31 - 31) =      4.09689  eV     1   --> A              
     e( 32 - 32) =      4.44415  eV     1   --> A              
     e( 33 - 33) =      4.72998  eV     1   --> A              
     e( 34 - 34) =      5.70029  eV     1   --> A              
     e( 35 - 35) =      6.26468  eV     1   --> A              

 **************************************************************************

 **************************************************************************

                    xk=(   0.13667,   0.23671,   0.00000  )

     Band symmetry, C_1 (1)     point group:

     e(  1 -  1) =    -77.98650  eV     1   --> A              
     e(  2 -  2) =    -49.35242  eV     1   --> A              
     e(  3 -  3) =    -49.22996  eV     1   --> A              
     e(  4 -  4) =    -49.21101  eV     1   --> A              
     e(  5 -  5) =    -24.50136  eV     1   --> A              
     e(  6 -  6) =    -24.44159  eV     1   --> A              
     e(  7 -  7) =    -21.79848  eV     1   --> A              
     e(  8 -  8) =    -20.78738  eV     1   --> A              
     e(  9 -  9) =    -14.10210  eV     1   --> A              
     e( 10 - 10) =    -12.34519  eV     1   --> A              
     e( 11 - 11) =    -12.11820  eV     1   --> A              
     e( 12 - 12) =    -11.84882  eV     1   --> A              
     e( 13 - 13) =    -10.71488  eV     1   --> A              
     e( 14 - 14) =    -10.32330  eV     1   --> A              
     e( 15 - 15) =    -10.04490  eV     1   --> A              
     e( 16 - 16) =     -9.48366  eV     1   --> A              
     e( 17 - 17) =     -9.18164  eV     1   --> A              
     e( 18 - 18) =     -8.66927  eV     1   --> A              
     e( 19 - 19) =     -8.47939  eV     1   --> A              
     e( 20 - 20) =     -7.87770  eV     1   --> A              
     e( 21 - 21) =     -6.58910  eV     1   --> A              
     e( 22 - 22) =     -3.84731  eV     1   --> A              
     e( 23 - 23) =     -3.69343  eV     1   --> A              
     e( 24 - 24) =     -3.36858  eV     1   --> A              
     e( 25 - 25) =     -2.43304  eV     1   --> A              
     e( 26 - 26) =      0.33465  eV     1   --> A              
     e( 27 - 27) =      0.48555  eV     1   --> A              
     e( 28 - 28) =      2.45492  eV     1   --> A              
     e( 29 - 29) =      2.47603  eV     1   --> A              
     e( 30 - 30) =      3.55421  eV     1   --> A              
     e( 31 - 31) =      4.12161  eV     1   --> A              
     e( 32 - 32) =      4.49309  eV     1   --> A              
     e( 33 - 33) =      4.74904  eV     1   --> A              
     e( 34 - 34) =      5.72779  eV     1   --> A              
     e( 35 - 35) =      6.26227  eV     1   --> A              

 **************************************************************************

 **************************************************************************

                    xk=(   0.14000,   0.24249,   0.00000  )

     Band symmetry, C_1 (1)     point group:

     e(  1 -  1) =    -77.98527  eV     1   --> A              
     e(  2 -  2) =    -49.35968  eV     1   --> A              
     e(  3 -  3) =    -49.22835  eV     1   --> A              
     e(  4 -  4) =    -49.21386  eV     1   --> A              
     e(  5 -  5) =    -24.45152  eV     1   --> A              
     e(  6 -  6) =    -24.39243  eV     1   --> A              
     e(  7 -  7) =    -21.76309  eV     1   --> A              
     e(  8 -  8) =    -20.76748  eV     1   --> A              
     e(  9 -  9) =    -14.07934  eV     1   --> A              
     e( 10 - 10) =    -12.42738  eV     1   --> A              
     e( 11 - 11) =    -12.20354  eV     1   --> A              
     e( 12 - 12) =    -11.85085  eV     1   --> A              
     e( 13 - 13) =    -10.77609  eV     1   --> A              
     e( 14 - 14) =    -10.38785  eV     1   --> A              
     e( 15 - 15) =    -10.08644  eV     1   --> A              
     e( 16 - 16) =     -9.46779  eV     1   --> A              
     e( 17 - 17) =     -9.24081  eV     1   --> A              
     e( 18 - 18) =     -8.67160  eV     1   --> A              
     e( 19 - 19) =     -8.46356  eV     1   --> A              
     e( 20 - 20) =     -7.89573  eV     1   --> A              
     e( 21 - 21) =     -6.61577  eV     1   --> A              
     e( 22 - 22) =     -3.86268  eV     1   --> A              
     e( 23 - 23) =     -3.70736  eV     1   --> A              
     e( 24 - 24) =     -3.35858  eV     1   --> A              
     e( 25 - 25) =     -2.41049  eV     1   --> A              
     e( 26 - 26) =      0.30614  eV     1   --> A              
     e( 27 - 27) =      0.45680  eV     1   --> A              
     e( 28 - 28) =      2.47541  eV     1   --> A              
     e( 29 - 29) =      2.49308  eV     1   --> A              
     e( 30 - 30) =      3.54598  eV     1   --> A              
     e( 31 - 31) =      4.14374  eV     1   --> A              
     e( 32 - 32) =      4.54285  eV     1   --> A              
     e( 33 - 33) =      4.77227  eV     1   --> A              
     e( 34 - 34) =      5.74969  eV     1   --> A              
     e( 35 - 35) =      6.25935  eV     1   --> A              

 **************************************************************************

 **************************************************************************

                    xk=(   0.14333,   0.24826,   0.00000  )

     Band symmetry, C_1 (1)     point group:

     e(  1 -  1) =    -77.98404  eV     1   --> A              
     e(  2 -  2) =    -49.36690  eV     1   --> A              
     e(  3 -  3) =    -49.22674  eV     1   --> A              
     e(  4 -  4) =    -49.21677  eV     1   --> A              
     e(  5 -  5) =    -24.40078  eV     1   --> A              
     e(  6 -  6) =    -24.34239  eV     1   --> A              
     e(  7 -  7) =    -21.72743  eV     1   --> A              
     e(  8 -  8) =    -20.74750  eV     1   --> A              
     e(  9 -  9) =    -14.05838  eV     1   --> A              
     e( 10 - 10) =    -12.51431  eV     1   --> A              
     e( 11 - 11) =    -12.28658  eV     1   --> A              
     e( 12 - 12) =    -11.84733  eV     1   --> A              
     e( 13 - 13) =    -10.83774  eV     1   --> A              
     e( 14 - 14) =    -10.45365  eV     1   --> A              
     e( 15 - 15) =    -10.12845  eV     1   --> A              
     e( 16 - 16) =     -9.45571  eV     1   --> A              
     e( 17 - 17) =     -9.29612  eV     1   --> A              
     e( 18 - 18) =     -8.67312  eV     1   --> A              
     e( 19 - 19) =     -8.44864  eV     1   --> A              
     e( 20 - 20) =     -7.91455  eV     1   --> A              
     e( 21 - 21) =     -6.64150  eV     1   --> A              
     e( 22 - 22) =     -3.87770  eV     1   --> A              
     e( 23 - 23) =     -3.72075  eV     1   --> A              
     e( 24 - 24) =     -3.34799  eV     1   --> A              
     e( 25 - 25) =     -2.38883  eV     1   --> A              
     e( 26 - 26) =      0.27653  eV     1   --> A              
     e( 27 - 27) =      0.42715  eV     1   --> A              
     e( 28 - 28) =      2.49705  eV     1   --> A              
     e( 29 - 29) =      2.51138  eV     1   --> A              
     e( 30 - 30) =      3.53706  eV     1   --> A              
     e( 31 - 31) =      4.16317  eV     1   --> A              
     e( 32 - 32) =      4.59336  eV     1   --> A              
     e( 33 - 33) =      4.79994  eV     1   --> A              
     e( 34 - 34) =      5.76497  eV     1   --> A              
     e( 35 - 35) =      6.25744  eV     1   --> A              

 **************************************************************************

 **************************************************************************

                    xk=(   0.14667,   0.25403,   0.00000  )

     Band symmetry, C_1 (1)     point group:

     e(  1 -  1) =    -77.98280  eV     1   --> A              
     e(  2 -  2) =    -49.37407  eV     1   --> A              
     e(  3 -  3) =    -49.22512  eV     1   --> A              
     e(  4 -  4) =    -49.21975  eV     1   --> A              
     e(  5 -  5) =    -24.34918  eV     1   --> A              
     e(  6 -  6) =    -24.29149  eV     1   --> A              
     e(  7 -  7) =    -21.69157  eV     1   --> A              
     e(  8 -  8) =    -20.72744  eV     1   --> A              
     e(  9 -  9) =    -14.03958  eV     1   --> A              
     e( 10 - 10) =    -12.60395  eV     1   --> A              
     e( 11 - 11) =    -12.36687  eV     1   --> A              
     e( 12 - 12) =    -11.84026  eV     1   --> A              
     e( 13 - 13) =    -10.89984  eV     1   --> A              
     e( 14 - 14) =    -10.52063  eV     1   --> A              
     e( 15 - 15) =    -10.17074  eV     1   --> A              
     e( 16 - 16) =     -9.45540  eV     1   --> A              
     e( 17 - 17) =     -9.33965  eV     1   --> A              
     e( 18 - 18) =     -8.67387  eV     1   --> A              
     e( 19 - 19) =     -8.43476  eV     1   --> A              
     e( 20 - 20) =     -7.93414  eV     1   --> A              
     e( 21 - 21) =     -6.66614  eV     1   --> A              
     e( 22 - 22) =     -3.89225  eV     1   --> A              
     e( 23 - 23) =     -3.73368  eV     1   --> A              
     e( 24 - 24) =     -3.33688  eV     1   --> A              
     e( 25 - 25) =     -2.36815  eV     1   --> A              
     e( 26 - 26) =      0.24608  eV     1   --> A              
     e( 27 - 27) =      0.39681  eV     1   --> A              
     e( 28 - 28) =      2.51942  eV     1   --> A              
     e( 29 - 29) =      2.53070  eV     1   --> A              
     e( 30 - 30) =      3.52782  eV     1   --> A              
     e( 31 - 31) =      4.17996  eV     1   --> A              
     e( 32 - 32) =      4.64453  eV     1   --> A              
     e( 33 - 33) =      4.83213  eV     1   --> A              
     e( 34 - 34) =      5.77311  eV     1   --> A              
     e( 35 - 35) =      6.25737  eV     1   --> A              

 **************************************************************************

 **************************************************************************

                    xk=(   0.15000,   0.25981,   0.00000  )

     Band symmetry, C_1 (1)     point group:

     e(  1 -  1) =    -77.98156  eV     1   --> A              
     e(  2 -  2) =    -49.38117  eV     1   --> A              
     e(  3 -  3) =    -49.22351  eV     1   --> A              
     e(  4 -  4) =    -49.22279  eV     1   --> A              
     e(  5 -  5) =    -24.29674  eV     1   --> A              
     e(  6 -  6) =    -24.23976  eV     1   --> A              
     e(  7 -  7) =    -21.65554  eV     1   --> A              
     e(  8 -  8) =    -20.70735  eV     1   --> A              
     e(  9 -  9) =    -14.02335  eV     1   --> A              
     e( 10 - 10) =    -12.69503  eV     1   --> A              
     e( 11 - 11) =    -12.44393  eV     1   --> A              
     e( 12 - 12) =    -11.83087  eV     1   --> A              
     e( 13 - 13) =    -10.96238  eV     1   --> A              
     e( 14 - 14) =    -10.58867  eV     1   --> A              
     e( 15 - 15) =    -10.21317  eV     1   --> A              
     e( 16 - 16) =     -9.48139  eV     1   --> A              
     e( 17 - 17) =     -9.35690  eV     1   --> A              
     e( 18 - 18) =     -8.67393  eV     1   --> A              
     e( 19 - 19) =     -8.42203  eV     1   --> A              
     e( 20 - 20) =     -7.95448  eV     1   --> A              
     e( 21 - 21) =     -6.68955  eV     1   --> A              
     e( 22 - 22) =     -3.90620  eV     1   --> A              
     e( 23 - 23) =     -3.74625  eV     1   --> A              
     e( 24 - 24) =     -3.32528  eV     1   --> A              
     e( 25 - 25) =     -2.34850  eV     1   --> A              
     e( 26 - 26) =      0.21503  eV     1   --> A              
     e( 27 - 27) =      0.36595  eV     1   --> A              
     e( 28 - 28) =      2.54208  eV     1   --> A              
     e( 29 - 29) =      2.55082  eV     1   --> A              
     e( 30 - 30) =      3.51865  eV     1   --> A              
     e( 31 - 31) =      4.19429  eV     1   --> A              
     e( 32 - 32) =      4.69623  eV     1   --> A              
     e( 33 - 33) =      4.86877  eV     1   --> A              
     e( 34 - 34) =      5.77416  eV     1   --> A              
     e( 35 - 35) =      6.25912  eV     1   --> A              

 **************************************************************************

 **************************************************************************

                    xk=(   0.15333,   0.26558,   0.00000  )

     Band symmetry, C_1 (1)     point group:

     e(  1 -  1) =    -77.98033  eV     1   --> A              
     e(  2 -  2) =    -49.38820  eV     1   --> A              
     e(  3 -  3) =    -49.22590  eV     1   --> A              
     e(  4 -  4) =    -49.22189  eV     1   --> A              
     e(  5 -  5) =    -24.24349  eV     1   --> A              
     e(  6 -  6) =    -24.18723  eV     1   --> A              
     e(  7 -  7) =    -21.61939  eV     1   --> A              
     e(  8 -  8) =    -20.68724  eV     1   --> A              
     e(  9 -  9) =    -14.01017  eV     1   --> A              
     e( 10 - 10) =    -12.78675  eV     1   --> A              
     e( 11 - 11) =    -12.51724  eV     1   --> A              
     e( 12 - 12) =    -11.81993  eV     1   --> A              
     e( 13 - 13) =    -11.02535  eV     1   --> A              
     e( 14 - 14) =    -10.65767  eV     1   --> A              
     e( 15 - 15) =    -10.25559  eV     1   --> A              
     e( 16 - 16) =     -9.52998  eV     1   --> A              
     e( 17 - 17) =     -9.35156  eV     1   --> A              
     e( 18 - 18) =     -8.67340  eV     1   --> A              
     e( 19 - 19) =     -8.41055  eV     1   --> A              
     e( 20 - 20) =     -7.97555  eV     1   --> A              
     e( 21 - 21) =     -6.71159  eV     1   --> A              
     e( 22 - 22) =     -3.91942  eV     1   --> A              
     e( 23 - 23) =     -3.75855  eV     1   --> A              
     e( 24 - 24) =     -3.31326  eV     1   --> A              
     e( 25 - 25) =     -2.32996  eV     1   --> A              
     e( 26 - 26) =      0.18364  eV     1   --> A              
     e( 27 - 27) =      0.33475  eV     1   --> A              
     e( 28 - 28) =      2.56461  eV     1   --> A              
     e( 29 - 29) =      2.57151  eV     1   --> A              
     e( 30 - 30) =      3.51003  eV     1   --> A              
     e( 31 - 31) =      4.20651  eV     1   --> A              
     e( 32 - 32) =      4.74826  eV     1   --> A              
     e( 33 - 33) =      4.90965  eV     1   --> A              
     e( 34 - 34) =      5.76888  eV     1   --> A              
     e( 35 - 35) =      6.26194  eV     1   --> A              

 **************************************************************************

 **************************************************************************

                    xk=(   0.15667,   0.27135,   0.00000  )

     Band symmetry, C_1 (1)     point group:

     e(  1 -  1) =    -77.97909  eV     1   --> A              
     e(  2 -  2) =    -49.39514  eV     1   --> A              
     e(  3 -  3) =    -49.22908  eV     1   --> A              
     e(  4 -  4) =    -49.22027  eV     1   --> A              
     e(  5 -  5) =    -24.18946  eV     1   --> A              
     e(  6 -  6) =    -24.13394  eV     1   --> A              
     e(  7 -  7) =    -21.58317  eV     1   --> A              
     e(  8 -  8) =    -20.66716  eV     1   --> A              
     e(  9 -  9) =    -14.00054  eV     1   --> A              
     e( 10 - 10) =    -12.87857  eV     1   --> A              
     e( 11 - 11) =    -12.58621  eV     1   --> A              
     e( 12 - 12) =    -11.80796  eV     1   --> A              
     e( 13 - 13) =    -11.08875  eV     1   --> A              
     e( 14 - 14) =    -10.72750  eV     1   --> A              
     e( 15 - 15) =    -10.29787  eV     1   --> A              
     e( 16 - 16) =     -9.58727  eV     1   --> A              
     e( 17 - 17) =     -9.33755  eV     1   --> A              
     e( 18 - 18) =     -8.67239  eV     1   --> A              
     e( 19 - 19) =     -8.40037  eV     1   --> A              
     e( 20 - 20) =     -7.99733  eV     1   --> A              
     e( 21 - 21) =     -6.73213  eV     1   --> A              
     e( 22 - 22) =     -3.93181  eV     1   --> A              
     e( 23 - 23) =     -3.77067  eV     1   --> A              
     e( 24 - 24) =     -3.30084  eV     1   --> A              
     e( 25 - 25) =     -2.31258  eV     1   --> A              
     e( 26 - 26) =      0.15207  eV     1   --> A              
     e( 27 - 27) =      0.30335  eV     1   --> A              
     e( 28 - 28) =      2.58654  eV     1   --> A              
     e( 29 - 29) =      2.59253  eV     1   --> A              
     e( 30 - 30) =      3.50242  eV     1   --> A              
     e( 31 - 31) =      4.21702  eV     1   --> A              
     e( 32 - 32) =      4.80039  eV     1   --> A              
     e( 33 - 33) =      4.95443  eV     1   --> A              
     e( 34 - 34) =      5.75854  eV     1   --> A              
     e( 35 - 35) =      6.26467  eV     1   --> A              

 **************************************************************************

 **************************************************************************

                    xk=(   0.16000,   0.27713,   0.00000  )

     Band symmetry, C_1 (1)     point group:

     e(  1 -  1) =    -77.97786  eV     1   --> A              
     e(  2 -  2) =    -49.40199  eV     1   --> A              
     e(  3 -  3) =    -49.23232  eV     1   --> A              
     e(  4 -  4) =    -49.21866  eV     1   --> A              
     e(  5 -  5) =    -24.13469  eV     1   --> A              
     e(  6 -  6) =    -24.07991  eV     1   --> A              
     e(  7 -  7) =    -21.54693  eV     1   --> A              
     e(  8 -  8) =    -20.64714  eV     1   --> A              
     e(  9 -  9) =    -13.99503  eV     1   --> A              
     e( 10 - 10) =    -12.97011  eV     1   --> A              
     e( 11 - 11) =    -12.65026  eV     1   --> A              
     e( 12 - 12) =    -11.79534  eV     1   --> A              
     e( 13 - 13) =    -11.15255  eV     1   --> A              
     e( 14 - 14) =    -10.79801  eV     1   --> A              
     e( 15 - 15) =    -10.33990  eV     1   --> A              
     e( 16 - 16) =     -9.64756  eV     1   --> A              
     e( 17 - 17) =     -9.32056  eV     1   --> A              
     e( 18 - 18) =     -8.67106  eV     1   --> A              
     e( 19 - 19) =     -8.39153  eV     1   --> A              
     e( 20 - 20) =     -8.01979  eV     1   --> A              
     e( 21 - 21) =     -6.75102  eV     1   --> A              
     e( 22 - 22) =     -3.94324  eV     1   --> A              
     e( 23 - 23) =     -3.78271  eV     1   --> A              
     e( 24 - 24) =     -3.28809  eV     1   --> A              
     e( 25 - 25) =     -2.29641  eV     1   --> A              
     e( 26 - 26) =      0.12052  eV     1   --> A              
     e( 27 - 27) =      0.27191  eV     1   --> A              
     e( 28 - 28) =      2.60734  eV     1   --> A              
     e( 29 - 29) =      2.61373  eV     1   --> A              
     e( 30 - 30) =      3.49638  eV     1   --> A              
     e( 31 - 31) =      4.22628  eV     1   --> A              
     e( 32 - 32) =      4.85227  eV     1   --> A              
     e( 33 - 33) =      5.00269  eV     1   --> A              
     e( 34 - 34) =      5.74467  eV     1   --> A              
     e( 35 - 35) =      6.26621  eV     1   --> A              

 **************************************************************************

 **************************************************************************

                    xk=(   0.16333,   0.28290,   0.00000  )

     Band symmetry, C_1 (1)     point group:

     e(  1 -  1) =    -77.97663  eV     1   --> A              
     e(  2 -  2) =    -49.40872  eV     1   --> A              
     e(  3 -  3) =    -49.23563  eV     1   --> A              
     e(  4 -  4) =    -49.21705  eV     1   --> A              
     e(  5 -  5) =    -24.07921  eV     1   --> A              
     e(  6 -  6) =    -24.02518  eV     1   --> A              
     e(  7 -  7) =    -21.51073  eV     1   --> A              
     e(  8 -  8) =    -20.62720  eV     1   --> A              
     e(  9 -  9) =    -13.99419  eV     1   --> A              
     e( 10 - 10) =    -13.06108  eV     1   --> A              
     e( 11 - 11) =    -12.70877  eV     1   --> A              
     e( 12 - 12) =    -11.78236  eV     1   --> A              
     e( 13 - 13) =    -11.21676  eV     1   --> A              
     e( 14 - 14) =    -10.86906  eV     1   --> A              
     e( 15 - 15) =    -10.38157  eV     1   --> A              
     e( 16 - 16) =     -9.70900  eV     1   --> A              
     e( 17 - 17) =     -9.30240  eV     1   --> A              
     e( 18 - 18) =     -8.66959  eV     1   --> A              
     e( 19 - 19) =     -8.38403  eV     1   --> A              
     e( 20 - 20) =     -8.04289  eV     1   --> A              
     e( 21 - 21) =     -6.76815  eV     1   --> A              
     e( 22 - 22) =     -3.95360  eV     1   --> A              
     e( 23 - 23) =     -3.79473  eV     1   --> A              
     e( 24 - 24) =     -3.27505  eV     1   --> A              
     e( 25 - 25) =     -2.28150  eV     1   --> A              
     e( 26 - 26) =      0.08913  eV     1   --> A              
     e( 27 - 27) =      0.24054  eV     1   --> A              
     e( 28 - 28) =      2.62634  eV     1   --> A              
     e( 29 - 29) =      2.63509  eV     1   --> A              
     e( 30 - 30) =      3.49244  eV     1   --> A              
     e( 31 - 31) =      4.23473  eV     1   --> A              
     e( 32 - 32) =      4.90346  eV     1   --> A              
     e( 33 - 33) =      5.05398  eV     1   --> A              
     e( 34 - 34) =      5.72887  eV     1   --> A              
     e( 35 - 35) =      6.26583  eV     1   --> A              

 **************************************************************************

 **************************************************************************

                    xk=(   0.16667,   0.28868,   0.00000  )

     Band symmetry, C_1 (1)     point group:

     e(  1 -  1) =    -77.97541  eV     1   --> A              
     e(  2 -  2) =    -49.41534  eV     1   --> A              
     e(  3 -  3) =    -49.23900  eV     1   --> A              
     e(  4 -  4) =    -49.21545  eV     1   --> A              
     e(  5 -  5) =    -24.02306  eV     1   --> A              
     e(  6 -  6) =    -23.96978  eV     1   --> A              
     e(  7 -  7) =    -21.47461  eV     1   --> A              
     e(  8 -  8) =    -20.60738  eV     1   --> A              
     e(  9 -  9) =    -13.99855  eV     1   --> A              
     e( 10 - 10) =    -13.15126  eV     1   --> A              
     e( 11 - 11) =    -12.76118  eV     1   --> A              
     e( 12 - 12) =    -11.76930  eV     1   --> A              
     e( 13 - 13) =    -11.28136  eV     1   --> A              
     e( 14 - 14) =    -10.94045  eV     1   --> A              
     e( 15 - 15) =    -10.42278  eV     1   --> A              
     e( 16 - 16) =     -9.77085  eV     1   --> A              
     e( 17 - 17) =     -9.28379  eV     1   --> A              
     e( 18 - 18) =     -8.66823  eV     1   --> A              
     e( 19 - 19) =     -8.37782  eV     1   --> A              
     e( 20 - 20) =     -8.06658  eV     1   --> A              
     e( 21 - 21) =     -6.78339  eV     1   --> A              
     e( 22 - 22) =     -3.96281  eV     1   --> A              
     e( 23 - 23) =     -3.80682  eV     1   --> A              
     e( 24 - 24) =     -3.26177  eV     1   --> A              
     e( 25 - 25) =     -2.26789  eV     1   --> A              
     e( 26 - 26) =      0.05802  eV     1   --> A              
     e( 27 - 27) =      0.20937  eV     1   --> A              
     e( 28 - 28) =      2.64297  eV     1   --> A              
     e( 29 - 29) =      2.65654  eV     1   --> A              
     e( 30 - 30) =      3.49113  eV     1   --> A              
     e( 31 - 31) =      4.24280  eV     1   --> A              
     e( 32 - 32) =      4.95335  eV     1   --> A              
     e( 33 - 33) =      5.10782  eV     1   --> A              
     e( 34 - 34) =      5.71270  eV     1   --> A              
     e( 35 - 35) =      6.26317  eV     1   --> A              

 **************************************************************************

 **************************************************************************

                    xk=(   0.17000,   0.29445,   0.00000  )

     Band symmetry, C_1 (1)     point group:

     e(  1 -  1) =    -77.97419  eV     1   --> A              
     e(  2 -  2) =    -49.42183  eV     1   --> A              
     e(  3 -  3) =    -49.24244  eV     1   --> A              
     e(  4 -  4) =    -49.21386  eV     1   --> A              
     e(  5 -  5) =    -23.96627  eV     1   --> A              
     e(  6 -  6) =    -23.91376  eV     1   --> A              
     e(  7 -  7) =    -21.43862  eV     1   --> A              
     e(  8 -  8) =    -20.58772  eV     1   --> A              
     e(  9 -  9) =    -14.00855  eV     1   --> A              
     e( 10 - 10) =    -13.24047  eV     1   --> A              
     e( 11 - 11) =    -12.80700  eV     1   --> A              
     e( 12 - 12) =    -11.75648  eV     1   --> A              
     e( 13 - 13) =    -11.34630  eV     1   --> A              
     e( 14 - 14) =    -11.01194  eV     1   --> A              
     e( 15 - 15) =    -10.46344  eV     1   --> A              
     e( 16 - 16) =     -9.83274  eV     1   --> A              
     e( 17 - 17) =     -9.26507  eV     1   --> A              
     e( 18 - 18) =     -8.66726  eV     1   --> A              
     e( 19 - 19) =     -8.37280  eV     1   --> A              
     e( 20 - 20) =     -8.09082  eV     1   --> A              
     e( 21 - 21) =     -6.79666  eV     1   --> A              
     e( 22 - 22) =     -3.97079  eV     1   --> A              
     e( 23 - 23) =     -3.81905  eV     1   --> A              
     e( 24 - 24) =     -3.24829  eV     1   --> A              
     e( 25 - 25) =     -2.25561  eV     1   --> A              
     e( 26 - 26) =      0.02728  eV     1   --> A              
     e( 27 - 27) =      0.17851  eV     1   --> A              
     e( 28 - 28) =      2.65678  eV     1   --> A              
     e( 29 - 29) =      2.67791  eV     1   --> A              
     e( 30 - 30) =      3.49295  eV     1   --> A              
     e( 31 - 31) =      4.25087  eV     1   --> A              
     e( 32 - 32) =      5.00115  eV     1   --> A              
     e( 33 - 33) =      5.16371  eV     1   --> A              
     e( 34 - 34) =      5.69768  eV     1   --> A              
     e( 35 - 35) =      6.25816  eV     1   --> A              

 **************************************************************************

 **************************************************************************

                    xk=(   0.17333,   0.30022,   0.00000  )

     Band symmetry, C_1 (1)     point group:

     e(  1 -  1) =    -77.97298  eV     1   --> A              
     e(  2 -  2) =    -49.42818  eV     1   --> A              
     e(  3 -  3) =    -49.24594  eV     1   --> A              
     e(  4 -  4) =    -49.21229  eV     1   --> A              
     e(  5 -  5) =    -23.90888  eV     1   --> A              
     e(  6 -  6) =    -23.85716  eV     1   --> A              
     e(  7 -  7) =    -21.40282  eV     1   --> A              
     e(  8 -  8) =    -20.56824  eV     1   --> A              
     e(  9 -  9) =    -14.02447  eV     1   --> A              
     e( 10 - 10) =    -13.32856  eV     1   --> A              
     e( 11 - 11) =    -12.84589  eV     1   --> A              
     e( 12 - 12) =    -11.74429  eV     1   --> A              
     e( 13 - 13) =    -11.41153  eV     1   --> A              
     e( 14 - 14) =    -11.08319  eV     1   --> A              
     e( 15 - 15) =    -10.50347  eV     1   --> A              
     e( 16 - 16) =     -9.89443  eV     1   --> A              
     e( 17 - 17) =     -9.24642  eV     1   --> A              
     e( 18 - 18) =     -8.66702  eV     1   --> A              
     e( 19 - 19) =     -8.36880  eV     1   --> A              
     e( 20 - 20) =     -8.11554  eV     1   --> A              
     e( 21 - 21) =     -6.80785  eV     1   --> A              
     e( 22 - 22) =     -3.97746  eV     1   --> A              
     e( 23 - 23) =     -3.83147  eV     1   --> A              
     e( 24 - 24) =     -3.23467  eV     1   --> A              
     e( 25 - 25) =     -2.24468  eV     1   --> A              
     e( 26 - 26) =     -0.00301  eV     1   --> A              
     e( 27 - 27) =      0.14807  eV     1   --> A              
     e( 28 - 28) =      2.66741  eV     1   --> A              
     e( 29 - 29) =      2.69907  eV     1   --> A              
     e( 30 - 30) =      3.49832  eV     1   --> A              
     e( 31 - 31) =      4.25927  eV     1   --> A              
     e( 32 - 32) =      5.04581  eV     1   --> A              
     e( 33 - 33) =      5.22109  eV     1   --> A              
     e( 34 - 34) =      5.68528  eV     1   --> A              
     e( 35 - 35) =      6.25077  eV     1   --> A              

 **************************************************************************

 **************************************************************************

                    xk=(   0.17667,   0.30600,   0.00000  )

     Band symmetry, C_1 (1)     point group:

     e(  1 -  1) =    -77.97179  eV     1   --> A              
     e(  2 -  2) =    -49.43439  eV     1   --> A              
     e(  3 -  3) =    -49.24950  eV     1   --> A              
     e(  4 -  4) =    -49.21072  eV     1   --> A              
     e(  5 -  5) =    -23.85095  eV     1   --> A              
     e(  6 -  6) =    -23.80001  eV     1   --> A              
     e(  7 -  7) =    -21.36726  eV     1   --> A              
     e(  8 -  8) =    -20.54897  eV     1   --> A              
     e(  9 -  9) =    -14.04641  eV     1   --> A              
     e( 10 - 10) =    -13.41539  eV     1   --> A              
     e( 11 - 11) =    -12.87771  eV     1   --> A              
     e( 12 - 12) =    -11.73332  eV     1   --> A              
     e( 13 - 13) =    -11.47692  eV     1   --> A              
     e( 14 - 14) =    -11.15375  eV     1   --> A              
     e( 15 - 15) =    -10.54279  eV     1   --> A              
     e( 16 - 16) =     -9.95575  eV     1   --> A              
     e( 17 - 17) =     -9.22797  eV     1   --> A              
     e( 18 - 18) =     -8.66790  eV     1   --> A              
     e( 19 - 19) =     -8.36558  eV     1   --> A              
     e( 20 - 20) =     -8.14067  eV     1   --> A              
     e( 21 - 21) =     -6.81692  eV     1   --> A              
     e( 22 - 22) =     -3.98278  eV     1   --> A              
     e( 23 - 23) =     -3.84413  eV     1   --> A              
     e( 24 - 24) =     -3.22096  eV     1   --> A              
     e( 25 - 25) =     -2.23510  eV     1   --> A              
     e( 26 - 26) =     -0.03279  eV     1   --> A              
     e( 27 - 27) =      0.11815  eV     1   --> A              
     e( 28 - 28) =      2.67460  eV     1   --> A              
     e( 29 - 29) =      2.71991  eV     1   --> A              
     e( 30 - 30) =      3.50752  eV     1   --> A              
     e( 31 - 31) =      4.26830  eV     1   --> A              
     e( 32 - 32) =      5.08608  eV     1   --> A              
     e( 33 - 33) =      5.27933  eV     1   --> A              
     e( 34 - 34) =      5.67688  eV     1   --> A              
     e( 35 - 35) =      6.24050  eV     1   --> A              

 **************************************************************************

 **************************************************************************

                    xk=(   0.18000,   0.31177,   0.00000  )

     Band symmetry, C_1 (1)     point group:

     e(  1 -  1) =    -77.97060  eV     1   --> A              
     e(  2 -  2) =    -49.44044  eV     1   --> A              
     e(  3 -  3) =    -49.25312  eV     1   --> A              
     e(  4 -  4) =    -49.20917  eV     1   --> A              
     e(  5 -  5) =    -23.79251  eV     1   --> A              
     e(  6 -  6) =    -23.74236  eV     1   --> A              
     e(  7 -  7) =    -21.33200  eV     1   --> A              
     e(  8 -  8) =    -20.52996  eV     1   --> A              
     e(  9 -  9) =    -14.07420  eV     1   --> A              
     e( 10 - 10) =    -13.50084  eV     1   --> A              
     e( 11 - 11) =    -12.90255  eV     1   --> A              
     e( 12 - 12) =    -11.72458  eV     1   --> A              
     e( 13 - 13) =    -11.54216  eV     1   --> A              
     e( 14 - 14) =    -11.22289  eV     1   --> A              
     e( 15 - 15) =    -10.58134  eV     1   --> A              
     e( 16 - 16) =    -10.01654  eV     1   --> A              
     e( 17 - 17) =     -9.20980  eV     1   --> A              
     e( 18 - 18) =     -8.67034  eV     1   --> A              
     e( 19 - 19) =     -8.36286  eV     1   --> A              
     e( 20 - 20) =     -8.16612  eV     1   --> A              
     e( 21 - 21) =     -6.82380  eV     1   --> A              
     e( 22 - 22) =     -3.98671  eV     1   --> A              
     e( 23 - 23) =     -3.85707  eV     1   --> A              
     e( 24 - 24) =     -3.20719  eV     1   --> A              
     e( 25 - 25) =     -2.22688  eV     1   --> A              
     e( 26 - 26) =     -0.06204  eV     1   --> A              
     e( 27 - 27) =      0.08886  eV     1   --> A              
     e( 28 - 28) =      2.67821  eV     1   --> A              
     e( 29 - 29) =      2.74036  eV     1   --> A              
     e( 30 - 30) =      3.52074  eV     1   --> A              
     e( 31 - 31) =      4.27819  eV     1   --> A              
     e( 32 - 32) =      5.12062  eV     1   --> A              
     e( 33 - 33) =      5.33760  eV     1   --> A              
     e( 34 - 34) =      5.67366  eV     1   --> A              
     e( 35 - 35) =      6.22504  eV     1   --> A              

 **************************************************************************

 **************************************************************************

                    xk=(   0.18333,   0.31754,   0.00000  )

     Band symmetry, C_1 (1)     point group:

     e(  1 -  1) =    -77.96943  eV     1   --> A              
     e(  2 -  2) =    -49.44632  eV     1   --> A              
     e(  3 -  3) =    -49.25680  eV     1   --> A              
     e(  4 -  4) =    -49.20763  eV     1   --> A              
     e(  5 -  5) =    -23.73360  eV     1   --> A              
     e(  6 -  6) =    -23.68427  eV     1   --> A              
     e(  7 -  7) =    -21.29709  eV     1   --> A              
     e(  8 -  8) =    -20.51124  eV     1   --> A              
     e(  9 -  9) =    -14.10748  eV     1   --> A              
     e( 10 - 10) =    -13.58481  eV     1   --> A              
     e( 11 - 11) =    -12.92075  eV     1   --> A              
     e( 12 - 12) =    -11.72017  eV     1   --> A              
     e( 13 - 13) =    -11.60626  eV     1   --> A              
     e( 14 - 14) =    -11.28947  eV     1   --> A              
     e( 15 - 15) =    -10.61906  eV     1   --> A              
     e( 16 - 16) =    -10.07667  eV     1   --> A              
     e( 17 - 17) =     -9.19198  eV     1   --> A              
     e( 18 - 18) =     -8.67481  eV     1   --> A              
     e( 19 - 19) =     -8.36034  eV     1   --> A              
     e( 20 - 20) =     -8.19175  eV     1   --> A              
     e( 21 - 21) =     -6.82848  eV     1   --> A              
     e( 22 - 22) =     -3.98925  eV     1   --> A              
     e( 23 - 23) =     -3.87031  eV     1   --> A              
     e( 24 - 24) =     -3.19343  eV     1   --> A              
     e( 25 - 25) =     -2.22000  eV     1   --> A              
     e( 26 - 26) =     -0.09076  eV     1   --> A              
     e( 27 - 27) =      0.06028  eV     1   --> A              
     e( 28 - 28) =      2.67824  eV     1   --> A              
     e( 29 - 29) =      2.76036  eV     1   --> A              
     e( 30 - 30) =      3.53795  eV     1   --> A              
     e( 31 - 31) =      4.28911  eV     1   --> A              
     e( 32 - 32) =      5.14826  eV     1   --> A              
     e( 33 - 33) =      5.39475  eV     1   --> A              
     e( 34 - 34) =      5.67628  eV     1   --> A              
     e( 35 - 35) =      6.19761  eV     1   --> A              

 **************************************************************************

 **************************************************************************

                    xk=(   0.18667,   0.32332,   0.00000  )

     Band symmetry, C_1 (1)     point group:

     e(  1 -  1) =    -77.96826  eV     1   --> A              
     e(  2 -  2) =    -49.45203  eV     1   --> A              
     e(  3 -  3) =    -49.26053  eV     1   --> A              
     e(  4 -  4) =    -49.20612  eV     1   --> A              
     e(  5 -  5) =    -23.67429  eV     1   --> A              
     e(  6 -  6) =    -23.62576  eV     1   --> A              
     e(  7 -  7) =    -21.26259  eV     1   --> A              
     e(  8 -  8) =    -20.49283  eV     1   --> A              
     e(  9 -  9) =    -14.14567  eV     1   --> A              
     e( 10 - 10) =    -13.66717  eV     1   --> A              
     e( 11 - 11) =    -12.93280  eV     1   --> A              
     e( 12 - 12) =    -11.72669  eV     1   --> A              
     e( 13 - 13) =    -11.66456  eV     1   --> A              
     e( 14 - 14) =    -11.35154  eV     1   --> A              
     e( 15 - 15) =    -10.65590  eV     1   --> A              
     e( 16 - 16) =    -10.13598  eV     1   --> A              
     e( 17 - 17) =     -9.17459  eV     1   --> A              
     e( 18 - 18) =     -8.68174  eV     1   --> A              
     e( 19 - 19) =     -8.35778  eV     1   --> A              
     e( 20 - 20) =     -8.21736  eV     1   --> A              
     e( 21 - 21) =     -6.83095  eV     1   --> A              
     e( 22 - 22) =     -3.99041  eV     1   --> A              
     e( 23 - 23) =     -3.88384  eV     1   --> A              
     e( 24 - 24) =     -3.17971  eV     1   --> A              
     e( 25 - 25) =     -2.21443  eV     1   --> A              
     e( 26 - 26) =     -0.11896  eV     1   --> A              
     e( 27 - 27) =      0.03253  eV     1   --> A              
     e( 28 - 28) =      2.67486  eV     1   --> A              
     e( 29 - 29) =      2.77987  eV     1   --> A              
     e( 30 - 30) =      3.55903  eV     1   --> A              
     e( 31 - 31) =      4.30122  eV     1   --> A              
     e( 32 - 32) =      5.16832  eV     1   --> A              
     e( 33 - 33) =      5.44894  eV     1   --> A              
     e( 34 - 34) =      5.68459  eV     1   --> A              
     e( 35 - 35) =      6.15698  eV     1   --> A              

 **************************************************************************

 **************************************************************************

                    xk=(   0.19000,   0.32909,   0.00000  )

     Band symmetry, C_1 (1)     point group:

     e(  1 -  1) =    -77.96712  eV     1   --> A              
     e(  2 -  2) =    -49.45756  eV     1   --> A              
     e(  3 -  3) =    -49.26433  eV     1   --> A              
     e(  4 -  4) =    -49.20462  eV     1   --> A              
     e(  5 -  5) =    -23.61461  eV     1   --> A              
     e(  6 -  6) =    -23.56691  eV     1   --> A              
     e(  7 -  7) =    -21.22856  eV     1   --> A              
     e(  8 -  8) =    -20.47478  eV     1   --> A              
     e(  9 -  9) =    -14.18807  eV     1   --> A              
     e( 10 - 10) =    -13.74785  eV     1   --> A              
     e( 11 - 11) =    -12.93933  eV     1   --> A              
     e( 12 - 12) =    -11.76323  eV     1   --> A              
     e( 13 - 13) =    -11.70109  eV     1   --> A              
     e( 14 - 14) =    -11.40597  eV     1   --> A              
     e( 15 - 15) =    -10.69183  eV     1   --> A              
     e( 16 - 16) =    -10.19434  eV     1   --> A              
     e( 17 - 17) =     -9.15769  eV     1   --> A              
     e( 18 - 18) =     -8.69155  eV     1   --> A              
     e( 19 - 19) =     -8.35511  eV     1   --> A              
     e( 20 - 20) =     -8.24258  eV     1   --> A              
     e( 21 - 21) =     -6.83124  eV     1   --> A              
     e( 22 - 22) =     -3.99026  eV     1   --> A              
     e( 23 - 23) =     -3.89764  eV     1   --> A              
     e( 24 - 24) =     -3.16609  eV     1   --> A              
     e( 25 - 25) =     -2.21015  eV     1   --> A              
     e( 26 - 26) =     -0.14668  eV     1   --> A              
     e( 27 - 27) =      0.00569  eV     1   --> A              
     e( 28 - 28) =      2.66833  eV     1   --> A              
     e( 29 - 29) =      2.79885  eV     1   --> A              
     e( 30 - 30) =      3.58370  eV     1   --> A              
     e( 31 - 31) =      4.31461  eV     1   --> A              
     e( 32 - 32) =      5.18089  eV     1   --> A              
     e( 33 - 33) =      5.49723  eV     1   --> A              
     e( 34 - 34) =      5.69750  eV     1   --> A              
     e( 35 - 35) =      6.11613  eV     1   --> A              

 **************************************************************************

 **************************************************************************

                    xk=(   0.19333,   0.33486,   0.00000  )

     Band symmetry, C_1 (1)     point group:

     e(  1 -  1) =    -77.96599  eV     1   --> A              
     e(  2 -  2) =    -49.46290  eV     1   --> A              
     e(  3 -  3) =    -49.26818  eV     1   --> A              
     e(  4 -  4) =    -49.20314  eV     1   --> A              
     e(  5 -  5) =    -23.55463  eV     1   --> A              
     e(  6 -  6) =    -23.50776  eV     1   --> A              
     e(  7 -  7) =    -21.19504  eV     1   --> A              
     e(  8 -  8) =    -20.45711  eV     1   --> A              
     e(  9 -  9) =    -14.23393  eV     1   --> A              
     e( 10 - 10) =    -13.82674  eV     1   --> A              
     e( 11 - 11) =    -12.94104  eV     1   --> A              
     e( 12 - 12) =    -11.82344  eV     1   --> A              
     e( 13 - 13) =    -11.72639  eV     1   --> A              
     e( 14 - 14) =    -11.44855  eV     1   --> A              
     e( 15 - 15) =    -10.72682  eV     1   --> A              
     e( 16 - 16) =    -10.25158  eV     1   --> A              
     e( 17 - 17) =     -9.14137  eV     1   --> A              
     e( 18 - 18) =     -8.70452  eV     1   --> A              
     e( 19 - 19) =     -8.35283  eV     1   --> A              
     e( 20 - 20) =     -8.26654  eV     1   --> A              
     e( 21 - 21) =     -6.82939  eV     1   --> A              
     e( 22 - 22) =     -3.98896  eV     1   --> A              
     e( 23 - 23) =     -3.91157  eV     1   --> A              
     e( 24 - 24) =     -3.15261  eV     1   --> A              
     e( 25 - 25) =     -2.20710  eV     1   --> A              
     e( 26 - 26) =     -0.17396  eV     1   --> A              
     e( 27 - 27) =     -0.02017  eV     1   --> A              
     e( 28 - 28) =      2.65899  eV     1   --> A              
     e( 29 - 29) =      2.81729  eV     1   --> A              
     e( 30 - 30) =      3.61160  eV     1   --> A              
     e( 31 - 31) =      4.32934  eV     1   --> A              
     e( 32 - 32) =      5.18681  eV     1   --> A              
     e( 33 - 33) =      5.53493  eV     1   --> A              
     e( 34 - 34) =      5.71347  eV     1   --> A              
     e( 35 - 35) =      6.08486  eV     1   --> A              

 **************************************************************************

 **************************************************************************

                    xk=(   0.19667,   0.34064,   0.00000  )

     Band symmetry, C_1 (1)     point group:

     e(  1 -  1) =    -77.96488  eV     1   --> A              
     e(  2 -  2) =    -49.46804  eV     1   --> A              
     e(  3 -  3) =    -49.27209  eV     1   --> A              
     e(  4 -  4) =    -49.20169  eV     1   --> A              
     e(  5 -  5) =    -23.49441  eV     1   --> A              
     e(  6 -  6) =    -23.44837  eV     1   --> A              
     e(  7 -  7) =    -21.16210  eV     1   --> A              
     e(  8 -  8) =    -20.43986  eV     1   --> A              
     e(  9 -  9) =    -14.28249  eV     1   --> A              
     e( 10 - 10) =    -13.90375  eV     1   --> A              
     e( 11 - 11) =    -12.93862  eV     1   --> A              
     e( 12 - 12) =    -11.88912  eV     1   --> A              
     e( 13 - 13) =    -11.76179  eV     1   --> A              
     e( 14 - 14) =    -11.47618  eV     1   --> A              
     e( 15 - 15) =    -10.76086  eV     1   --> A              
     e( 16 - 16) =    -10.30752  eV     1   --> A              
     e( 17 - 17) =     -9.12575  eV     1   --> A              
     e( 18 - 18) =     -8.72080  eV     1   --> A              
     e( 19 - 19) =     -8.35286  eV     1   --> A              
     e( 20 - 20) =     -8.28704  eV     1   --> A              
     e( 21 - 21) =     -6.82546  eV     1   --> A              
     e( 22 - 22) =     -3.98689  eV     1   --> A              
     e( 23 - 23) =     -3.92530  eV     1   --> A              
     e( 24 - 24) =     -3.13932  eV     1   --> A              
     e( 25 - 25) =     -2.20522  eV     1   --> A              
     e( 26 - 26) =     -0.20085  eV     1   --> A              
     e( 27 - 27) =     -0.04495  eV     1   --> A              
     e( 28 - 28) =      2.64724  eV     1   --> A              
     e( 29 - 29) =      2.83518  eV     1   --> A              
     e( 30 - 30) =      3.64233  eV     1   --> A              
     e( 31 - 31) =      4.34542  eV     1   --> A              
     e( 32 - 32) =      5.18732  eV     1   --> A              
     e( 33 - 33) =      5.55624  eV     1   --> A              
     e( 34 - 34) =      5.73104  eV     1   --> A              
     e( 35 - 35) =      6.06897  eV     1   --> A              

 **************************************************************************

 **************************************************************************

                    xk=(   0.20000,   0.34641,   0.00000  )

     Band symmetry, C_1 (1)     point group:

     e(  1 -  1) =    -77.96378  eV     1   --> A              
     e(  2 -  2) =    -49.47298  eV     1   --> A              
     e(  3 -  3) =    -49.27605  eV     1   --> A              
     e(  4 -  4) =    -49.20026  eV     1   --> A              
     e(  5 -  5) =    -23.43399  eV     1   --> A              
     e(  6 -  6) =    -23.38880  eV     1   --> A              
     e(  7 -  7) =    -21.12979  eV     1   --> A              
     e(  8 -  8) =    -20.42306  eV     1   --> A              
     e(  9 -  9) =    -14.33303  eV     1   --> A              
     e( 10 - 10) =    -13.97878  eV     1   --> A              
     e( 11 - 11) =    -12.93271  eV     1   --> A              
     e( 12 - 12) =    -11.95633  eV     1   --> A              
     e( 13 - 13) =    -11.81035  eV     1   --> A              
     e( 14 - 14) =    -11.48976  eV     1   --> A              
     e( 15 - 15) =    -10.79391  eV     1   --> A              
     e( 16 - 16) =    -10.36197  eV     1   --> A              
     e( 17 - 17) =     -9.11099  eV     1   --> A              
     e( 18 - 18) =     -8.74039  eV     1   --> A              
     e( 19 - 19) =     -8.35977  eV     1   --> A              
     e( 20 - 20) =     -8.29932  eV     1   --> A              
     e( 21 - 21) =     -6.81952  eV     1   --> A              
     e( 22 - 22) =     -3.98502  eV     1   --> A              
     e( 23 - 23) =     -3.93790  eV     1   --> A              
     e( 24 - 24) =     -3.12627  eV     1   --> A              
     e( 25 - 25) =     -2.20444  eV     1   --> A              
     e( 26 - 26) =     -0.22741  eV     1   --> A              
     e( 27 - 27) =     -0.06860  eV     1   --> A              
     e( 28 - 28) =      2.63350  eV     1   --> A              
     e( 29 - 29) =      2.85251  eV     1   --> A              
     e( 30 - 30) =      3.67546  eV     1   --> A              
     e( 31 - 31) =      4.36282  eV     1   --> A              
     e( 32 - 32) =      5.18371  eV     1   --> A              
     e( 33 - 33) =      5.55767  eV     1   --> A              
     e( 34 - 34) =      5.74779  eV     1   --> A              
     e( 35 - 35) =      6.07163  eV     1   --> A              

 **************************************************************************

 **************************************************************************

                    xk=(   0.20333,   0.35218,   0.00000  )

     Band symmetry, C_1 (1)     point group:

     e(  1 -  1) =    -77.96271  eV     1   --> A              
     e(  2 -  2) =    -49.47770  eV     1   --> A              
     e(  3 -  3) =    -49.28007  eV     1   --> A              
     e(  4 -  4) =    -49.19885  eV     1   --> A              
     e(  5 -  5) =    -23.37345  eV     1   --> A              
     e(  6 -  6) =    -23.32911  eV     1   --> A              
     e(  7 -  7) =    -21.09816  eV     1   --> A              
     e(  8 -  8) =    -20.40674  eV     1   --> A              
     e(  9 -  9) =    -14.38489  eV     1   --> A              
     e( 10 - 10) =    -14.05176  eV     1   --> A              
     e( 11 - 11) =    -12.92391  eV     1   --> A              
     e( 12 - 12) =    -12.02419  eV     1   --> A              
     e( 13 - 13) =    -11.86894  eV     1   --> A              
     e( 14 - 14) =    -11.49331  eV     1   --> A              
     e( 15 - 15) =    -10.82599  eV     1   --> A              
     e( 16 - 16) =    -10.41470  eV     1   --> A              
     e( 17 - 17) =     -9.09730  eV     1   --> A              
     e( 18 - 18) =     -8.76310  eV     1   --> A              
     e( 19 - 19) =     -8.37637  eV     1   --> A              
     e( 20 - 20) =     -8.30048  eV     1   --> A              
     e( 21 - 21) =     -6.81166  eV     1   --> A              
     e( 22 - 22) =     -3.98587  eV     1   --> A              
     e( 23 - 23) =     -3.94689  eV     1   --> A              
     e( 24 - 24) =     -3.11351  eV     1   --> A              
     e( 25 - 25) =     -2.20468  eV     1   --> A              
     e( 26 - 26) =     -0.25369  eV     1   --> A              
     e( 27 - 27) =     -0.09106  eV     1   --> A              
     e( 28 - 28) =      2.61815  eV     1   --> A              
     e( 29 - 29) =      2.86928  eV     1   --> A              
     e( 30 - 30) =      3.71056  eV     1   --> A              
     e( 31 - 31) =      4.38147  eV     1   --> A              
     e( 32 - 32) =      5.17708  eV     1   --> A              
     e( 33 - 33) =      5.54130  eV     1   --> A              
     e( 34 - 34) =      5.75958  eV     1   --> A              
     e( 35 - 35) =      6.09261  eV     1   --> A              

 **************************************************************************

 **************************************************************************

                    xk=(   0.20667,   0.35796,   0.00000  )

     Band symmetry, C_1 (1)     point group:

     e(  1 -  1) =    -77.96165  eV     1   --> A              
     e(  2 -  2) =    -49.48221  eV     1   --> A              
     e(  3 -  3) =    -49.28413  eV     1   --> A              
     e(  4 -  4) =    -49.19747  eV     1   --> A              
     e(  5 -  5) =    -23.31284  eV     1   --> A              
     e(  6 -  6) =    -23.26937  eV     1   --> A              
     e(  7 -  7) =    -21.06727  eV     1   --> A              
     e(  8 -  8) =    -20.39093  eV     1   --> A              
     e(  9 -  9) =    -14.43749  eV     1   --> A              
     e( 10 - 10) =    -14.12260  eV     1   --> A              
     e( 11 - 11) =    -12.91277  eV     1   --> A              
     e( 12 - 12) =    -12.09233  eV     1   --> A              
     e( 13 - 13) =    -11.93392  eV     1   --> A              
     e( 14 - 14) =    -11.49091  eV     1   --> A              
     e( 15 - 15) =    -10.85706  eV     1   --> A              
     e( 16 - 16) =    -10.46545  eV     1   --> A              
     e( 17 - 17) =     -9.08502  eV     1   --> A              
     e( 18 - 18) =     -8.78859  eV     1   --> A              
     e( 19 - 19) =     -8.39896  eV     1   --> A              
     e( 20 - 20) =     -8.29416  eV     1   --> A              
     e( 21 - 21) =     -6.80200  eV     1   --> A              
     e( 22 - 22) =     -3.99304  eV     1   --> A              
     e( 23 - 23) =     -3.94873  eV     1   --> A              
     e( 24 - 24) =     -3.10109  eV     1   --> A              
     e( 25 - 25) =     -2.20583  eV     1   --> A              
     e( 26 - 26) =     -0.27975  eV     1   --> A              
     e( 27 - 27) =     -0.11230  eV     1   --> A              
     e( 28 - 28) =      2.60159  eV     1   --> A              
     e( 29 - 29) =      2.88549  eV     1   --> A              
     e( 30 - 30) =      3.74720  eV     1   --> A              
     e( 31 - 31) =      4.40127  eV     1   --> A              
     e( 32 - 32) =      5.16816  eV     1   --> A              
     e( 33 - 33) =      5.51281  eV     1   --> A              
     e( 34 - 34) =      5.76319  eV     1   --> A              
     e( 35 - 35) =      6.12826  eV     1   --> A              

 **************************************************************************

 **************************************************************************

                    xk=(   0.21000,   0.36373,   0.00000  )

     Band symmetry, C_1 (1)     point group:

     e(  1 -  1) =    -77.96062  eV     1   --> A              
     e(  2 -  2) =    -49.48649  eV     1   --> A              
     e(  3 -  3) =    -49.28825  eV     1   --> A              
     e(  4 -  4) =    -49.19612  eV     1   --> A              
     e(  5 -  5) =    -23.25225  eV     1   --> A              
     e(  6 -  6) =    -23.20965  eV     1   --> A              
     e(  7 -  7) =    -21.03717  eV     1   --> A              
     e(  8 -  8) =    -20.37565  eV     1   --> A              
     e(  9 -  9) =    -14.49030  eV     1   --> A              
     e( 10 - 10) =    -14.19119  eV     1   --> A              
     e( 11 - 11) =    -12.89977  eV     1   --> A              
     e( 12 - 12) =    -12.16051  eV     1   --> A              
     e( 13 - 13) =    -12.00274  eV     1   --> A              
     e( 14 - 14) =    -11.48539  eV     1   --> A              
     e( 15 - 15) =    -10.88712  eV     1   --> A              
     e( 16 - 16) =    -10.51394  eV     1   --> A              
     e( 17 - 17) =     -9.07466  eV     1   --> A              
     e( 18 - 18) =     -8.81630  eV     1   --> A              
     e( 19 - 19) =     -8.42390  eV     1   --> A              
     e( 20 - 20) =     -8.28395  eV     1   --> A              
     e( 21 - 21) =     -6.79063  eV     1   --> A              
     e( 22 - 22) =     -4.00597  eV     1   --> A              
     e( 23 - 23) =     -3.94405  eV     1   --> A              
     e( 24 - 24) =     -3.08905  eV     1   --> A              
     e( 25 - 25) =     -2.20779  eV     1   --> A              
     e( 26 - 26) =     -0.30560  eV     1   --> A              
     e( 27 - 27) =     -0.13230  eV     1   --> A              
     e( 28 - 28) =      2.58417  eV     1   --> A              
     e( 29 - 29) =      2.90116  eV     1   --> A              
     e( 30 - 30) =      3.78499  eV     1   --> A              
     e( 31 - 31) =      4.42206  eV     1   --> A              
     e( 32 - 32) =      5.15733  eV     1   --> A              
     e( 33 - 33) =      5.47789  eV     1   --> A              
     e( 34 - 34) =      5.75826  eV     1   --> A              
     e( 35 - 35) =      6.17257  eV     1   --> A              

 **************************************************************************

 **************************************************************************

                    xk=(   0.21333,   0.36950,   0.00000  )

     Band symmetry, C_1 (1)     point group:

     e(  1 -  1) =    -77.95960  eV     1   --> A              
     e(  2 -  2) =    -49.49055  eV     1   --> A              
     e(  3 -  3) =    -49.29242  eV     1   --> A              
     e(  4 -  4) =    -49.19480  eV     1   --> A              
     e(  5 -  5) =    -23.19173  eV     1   --> A              
     e(  6 -  6) =    -23.15001  eV     1   --> A              
     e(  7 -  7) =    -21.00790  eV     1   --> A              
     e(  8 -  8) =    -20.36094  eV     1   --> A              
     e(  9 -  9) =    -14.54288  eV     1   --> A              
     e( 10 - 10) =    -14.25747  eV     1   --> A              
     e( 11 - 11) =    -12.88538  eV     1   --> A              
     e( 12 - 12) =    -12.22852  eV     1   --> A              
     e( 13 - 13) =    -12.07389  eV     1   --> A              
     e( 14 - 14) =    -11.47860  eV     1   --> A              
     e( 15 - 15) =    -10.91615  eV     1   --> A              
     e( 16 - 16) =    -10.55984  eV     1   --> A              
     e( 17 - 17) =     -9.06703  eV     1   --> A              
     e( 18 - 18) =     -8.84539  eV     1   --> A              
     e( 19 - 19) =     -8.44957  eV     1   --> A              
     e( 20 - 20) =     -8.27144  eV     1   --> A              
     e( 21 - 21) =     -6.77768  eV     1   --> A              
     e( 22 - 22) =     -4.02187  eV     1   --> A              
     e( 23 - 23) =     -3.93570  eV     1   --> A              
     e( 24 - 24) =     -3.07744  eV     1   --> A              
     e( 25 - 25) =     -2.21046  eV     1   --> A              
     e( 26 - 26) =     -0.33129  eV     1   --> A              
     e( 27 - 27) =     -0.15107  eV     1   --> A              
     e( 28 - 28) =      2.56621  eV     1   --> A              
     e( 29 - 29) =      2.91627  eV     1   --> A              
     e( 30 - 30) =      3.82352  eV     1   --> A              
     e( 31 - 31) =      4.44360  eV     1   --> A              
     e( 32 - 32) =      5.14463  eV     1   --> A              
     e( 33 - 33) =      5.44092  eV     1   --> A              
     e( 34 - 34) =      5.74633  eV     1   --> A              
     e( 35 - 35) =      6.21772  eV     1   --> A              

 **************************************************************************

 **************************************************************************

                    xk=(   0.21667,   0.37528,   0.00000  )

     Band symmetry, C_1 (1)     point group:

     e(  1 -  1) =    -77.95861  eV     1   --> A              
     e(  2 -  2) =    -49.49437  eV     1   --> A              
     e(  3 -  3) =    -49.29663  eV     1   --> A              
     e(  4 -  4) =    -49.19351  eV     1   --> A              
     e(  5 -  5) =    -23.13137  eV     1   --> A              
     e(  6 -  6) =    -23.09054  eV     1   --> A              
     e(  7 -  7) =    -20.97951  eV     1   --> A              
     e(  8 -  8) =    -20.34682  eV     1   --> A              
     e(  9 -  9) =    -14.59482  eV     1   --> A              
     e( 10 - 10) =    -14.32135  eV     1   --> A              
     e( 11 - 11) =    -12.87010  eV     1   --> A              
     e( 12 - 12) =    -12.29605  eV     1   --> A              
     e( 13 - 13) =    -12.14643  eV     1   --> A              
     e( 14 - 14) =    -11.47176  eV     1   --> A              
     e( 15 - 15) =    -10.94412  eV     1   --> A              
     e( 16 - 16) =    -10.60278  eV     1   --> A              
     e( 17 - 17) =     -9.06347  eV     1   --> A              
     e( 18 - 18) =     -8.87455  eV     1   --> A              
     e( 19 - 19) =     -8.47515  eV     1   --> A              
     e( 20 - 20) =     -8.25734  eV     1   --> A              
     e( 21 - 21) =     -6.76327  eV     1   --> A              
     e( 22 - 22) =     -4.03932  eV     1   --> A              
     e( 23 - 23) =     -3.92515  eV     1   --> A              
     e( 24 - 24) =     -3.06632  eV     1   --> A              
     e( 25 - 25) =     -2.21370  eV     1   --> A              
     e( 26 - 26) =     -0.35681  eV     1   --> A              
     e( 27 - 27) =     -0.16863  eV     1   --> A              
     e( 28 - 28) =      2.54800  eV     1   --> A              
     e( 29 - 29) =      2.93082  eV     1   --> A              
     e( 30 - 30) =      3.86244  eV     1   --> A              
     e( 31 - 31) =      4.46560  eV     1   --> A              
     e( 32 - 32) =      5.12983  eV     1   --> A              
     e( 33 - 33) =      5.40521  eV     1   --> A              
     e( 34 - 34) =      5.72943  eV     1   --> A              
     e( 35 - 35) =      6.25508  eV     1   --> A              

 **************************************************************************

 **************************************************************************

                    xk=(   0.22000,   0.38105,   0.00000  )

     Band symmetry, C_1 (1)     point group:

     e(  1 -  1) =    -77.95765  eV     1   --> A              
     e(  2 -  2) =    -49.49795  eV     1   --> A              
     e(  3 -  3) =    -49.30088  eV     1   --> A              
     e(  4 -  4) =    -49.19225  eV     1   --> A              
     e(  5 -  5) =    -23.07124  eV     1   --> A              
     e(  6 -  6) =    -23.03131  eV     1   --> A              
     e(  7 -  7) =    -20.95205  eV     1   --> A              
     e(  8 -  8) =    -20.33330  eV     1   --> A              
     e(  9 -  9) =    -14.64580  eV     1   --> A              
     e( 10 - 10) =    -14.38274  eV     1   --> A              
     e( 11 - 11) =    -12.85453  eV     1   --> A              
     e( 12 - 12) =    -12.36264  eV     1   --> A              
     e( 13 - 13) =    -12.21981  eV     1   --> A              
     e( 14 - 14) =    -11.46583  eV     1   --> A              
     e( 15 - 15) =    -10.97098  eV     1   --> A              
     e( 16 - 16) =    -10.64236  eV     1   --> A              
     e( 17 - 17) =     -9.06603  eV     1   --> A              
     e( 18 - 18) =     -8.90182  eV     1   --> A              
     e( 19 - 19) =     -8.50003  eV     1   --> A              
     e( 20 - 20) =     -8.24204  eV     1   --> A              
     e( 21 - 21) =     -6.74751  eV     1   --> A              
     e( 22 - 22) =     -4.05778  eV     1   --> A              
     e( 23 - 23) =     -3.91302  eV     1   --> A              
     e( 24 - 24) =     -3.05573  eV     1   --> A              
     e( 25 - 25) =     -2.21741  eV     1   --> A              
     e( 26 - 26) =     -0.38217  eV     1   --> A              
     e( 27 - 27) =     -0.18501  eV     1   --> A              
     e( 28 - 28) =      2.52979  eV     1   --> A              
     e( 29 - 29) =      2.94480  eV     1   --> A              
     e( 30 - 30) =      3.90137  eV     1   --> A              
     e( 31 - 31) =      4.48764  eV     1   --> A              
     e( 32 - 32) =      5.11262  eV     1   --> A              
     e( 33 - 33) =      5.37320  eV     1   --> A              
     e( 34 - 34) =      5.70935  eV     1   --> A              
     e( 35 - 35) =      6.28022  eV     1   --> A              

 **************************************************************************

 **************************************************************************

                    xk=(   0.22333,   0.38682,   0.00000  )

     Band symmetry, C_1 (1)     point group:

     e(  1 -  1) =    -77.95671  eV     1   --> A              
     e(  2 -  2) =    -49.50128  eV     1   --> A              
     e(  3 -  3) =    -49.30518  eV     1   --> A              
     e(  4 -  4) =    -49.19102  eV     1   --> A              
     e(  5 -  5) =    -23.01144  eV     1   --> A              
     e(  6 -  6) =    -22.97241  eV     1   --> A              
     e(  7 -  7) =    -20.92556  eV     1   --> A              
     e(  8 -  8) =    -20.32042  eV     1   --> A              
     e(  9 -  9) =    -14.69550  eV     1   --> A              
     e( 10 - 10) =    -14.44155  eV     1   --> A              
     e( 11 - 11) =    -12.83956  eV     1   --> A              
     e( 12 - 12) =    -12.42755  eV     1   --> A              
     e( 13 - 13) =    -12.29365  eV     1   --> A              
     e( 14 - 14) =    -11.46158  eV     1   --> A              
     e( 15 - 15) =    -10.99668  eV     1   --> A              
     e( 16 - 16) =    -10.67813  eV     1   --> A              
     e( 17 - 17) =     -9.07730  eV     1   --> A              
     e( 18 - 18) =     -8.92480  eV     1   --> A              
     e( 19 - 19) =     -8.52368  eV     1   --> A              
     e( 20 - 20) =     -8.22582  eV     1   --> A              
     e( 21 - 21) =     -6.73054  eV     1   --> A              
     e( 22 - 22) =     -4.07701  eV     1   --> A              
     e( 23 - 23) =     -3.89960  eV     1   --> A              
     e( 24 - 24) =     -3.04572  eV     1   --> A              
     e( 25 - 25) =     -2.22144  eV     1   --> A              
     e( 26 - 26) =     -0.40737  eV     1   --> A              
     e( 27 - 27) =     -0.20025  eV     1   --> A              
     e( 28 - 28) =      2.51183  eV     1   --> A              
     e( 29 - 29) =      2.95819  eV     1   --> A              
     e( 30 - 30) =      3.93997  eV     1   --> A              
     e( 31 - 31) =      4.50914  eV     1   --> A              
     e( 32 - 32) =      5.09300  eV     1   --> A              
     e( 33 - 33) =      5.34655  eV     1   --> A              
     e( 34 - 34) =      5.68761  eV     1   --> A              
     e( 35 - 35) =      6.29581  eV     1   --> A              

 **************************************************************************

 **************************************************************************

                    xk=(   0.22667,   0.39260,   0.00000  )

     Band symmetry, C_1 (1)     point group:

     e(  1 -  1) =    -77.95579  eV     1   --> A              
     e(  2 -  2) =    -49.50437  eV     1   --> A              
     e(  3 -  3) =    -49.30952  eV     1   --> A              
     e(  4 -  4) =    -49.18982  eV     1   --> A              
     e(  5 -  5) =    -22.95203  eV     1   --> A              
     e(  6 -  6) =    -22.91392  eV     1   --> A              
     e(  7 -  7) =    -20.90008  eV     1   --> A              
     e(  8 -  8) =    -20.30818  eV     1   --> A              
     e(  9 -  9) =    -14.74367  eV     1   --> A              
     e( 10 - 10) =    -14.49771  eV     1   --> A              
     e( 11 - 11) =    -12.82670  eV     1   --> A              
     e( 12 - 12) =    -12.48933  eV     1   --> A              
     e( 13 - 13) =    -12.36769  eV     1   --> A              
     e( 14 - 14) =    -11.45971  eV     1   --> A              
     e( 15 - 15) =    -11.02116  eV     1   --> A              
     e( 16 - 16) =    -10.70965  eV     1   --> A              
     e( 17 - 17) =     -9.09898  eV     1   --> A              
     e( 18 - 18) =     -8.94210  eV     1   --> A              
     e( 19 - 19) =     -8.54551  eV     1   --> A              
     e( 20 - 20) =     -8.20889  eV     1   --> A              
     e( 21 - 21) =     -6.71247  eV     1   --> A              
     e( 22 - 22) =     -4.09689  eV     1   --> A              
     e( 23 - 23) =     -3.88506  eV     1   --> A              
     e( 24 - 24) =     -3.03634  eV     1   --> A              
     e( 25 - 25) =     -2.22566  eV     1   --> A              
     e( 26 - 26) =     -0.43238  eV     1   --> A              
     e( 27 - 27) =     -0.21442  eV     1   --> A              
     e( 28 - 28) =      2.49432  eV     1   --> A              
     e( 29 - 29) =      2.97097  eV     1   --> A              
     e( 30 - 30) =      3.97792  eV     1   --> A              
     e( 31 - 31) =      4.52935  eV     1   --> A              
     e( 32 - 32) =      5.07160  eV     1   --> A              
     e( 33 - 33) =      5.32601  eV     1   --> A              
     e( 34 - 34) =      5.66547  eV     1   --> A              
     e( 35 - 35) =      6.30613  eV     1   --> A              

 **************************************************************************

 **************************************************************************

                    xk=(   0.23000,   0.39837,   0.00000  )

     Band symmetry, C_1 (1)     point group:

     e(  1 -  1) =    -77.95490  eV     1   --> A              
     e(  2 -  2) =    -49.50721  eV     1   --> A              
     e(  3 -  3) =    -49.31390  eV     1   --> A              
     e(  4 -  4) =    -49.18866  eV     1   --> A              
     e(  5 -  5) =    -22.89311  eV     1   --> A              
     e(  6 -  6) =    -22.85592  eV     1   --> A              
     e(  7 -  7) =    -20.87564  eV     1   --> A              
     e(  8 -  8) =    -20.29659  eV     1   --> A              
     e(  9 -  9) =    -14.79008  eV     1   --> A              
     e( 10 - 10) =    -14.55113  eV     1   --> A              
     e( 11 - 11) =    -12.81886  eV     1   --> A              
     e( 12 - 12) =    -12.54524  eV     1   --> A              
     e( 13 - 13) =    -12.44167  eV     1   --> A              
     e( 14 - 14) =    -11.46081  eV     1   --> A              
     e( 15 - 15) =    -11.04439  eV     1   --> A              
     e( 16 - 16) =    -10.73647  eV     1   --> A              
     e( 17 - 17) =     -9.13031  eV     1   --> A              
     e( 18 - 18) =     -8.95483  eV     1   --> A              
     e( 19 - 19) =     -8.56491  eV     1   --> A              
     e( 20 - 20) =     -8.19142  eV     1   --> A              
     e( 21 - 21) =     -6.69343  eV     1   --> A              
     e( 22 - 22) =     -4.11736  eV     1   --> A              
     e( 23 - 23) =     -3.86955  eV     1   --> A              
     e( 24 - 24) =     -3.02765  eV     1   --> A              
     e( 25 - 25) =     -2.22995  eV     1   --> A              
     e( 26 - 26) =     -0.45719  eV     1   --> A              
     e( 27 - 27) =     -0.22757  eV     1   --> A              
     e( 28 - 28) =      2.47746  eV     1   --> A              
     e( 29 - 29) =      2.98308  eV     1   --> A              
     e( 30 - 30) =      4.01483  eV     1   --> A              
     e( 31 - 31) =      4.54725  eV     1   --> A              
     e( 32 - 32) =      5.04993  eV     1   --> A              
     e( 33 - 33) =      5.31141  eV     1   --> A              
     e( 34 - 34) =      5.64398  eV     1   --> A              
     e( 35 - 35) =      6.31386  eV     1   --> A              

 **************************************************************************

 **************************************************************************

                    xk=(   0.23333,   0.40415,   0.00000  )

     Band symmetry, C_1 (1)     point group:

     e(  1 -  1) =    -77.95404  eV     1   --> A              
     e(  2 -  2) =    -49.50980  eV     1   --> A              
     e(  3 -  3) =    -49.31831  eV     1   --> A              
     e(  4 -  4) =    -49.18753  eV     1   --> A              
     e(  5 -  5) =    -22.83478  eV     1   --> A              
     e(  6 -  6) =    -22.79852  eV     1   --> A              
     e(  7 -  7) =    -20.85226  eV     1   --> A              
     e(  8 -  8) =    -20.28567  eV     1   --> A              
     e(  9 -  9) =    -14.83451  eV     1   --> A              
     e( 10 - 10) =    -14.60174  eV     1   --> A              
     e( 11 - 11) =    -12.82139  eV     1   --> A              
     e( 12 - 12) =    -12.59022  eV     1   --> A              
     e( 13 - 13) =    -12.51514  eV     1   --> A              
     e( 14 - 14) =    -11.46535  eV     1   --> A              
     e( 15 - 15) =    -11.06636  eV     1   --> A              
     e( 16 - 16) =    -10.75819  eV     1   --> A              
     e( 17 - 17) =     -9.16893  eV     1   --> A              
     e( 18 - 18) =     -8.96576  eV     1   --> A              
     e( 19 - 19) =     -8.58125  eV     1   --> A              
     e( 20 - 20) =     -8.17356  eV     1   --> A              
     e( 21 - 21) =     -6.67353  eV     1   --> A              
     e( 22 - 22) =     -4.13835  eV     1   --> A              
     e( 23 - 23) =     -3.85316  eV     1   --> A              
     e( 24 - 24) =     -3.01969  eV     1   --> A              
     e( 25 - 25) =     -2.23416  eV     1   --> A              
     e( 26 - 26) =     -0.48178  eV     1   --> A              
     e( 27 - 27) =     -0.23976  eV     1   --> A              
     e( 28 - 28) =      2.46139  eV     1   --> A              
     e( 29 - 29) =      2.99448  eV     1   --> A              
     e( 30 - 30) =      4.05037  eV     1   --> A              
     e( 31 - 31) =      4.56159  eV     1   --> A              
     e( 32 - 32) =      5.03019  eV     1   --> A              
     e( 33 - 33) =      5.30189  eV     1   --> A              
     e( 34 - 34) =      5.62415  eV     1   --> A              
     e( 35 - 35) =      6.32042  eV     1   --> A              

 **************************************************************************

 **************************************************************************

                    xk=(   0.23667,   0.40992,   0.00000  )

     Band symmetry, C_1 (1)     point group:

     e(  1 -  1) =    -77.95320  eV     1   --> A              
     e(  2 -  2) =    -49.51213  eV     1   --> A              
     e(  3 -  3) =    -49.32276  eV     1   --> A              
     e(  4 -  4) =    -49.18644  eV     1   --> A              
     e(  5 -  5) =    -22.77713  eV     1   --> A              
     e(  6 -  6) =    -22.74181  eV     1   --> A              
     e(  7 -  7) =    -20.82999  eV     1   --> A              
     e(  8 -  8) =    -20.27543  eV     1   --> A              
     e(  9 -  9) =    -14.87677  eV     1   --> A              
     e( 10 - 10) =    -14.64945  eV     1   --> A              
     e( 11 - 11) =    -12.84118  eV     1   --> A              
     e( 12 - 12) =    -12.62014  eV     1   --> A              
     e( 13 - 13) =    -12.58527  eV     1   --> A              
     e( 14 - 14) =    -11.47359  eV     1   --> A              
     e( 15 - 15) =    -11.08713  eV     1   --> A              
     e( 16 - 16) =    -10.77452  eV     1   --> A              
     e( 17 - 17) =     -9.21262  eV     1   --> A              
     e( 18 - 18) =     -8.97743  eV     1   --> A              
     e( 19 - 19) =     -8.59401  eV     1   --> A              
     e( 20 - 20) =     -8.15544  eV     1   --> A              
     e( 21 - 21) =     -6.65288  eV     1   --> A              
     e( 22 - 22) =     -4.15981  eV     1   --> A              
     e( 23 - 23) =     -3.83600  eV     1   --> A              
     e( 24 - 24) =     -3.01252  eV     1   --> A              
     e( 25 - 25) =     -2.23818  eV     1   --> A              
     e( 26 - 26) =     -0.50611  eV     1   --> A              
     e( 27 - 27) =     -0.25104  eV     1   --> A              
     e( 28 - 28) =      2.44629  eV     1   --> A              
     e( 29 - 29) =      3.00510  eV     1   --> A              
     e( 30 - 30) =      4.08420  eV     1   --> A              
     e( 31 - 31) =      4.57092  eV     1   --> A              
     e( 32 - 32) =      5.01488  eV     1   --> A              
     e( 33 - 33) =      5.29634  eV     1   --> A              
     e( 34 - 34) =      5.60694  eV     1   --> A              
     e( 35 - 35) =      6.32655  eV     1   --> A              

 **************************************************************************

 **************************************************************************

                    xk=(   0.24000,   0.41569,   0.00000  )

     Band symmetry, C_1 (1)     point group:

     e(  1 -  1) =    -77.95240  eV     1   --> A              
     e(  2 -  2) =    -49.51420  eV     1   --> A              
     e(  3 -  3) =    -49.32725  eV     1   --> A              
     e(  4 -  4) =    -49.18539  eV     1   --> A              
     e(  5 -  5) =    -22.72025  eV     1   --> A              
     e(  6 -  6) =    -22.68588  eV     1   --> A              
     e(  7 -  7) =    -20.80883  eV     1   --> A              
     e(  8 -  8) =    -20.26586  eV     1   --> A              
     e(  9 -  9) =    -14.91670  eV     1   --> A              
     e( 10 - 10) =    -14.69417  eV     1   --> A              
     e( 11 - 11) =    -12.88004  eV     1   --> A              
     e( 12 - 12) =    -12.66927  eV     1   --> A              
     e( 13 - 13) =    -12.61586  eV     1   --> A              
     e( 14 - 14) =    -11.48558  eV     1   --> A              
     e( 15 - 15) =    -11.10682  eV     1   --> A              
     e( 16 - 16) =    -10.78532  eV     1   --> A              
     e( 17 - 17) =     -9.25989  eV     1   --> A              
     e( 18 - 18) =     -8.99148  eV     1   --> A              
     e( 19 - 19) =     -8.60288  eV     1   --> A              
     e( 20 - 20) =     -8.13716  eV     1   --> A              
     e( 21 - 21) =     -6.63160  eV     1   --> A              
     e( 22 - 22) =     -4.18171  eV     1   --> A              
     e( 23 - 23) =     -3.81814  eV     1   --> A              
     e( 24 - 24) =     -3.00617  eV     1   --> A              
     e( 25 - 25) =     -2.24187  eV     1   --> A              
     e( 26 - 26) =     -0.53018  eV     1   --> A              
     e( 27 - 27) =     -0.26146  eV     1   --> A              
     e( 28 - 28) =      2.43226  eV     1   --> A              
     e( 29 - 29) =      3.01488  eV     1   --> A              
     e( 30 - 30) =      4.11596  eV     1   --> A              
     e( 31 - 31) =      4.57395  eV     1   --> A              
     e( 32 - 32) =      5.00624  eV     1   --> A              
     e( 33 - 33) =      5.29362  eV     1   --> A              
     e( 34 - 34) =      5.59327  eV     1   --> A              
     e( 35 - 35) =      6.33261  eV     1   --> A              

 **************************************************************************

 **************************************************************************

                    xk=(   0.24333,   0.42147,   0.00000  )

     Band symmetry, C_1 (1)     point group:

     e(  1 -  1) =    -77.95162  eV     1   --> A              
     e(  2 -  2) =    -49.51601  eV     1   --> A              
     e(  3 -  3) =    -49.33176  eV     1   --> A              
     e(  4 -  4) =    -49.18437  eV     1   --> A              
     e(  5 -  5) =    -22.66426  eV     1   --> A              
     e(  6 -  6) =    -22.63084  eV     1   --> A              
     e(  7 -  7) =    -20.78879  eV     1   --> A              
     e(  8 -  8) =    -20.25697  eV     1   --> A              
     e(  9 -  9) =    -14.95414  eV     1   --> A              
     e( 10 - 10) =    -14.73585  eV     1   --> A              
     e( 11 - 11) =    -12.93243  eV     1   --> A              
     e( 12 - 12) =    -12.74063  eV     1   --> A              
     e( 13 - 13) =    -12.60938  eV     1   --> A              
     e( 14 - 14) =    -11.50114  eV     1   --> A              
     e( 15 - 15) =    -11.12561  eV     1   --> A              
     e( 16 - 16) =    -10.79063  eV     1   --> A              
     e( 17 - 17) =     -9.30981  eV     1   --> A              
     e( 18 - 18) =     -9.00875  eV     1   --> A              
     e( 19 - 19) =     -8.60779  eV     1   --> A              
     e( 20 - 20) =     -8.11884  eV     1   --> A              
     e( 21 - 21) =     -6.60979  eV     1   --> A              
     e( 22 - 22) =     -4.20398  eV     1   --> A              
     e( 23 - 23) =     -3.79966  eV     1   --> A              
     e( 24 - 24) =     -3.00071  eV     1   --> A              
     e( 25 - 25) =     -2.24512  eV     1   --> A              
     e( 26 - 26) =     -0.55395  eV     1   --> A              
     e( 27 - 27) =     -0.27108  eV     1   --> A              
     e( 28 - 28) =      2.41942  eV     1   --> A              
     e( 29 - 29) =      3.02372  eV     1   --> A              
     e( 30 - 30) =      4.14526  eV     1   --> A              
     e( 31 - 31) =      4.56995  eV     1   --> A              
     e( 32 - 32) =      5.00572  eV     1   --> A              
     e( 33 - 33) =      5.29275  eV     1   --> A              
     e( 34 - 34) =      5.58399  eV     1   --> A              
     e( 35 - 35) =      6.33878  eV     1   --> A              

 **************************************************************************

 **************************************************************************

                    xk=(   0.24667,   0.42724,   0.00000  )

     Band symmetry, C_1 (1)     point group:

     e(  1 -  1) =    -77.95087  eV     1   --> A              
     e(  2 -  2) =    -49.51756  eV     1   --> A              
     e(  3 -  3) =    -49.33630  eV     1   --> A              
     e(  4 -  4) =    -49.18339  eV     1   --> A              
     e(  5 -  5) =    -22.60925  eV     1   --> A              
     e(  6 -  6) =    -22.57679  eV     1   --> A              
     e(  7 -  7) =    -20.76990  eV     1   --> A              
     e(  8 -  8) =    -20.24874  eV     1   --> A              
     e(  9 -  9) =    -14.98894  eV     1   --> A              
     e( 10 - 10) =    -14.77440  eV     1   --> A              
     e( 11 - 11) =    -12.99223  eV     1   --> A              
     e( 12 - 12) =    -12.81339  eV     1   --> A              
     e( 13 - 13) =    -12.59264  eV     1   --> A              
     e( 14 - 14) =    -11.51986  eV     1   --> A              
     e( 15 - 15) =    -11.14363  eV     1   --> A              
     e( 16 - 16) =    -10.79069  eV     1   --> A              
     e( 17 - 17) =     -9.36181  eV     1   --> A              
     e( 18 - 18) =     -9.02943  eV     1   --> A              
     e( 19 - 19) =     -8.60898  eV     1   --> A              
     e( 20 - 20) =     -8.10057  eV     1   --> A              
     e( 21 - 21) =     -6.58757  eV     1   --> A              
     e( 22 - 22) =     -4.22659  eV     1   --> A              
     e( 23 - 23) =     -3.78064  eV     1   --> A              
     e( 24 - 24) =     -2.99618  eV     1   --> A              
     e( 25 - 25) =     -2.24782  eV     1   --> A              
     e( 26 - 26) =     -0.57739  eV     1   --> A              
     e( 27 - 27) =     -0.27994  eV     1   --> A              
     e( 28 - 28) =      2.40787  eV     1   --> A              
     e( 29 - 29) =      3.03155  eV     1   --> A              
     e( 30 - 30) =      4.17177  eV     1   --> A              
     e( 31 - 31) =      4.55915  eV     1   --> A              
     e( 32 - 32) =      5.01366  eV     1   --> A              
     e( 33 - 33) =      5.29303  eV     1   --> A              
     e( 34 - 34) =      5.57978  eV     1   --> A              
     e( 35 - 35) =      6.34515  eV     1   --> A              

 **************************************************************************

 **************************************************************************

                    xk=(   0.25000,   0.43301,   0.00000  )

     Band symmetry, C_1 (1)     point group:

     e(  1 -  1) =    -77.95014  eV     1   --> A              
     e(  2 -  2) =    -49.51886  eV     1   --> A              
     e(  3 -  3) =    -49.34086  eV     1   --> A              
     e(  4 -  4) =    -49.18245  eV     1   --> A              
     e(  5 -  5) =    -22.55533  eV     1   --> A              
     e(  6 -  6) =    -22.52384  eV     1   --> A              
     e(  7 -  7) =    -20.75214  eV     1   --> A              
     e(  8 -  8) =    -20.24116  eV     1   --> A              
     e(  9 -  9) =    -15.02099  eV     1   --> A              
     e( 10 - 10) =    -14.80975  eV     1   --> A              
     e( 11 - 11) =    -13.05589  eV     1   --> A              
     e( 12 - 12) =    -12.88614  eV     1   --> A              
     e( 13 - 13) =    -12.57056  eV     1   --> A              
     e( 14 - 14) =    -11.54122  eV     1   --> A              
     e( 15 - 15) =    -11.16102  eV     1   --> A              
     e( 16 - 16) =    -10.78590  eV     1   --> A              
     e( 17 - 17) =     -9.41547  eV     1   --> A              
     e( 18 - 18) =     -9.05337  eV     1   --> A              
     e( 19 - 19) =     -8.60688  eV     1   --> A              
     e( 20 - 20) =     -8.08243  eV     1   --> A              
     e( 21 - 21) =     -6.56502  eV     1   --> A              
     e( 22 - 22) =     -4.24948  eV     1   --> A              
     e( 23 - 23) =     -3.76114  eV     1   --> A              
     e( 24 - 24) =     -2.99261  eV     1   --> A              
     e( 25 - 25) =     -2.24988  eV     1   --> A              
     e( 26 - 26) =     -0.60049  eV     1   --> A              
     e( 27 - 27) =     -0.28807  eV     1   --> A              
     e( 28 - 28) =      2.39768  eV     1   --> A              
     e( 29 - 29) =      3.03827  eV     1   --> A              
     e( 30 - 30) =      4.19516  eV     1   --> A              
     e( 31 - 31) =      4.54262  eV     1   --> A              
     e( 32 - 32) =      5.02936  eV     1   --> A              
     e( 33 - 33) =      5.29412  eV     1   --> A              
     e( 34 - 34) =      5.58109  eV     1   --> A              
     e( 35 - 35) =      6.35176  eV     1   --> A              

 **************************************************************************

 **************************************************************************

                    xk=(   0.25333,   0.43879,   0.00000  )

     Band symmetry, C_1 (1)     point group:

     e(  1 -  1) =    -77.94945  eV     1   --> A              
     e(  2 -  2) =    -49.51989  eV     1   --> A              
     e(  3 -  3) =    -49.34545  eV     1   --> A              
     e(  4 -  4) =    -49.18154  eV     1   --> A              
     e(  5 -  5) =    -22.50262  eV     1   --> A              
     e(  6 -  6) =    -22.47210  eV     1   --> A              
     e(  7 -  7) =    -20.73551  eV     1   --> A              
     e(  8 -  8) =    -20.23422  eV     1   --> A              
     e(  9 -  9) =    -15.05015  eV     1   --> A              
     e( 10 - 10) =    -14.84183  eV     1   --> A              
     e( 11 - 11) =    -13.12159  eV     1   --> A              
     e( 12 - 12) =    -12.95863  eV     1   --> A              
     e( 13 - 13) =    -12.54512  eV     1   --> A              
     e( 14 - 14) =    -11.56465  eV     1   --> A              
     e( 15 - 15) =    -11.17786  eV     1   --> A              
     e( 16 - 16) =    -10.77676  eV     1   --> A              
     e( 17 - 17) =     -9.47052  eV     1   --> A              
     e( 18 - 18) =     -9.08020  eV     1   --> A              
     e( 19 - 19) =     -8.60205  eV     1   --> A              
     e( 20 - 20) =     -8.06450  eV     1   --> A              
     e( 21 - 21) =     -6.54226  eV     1   --> A              
     e( 22 - 22) =     -4.27259  eV     1   --> A              
     e( 23 - 23) =     -3.74123  eV     1   --> A              
     e( 24 - 24) =     -2.99004  eV     1   --> A              
     e( 25 - 25) =     -2.25120  eV     1   --> A              
     e( 26 - 26) =     -0.62323  eV     1   --> A              
     e( 27 - 27) =     -0.29550  eV     1   --> A              
     e( 28 - 28) =      2.38890  eV     1   --> A              
     e( 29 - 29) =      3.04378  eV     1   --> A              
     e( 30 - 30) =      4.21512  eV     1   --> A              
     e( 31 - 31) =      4.52187  eV     1   --> A              
     e( 32 - 32) =      5.05154  eV     1   --> A              
     e( 33 - 33) =      5.29606  eV     1   --> A              
     e( 34 - 34) =      5.58800  eV     1   --> A              
     e( 35 - 35) =      6.35857  eV     1   --> A              

 **************************************************************************

 **************************************************************************

                    xk=(   0.25667,   0.44456,   0.00000  )

     Band symmetry, C_1 (1)     point group:

     e(  1 -  1) =    -77.94879  eV     1   --> A              
     e(  2 -  2) =    -49.52066  eV     1   --> A              
     e(  3 -  3) =    -49.35005  eV     1   --> A              
     e(  4 -  4) =    -49.18068  eV     1   --> A              
     e(  5 -  5) =    -22.45123  eV     1   --> A              
     e(  6 -  6) =    -22.42167  eV     1   --> A              
     e(  7 -  7) =    -20.72002  eV     1   --> A              
     e(  8 -  8) =    -20.22790  eV     1   --> A              
     e(  9 -  9) =    -15.07633  eV     1   --> A              
     e( 10 - 10) =    -14.87057  eV     1   --> A              
     e( 11 - 11) =    -13.18838  eV     1   --> A              
     e( 12 - 12) =    -13.03075  eV     1   --> A              
     e( 13 - 13) =    -12.51731  eV     1   --> A              
     e( 14 - 14) =    -11.58956  eV     1   --> A              
     e( 15 - 15) =    -11.19414  eV     1   --> A              
     e( 16 - 16) =    -10.76381  eV     1   --> A              
     e( 17 - 17) =     -9.52670  eV     1   --> A              
     e( 18 - 18) =     -9.10945  eV     1   --> A              
     e( 19 - 19) =     -8.59503  eV     1   --> A              
     e( 20 - 20) =     -8.04686  eV     1   --> A              
     e( 21 - 21) =     -6.51937  eV     1   --> A              
     e( 22 - 22) =     -4.29586  eV     1   --> A              
     e( 23 - 23) =     -3.72094  eV     1   --> A              
     e( 24 - 24) =     -2.98851  eV     1   --> A              
     e( 25 - 25) =     -2.25173  eV     1   --> A              
     e( 26 - 26) =     -0.64556  eV     1   --> A              
     e( 27 - 27) =     -0.30227  eV     1   --> A              
     e( 28 - 28) =      2.38157  eV     1   --> A              
     e( 29 - 29) =      3.04800  eV     1   --> A              
     e( 30 - 30) =      4.23143  eV     1   --> A              
     e( 31 - 31) =      4.49842  eV     1   --> A              
     e( 32 - 32) =      5.07883  eV     1   --> A              
     e( 33 - 33) =      5.29923  eV     1   --> A              
     e( 34 - 34) =      5.60026  eV     1   --> A              
     e( 35 - 35) =      6.36552  eV     1   --> A              

 **************************************************************************

 **************************************************************************

                    xk=(   0.26000,   0.45033,   0.00000  )

     Band symmetry, C_1 (1)     point group:

     e(  1 -  1) =    -77.94816  eV     1   --> A              
     e(  2 -  2) =    -49.52118  eV     1   --> A              
     e(  3 -  3) =    -49.35467  eV     1   --> A              
     e(  4 -  4) =    -49.17985  eV     1   --> A              
     e(  5 -  5) =    -22.40126  eV     1   --> A              
     e(  6 -  6) =    -22.37268  eV     1   --> A              
     e(  7 -  7) =    -20.70562  eV     1   --> A              
     e(  8 -  8) =    -20.22218  eV     1   --> A              
     e(  9 -  9) =    -15.09941  eV     1   --> A              
     e( 10 - 10) =    -14.89591  eV     1   --> A              
     e( 11 - 11) =    -13.25574  eV     1   --> A              
     e( 12 - 12) =    -13.10246  eV     1   --> A              
     e( 13 - 13) =    -12.48765  eV     1   --> A              
     e( 14 - 14) =    -11.61543  eV     1   --> A              
     e( 15 - 15) =    -11.20984  eV     1   --> A              
     e( 16 - 16) =    -10.74762  eV     1   --> A              
     e( 17 - 17) =     -9.58382  eV     1   --> A              
     e( 18 - 18) =     -9.14069  eV     1   --> A              
     e( 19 - 19) =     -8.58636  eV     1   --> A              
     e( 20 - 20) =     -8.02958  eV     1   --> A              
     e( 21 - 21) =     -6.49646  eV     1   --> A              
     e( 22 - 22) =     -4.31923  eV     1   --> A              
     e( 23 - 23) =     -3.70034  eV     1   --> A              
     e( 24 - 24) =     -2.98805  eV     1   --> A              
     e( 25 - 25) =     -2.25140  eV     1   --> A              
     e( 26 - 26) =     -0.66747  eV     1   --> A              
     e( 27 - 27) =     -0.30840  eV     1   --> A              
     e( 28 - 28) =      2.37571  eV     1   --> A              
     e( 29 - 29) =      3.05085  eV     1   --> A              
     e( 30 - 30) =      4.24396  eV     1   --> A              
     e( 31 - 31) =      4.47351  eV     1   --> A              
     e( 32 - 32) =      5.11001  eV     1   --> A              
     e( 33 - 33) =      5.30421  eV     1   --> A              
     e( 34 - 34) =      5.61737  eV     1   --> A              
     e( 35 - 35) =      6.37254  eV     1   --> A              

 **************************************************************************

 **************************************************************************

                    xk=(   0.26333,   0.45611,   0.00000  )

     Band symmetry, C_1 (1)     point group:

     e(  1 -  1) =    -77.94756  eV     1   --> A              
     e(  2 -  2) =    -49.52144  eV     1   --> A              
     e(  3 -  3) =    -49.35930  eV     1   --> A              
     e(  4 -  4) =    -49.17907  eV     1   --> A              
     e(  5 -  5) =    -22.35284  eV     1   --> A              
     e(  6 -  6) =    -22.32522  eV     1   --> A              
     e(  7 -  7) =    -20.69231  eV     1   --> A              
     e(  8 -  8) =    -20.21702  eV     1   --> A              
     e(  9 -  9) =    -15.11931  eV     1   --> A              
     e( 10 - 10) =    -14.91778  eV     1   --> A              
     e( 11 - 11) =    -13.32334  eV     1   --> A              
     e( 12 - 12) =    -13.17371  eV     1   --> A              
     e( 13 - 13) =    -12.45647  eV     1   --> A              
     e( 14 - 14) =    -11.64178  eV     1   --> A              
     e( 15 - 15) =    -11.22490  eV     1   --> A              
     e( 16 - 16) =    -10.72870  eV     1   --> A              
     e( 17 - 17) =     -9.64170  eV     1   --> A              
     e( 18 - 18) =     -9.17353  eV     1   --> A              
     e( 19 - 19) =     -8.57651  eV     1   --> A              
     e( 20 - 20) =     -8.01272  eV     1   --> A              
     e( 21 - 21) =     -6.47362  eV     1   --> A              
     e( 22 - 22) =     -4.34263  eV     1   --> A              
     e( 23 - 23) =     -3.67946  eV     1   --> A              
     e( 24 - 24) =     -2.98867  eV     1   --> A              
     e( 25 - 25) =     -2.25018  eV     1   --> A              
     e( 26 - 26) =     -0.68893  eV     1   --> A              
     e( 27 - 27) =     -0.31389  eV     1   --> A              
     e( 28 - 28) =      2.37131  eV     1   --> A              
     e( 29 - 29) =      3.05225  eV     1   --> A              
     e( 30 - 30) =      4.25270  eV     1   --> A              
     e( 31 - 31) =      4.44807  eV     1   --> A              
     e( 32 - 32) =      5.14409  eV     1   --> A              
     e( 33 - 33) =      5.31169  eV     1   --> A              
     e( 34 - 34) =      5.63871  eV     1   --> A              
     e( 35 - 35) =      6.37953  eV     1   --> A              

 **************************************************************************

 **************************************************************************

                    xk=(   0.26667,   0.46188,   0.00000  )

     Band symmetry, C_1 (1)     point group:

     e(  1 -  1) =    -77.94699  eV     1   --> A              
     e(  2 -  2) =    -49.52145  eV     1   --> A              
     e(  3 -  3) =    -49.36394  eV     1   --> A              
     e(  4 -  4) =    -49.17832  eV     1   --> A              
     e(  5 -  5) =    -22.30607  eV     1   --> A              
     e(  6 -  6) =    -22.27940  eV     1   --> A              
     e(  7 -  7) =    -20.68005  eV     1   --> A              
     e(  8 -  8) =    -20.21239  eV     1   --> A              
     e(  9 -  9) =    -15.13594  eV     1   --> A              
     e( 10 - 10) =    -14.93614  eV     1   --> A              
     e( 11 - 11) =    -13.39097  eV     1   --> A              
     e( 12 - 12) =    -13.24447  eV     1   --> A              
     e( 13 - 13) =    -12.42399  eV     1   --> A              
     e( 14 - 14) =    -11.66821  eV     1   --> A              
     e( 15 - 15) =    -11.23923  eV     1   --> A              
     e( 16 - 16) =    -10.70753  eV     1   --> A              
     e( 17 - 17) =     -9.70016  eV     1   --> A              
     e( 18 - 18) =     -9.20761  eV     1   --> A              
     e( 19 - 19) =     -8.56584  eV     1   --> A              
     e( 20 - 20) =     -7.99635  eV     1   --> A              
     e( 21 - 21) =     -6.45093  eV     1   --> A              
     e( 22 - 22) =     -4.36597  eV     1   --> A              
     e( 23 - 23) =     -3.65836  eV     1   --> A              
     e( 24 - 24) =     -2.99039  eV     1   --> A              
     e( 25 - 25) =     -2.24806  eV     1   --> A              
     e( 26 - 26) =     -0.70990  eV     1   --> A              
     e( 27 - 27) =     -0.31878  eV     1   --> A              
     e( 28 - 28) =      2.36835  eV     1   --> A              
     e( 29 - 29) =      3.05217  eV     1   --> A              
     e( 30 - 30) =      4.25781  eV     1   --> A              
     e( 31 - 31) =      4.42268  eV     1   --> A              
     e( 32 - 32) =      5.18023  eV     1   --> A              
     e( 33 - 33) =      5.32230  eV     1   --> A              
     e( 34 - 34) =      5.66359  eV     1   --> A              
     e( 35 - 35) =      6.38637  eV     1   --> A              

 **************************************************************************

 **************************************************************************

                    xk=(   0.27000,   0.46765,   0.00000  )

     Band symmetry, C_1 (1)     point group:

     e(  1 -  1) =    -77.94645  eV     1   --> A              
     e(  2 -  2) =    -49.52121  eV     1   --> A              
     e(  3 -  3) =    -49.36858  eV     1   --> A              
     e(  4 -  4) =    -49.17762  eV     1   --> A              
     e(  5 -  5) =    -22.26107  eV     1   --> A              
     e(  6 -  6) =    -22.23535  eV     1   --> A              
     e(  7 -  7) =    -20.66881  eV     1   --> A              
     e(  8 -  8) =    -20.20826  eV     1   --> A              
     e(  9 -  9) =    -15.14924  eV     1   --> A              
     e( 10 - 10) =    -14.95092  eV     1   --> A              
     e( 11 - 11) =    -13.45847  eV     1   --> A              
     e( 12 - 12) =    -13.31472  eV     1   --> A              
     e( 13 - 13) =    -12.39039  eV     1   --> A              
     e( 14 - 14) =    -11.69436  eV     1   --> A              
     e( 15 - 15) =    -11.25271  eV     1   --> A              
     e( 16 - 16) =    -10.68456  eV     1   --> A              
     e( 17 - 17) =     -9.75902  eV     1   --> A              
     e( 18 - 18) =     -9.24264  eV     1   --> A              
     e( 19 - 19) =     -8.55470  eV     1   --> A              
     e( 20 - 20) =     -7.98050  eV     1   --> A              
     e( 21 - 21) =     -6.42849  eV     1   --> A              
     e( 22 - 22) =     -4.38918  eV     1   --> A              
     e( 23 - 23) =     -3.63706  eV     1   --> A              
     e( 24 - 24) =     -2.99320  eV     1   --> A              
     e( 25 - 25) =     -2.24503  eV     1   --> A              
     e( 26 - 26) =     -0.73034  eV     1   --> A              
     e( 27 - 27) =     -0.32307  eV     1   --> A              
     e( 28 - 28) =      2.36680  eV     1   --> A              
     e( 29 - 29) =      3.05058  eV     1   --> A              
     e( 30 - 30) =      4.25957  eV     1   --> A              
     e( 31 - 31) =      4.39776  eV     1   --> A              
     e( 32 - 32) =      5.21771  eV     1   --> A              
     e( 33 - 33) =      5.33664  eV     1   --> A              
     e( 34 - 34) =      5.69137  eV     1   --> A              
     e( 35 - 35) =      6.39293  eV     1   --> A              

 **************************************************************************

 **************************************************************************

                    xk=(   0.27333,   0.47343,   0.00000  )

     Band symmetry, C_1 (1)     point group:

     e(  1 -  1) =    -77.94594  eV     1   --> A              
     e(  2 -  2) =    -49.52072  eV     1   --> A              
     e(  3 -  3) =    -49.37322  eV     1   --> A              
     e(  4 -  4) =    -49.17695  eV     1   --> A              
     e(  5 -  5) =    -22.21794  eV     1   --> A              
     e(  6 -  6) =    -22.19315  eV     1   --> A              
     e(  7 -  7) =    -20.65854  eV     1   --> A              
     e(  8 -  8) =    -20.20459  eV     1   --> A              
     e(  9 -  9) =    -15.15913  eV     1   --> A              
     e( 10 - 10) =    -14.96209  eV     1   --> A              
     e( 11 - 11) =    -13.52573  eV     1   --> A              
     e( 12 - 12) =    -13.38444  eV     1   --> A              
     e( 13 - 13) =    -12.35584  eV     1   --> A              
     e( 14 - 14) =    -11.71996  eV     1   --> A              
     e( 15 - 15) =    -11.26522  eV     1   --> A              
     e( 16 - 16) =    -10.66023  eV     1   --> A              
     e( 17 - 17) =     -9.81808  eV     1   --> A              
     e( 18 - 18) =     -9.27838  eV     1   --> A              
     e( 19 - 19) =     -8.54335  eV     1   --> A              
     e( 20 - 20) =     -7.96524  eV     1   --> A              
     e( 21 - 21) =     -6.40640  eV     1   --> A              
     e( 22 - 22) =     -4.41216  eV     1   --> A              
     e( 23 - 23) =     -3.61560  eV     1   --> A              
     e( 24 - 24) =     -2.99710  eV     1   --> A              
     e( 25 - 25) =     -2.24111  eV     1   --> A              
     e( 26 - 26) =     -0.75022  eV     1   --> A              
     e( 27 - 27) =     -0.32676  eV     1   --> A              
     e( 28 - 28) =      2.36658  eV     1   --> A              
     e( 29 - 29) =      3.04747  eV     1   --> A              
     e( 30 - 30) =      4.25841  eV     1   --> A              
     e( 31 - 31) =      4.37348  eV     1   --> A              
     e( 32 - 32) =      5.25584  eV     1   --> A              
     e( 33 - 33) =      5.35521  eV     1   --> A              
     e( 34 - 34) =      5.72139  eV     1   --> A              
     e( 35 - 35) =      6.39903  eV     1   --> A              

 **************************************************************************

 **************************************************************************

                    xk=(   0.27667,   0.47920,   0.00000  )

     Band symmetry, C_1 (1)     point group:

     e(  1 -  1) =    -77.94546  eV     1   --> A              
     e(  2 -  2) =    -49.51999  eV     1   --> A              
     e(  3 -  3) =    -49.37785  eV     1   --> A              
     e(  4 -  4) =    -49.17633  eV     1   --> A              
     e(  5 -  5) =    -22.17681  eV     1   --> A              
     e(  6 -  6) =    -22.15292  eV     1   --> A              
     e(  7 -  7) =    -20.64920  eV     1   --> A              
     e(  8 -  8) =    -20.20133  eV     1   --> A              
     e(  9 -  9) =    -15.16557  eV     1   --> A              
     e( 10 - 10) =    -14.96960  eV     1   --> A              
     e( 11 - 11) =    -13.59265  eV     1   --> A              
     e( 12 - 12) =    -13.45360  eV     1   --> A              
     e( 13 - 13) =    -12.32052  eV     1   --> A              
     e( 14 - 14) =    -11.74477  eV     1   --> A              
     e( 15 - 15) =    -11.27660  eV     1   --> A              
     e( 16 - 16) =    -10.63494  eV     1   --> A              
     e( 17 - 17) =     -9.87712  eV     1   --> A              
     e( 18 - 18) =     -9.31460  eV     1   --> A              
     e( 19 - 19) =     -8.53201  eV     1   --> A              
     e( 20 - 20) =     -7.95061  eV     1   --> A              
     e( 21 - 21) =     -6.38475  eV     1   --> A              
     e( 22 - 22) =     -4.43481  eV     1   --> A              
     e( 23 - 23) =     -3.59403  eV     1   --> A              
     e( 24 - 24) =     -3.00209  eV     1   --> A              
     e( 25 - 25) =     -2.23635  eV     1   --> A              
     e( 26 - 26) =     -0.76948  eV     1   --> A              
     e( 27 - 27) =     -0.32989  eV     1   --> A              
     e( 28 - 28) =      2.36761  eV     1   --> A              
     e( 29 - 29) =      3.04290  eV     1   --> A              
     e( 30 - 30) =      4.25481  eV     1   --> A              
     e( 31 - 31) =      4.35000  eV     1   --> A              
     e( 32 - 32) =      5.29390  eV     1   --> A              
     e( 33 - 33) =      5.37846  eV     1   --> A              
     e( 34 - 34) =      5.75309  eV     1   --> A              
     e( 35 - 35) =      6.40450  eV     1   --> A              

 **************************************************************************

 **************************************************************************

                    xk=(   0.28000,   0.48497,   0.00000  )

     Band symmetry, C_1 (1)     point group:

     e(  1 -  1) =    -77.94501  eV     1   --> A              
     e(  2 -  2) =    -49.51904  eV     1   --> A              
     e(  3 -  3) =    -49.38247  eV     1   --> A              
     e(  4 -  4) =    -49.17574  eV     1   --> A              
     e(  5 -  5) =    -22.13775  eV     1   --> A              
     e(  6 -  6) =    -22.11474  eV     1   --> A              
     e(  7 -  7) =    -20.64074  eV     1   --> A              
     e(  8 -  8) =    -20.19845  eV     1   --> A              
     e(  9 -  9) =    -15.16852  eV     1   --> A              
     e( 10 - 10) =    -14.97341  eV     1   --> A              
     e( 11 - 11) =    -13.65916  eV     1   --> A              
     e( 12 - 12) =    -13.52218  eV     1   --> A              
     e( 13 - 13) =    -12.28463  eV     1   --> A              
     e( 14 - 14) =    -11.76857  eV     1   --> A              
     e( 15 - 15) =    -11.28665  eV     1   --> A              
     e( 16 - 16) =    -10.60917  eV     1   --> A              
     e( 17 - 17) =     -9.93581  eV     1   --> A              
     e( 18 - 18) =     -9.35113  eV     1   --> A              
     e( 19 - 19) =     -8.52086  eV     1   --> A              
     e( 20 - 20) =     -7.93666  eV     1   --> A              
     e( 21 - 21) =     -6.36362  eV     1   --> A              
     e( 22 - 22) =     -4.45705  eV     1   --> A              
     e( 23 - 23) =     -3.57237  eV     1   --> A              
     e( 24 - 24) =     -3.00813  eV     1   --> A              
     e( 25 - 25) =     -2.23080  eV     1   --> A              
     e( 26 - 26) =     -0.78807  eV     1   --> A              
     e( 27 - 27) =     -0.33245  eV     1   --> A              
     e( 28 - 28) =      2.36978  eV     1   --> A              
     e( 29 - 29) =      3.03693  eV     1   --> A              
     e( 30 - 30) =      4.24919  eV     1   --> A              
     e( 31 - 31) =      4.32748  eV     1   --> A              
     e( 32 - 32) =      5.33124  eV     1   --> A              
     e( 33 - 33) =      5.40672  eV     1   --> A              
     e( 34 - 34) =      5.78591  eV     1   --> A              
     e( 35 - 35) =      6.40918  eV     1   --> A              

 **************************************************************************

 **************************************************************************

                    xk=(   0.28333,   0.49075,   0.00000  )

     Band symmetry, C_1 (1)     point group:

     e(  1 -  1) =    -77.94459  eV     1   --> A              
     e(  2 -  2) =    -49.51785  eV     1   --> A              
     e(  3 -  3) =    -49.38707  eV     1   --> A              
     e(  4 -  4) =    -49.17519  eV     1   --> A              
     e(  5 -  5) =    -22.10088  eV     1   --> A              
     e(  6 -  6) =    -22.07870  eV     1   --> A              
     e(  7 -  7) =    -20.63311  eV     1   --> A              
     e(  8 -  8) =    -20.19591  eV     1   --> A              
     e(  9 -  9) =    -15.16794  eV     1   --> A              
     e( 10 - 10) =    -14.97349  eV     1   --> A              
     e( 11 - 11) =    -13.72518  eV     1   --> A              
     e( 12 - 12) =    -13.59017  eV     1   --> A              
     e( 13 - 13) =    -12.24840  eV     1   --> A              
     e( 14 - 14) =    -11.79119  eV     1   --> A              
     e( 15 - 15) =    -11.29515  eV     1   --> A              
     e( 16 - 16) =    -10.58347  eV     1   --> A              
     e( 17 - 17) =     -9.99376  eV     1   --> A              
     e( 18 - 18) =     -9.38778  eV     1   --> A              
     e( 19 - 19) =     -8.51007  eV     1   --> A              
     e( 20 - 20) =     -7.92343  eV     1   --> A              
     e( 21 - 21) =     -6.34312  eV     1   --> A              
     e( 22 - 22) =     -4.47875  eV     1   --> A              
     e( 23 - 23) =     -3.55066  eV     1   --> A              
     e( 24 - 24) =     -3.01520  eV     1   --> A              
     e( 25 - 25) =     -2.22455  eV     1   --> A              
     e( 26 - 26) =     -0.80594  eV     1   --> A              
     e( 27 - 27) =     -0.33446  eV     1   --> A              
     e( 28 - 28) =      2.37296  eV     1   --> A              
     e( 29 - 29) =      3.02967  eV     1   --> A              
     e( 30 - 30) =      4.24179  eV     1   --> A              
     e( 31 - 31) =      4.30624  eV     1   --> A              
     e( 32 - 32) =      5.36753  eV     1   --> A              
     e( 33 - 33) =      5.43994  eV     1   --> A              
     e( 34 - 34) =      5.81930  eV     1   --> A              
     e( 35 - 35) =      6.41281  eV     1   --> A              

 **************************************************************************

 **************************************************************************

                    xk=(   0.28667,   0.49652,   0.00000  )

     Band symmetry, C_1 (1)     point group:

     e(  1 -  1) =    -77.94420  eV     1   --> A              
     e(  2 -  2) =    -49.51646  eV     1   --> A              
     e(  3 -  3) =    -49.39164  eV     1   --> A              
     e(  4 -  4) =    -49.17469  eV     1   --> A              
     e(  5 -  5) =    -22.06627  eV     1   --> A              
     e(  6 -  6) =    -22.04490  eV     1   --> A              
     e(  7 -  7) =    -20.62625  eV     1   --> A              
     e(  8 -  8) =    -20.19365  eV     1   --> A              
     e(  9 -  9) =    -15.16382  eV     1   --> A              
     e( 10 - 10) =    -14.96983  eV     1   --> A              
     e( 11 - 11) =    -13.79063  eV     1   --> A              
     e( 12 - 12) =    -13.65754  eV     1   --> A              
     e( 13 - 13) =    -12.21215  eV     1   --> A              
     e( 14 - 14) =    -11.81248  eV     1   --> A              
     e( 15 - 15) =    -11.30184  eV     1   --> A              
     e( 16 - 16) =    -10.55858  eV     1   --> A              
     e( 17 - 17) =    -10.05033  eV     1   --> A              
     e( 18 - 18) =     -9.42440  eV     1   --> A              
     e( 19 - 19) =     -8.49974  eV     1   --> A              
     e( 20 - 20) =     -7.91094  eV     1   --> A              
     e( 21 - 21) =     -6.32334  eV     1   --> A              
     e( 22 - 22) =     -4.49980  eV     1   --> A              
     e( 23 - 23) =     -3.52895  eV     1   --> A              
     e( 24 - 24) =     -3.02326  eV     1   --> A              
     e( 25 - 25) =     -2.21769  eV     1   --> A              
     e( 26 - 26) =     -0.82301  eV     1   --> A              
     e( 27 - 27) =     -0.33594  eV     1   --> A              
     e( 28 - 28) =      2.37701  eV     1   --> A              
     e( 29 - 29) =      3.02127  eV     1   --> A              
     e( 30 - 30) =      4.23248  eV     1   --> A              
     e( 31 - 31) =      4.28695  eV     1   --> A              
     e( 32 - 32) =      5.40302  eV     1   --> A              
     e( 33 - 33) =      5.47748  eV     1   --> A              
     e( 34 - 34) =      5.85276  eV     1   --> A              
     e( 35 - 35) =      6.41519  eV     1   --> A              

 **************************************************************************

 **************************************************************************

                    xk=(   0.29000,   0.50229,   0.00000  )

     Band symmetry, C_1 (1)     point group:

     e(  1 -  1) =    -77.94384  eV     1   --> A              
     e(  2 -  2) =    -49.51485  eV     1   --> A              
     e(  3 -  3) =    -49.39617  eV     1   --> A              
     e(  4 -  4) =    -49.17422  eV     1   --> A              
     e(  5 -  5) =    -22.03401  eV     1   --> A              
     e(  6 -  6) =    -22.01339  eV     1   --> A              
     e(  7 -  7) =    -20.62010  eV     1   --> A              
     e(  8 -  8) =    -20.19165  eV     1   --> A              
     e(  9 -  9) =    -15.15616  eV     1   --> A              
     e( 10 - 10) =    -14.96240  eV     1   --> A              
     e( 11 - 11) =    -13.85544  eV     1   --> A              
     e( 12 - 12) =    -13.72428  eV     1   --> A              
     e( 13 - 13) =    -12.17623  eV     1   --> A              
     e( 14 - 14) =    -11.83230  eV     1   --> A              
     e( 15 - 15) =    -11.30639  eV     1   --> A              
     e( 16 - 16) =    -10.53565  eV     1   --> A              
     e( 17 - 17) =    -10.10453  eV     1   --> A              
     e( 18 - 18) =     -9.46083  eV     1   --> A              
     e( 19 - 19) =     -8.49000  eV     1   --> A              
     e( 20 - 20) =     -7.89925  eV     1   --> A              
     e( 21 - 21) =     -6.30438  eV     1   --> A              
     e( 22 - 22) =     -4.52009  eV     1   --> A              
     e( 23 - 23) =     -3.50727  eV     1   --> A              
     e( 24 - 24) =     -3.03227  eV     1   --> A              
     e( 25 - 25) =     -2.21032  eV     1   --> A              
     e( 26 - 26) =     -0.83923  eV     1   --> A              
     e( 27 - 27) =     -0.33692  eV     1   --> A              
     e( 28 - 28) =      2.38177  eV     1   --> A              
     e( 29 - 29) =      3.01190  eV     1   --> A              
     e( 30 - 30) =      4.22078  eV     1   --> A              
     e( 31 - 31) =      4.27056  eV     1   --> A              
     e( 32 - 32) =      5.43828  eV     1   --> A              
     e( 33 - 33) =      5.51829  eV     1   --> A              
     e( 34 - 34) =      5.88574  eV     1   --> A              
     e( 35 - 35) =      6.41602  eV     1   --> A              

 **************************************************************************

 **************************************************************************

                    xk=(   0.29333,   0.50807,   0.00000  )

     Band symmetry, C_1 (1)     point group:

     e(  1 -  1) =    -77.94351  eV     1   --> A              
     e(  2 -  2) =    -49.51306  eV     1   --> A              
     e(  3 -  3) =    -49.40066  eV     1   --> A              
     e(  4 -  4) =    -49.17379  eV     1   --> A              
     e(  5 -  5) =    -22.00417  eV     1   --> A              
     e(  6 -  6) =    -21.98423  eV     1   --> A              
     e(  7 -  7) =    -20.61461  eV     1   --> A              
     e(  8 -  8) =    -20.18987  eV     1   --> A              
     e(  9 -  9) =    -15.14497  eV     1   --> A              
     e( 10 - 10) =    -14.95119  eV     1   --> A              
     e( 11 - 11) =    -13.91953  eV     1   --> A              
     e( 12 - 12) =    -13.79037  eV     1   --> A              
     e( 13 - 13) =    -12.14109  eV     1   --> A              
     e( 14 - 14) =    -11.85049  eV     1   --> A              
     e( 15 - 15) =    -11.30842  eV     1   --> A              
     e( 16 - 16) =    -10.51647  eV     1   --> A              
     e( 17 - 17) =    -10.15466  eV     1   --> A              
     e( 18 - 18) =     -9.49691  eV     1   --> A              
     e( 19 - 19) =     -8.48091  eV     1   --> A              
     e( 20 - 20) =     -7.88837  eV     1   --> A              
     e( 21 - 21) =     -6.28633  eV     1   --> A              
     e( 22 - 22) =     -4.53950  eV     1   --> A              
     e( 23 - 23) =     -3.48568  eV     1   --> A              
     e( 24 - 24) =     -3.04218  eV     1   --> A              
     e( 25 - 25) =     -2.20259  eV     1   --> A              
     e( 26 - 26) =     -0.85451  eV     1   --> A              
     e( 27 - 27) =     -0.33743  eV     1   --> A              
     e( 28 - 28) =      2.38705  eV     1   --> A              
     e( 29 - 29) =      3.00176  eV     1   --> A              
     e( 30 - 30) =      4.20636  eV     1   --> A              
     e( 31 - 31) =      4.25782  eV     1   --> A              
     e( 32 - 32) =      5.47384  eV     1   --> A              
     e( 33 - 33) =      5.56143  eV     1   --> A              
     e( 34 - 34) =      5.91773  eV     1   --> A              
     e( 35 - 35) =      6.41503  eV     1   --> A              

 **************************************************************************

 **************************************************************************

                    xk=(   0.29667,   0.51384,   0.00000  )

     Band symmetry, C_1 (1)     point group:

     e(  1 -  1) =    -77.94321  eV     1   --> A              
     e(  2 -  2) =    -49.51108  eV     1   --> A              
     e(  3 -  3) =    -49.40508  eV     1   --> A              
     e(  4 -  4) =    -49.17340  eV     1   --> A              
     e(  5 -  5) =    -21.97679  eV     1   --> A              
     e(  6 -  6) =    -21.95749  eV     1   --> A              
     e(  7 -  7) =    -20.60974  eV     1   --> A              
     e(  8 -  8) =    -20.18828  eV     1   --> A              
     e(  9 -  9) =    -15.13031  eV     1   --> A              
     e( 10 - 10) =    -14.93620  eV     1   --> A              
     e( 11 - 11) =    -13.98281  eV     1   --> A              
     e( 12 - 12) =    -13.85579  eV     1   --> A              
     e( 13 - 13) =    -12.10729  eV     1   --> A              
     e( 14 - 14) =    -11.86691  eV     1   --> A              
     e( 15 - 15) =    -11.30751  eV     1   --> A              
     e( 16 - 16) =    -10.50408  eV     1   --> A              
     e( 17 - 17) =    -10.19782  eV     1   --> A              
     e( 18 - 18) =     -9.53247  eV     1   --> A              
     e( 19 - 19) =     -8.47253  eV     1   --> A              
     e( 20 - 20) =     -7.87833  eV     1   --> A              
     e( 21 - 21) =     -6.26930  eV     1   --> A              
     e( 22 - 22) =     -4.55790  eV     1   --> A              
     e( 23 - 23) =     -3.46424  eV     1   --> A              
     e( 24 - 24) =     -3.05291  eV     1   --> A              
     e( 25 - 25) =     -2.19461  eV     1   --> A              
     e( 26 - 26) =     -0.86878  eV     1   --> A              
     e( 27 - 27) =     -0.33748  eV     1   --> A              
     e( 28 - 28) =      2.39267  eV     1   --> A              
     e( 29 - 29) =      2.99106  eV     1   --> A              
     e( 30 - 30) =      4.18978  eV     1   --> A              
     e( 31 - 31) =      4.24855  eV     1   --> A              
     e( 32 - 32) =      5.50998  eV     1   --> A              
     e( 33 - 33) =      5.60615  eV     1   --> A              
     e( 34 - 34) =      5.94823  eV     1   --> A              
     e( 35 - 35) =      6.41188  eV     1   --> A              

 **************************************************************************

 **************************************************************************

                    xk=(   0.30000,   0.51962,   0.00000  )

     Band symmetry, C_1 (1)     point group:

     e(  1 -  1) =    -77.94294  eV     1   --> A              
     e(  2 -  2) =    -49.50895  eV     1   --> A              
     e(  3 -  3) =    -49.40943  eV     1   --> A              
     e(  4 -  4) =    -49.17304  eV     1   --> A              
     e(  5 -  5) =    -21.95191  eV     1   --> A              
     e(  6 -  6) =    -21.93319  eV     1   --> A              
     e(  7 -  7) =    -20.60542  eV     1   --> A              
     e(  8 -  8) =    -20.18684  eV     1   --> A              
     e(  9 -  9) =    -15.11225  eV     1   --> A              
     e( 10 - 10) =    -14.91744  eV     1   --> A              
     e( 11 - 11) =    -14.04516  eV     1   --> A              
     e( 12 - 12) =    -13.92052  eV     1   --> A              
     e( 13 - 13) =    -12.07551  eV     1   --> A              
     e( 14 - 14) =    -11.88132  eV     1   --> A              
     e( 15 - 15) =    -11.30316  eV     1   --> A              
     e( 16 - 16) =    -10.50289  eV     1   --> A              
     e( 17 - 17) =    -10.22973  eV     1   --> A              
     e( 18 - 18) =     -9.56733  eV     1   --> A              
     e( 19 - 19) =     -8.46492  eV     1   --> A              
     e( 20 - 20) =     -7.86915  eV     1   --> A              
     e( 21 - 21) =     -6.25338  eV     1   --> A              
     e( 22 - 22) =     -4.57518  eV     1   --> A              
     e( 23 - 23) =     -3.44301  eV     1   --> A              
     e( 24 - 24) =     -3.06440  eV     1   --> A              
     e( 25 - 25) =     -2.18655  eV     1   --> A              
     e( 26 - 26) =     -0.88197  eV     1   --> A              
     e( 27 - 27) =     -0.33714  eV     1   --> A              
     e( 28 - 28) =      2.39844  eV     1   --> A              
     e( 29 - 29) =      2.98007  eV     1   --> A              
     e( 30 - 30) =      4.17221  eV     1   --> A              
     e( 31 - 31) =      4.24191  eV     1   --> A              
     e( 32 - 32) =      5.54674  eV     1   --> A              
     e( 33 - 33) =      5.65196  eV     1   --> A              
     e( 34 - 34) =      5.97668  eV     1   --> A              
     e( 35 - 35) =      6.40624  eV     1   --> A              

 **************************************************************************

 **************************************************************************

                    xk=(   0.30333,   0.52539,   0.00000  )

     Band symmetry, C_1 (1)     point group:

     e(  1 -  1) =    -77.94270  eV     1   --> A              
     e(  2 -  2) =    -49.50669  eV     1   --> A              
     e(  3 -  3) =    -49.41368  eV     1   --> A              
     e(  4 -  4) =    -49.17273  eV     1   --> A              
     e(  5 -  5) =    -21.92957  eV     1   --> A              
     e(  6 -  6) =    -21.91136  eV     1   --> A              
     e(  7 -  7) =    -20.60162  eV     1   --> A              
     e(  8 -  8) =    -20.18554  eV     1   --> A              
     e(  9 -  9) =    -15.09089  eV     1   --> A              
     e( 10 - 10) =    -14.89492  eV     1   --> A              
     e( 11 - 11) =    -14.10646  eV     1   --> A              
     e( 12 - 12) =    -13.98454  eV     1   --> A              
     e( 13 - 13) =    -12.04658  eV     1   --> A              
     e( 14 - 14) =    -11.89340  eV     1   --> A              
     e( 15 - 15) =    -11.29487  eV     1   --> A              
     e( 16 - 16) =    -10.51703  eV     1   --> A              
     e( 17 - 17) =    -10.24642  eV     1   --> A              
     e( 18 - 18) =     -9.60125  eV     1   --> A              
     e( 19 - 19) =     -8.45810  eV     1   --> A              
     e( 20 - 20) =     -7.86085  eV     1   --> A              
     e( 21 - 21) =     -6.23866  eV     1   --> A              
     e( 22 - 22) =     -4.59120  eV     1   --> A              
     e( 23 - 23) =     -3.42208  eV     1   --> A              
     e( 24 - 24) =     -3.07656  eV     1   --> A              
     e( 25 - 25) =     -2.17856  eV     1   --> A              
     e( 26 - 26) =     -0.89398  eV     1   --> A              
     e( 27 - 27) =     -0.33645  eV     1   --> A              
     e( 28 - 28) =      2.40416  eV     1   --> A              
     e( 29 - 29) =      2.96901  eV     1   --> A              
     e( 30 - 30) =      4.15469  eV     1   --> A              
     e( 31 - 31) =      4.23713  eV     1   --> A              
     e( 32 - 32) =      5.58401  eV     1   --> A              
     e( 33 - 33) =      5.69851  eV     1   --> A              
     e( 34 - 34) =      6.00259  eV     1   --> A              
     e( 35 - 35) =      6.39772  eV     1   --> A              

 **************************************************************************

 **************************************************************************

                    xk=(   0.30667,   0.53116,   0.00000  )

     Band symmetry, C_1 (1)     point group:

     e(  1 -  1) =    -77.94248  eV     1   --> A              
     e(  2 -  2) =    -49.50433  eV     1   --> A              
     e(  3 -  3) =    -49.41780  eV     1   --> A              
     e(  4 -  4) =    -49.17245  eV     1   --> A              
     e(  5 -  5) =    -21.90977  eV     1   --> A              
     e(  6 -  6) =    -21.89200  eV     1   --> A              
     e(  7 -  7) =    -20.59829  eV     1   --> A              
     e(  8 -  8) =    -20.18435  eV     1   --> A              
     e(  9 -  9) =    -15.06640  eV     1   --> A              
     e( 10 - 10) =    -14.86867  eV     1   --> A              
     e( 11 - 11) =    -14.16653  eV     1   --> A              
     e( 12 - 12) =    -14.04784  eV     1   --> A              
     e( 13 - 13) =    -12.02159  eV     1   --> A              
     e( 14 - 14) =    -11.90263  eV     1   --> A              
     e( 15 - 15) =    -11.28213  eV     1   --> A              
     e( 16 - 16) =    -10.54664  eV     1   --> A              
     e( 17 - 17) =    -10.24796  eV     1   --> A              
     e( 18 - 18) =     -9.63400  eV     1   --> A              
     e( 19 - 19) =     -8.45209  eV     1   --> A              
     e( 20 - 20) =     -7.85345  eV     1   --> A              
     e( 21 - 21) =     -6.22525  eV     1   --> A              
     e( 22 - 22) =     -4.60586  eV     1   --> A              
     e( 23 - 23) =     -3.40153  eV     1   --> A              
     e( 24 - 24) =     -3.08929  eV     1   --> A              
     e( 25 - 25) =     -2.17080  eV     1   --> A              
     e( 26 - 26) =     -0.90477  eV     1   --> A              
     e( 27 - 27) =     -0.33547  eV     1   --> A              
     e( 28 - 28) =      2.40964  eV     1   --> A              
     e( 29 - 29) =      2.95814  eV     1   --> A              
     e( 30 - 30) =      4.13794  eV     1   --> A              
     e( 31 - 31) =      4.23371  eV     1   --> A              
     e( 32 - 32) =      5.62152  eV     1   --> A              
     e( 33 - 33) =      5.74554  eV     1   --> A              
     e( 34 - 34) =      6.02545  eV     1   --> A              
     e( 35 - 35) =      6.38589  eV     1   --> A              

 **************************************************************************

 **************************************************************************

                    xk=(   0.31000,   0.53694,   0.00000  )

     Band symmetry, C_1 (1)     point group:

     e(  1 -  1) =    -77.94229  eV     1   --> A              
     e(  2 -  2) =    -49.50191  eV     1   --> A              
     e(  3 -  3) =    -49.42176  eV     1   --> A              
     e(  4 -  4) =    -49.17220  eV     1   --> A              
     e(  5 -  5) =    -21.89251  eV     1   --> A              
     e(  6 -  6) =    -21.87512  eV     1   --> A              
     e(  7 -  7) =    -20.59540  eV     1   --> A              
     e(  8 -  8) =    -20.18328  eV     1   --> A              
     e(  9 -  9) =    -15.03904  eV     1   --> A              
     e( 10 - 10) =    -14.83871  eV     1   --> A              
     e( 11 - 11) =    -14.22510  eV     1   --> A              
     e( 12 - 12) =    -14.11039  eV     1   --> A              
     e( 13 - 13) =    -12.00183  eV     1   --> A              
     e( 14 - 14) =    -11.90816  eV     1   --> A              
     e( 15 - 15) =    -11.26453  eV     1   --> A              
     e( 16 - 16) =    -10.58766  eV     1   --> A              
     e( 17 - 17) =    -10.23863  eV     1   --> A              
     e( 18 - 18) =     -9.66523  eV     1   --> A              
     e( 19 - 19) =     -8.44689  eV     1   --> A              
     e( 20 - 20) =     -7.84695  eV     1   --> A              
     e( 21 - 21) =     -6.21322  eV     1   --> A              
     e( 22 - 22) =     -4.61904  eV     1   --> A              
     e( 23 - 23) =     -3.38150  eV     1   --> A              
     e( 24 - 24) =     -3.10247  eV     1   --> A              
     e( 25 - 25) =     -2.16343  eV     1   --> A              
     e( 26 - 26) =     -0.91426  eV     1   --> A              
     e( 27 - 27) =     -0.33425  eV     1   --> A              
     e( 28 - 28) =      2.41472  eV     1   --> A              
     e( 29 - 29) =      2.94772  eV     1   --> A              
     e( 30 - 30) =      4.12247  eV     1   --> A              
     e( 31 - 31) =      4.23132  eV     1   --> A              
     e( 32 - 32) =      5.65896  eV     1   --> A              
     e( 33 - 33) =      5.79287  eV     1   --> A              
     e( 34 - 34) =      6.04484  eV     1   --> A              
     e( 35 - 35) =      6.37033  eV     1   --> A              

 **************************************************************************

 **************************************************************************

                    xk=(   0.31333,   0.54271,   0.00000  )

     Band symmetry, C_1 (1)     point group:

     e(  1 -  1) =    -77.94213  eV     1   --> A              
     e(  2 -  2) =    -49.49947  eV     1   --> A              
     e(  3 -  3) =    -49.42550  eV     1   --> A              
     e(  4 -  4) =    -49.17199  eV     1   --> A              
     e(  5 -  5) =    -21.87775  eV     1   --> A              
     e(  6 -  6) =    -21.86068  eV     1   --> A              
     e(  7 -  7) =    -20.59293  eV     1   --> A              
     e(  8 -  8) =    -20.18231  eV     1   --> A              
     e(  9 -  9) =    -15.00919  eV     1   --> A              
     e( 10 - 10) =    -14.80510  eV     1   --> A              
     e( 11 - 11) =    -14.28181  eV     1   --> A              
     e( 12 - 12) =    -14.17217  eV     1   --> A              
     e( 13 - 13) =    -11.98858  eV     1   --> A              
     e( 14 - 14) =    -11.90916  eV     1   --> A              
     e( 15 - 15) =    -11.24178  eV     1   --> A              
     e( 16 - 16) =    -10.63548  eV     1   --> A              
     e( 17 - 17) =    -10.22331  eV     1   --> A              
     e( 18 - 18) =     -9.69455  eV     1   --> A              
     e( 19 - 19) =     -8.44249  eV     1   --> A              
     e( 20 - 20) =     -7.84135  eV     1   --> A              
     e( 21 - 21) =     -6.20266  eV     1   --> A              
     e( 22 - 22) =     -4.63064  eV     1   --> A              
     e( 23 - 23) =     -3.36214  eV     1   --> A              
     e( 24 - 24) =     -3.11592  eV     1   --> A              
     e( 25 - 25) =     -2.15663  eV     1   --> A              
     e( 26 - 26) =     -0.92241  eV     1   --> A              
     e( 27 - 27) =     -0.33288  eV     1   --> A              
     e( 28 - 28) =      2.41923  eV     1   --> A              
     e( 29 - 29) =      2.93799  eV     1   --> A              
     e( 30 - 30) =      4.10864  eV     1   --> A              
     e( 31 - 31) =      4.22972  eV     1   --> A              
     e( 32 - 32) =      5.69583  eV     1   --> A              
     e( 33 - 33) =      5.84029  eV     1   --> A              
     e( 34 - 34) =      6.06044  eV     1   --> A              
     e( 35 - 35) =      6.35060  eV     1   --> A              

 **************************************************************************

 **************************************************************************

                    xk=(   0.31667,   0.54848,   0.00000  )

     Band symmetry, C_1 (1)     point group:

     e(  1 -  1) =    -77.94200  eV     1   --> A              
     e(  2 -  2) =    -49.49710  eV     1   --> A              
     e(  3 -  3) =    -49.42898  eV     1   --> A              
     e(  4 -  4) =    -49.17182  eV     1   --> A              
     e(  5 -  5) =    -21.86547  eV     1   --> A              
     e(  6 -  6) =    -21.84865  eV     1   --> A              
     e(  7 -  7) =    -20.59086  eV     1   --> A              
     e(  8 -  8) =    -20.18145  eV     1   --> A              
     e(  9 -  9) =    -14.97744  eV     1   --> A              
     e( 10 - 10) =    -14.76789  eV     1   --> A              
     e( 11 - 11) =    -14.33609  eV     1   --> A              
     e( 12 - 12) =    -14.23314  eV     1   --> A              
     e( 13 - 13) =    -11.98184  eV     1   --> A              
     e( 14 - 14) =    -11.90585  eV     1   --> A              
     e( 15 - 15) =    -11.21383  eV     1   --> A              
     e( 16 - 16) =    -10.68690  eV     1   --> A              
     e( 17 - 17) =    -10.20557  eV     1   --> A              
     e( 18 - 18) =     -9.72143  eV     1   --> A              
     e( 19 - 19) =     -8.43888  eV     1   --> A              
     e( 20 - 20) =     -7.83665  eV     1   --> A              
     e( 21 - 21) =     -6.19363  eV     1   --> A              
     e( 22 - 22) =     -4.64059  eV     1   --> A              
     e( 23 - 23) =     -3.34369  eV     1   --> A              
     e( 24 - 24) =     -3.12940  eV     1   --> A              
     e( 25 - 25) =     -2.15054  eV     1   --> A              
     e( 26 - 26) =     -0.92918  eV     1   --> A              
     e( 27 - 27) =     -0.33144  eV     1   --> A              
     e( 28 - 28) =      2.42306  eV     1   --> A              
     e( 29 - 29) =      2.92920  eV     1   --> A              
     e( 30 - 30) =      4.09670  eV     1   --> A              
     e( 31 - 31) =      4.22874  eV     1   --> A              
     e( 32 - 32) =      5.73153  eV     1   --> A              
     e( 33 - 33) =      5.88764  eV     1   --> A              
     e( 34 - 34) =      6.07215  eV     1   --> A              
     e( 35 - 35) =      6.32627  eV     1   --> A              

 **************************************************************************

 **************************************************************************

                    xk=(   0.32000,   0.55426,   0.00000  )

     Band symmetry, C_1 (1)     point group:

     e(  1 -  1) =    -77.94189  eV     1   --> A              
     e(  2 -  2) =    -49.49487  eV     1   --> A              
     e(  3 -  3) =    -49.43209  eV     1   --> A              
     e(  4 -  4) =    -49.17168  eV     1   --> A              
     e(  5 -  5) =    -21.85561  eV     1   --> A              
     e(  6 -  6) =    -21.83899  eV     1   --> A              
     e(  7 -  7) =    -20.58916  eV     1   --> A              
     e(  8 -  8) =    -20.18071  eV     1   --> A              
     e(  9 -  9) =    -14.94475  eV     1   --> A              
     e( 10 - 10) =    -14.72716  eV     1   --> A              
     e( 11 - 11) =    -14.38702  eV     1   --> A              
     e( 12 - 12) =    -14.29325  eV     1   --> A              
     e( 13 - 13) =    -11.97974  eV     1   --> A              
     e( 14 - 14) =    -11.90018  eV     1   --> A              
     e( 15 - 15) =    -11.18096  eV     1   --> A              
     e( 16 - 16) =    -10.73982  eV     1   --> A              
     e( 17 - 17) =    -10.18784  eV     1   --> A              
     e( 18 - 18) =     -9.74521  eV     1   --> A              
     e( 19 - 19) =     -8.43601  eV     1   --> A              
     e( 20 - 20) =     -7.83284  eV     1   --> A              
     e( 21 - 21) =     -6.18620  eV     1   --> A              
     e( 22 - 22) =     -4.64879  eV     1   --> A              
     e( 23 - 23) =     -3.32648  eV     1   --> A              
     e( 24 - 24) =     -3.14258  eV     1   --> A              
     e( 25 - 25) =     -2.14531  eV     1   --> A              
     e( 26 - 26) =     -0.93457  eV     1   --> A              
     e( 27 - 27) =     -0.33001  eV     1   --> A              
     e( 28 - 28) =      2.42613  eV     1   --> A              
     e( 29 - 29) =      2.92158  eV     1   --> A              
     e( 30 - 30) =      4.08686  eV     1   --> A              
     e( 31 - 31) =      4.22823  eV     1   --> A              
     e( 32 - 32) =      5.76515  eV     1   --> A              
     e( 33 - 33) =      5.93466  eV     1   --> A              
     e( 34 - 34) =      6.08021  eV     1   --> A              
     e( 35 - 35) =      6.29697  eV     1   --> A              

 **************************************************************************

 **************************************************************************

                    xk=(   0.32333,   0.56003,   0.00000  )

     Band symmetry, C_1 (1)     point group:

     e(  1 -  1) =    -77.94181  eV     1   --> A              
     e(  2 -  2) =    -49.49290  eV     1   --> A              
     e(  3 -  3) =    -49.43474  eV     1   --> A              
     e(  4 -  4) =    -49.17157  eV     1   --> A              
     e(  5 -  5) =    -21.84809  eV     1   --> A              
     e(  6 -  6) =    -21.83162  eV     1   --> A              
     e(  7 -  7) =    -20.58784  eV     1   --> A              
     e(  8 -  8) =    -20.18010  eV     1   --> A              
     e(  9 -  9) =    -14.91271  eV     1   --> A              
     e( 10 - 10) =    -14.68305  eV     1   --> A              
     e( 11 - 11) =    -14.43305  eV     1   --> A              
     e( 12 - 12) =    -14.35241  eV     1   --> A              
     e( 13 - 13) =    -11.97993  eV     1   --> A              
     e( 14 - 14) =    -11.89443  eV     1   --> A              
     e( 15 - 15) =    -11.14395  eV     1   --> A              
     e( 16 - 16) =    -10.79259  eV     1   --> A              
     e( 17 - 17) =    -10.17192  eV     1   --> A              
     e( 18 - 18) =     -9.76508  eV     1   --> A              
     e( 19 - 19) =     -8.43387  eV     1   --> A              
     e( 20 - 20) =     -7.82992  eV     1   --> A              
     e( 21 - 21) =     -6.18040  eV     1   --> A              
     e( 22 - 22) =     -4.65520  eV     1   --> A              
     e( 23 - 23) =     -3.31107  eV     1   --> A              
     e( 24 - 24) =     -3.15488  eV     1   --> A              
     e( 25 - 25) =     -2.14107  eV     1   --> A              
     e( 26 - 26) =     -0.93862  eV     1   --> A              
     e( 27 - 27) =     -0.32871  eV     1   --> A              
     e( 28 - 28) =      2.42841  eV     1   --> A              
     e( 29 - 29) =      2.91532  eV     1   --> A              
     e( 30 - 30) =      4.07920  eV     1   --> A              
     e( 31 - 31) =      4.22804  eV     1   --> A              
     e( 32 - 32) =      5.79542  eV     1   --> A              
     e( 33 - 33) =      5.98099  eV     1   --> A              
     e( 34 - 34) =      6.08549  eV     1   --> A              
     e( 35 - 35) =      6.26244  eV     1   --> A              

 **************************************************************************

 **************************************************************************

                    xk=(   0.32667,   0.56580,   0.00000  )

     Band symmetry, C_1 (1)     point group:

     e(  1 -  1) =    -77.94175  eV     1   --> A              
     e(  2 -  2) =    -49.49132  eV     1   --> A              
     e(  3 -  3) =    -49.43679  eV     1   --> A              
     e(  4 -  4) =    -49.17150  eV     1   --> A              
     e(  5 -  5) =    -21.84284  eV     1   --> A              
     e(  6 -  6) =    -21.82648  eV     1   --> A              
     e(  7 -  7) =    -20.58689  eV     1   --> A              
     e(  8 -  8) =    -20.17963  eV     1   --> A              
     e(  9 -  9) =    -14.88405  eV     1   --> A              
     e( 10 - 10) =    -14.63582  eV     1   --> A              
     e( 11 - 11) =    -14.47159  eV     1   --> A              
     e( 12 - 12) =    -14.41035  eV     1   --> A              
     e( 13 - 13) =    -11.98083  eV     1   --> A              
     e( 14 - 14) =    -11.88995  eV     1   --> A              
     e( 15 - 15) =    -11.10469  eV     1   --> A              
     e( 16 - 16) =    -10.84301  eV     1   --> A              
     e( 17 - 17) =    -10.15934  eV     1   --> A              
     e( 18 - 18) =     -9.78012  eV     1   --> A              
     e( 19 - 19) =     -8.43240  eV     1   --> A              
     e( 20 - 20) =     -7.82786  eV     1   --> A              
     e( 21 - 21) =     -6.17626  eV     1   --> A              
     e( 22 - 22) =     -4.65978  eV     1   --> A              
     e( 23 - 23) =     -3.29835  eV     1   --> A              
     e( 24 - 24) =     -3.16540  eV     1   --> A              
     e( 25 - 25) =     -2.13794  eV     1   --> A              
     e( 26 - 26) =     -0.94137  eV     1   --> A              
     e( 27 - 27) =     -0.32763  eV     1   --> A              
     e( 28 - 28) =      2.42992  eV     1   --> A              
     e( 29 - 29) =      2.91064  eV     1   --> A              
     e( 30 - 30) =      4.07379  eV     1   --> A              
     e( 31 - 31) =      4.22806  eV     1   --> A              
     e( 32 - 32) =      5.82040  eV     1   --> A              
     e( 33 - 33) =      6.02562  eV     1   --> A              
     e( 34 - 34) =      6.09003  eV     1   --> A              
     e( 35 - 35) =      6.22270  eV     1   --> A              

 **************************************************************************

 **************************************************************************

                    xk=(   0.33000,   0.57158,   0.00000  )

     Band symmetry, C_1 (1)     point group:

     e(  1 -  1) =    -77.94172  eV     1   --> A              
     e(  2 -  2) =    -49.49029  eV     1   --> A              
     e(  3 -  3) =    -49.43811  eV     1   --> A              
     e(  4 -  4) =    -49.17145  eV     1   --> A              
     e(  5 -  5) =    -21.83977  eV     1   --> A              
     e(  6 -  6) =    -21.82346  eV     1   --> A              
     e(  7 -  7) =    -20.58632  eV     1   --> A              
     e(  8 -  8) =    -20.17933  eV     1   --> A              
     e(  9 -  9) =    -14.86306  eV     1   --> A              
     e( 10 - 10) =    -14.58642  eV     1   --> A              
     e( 11 - 11) =    -14.49881  eV     1   --> A              
     e( 12 - 12) =    -14.46576  eV     1   --> A              
     e( 13 - 13) =    -11.98160  eV     1   --> A              
     e( 14 - 14) =    -11.88727  eV     1   --> A              
     e( 15 - 15) =    -11.06835  eV     1   --> A              
     e( 16 - 16) =    -10.88590  eV     1   --> A              
     e( 17 - 17) =    -10.15129  eV     1   --> A              
     e( 18 - 18) =     -9.78948  eV     1   --> A              
     e( 19 - 19) =     -8.43156  eV     1   --> A              
     e( 20 - 20) =     -7.82664  eV     1   --> A              
     e( 21 - 21) =     -6.17378  eV     1   --> A              
     e( 22 - 22) =     -4.66253  eV     1   --> A              
     e( 23 - 23) =     -3.28965  eV     1   --> A              
     e( 24 - 24) =     -3.17280  eV     1   --> A              
     e( 25 - 25) =     -2.13601  eV     1   --> A              
     e( 26 - 26) =     -0.94292  eV     1   --> A              
     e( 27 - 27) =     -0.32689  eV     1   --> A              
     e( 28 - 28) =      2.43072  eV     1   --> A              
     e( 29 - 29) =      2.90772  eV     1   --> A              
     e( 30 - 30) =      4.07061  eV     1   --> A              
     e( 31 - 31) =      4.22817  eV     1   --> A              
     e( 32 - 32) =      5.83749  eV     1   --> A              
     e( 33 - 33) =      6.06378  eV     1   --> A              
     e( 34 - 34) =      6.09961  eV     1   --> A              
     e( 35 - 35) =      6.17875  eV     1   --> A              

 **************************************************************************

 **************************************************************************

                    xk=(   0.33333,   0.57735,   0.00000  )

     Band symmetry, C_1 (1)     point group:

     e(  1 -  1) =    -77.94171  eV     1   --> A              
     e(  2 -  2) =    -49.48992  eV     1   --> A              
     e(  3 -  3) =    -49.43857  eV     1   --> A              
     e(  4 -  4) =    -49.17144  eV     1   --> A              
     e(  5 -  5) =    -21.83877  eV     1   --> A              
     e(  6 -  6) =    -21.82248  eV     1   --> A              
     e(  7 -  7) =    -20.58612  eV     1   --> A              
     e(  8 -  8) =    -20.17923  eV     1   --> A              
     e(  9 -  9) =    -14.85506  eV     1   --> A              
     e( 10 - 10) =    -14.54861  eV     1   --> A              
     e( 11 - 11) =    -14.51498  eV     1   --> A              
     e( 12 - 12) =    -14.49944  eV     1   --> A              
     e( 13 - 13) =    -11.98190  eV     1   --> A              
     e( 14 - 14) =    -11.88642  eV     1   --> A              
     e( 15 - 15) =    -11.05060  eV     1   --> A              
     e( 16 - 16) =    -10.90577  eV     1   --> A              
     e( 17 - 17) =    -10.14854  eV     1   --> A              
     e( 18 - 18) =     -9.79263  eV     1   --> A              
     e( 19 - 19) =     -8.43130  eV     1   --> A              
     e( 20 - 20) =     -7.82624  eV     1   --> A              
     e( 21 - 21) =     -6.17296  eV     1   --> A              
     e( 22 - 22) =     -4.66343  eV     1   --> A              
     e( 23 - 23) =     -3.28649  eV     1   --> A              
     e( 24 - 24) =     -3.17554  eV     1   --> A              
     e( 25 - 25) =     -2.13536  eV     1   --> A              
     e( 26 - 26) =     -0.94340  eV     1   --> A              
     e( 27 - 27) =     -0.32662  eV     1   --> A              
     e( 28 - 28) =      2.43096  eV     1   --> A              
     e( 29 - 29) =      2.90670  eV     1   --> A              
     e( 30 - 30) =      4.06957  eV     1   --> A              
     e( 31 - 31) =      4.22826  eV     1   --> A              
     e( 32 - 32) =      5.84372  eV     1   --> A              
     e( 33 - 33) =      6.07970  eV     1   --> A              
     e( 34 - 34) =      6.11870  eV     1   --> A              
     e( 35 - 35) =      6.14448  eV     1   --> A              

 **************************************************************************

 **************************************************************************

                    xk=(   0.33611,   0.57254,   0.00000  )

     Band symmetry, C_1 (1)     point group:

     e(  1 -  1) =    -77.94172  eV     1   --> A              
     e(  2 -  2) =    -49.49018  eV     1   --> A              
     e(  3 -  3) =    -49.43824  eV     1   --> A              
     e(  4 -  4) =    -49.17145  eV     1   --> A              
     e(  5 -  5) =    -21.83944  eV     1   --> A              
     e(  6 -  6) =    -21.82314  eV     1   --> A              
     e(  7 -  7) =    -20.58626  eV     1   --> A              
     e(  8 -  8) =    -20.17931  eV     1   --> A              
     e(  9 -  9) =    -14.86089  eV     1   --> A              
     e( 10 - 10) =    -14.57923  eV     1   --> A              
     e( 11 - 11) =    -14.50116  eV     1   --> A              
     e( 12 - 12) =    -14.47404  eV     1   --> A              
     e( 13 - 13) =    -11.98168  eV     1   --> A              
     e( 14 - 14) =    -11.88696  eV     1   --> A              
     e( 15 - 15) =    -11.06409  eV     1   --> A              
     e( 16 - 16) =    -10.89086  eV     1   --> A              
     e( 17 - 17) =    -10.15040  eV     1   --> A              
     e( 18 - 18) =     -9.79051  eV     1   --> A              
     e( 19 - 19) =     -8.43147  eV     1   --> A              
     e( 20 - 20) =     -7.82651  eV     1   --> A              
     e( 21 - 21) =     -6.17352  eV     1   --> A              
     e( 22 - 22) =     -4.66281  eV     1   --> A              
     e( 23 - 23) =     -3.28866  eV     1   --> A              
     e( 24 - 24) =     -3.17365  eV     1   --> A              
     e( 25 - 25) =     -2.13582  eV     1   --> A              
     e( 26 - 26) =     -0.94311  eV     1   --> A              
     e( 27 - 27) =     -0.32684  eV     1   --> A              
     e( 28 - 28) =      2.43084  eV     1   --> A              
     e( 29 - 29) =      2.90744  eV     1   --> A              
     e( 30 - 30) =      4.07025  eV     1   --> A              
     e( 31 - 31) =      4.22819  eV     1   --> A              
     e( 32 - 32) =      5.83912  eV     1   --> A              
     e( 33 - 33) =      6.06028  eV     1   --> A              
     e( 34 - 34) =      6.11362  eV     1   --> A              
     e( 35 - 35) =      6.16873  eV     1   --> A              

 **************************************************************************

 **************************************************************************

                    xk=(   0.33889,   0.56773,   0.00000  )

     Band symmetry, C_1 (1)     point group:

     e(  1 -  1) =    -77.94174  eV     1   --> A              
     e(  2 -  2) =    -49.49096  eV     1   --> A              
     e(  3 -  3) =    -49.43728  eV     1   --> A              
     e(  4 -  4) =    -49.17148  eV     1   --> A              
     e(  5 -  5) =    -21.84141  eV     1   --> A              
     e(  6 -  6) =    -21.82507  eV     1   --> A              
     e(  7 -  7) =    -20.58667  eV     1   --> A              
     e(  8 -  8) =    -20.17955  eV     1   --> A              
     e(  9 -  9) =    -14.87746  eV     1   --> A              
     e( 10 - 10) =    -14.62332  eV     1   --> A              
     e( 11 - 11) =    -14.47927  eV     1   --> A              
     e( 12 - 12) =    -14.42703  eV     1   --> A              
     e( 13 - 13) =    -11.98107  eV     1   --> A              
     e( 14 - 14) =    -11.88845  eV     1   --> A              
     e( 15 - 15) =    -11.09566  eV     1   --> A              
     e( 16 - 16) =    -10.85514  eV     1   --> A              
     e( 17 - 17) =    -10.15575  eV     1   --> A              
     e( 18 - 18) =     -9.78442  eV     1   --> A              
     e( 19 - 19) =     -8.43197  eV     1   --> A              
     e( 20 - 20) =     -7.82731  eV     1   --> A              
     e( 21 - 21) =     -6.17518  eV     1   --> A              
     e( 22 - 22) =     -4.66096  eV     1   --> A              
     e( 23 - 23) =     -3.29471  eV     1   --> A              
     e( 24 - 24) =     -3.16846  eV     1   --> A              
     e( 25 - 25) =     -2.13722  eV     1   --> A              
     e( 26 - 26) =     -0.94230  eV     1   --> A              
     e( 27 - 27) =     -0.32756  eV     1   --> A              
     e( 28 - 28) =      2.43058  eV     1   --> A              
     e( 29 - 29) =      2.90967  eV     1   --> A              
     e( 30 - 30) =      4.07223  eV     1   --> A              
     e( 31 - 31) =      4.22796  eV     1   --> A              
     e( 32 - 32) =      5.82535  eV     1   --> A              
     e( 33 - 33) =      6.01454  eV     1   --> A              
     e( 34 - 34) =      6.12385  eV     1   --> A              
     e( 35 - 35) =      6.20350  eV     1   --> A              

 **************************************************************************

 **************************************************************************

                    xk=(   0.34167,   0.56292,   0.00000  )

     Band symmetry, C_1 (1)     point group:

     e(  1 -  1) =    -77.94177  eV     1   --> A              
     e(  2 -  2) =    -49.49221  eV     1   --> A              
     e(  3 -  3) =    -49.43572  eV     1   --> A              
     e(  4 -  4) =    -49.17153  eV     1   --> A              
     e(  5 -  5) =    -21.84461  eV     1   --> A              
     e(  6 -  6) =    -21.82822  eV     1   --> A              
     e(  7 -  7) =    -20.58736  eV     1   --> A              
     e(  8 -  8) =    -20.17996  eV     1   --> A              
     e(  9 -  9) =    -14.90228  eV     1   --> A              
     e( 10 - 10) =    -14.66819  eV     1   --> A              
     e( 11 - 11) =    -14.44718  eV     1   --> A              
     e( 12 - 12) =    -14.37582  eV     1   --> A              
     e( 13 - 13) =    -11.98012  eV     1   --> A              
     e( 14 - 14) =    -11.89067  eV     1   --> A              
     e( 15 - 15) =    -11.13437  eV     1   --> A              
     e( 16 - 16) =    -10.80970  eV     1   --> A              
     e( 17 - 17) =    -10.16405  eV     1   --> A              
     e( 18 - 18) =     -9.77492  eV     1   --> A              
     e( 19 - 19) =     -8.43277  eV     1   --> A              
     e( 20 - 20) =     -7.82861  eV     1   --> A              
     e( 21 - 21) =     -6.17791  eV     1   --> A              
     e( 22 - 22) =     -4.65793  eV     1   --> A              
     e( 23 - 23) =     -3.30370  eV     1   --> A              
     e( 24 - 24) =     -3.16087  eV     1   --> A              
     e( 25 - 25) =     -2.13957  eV     1   --> A              
     e( 26 - 26) =     -0.94113  eV     1   --> A              
     e( 27 - 27) =     -0.32885  eV     1   --> A              
     e( 28 - 28) =      2.43033  eV     1   --> A              
     e( 29 - 29) =      2.91346  eV     1   --> A              
     e( 30 - 30) =      4.07538  eV     1   --> A              
     e( 31 - 31) =      4.22749  eV     1   --> A              
     e( 32 - 32) =      5.80305  eV     1   --> A              
     e( 33 - 33) =      5.96093  eV     1   --> A              
     e( 34 - 34) =      6.14016  eV     1   --> A              
     e( 35 - 35) =      6.23906  eV     1   --> A              

 **************************************************************************

 **************************************************************************

                    xk=(   0.34444,   0.55811,   0.00000  )

     Band symmetry, C_1 (1)     point group:

     e(  1 -  1) =    -77.94183  eV     1   --> A              
     e(  2 -  2) =    -49.49388  eV     1   --> A              
     e(  3 -  3) =    -49.43363  eV     1   --> A              
     e(  4 -  4) =    -49.17159  eV     1   --> A              
     e(  5 -  5) =    -21.84896  eV     1   --> A              
     e(  6 -  6) =    -21.83249  eV     1   --> A              
     e(  7 -  7) =    -20.58834  eV     1   --> A              
     e(  8 -  8) =    -20.18057  eV     1   --> A              
     e(  9 -  9) =    -14.93267  eV     1   --> A              
     e( 10 - 10) =    -14.71283  eV     1   --> A              
     e( 11 - 11) =    -14.40704  eV     1   --> A              
     e( 12 - 12) =    -14.32208  eV     1   --> A              
     e( 13 - 13) =    -11.97898  eV     1   --> A              
     e( 14 - 14) =    -11.89339  eV     1   --> A              
     e( 15 - 15) =    -11.17565  eV     1   --> A              
     e( 16 - 16) =    -10.75931  eV     1   --> A              
     e( 17 - 17) =    -10.17466  eV     1   --> A              
     e( 18 - 18) =     -9.76265  eV     1   --> A              
     e( 19 - 19) =     -8.43382  eV     1   --> A              
     e( 20 - 20) =     -7.83040  eV     1   --> A              
     e( 21 - 21) =     -6.18166  eV     1   --> A              
     e( 22 - 22) =     -4.65375  eV     1   --> A              
     e( 23 - 23) =     -3.31475  eV     1   --> A              
     e( 24 - 24) =     -3.15174  eV     1   --> A              
     e( 25 - 25) =     -2.14286  eV     1   --> A              
     e( 26 - 26) =     -0.93972  eV     1   --> A              
     e( 27 - 27) =     -0.33081  eV     1   --> A              
     e( 28 - 28) =      2.43026  eV     1   --> A              
     e( 29 - 29) =      2.91887  eV     1   --> A              
     e( 30 - 30) =      4.07954  eV     1   --> A              
     e( 31 - 31) =      4.22670  eV     1   --> A              
     e( 32 - 32) =      5.77313  eV     1   --> A              
     e( 33 - 33) =      5.90309  eV     1   --> A              
     e( 34 - 34) =      6.15921  eV     1   --> A              
     e( 35 - 35) =      6.27441  eV     1   --> A              

 **************************************************************************

 **************************************************************************

                    xk=(   0.34722,   0.55329,   0.00000  )

     Band symmetry, C_1 (1)     point group:

     e(  1 -  1) =    -77.94189  eV     1   --> A              
     e(  2 -  2) =    -49.49589  eV     1   --> A              
     e(  3 -  3) =    -49.43108  eV     1   --> A              
     e(  4 -  4) =    -49.17168  eV     1   --> A              
     e(  5 -  5) =    -21.85441  eV     1   --> A              
     e(  6 -  6) =    -21.83784  eV     1   --> A              
     e(  7 -  7) =    -20.58962  eV     1   --> A              
     e(  8 -  8) =    -20.18138  eV     1   --> A              
     e(  9 -  9) =    -14.96659  eV     1   --> A              
     e( 10 - 10) =    -14.75700  eV     1   --> A              
     e( 11 - 11) =    -14.36092  eV     1   --> A              
     e( 12 - 12) =    -14.26618  eV     1   --> A              
     e( 13 - 13) =    -11.97784  eV     1   --> A              
     e( 14 - 14) =    -11.89630  eV     1   --> A              
     e( 15 - 15) =    -11.21774  eV     1   --> A              
     e( 16 - 16) =    -10.70588  eV     1   --> A              
     e( 17 - 17) =    -10.18692  eV     1   --> A              
     e( 18 - 18) =     -9.74824  eV     1   --> A              
     e( 19 - 19) =     -8.43511  eV     1   --> A              
     e( 20 - 20) =     -7.83265  eV     1   --> A              
     e( 21 - 21) =     -6.18639  eV     1   --> A              
     e( 22 - 22) =     -4.64849  eV     1   --> A              
     e( 23 - 23) =     -3.32720  eV     1   --> A              
     e( 24 - 24) =     -3.14170  eV     1   --> A              
     e( 25 - 25) =     -2.14708  eV     1   --> A              
     e( 26 - 26) =     -0.93825  eV     1   --> A              
     e( 27 - 27) =     -0.33355  eV     1   --> A              
     e( 28 - 28) =      2.43055  eV     1   --> A              
     e( 29 - 29) =      2.92592  eV     1   --> A              
     e( 30 - 30) =      4.08458  eV     1   --> A              
     e( 31 - 31) =      4.22550  eV     1   --> A              
     e( 32 - 32) =      5.73629  eV     1   --> A              
     e( 33 - 33) =      5.84231  eV     1   --> A              
     e( 34 - 34) =      6.17964  eV     1   --> A              
     e( 35 - 35) =      6.30925  eV     1   --> A              

 **************************************************************************

 **************************************************************************

                    xk=(   0.35000,   0.54848,   0.00000  )

     Band symmetry, C_1 (1)     point group:

     e(  1 -  1) =    -77.94197  eV     1   --> A              
     e(  2 -  2) =    -49.49818  eV     1   --> A              
     e(  3 -  3) =    -49.42816  eV     1   --> A              
     e(  4 -  4) =    -49.17178  eV     1   --> A              
     e(  5 -  5) =    -21.86087  eV     1   --> A              
     e(  6 -  6) =    -21.84419  eV     1   --> A              
     e(  7 -  7) =    -20.59118  eV     1   --> A              
     e(  8 -  8) =    -20.18240  eV     1   --> A              
     e(  9 -  9) =    -15.00265  eV     1   --> A              
     e( 10 - 10) =    -14.80062  eV     1   --> A              
     e( 11 - 11) =    -14.31023  eV     1   --> A              
     e( 12 - 12) =    -14.20829  eV     1   --> A              
     e( 13 - 13) =    -11.97697  eV     1   --> A              
     e( 14 - 14) =    -11.89907  eV     1   --> A              
     e( 15 - 15) =    -11.25989  eV     1   --> A              
     e( 16 - 16) =    -10.65036  eV     1   --> A              
     e( 17 - 17) =    -10.20020  eV     1   --> A              
     e( 18 - 18) =     -9.73224  eV     1   --> A              
     e( 19 - 19) =     -8.43660  eV     1   --> A              
     e( 20 - 20) =     -7.83534  eV     1   --> A              
     e( 21 - 21) =     -6.19204  eV     1   --> A              
     e( 22 - 22) =     -4.64220  eV     1   --> A              
     e( 23 - 23) =     -3.34059  eV     1   --> A              
     e( 24 - 24) =     -3.13116  eV     1   --> A              
     e( 25 - 25) =     -2.15222  eV     1   --> A              
     e( 26 - 26) =     -0.93688  eV     1   --> A              
     e( 27 - 27) =     -0.33714  eV     1   --> A              
     e( 28 - 28) =      2.43139  eV     1   --> A              
     e( 29 - 29) =      2.93466  eV     1   --> A              
     e( 30 - 30) =      4.09032  eV     1   --> A              
     e( 31 - 31) =      4.22378  eV     1   --> A              
     e( 32 - 32) =      5.69267  eV     1   --> A              
     e( 33 - 33) =      5.77990  eV     1   --> A              
     e( 34 - 34) =      6.20054  eV     1   --> A              
     e( 35 - 35) =      6.34341  eV     1   --> A              

 **************************************************************************

 **************************************************************************

                    xk=(   0.35278,   0.54367,   0.00000  )

     Band symmetry, C_1 (1)     point group:

     e(  1 -  1) =    -77.94206  eV     1   --> A              
     e(  2 -  2) =    -49.50068  eV     1   --> A              
     e(  3 -  3) =    -49.42491  eV     1   --> A              
     e(  4 -  4) =    -49.17189  eV     1   --> A              
     e(  5 -  5) =    -21.86828  eV     1   --> A              
     e(  6 -  6) =    -21.85147  eV     1   --> A              
     e(  7 -  7) =    -20.59305  eV     1   --> A              
     e(  8 -  8) =    -20.18364  eV     1   --> A              
     e(  9 -  9) =    -15.03996  eV     1   --> A              
     e( 10 - 10) =    -14.84363  eV     1   --> A              
     e( 11 - 11) =    -14.25594  eV     1   --> A              
     e( 12 - 12) =    -14.14854  eV     1   --> A              
     e( 13 - 13) =    -11.97671  eV     1   --> A              
     e( 14 - 14) =    -11.90132  eV     1   --> A              
     e( 15 - 15) =    -11.30166  eV     1   --> A              
     e( 16 - 16) =    -10.59342  eV     1   --> A              
     e( 17 - 17) =    -10.21391  eV     1   --> A              
     e( 18 - 18) =     -9.71509  eV     1   --> A              
     e( 19 - 19) =     -8.43825  eV     1   --> A              
     e( 20 - 20) =     -7.83844  eV     1   --> A              
     e( 21 - 21) =     -6.19854  eV     1   --> A              
     e( 22 - 22) =     -4.63495  eV     1   --> A              
     e( 23 - 23) =     -3.35465  eV     1   --> A              
     e( 24 - 24) =     -3.12037  eV     1   --> A              
     e( 25 - 25) =     -2.15826  eV     1   --> A              
     e( 26 - 26) =     -0.93578  eV     1   --> A              
     e( 27 - 27) =     -0.34169  eV     1   --> A              
     e( 28 - 28) =      2.43298  eV     1   --> A              
     e( 29 - 29) =      2.94509  eV     1   --> A              
     e( 30 - 30) =      4.09661  eV     1   --> A              
     e( 31 - 31) =      4.22141  eV     1   --> A              
     e( 32 - 32) =      5.64163  eV     1   --> A              
     e( 33 - 33) =      5.71770  eV     1   --> A              
     e( 34 - 34) =      6.22128  eV     1   --> A              
     e( 35 - 35) =      6.37679  eV     1   --> A              

 **************************************************************************

 **************************************************************************

                    xk=(   0.35556,   0.53886,   0.00000  )

     Band symmetry, C_1 (1)     point group:

     e(  1 -  1) =    -77.94216  eV     1   --> A              
     e(  2 -  2) =    -49.50334  eV     1   --> A              
     e(  3 -  3) =    -49.42141  eV     1   --> A              
     e(  4 -  4) =    -49.17203  eV     1   --> A              
     e(  5 -  5) =    -21.87656  eV     1   --> A              
     e(  6 -  6) =    -21.85962  eV     1   --> A              
     e(  7 -  7) =    -20.59522  eV     1   --> A              
     e(  8 -  8) =    -20.18511  eV     1   --> A              
     e(  9 -  9) =    -15.07795  eV     1   --> A              
     e( 10 - 10) =    -14.88601  eV     1   --> A              
     e( 11 - 11) =    -14.19872  eV     1   --> A              
     e( 12 - 12) =    -14.08702  eV     1   --> A              
     e( 13 - 13) =    -11.97742  eV     1   --> A              
     e( 14 - 14) =    -11.90266  eV     1   --> A              
     e( 15 - 15) =    -11.34279  eV     1   --> A              
     e( 16 - 16) =    -10.53568  eV     1   --> A              
     e( 17 - 17) =    -10.22743  eV     1   --> A              
     e( 18 - 18) =     -9.69713  eV     1   --> A              
     e( 19 - 19) =     -8.44005  eV     1   --> A              
     e( 20 - 20) =     -7.84194  eV     1   --> A              
     e( 21 - 21) =     -6.20586  eV     1   --> A              
     e( 22 - 22) =     -4.62682  eV     1   --> A              
     e( 23 - 23) =     -3.36919  eV     1   --> A              
     e( 24 - 24) =     -3.10947  eV     1   --> A              
     e( 25 - 25) =     -2.16518  eV     1   --> A              
     e( 26 - 26) =     -0.93511  eV     1   --> A              
     e( 27 - 27) =     -0.34730  eV     1   --> A              
     e( 28 - 28) =      2.43549  eV     1   --> A              
     e( 29 - 29) =      2.95721  eV     1   --> A              
     e( 30 - 30) =      4.10327  eV     1   --> A              
     e( 31 - 31) =      4.21826  eV     1   --> A              
     e( 32 - 32) =      5.58221  eV     1   --> A              
     e( 33 - 33) =      5.65773  eV     1   --> A              
     e( 34 - 34) =      6.24136  eV     1   --> A              
     e( 35 - 35) =      6.40930  eV     1   --> A              

 **************************************************************************

 **************************************************************************

                    xk=(   0.35833,   0.53405,   0.00000  )

     Band symmetry, C_1 (1)     point group:

     e(  1 -  1) =    -77.94227  eV     1   --> A              
     e(  2 -  2) =    -49.50612  eV     1   --> A              
     e(  3 -  3) =    -49.41769  eV     1   --> A              
     e(  4 -  4) =    -49.17217  eV     1   --> A              
     e(  5 -  5) =    -21.88565  eV     1   --> A              
     e(  6 -  6) =    -21.86855  eV     1   --> A              
     e(  7 -  7) =    -20.59768  eV     1   --> A              
     e(  8 -  8) =    -20.18681  eV     1   --> A              
     e(  9 -  9) =    -15.11623  eV     1   --> A              
     e( 10 - 10) =    -14.92775  eV     1   --> A              
     e( 11 - 11) =    -14.13903  eV     1   --> A              
     e( 12 - 12) =    -14.02384  eV     1   --> A              
     e( 13 - 13) =    -11.97943  eV     1   --> A              
     e( 14 - 14) =    -11.90276  eV     1   --> A              
     e( 15 - 15) =    -11.38308  eV     1   --> A              
     e( 16 - 16) =    -10.47797  eV     1   --> A              
     e( 17 - 17) =    -10.23988  eV     1   --> A              
     e( 18 - 18) =     -9.67862  eV     1   --> A              
     e( 19 - 19) =     -8.44196  eV     1   --> A              
     e( 20 - 20) =     -7.84581  eV     1   --> A              
     e( 21 - 21) =     -6.21391  eV     1   --> A              
     e( 22 - 22) =     -4.61786  eV     1   --> A              
     e( 23 - 23) =     -3.38408  eV     1   --> A              
     e( 24 - 24) =     -3.09854  eV     1   --> A              
     e( 25 - 25) =     -2.17294  eV     1   --> A              
     e( 26 - 26) =     -0.93506  eV     1   --> A              
     e( 27 - 27) =     -0.35409  eV     1   --> A              
     e( 28 - 28) =      2.43913  eV     1   --> A              
     e( 29 - 29) =      2.97100  eV     1   --> A              
     e( 30 - 30) =      4.11010  eV     1   --> A              
     e( 31 - 31) =      4.21420  eV     1   --> A              
     e( 32 - 32) =      5.51464  eV     1   --> A              
     e( 33 - 33) =      5.60076  eV     1   --> A              
     e( 34 - 34) =      6.26041  eV     1   --> A              
     e( 35 - 35) =      6.44086  eV     1   --> A              

 **************************************************************************

 **************************************************************************

                    xk=(   0.36111,   0.52924,   0.00000  )

     Band symmetry, C_1 (1)     point group:

     e(  1 -  1) =    -77.94240  eV     1   --> A              
     e(  2 -  2) =    -49.50898  eV     1   --> A              
     e(  3 -  3) =    -49.41379  eV     1   --> A              
     e(  4 -  4) =    -49.17233  eV     1   --> A              
     e(  5 -  5) =    -21.89548  eV     1   --> A              
     e(  6 -  6) =    -21.87821  eV     1   --> A              
     e(  7 -  7) =    -20.60044  eV     1   --> A              
     e(  8 -  8) =    -20.18875  eV     1   --> A              
     e(  9 -  9) =    -15.15456  eV     1   --> A              
     e( 10 - 10) =    -14.96883  eV     1   --> A              
     e( 11 - 11) =    -14.07725  eV     1   --> A              
     e( 12 - 12) =    -13.95908  eV     1   --> A              
     e( 13 - 13) =    -11.98292  eV     1   --> A              
     e( 14 - 14) =    -11.90147  eV     1   --> A              
     e( 15 - 15) =    -11.42235  eV     1   --> A              
     e( 16 - 16) =    -10.42204  eV     1   --> A              
     e( 17 - 17) =    -10.24956  eV     1   --> A              
     e( 18 - 18) =     -9.65973  eV     1   --> A              
     e( 19 - 19) =     -8.44396  eV     1   --> A              
     e( 20 - 20) =     -7.85002  eV     1   --> A              
     e( 21 - 21) =     -6.22263  eV     1   --> A              
     e( 22 - 22) =     -4.60817  eV     1   --> A              
     e( 23 - 23) =     -3.39923  eV     1   --> A              
     e( 24 - 24) =     -3.08762  eV     1   --> A              
     e( 25 - 25) =     -2.18153  eV     1   --> A              
     e( 26 - 26) =     -0.93578  eV     1   --> A              
     e( 27 - 27) =     -0.36215  eV     1   --> A              
     e( 28 - 28) =      2.44406  eV     1   --> A              
     e( 29 - 29) =      2.98643  eV     1   --> A              
     e( 30 - 30) =      4.11687  eV     1   --> A              
     e( 31 - 31) =      4.20911  eV     1   --> A              
     e( 32 - 32) =      5.44071  eV     1   --> A              
     e( 33 - 33) =      5.54601  eV     1   --> A              
     e( 34 - 34) =      6.27814  eV     1   --> A              
     e( 35 - 35) =      6.47142  eV     1   --> A              

 **************************************************************************

 **************************************************************************

                    xk=(   0.36389,   0.52443,   0.00000  )

     Band symmetry, C_1 (1)     point group:

     e(  1 -  1) =    -77.94253  eV     1   --> A              
     e(  2 -  2) =    -49.51191  eV     1   --> A              
     e(  3 -  3) =    -49.40975  eV     1   --> A              
     e(  4 -  4) =    -49.17251  eV     1   --> A              
     e(  5 -  5) =    -21.90598  eV     1   --> A              
     e(  6 -  6) =    -21.88853  eV     1   --> A              
     e(  7 -  7) =    -20.60349  eV     1   --> A              
     e(  8 -  8) =    -20.19092  eV     1   --> A              
     e(  9 -  9) =    -15.19275  eV     1   --> A              
     e( 10 - 10) =    -15.00923  eV     1   --> A              
     e( 11 - 11) =    -14.01365  eV     1   --> A              
     e( 12 - 12) =    -13.89285  eV     1   --> A              
     e( 13 - 13) =    -11.98789  eV     1   --> A              
     e( 14 - 14) =    -11.89881  eV     1   --> A              
     e( 15 - 15) =    -11.46044  eV     1   --> A              
     e( 16 - 16) =    -10.37258  eV     1   --> A              
     e( 17 - 17) =    -10.25181  eV     1   --> A              
     e( 18 - 18) =     -9.64056  eV     1   --> A              
     e( 19 - 19) =     -8.44603  eV     1   --> A              
     e( 20 - 20) =     -7.85456  eV     1   --> A              
     e( 21 - 21) =     -6.23197  eV     1   --> A              
     e( 22 - 22) =     -4.59781  eV     1   --> A              
     e( 23 - 23) =     -3.41458  eV     1   --> A              
     e( 24 - 24) =     -3.07671  eV     1   --> A              
     e( 25 - 25) =     -2.19092  eV     1   --> A              
     e( 26 - 26) =     -0.93742  eV     1   --> A              
     e( 27 - 27) =     -0.37160  eV     1   --> A              
     e( 28 - 28) =      2.45044  eV     1   --> A              
     e( 29 - 29) =      3.00344  eV     1   --> A              
     e( 30 - 30) =      4.12325  eV     1   --> A              
     e( 31 - 31) =      4.20300  eV     1   --> A              
     e( 32 - 32) =      5.36225  eV     1   --> A              
     e( 33 - 33) =      5.49259  eV     1   --> A              
     e( 34 - 34) =      6.29434  eV     1   --> A              
     e( 35 - 35) =      6.50092  eV     1   --> A              

 **************************************************************************

 **************************************************************************

                    xk=(   0.36667,   0.51962,   0.00000  )

     Band symmetry, C_1 (1)     point group:

     e(  1 -  1) =    -77.94267  eV     1   --> A              
     e(  2 -  2) =    -49.51488  eV     1   --> A              
     e(  3 -  3) =    -49.40558  eV     1   --> A              
     e(  4 -  4) =    -49.17269  eV     1   --> A              
     e(  5 -  5) =    -21.91708  eV     1   --> A              
     e(  6 -  6) =    -21.89946  eV     1   --> A              
     e(  7 -  7) =    -20.60683  eV     1   --> A              
     e(  8 -  8) =    -20.19334  eV     1   --> A              
     e(  9 -  9) =    -15.23066  eV     1   --> A              
     e( 10 - 10) =    -15.04896  eV     1   --> A              
     e( 11 - 11) =    -13.94849  eV     1   --> A              
     e( 12 - 12) =    -13.82526  eV     1   --> A              
     e( 13 - 13) =    -11.99420  eV     1   --> A              
     e( 14 - 14) =    -11.89496  eV     1   --> A              
     e( 15 - 15) =    -11.49719  eV     1   --> A              
     e( 16 - 16) =    -10.34137  eV     1   --> A              
     e( 17 - 17) =    -10.23495  eV     1   --> A              
     e( 18 - 18) =     -9.62112  eV     1   --> A              
     e( 19 - 19) =     -8.44816  eV     1   --> A              
     e( 20 - 20) =     -7.85941  eV     1   --> A              
     e( 21 - 21) =     -6.24185  eV     1   --> A              
     e( 22 - 22) =     -4.58687  eV     1   --> A              
     e( 23 - 23) =     -3.43008  eV     1   --> A              
     e( 24 - 24) =     -3.06581  eV     1   --> A              
     e( 25 - 25) =     -2.20109  eV     1   --> A              
     e( 26 - 26) =     -0.94014  eV     1   --> A              
     e( 27 - 27) =     -0.38253  eV     1   --> A              
     e( 28 - 28) =      2.45839  eV     1   --> A              
     e( 29 - 29) =      3.02196  eV     1   --> A              
     e( 30 - 30) =      4.12861  eV     1   --> A              
     e( 31 - 31) =      4.19615  eV     1   --> A              
     e( 32 - 32) =      5.28052  eV     1   --> A              
     e( 33 - 33) =      5.44024  eV     1   --> A              
     e( 34 - 34) =      6.30882  eV     1   --> A              
     e( 35 - 35) =      6.52931  eV     1   --> A              

 **************************************************************************

 **************************************************************************

                    xk=(   0.36944,   0.51480,   0.00000  )

     Band symmetry, C_1 (1)     point group:

     e(  1 -  1) =    -77.94282  eV     1   --> A              
     e(  2 -  2) =    -49.51788  eV     1   --> A              
     e(  3 -  3) =    -49.40131  eV     1   --> A              
     e(  4 -  4) =    -49.17289  eV     1   --> A              
     e(  5 -  5) =    -21.92873  eV     1   --> A              
     e(  6 -  6) =    -21.91091  eV     1   --> A              
     e(  7 -  7) =    -20.61045  eV     1   --> A              
     e(  8 -  8) =    -20.19599  eV     1   --> A              
     e(  9 -  9) =    -15.26821  eV     1   --> A              
     e( 10 - 10) =    -15.08799  eV     1   --> A              
     e( 11 - 11) =    -13.88200  eV     1   --> A              
     e( 12 - 12) =    -13.75641  eV     1   --> A              
     e( 13 - 13) =    -12.00166  eV     1   --> A              
     e( 14 - 14) =    -11.89019  eV     1   --> A              
     e( 15 - 15) =    -11.53242  eV     1   --> A              
     e( 16 - 16) =    -10.33419  eV     1   --> A              
     e( 17 - 17) =    -10.19333  eV     1   --> A              
     e( 18 - 18) =     -9.60138  eV     1   --> A              
     e( 19 - 19) =     -8.45032  eV     1   --> A              
     e( 20 - 20) =     -7.86454  eV     1   --> A              
     e( 21 - 21) =     -6.25222  eV     1   --> A              
     e( 22 - 22) =     -4.57541  eV     1   --> A              
     e( 23 - 23) =     -3.44571  eV     1   --> A              
     e( 24 - 24) =     -3.05488  eV     1   --> A              
     e( 25 - 25) =     -2.21201  eV     1   --> A              
     e( 26 - 26) =     -0.94405  eV     1   --> A              
     e( 27 - 27) =     -0.39506  eV     1   --> A              
     e( 28 - 28) =      2.46802  eV     1   --> A              
     e( 29 - 29) =      3.04190  eV     1   --> A              
     e( 30 - 30) =      4.13167  eV     1   --> A              
     e( 31 - 31) =      4.18952  eV     1   --> A              
     e( 32 - 32) =      5.19634  eV     1   --> A              
     e( 33 - 33) =      5.38912  eV     1   --> A              
     e( 34 - 34) =      6.32144  eV     1   --> A              
     e( 35 - 35) =      6.55654  eV     1   --> A              

 **************************************************************************

 **************************************************************************

                    xk=(   0.37222,   0.50999,   0.00000  )

     Band symmetry, C_1 (1)     point group:

     e(  1 -  1) =    -77.94299  eV     1   --> A              
     e(  2 -  2) =    -49.52088  eV     1   --> A              
     e(  3 -  3) =    -49.39696  eV     1   --> A              
     e(  4 -  4) =    -49.17310  eV     1   --> A              
     e(  5 -  5) =    -21.94086  eV     1   --> A              
     e(  6 -  6) =    -21.92285  eV     1   --> A              
     e(  7 -  7) =    -20.61434  eV     1   --> A              
     e(  8 -  8) =    -20.19887  eV     1   --> A              
     e(  9 -  9) =    -15.30531  eV     1   --> A              
     e( 10 - 10) =    -15.12632  eV     1   --> A              
     e( 11 - 11) =    -13.81439  eV     1   --> A              
     e( 12 - 12) =    -13.68642  eV     1   --> A              
     e( 13 - 13) =    -12.01009  eV     1   --> A              
     e( 14 - 14) =    -11.88474  eV     1   --> A              
     e( 15 - 15) =    -11.56593  eV     1   --> A              
     e( 16 - 16) =    -10.33880  eV     1   --> A              
     e( 17 - 17) =    -10.13943  eV     1   --> A              
     e( 18 - 18) =     -9.58122  eV     1   --> A              
     e( 19 - 19) =     -8.45251  eV     1   --> A              
     e( 20 - 20) =     -7.86995  eV     1   --> A              
     e( 21 - 21) =     -6.26302  eV     1   --> A              
     e( 22 - 22) =     -4.56352  eV     1   --> A              
     e( 23 - 23) =     -3.46142  eV     1   --> A              
     e( 24 - 24) =     -3.04391  eV     1   --> A              
     e( 25 - 25) =     -2.22367  eV     1   --> A              
     e( 26 - 26) =     -0.94927  eV     1   --> A              
     e( 27 - 27) =     -0.40926  eV     1   --> A              
     e( 28 - 28) =      2.47937  eV     1   --> A              
     e( 29 - 29) =      3.06314  eV     1   --> A              
     e( 30 - 30) =      4.13006  eV     1   --> A              
     e( 31 - 31) =      4.18519  eV     1   --> A              
     e( 32 - 32) =      5.11031  eV     1   --> A              
     e( 33 - 33) =      5.33961  eV     1   --> A              
     e( 34 - 34) =      6.33211  eV     1   --> A              
     e( 35 - 35) =      6.58256  eV     1   --> A              

 **************************************************************************

 **************************************************************************

                    xk=(   0.37500,   0.50518,   0.00000  )

     Band symmetry, C_1 (1)     point group:

     e(  1 -  1) =    -77.94315  eV     1   --> A              
     e(  2 -  2) =    -49.52389  eV     1   --> A              
     e(  3 -  3) =    -49.39255  eV     1   --> A              
     e(  4 -  4) =    -49.17332  eV     1   --> A              
     e(  5 -  5) =    -21.95341  eV     1   --> A              
     e(  6 -  6) =    -21.93520  eV     1   --> A              
     e(  7 -  7) =    -20.61849  eV     1   --> A              
     e(  8 -  8) =    -20.20198  eV     1   --> A              
     e(  9 -  9) =    -15.34191  eV     1   --> A              
     e( 10 - 10) =    -15.16394  eV     1   --> A              
     e( 11 - 11) =    -13.74588  eV     1   --> A              
     e( 12 - 12) =    -13.61542  eV     1   --> A              
     e( 13 - 13) =    -12.01933  eV     1   --> A              
     e( 14 - 14) =    -11.87889  eV     1   --> A              
     e( 15 - 15) =    -11.59749  eV     1   --> A              
     e( 16 - 16) =    -10.34700  eV     1   --> A              
     e( 17 - 17) =    -10.08171  eV     1   --> A              
     e( 18 - 18) =     -9.56042  eV     1   --> A              
     e( 19 - 19) =     -8.45472  eV     1   --> A              
     e( 20 - 20) =     -7.87560  eV     1   --> A              
     e( 21 - 21) =     -6.27420  eV     1   --> A              
     e( 22 - 22) =     -4.55126  eV     1   --> A              
     e( 23 - 23) =     -3.47721  eV     1   --> A              
     e( 24 - 24) =     -3.03284  eV     1   --> A              
     e( 25 - 25) =     -2.23606  eV     1   --> A              
     e( 26 - 26) =     -0.95589  eV     1   --> A              
     e( 27 - 27) =     -0.42523  eV     1   --> A              
     e( 28 - 28) =      2.49247  eV     1   --> A              
     e( 29 - 29) =      3.08554  eV     1   --> A              
     e( 30 - 30) =      4.12141  eV     1   --> A              
     e( 31 - 31) =      4.18531  eV     1   --> A              
     e( 32 - 32) =      5.02289  eV     1   --> A              
     e( 33 - 33) =      5.29221  eV     1   --> A              
     e( 34 - 34) =      6.34077  eV     1   --> A              
     e( 35 - 35) =      6.60734  eV     1   --> A              

 **************************************************************************

 **************************************************************************

                    xk=(   0.37778,   0.50037,   0.00000  )

     Band symmetry, C_1 (1)     point group:

     e(  1 -  1) =    -77.94333  eV     1   --> A              
     e(  2 -  2) =    -49.52688  eV     1   --> A              
     e(  3 -  3) =    -49.38808  eV     1   --> A              
     e(  4 -  4) =    -49.17355  eV     1   --> A              
     e(  5 -  5) =    -21.96634  eV     1   --> A              
     e(  6 -  6) =    -21.94793  eV     1   --> A              
     e(  7 -  7) =    -20.62289  eV     1   --> A              
     e(  8 -  8) =    -20.20531  eV     1   --> A              
     e(  9 -  9) =    -15.37796  eV     1   --> A              
     e( 10 - 10) =    -15.20084  eV     1   --> A              
     e( 11 - 11) =    -13.67669  eV     1   --> A              
     e( 12 - 12) =    -13.54354  eV     1   --> A              
     e( 13 - 13) =    -12.02923  eV     1   --> A              
     e( 14 - 14) =    -11.87290  eV     1   --> A              
     e( 15 - 15) =    -11.62687  eV     1   --> A              
     e( 16 - 16) =    -10.35609  eV     1   --> A              
     e( 17 - 17) =    -10.02327  eV     1   --> A              
     e( 18 - 18) =     -9.53868  eV     1   --> A              
     e( 19 - 19) =     -8.45694  eV     1   --> A              
     e( 20 - 20) =     -7.88151  eV     1   --> A              
     e( 21 - 21) =     -6.28570  eV     1   --> A              
     e( 22 - 22) =     -4.53870  eV     1   --> A              
     e( 23 - 23) =     -3.49305  eV     1   --> A              
     e( 24 - 24) =     -3.02163  eV     1   --> A              
     e( 25 - 25) =     -2.24917  eV     1   --> A              
     e( 26 - 26) =     -0.96401  eV     1   --> A              
     e( 27 - 27) =     -0.44305  eV     1   --> A              
     e( 28 - 28) =      2.50726  eV     1   --> A              
     e( 29 - 29) =      3.10892  eV     1   --> A              
     e( 30 - 30) =      4.10574  eV     1   --> A              
     e( 31 - 31) =      4.18973  eV     1   --> A              
     e( 32 - 32) =      4.93447  eV     1   --> A              
     e( 33 - 33) =      5.24739  eV     1   --> A              
     e( 34 - 34) =      6.34735  eV     1   --> A              
     e( 35 - 35) =      6.63082  eV     1   --> A              

 **************************************************************************

 **************************************************************************

                    xk=(   0.38056,   0.49556,   0.00000  )

     Band symmetry, C_1 (1)     point group:

     e(  1 -  1) =    -77.94351  eV     1   --> A              
     e(  2 -  2) =    -49.52986  eV     1   --> A              
     e(  3 -  3) =    -49.38356  eV     1   --> A              
     e(  4 -  4) =    -49.17379  eV     1   --> A              
     e(  5 -  5) =    -21.97957  eV     1   --> A              
     e(  6 -  6) =    -21.96096  eV     1   --> A              
     e(  7 -  7) =    -20.62752  eV     1   --> A              
     e(  8 -  8) =    -20.20885  eV     1   --> A              
     e(  9 -  9) =    -15.41344  eV     1   --> A              
     e( 10 - 10) =    -15.23701  eV     1   --> A              
     e( 11 - 11) =    -13.60705  eV     1   --> A              
     e( 12 - 12) =    -13.47093  eV     1   --> A              
     e( 13 - 13) =    -12.03965  eV     1   --> A              
     e( 14 - 14) =    -11.86702  eV     1   --> A              
     e( 15 - 15) =    -11.65373  eV     1   --> A              
     e( 16 - 16) =    -10.36506  eV     1   --> A              
     e( 17 - 17) =     -9.96559  eV     1   --> A              
     e( 18 - 18) =     -9.51554  eV     1   --> A              
     e( 19 - 19) =     -8.45918  eV     1   --> A              
     e( 20 - 20) =     -7.88764  eV     1   --> A              
     e( 21 - 21) =     -6.29746  eV     1   --> A              
     e( 22 - 22) =     -4.52592  eV     1   --> A              
     e( 23 - 23) =     -3.50892  eV     1   --> A              
     e( 24 - 24) =     -3.01023  eV     1   --> A              
     e( 25 - 25) =     -2.26299  eV     1   --> A              
     e( 26 - 26) =     -0.97367  eV     1   --> A              
     e( 27 - 27) =     -0.46275  eV     1   --> A              
     e( 28 - 28) =      2.52364  eV     1   --> A              
     e( 29 - 29) =      3.13308  eV     1   --> A              
     e( 30 - 30) =      4.08451  eV     1   --> A              
     e( 31 - 31) =      4.19702  eV     1   --> A              
     e( 32 - 32) =      4.84546  eV     1   --> A              
     e( 33 - 33) =      5.20559  eV     1   --> A              
     e( 34 - 34) =      6.35189  eV     1   --> A              
     e( 35 - 35) =      6.65299  eV     1   --> A              

 **************************************************************************

 **************************************************************************

                    xk=(   0.38333,   0.49075,   0.00000  )

     Band symmetry, C_1 (1)     point group:

     e(  1 -  1) =    -77.94370  eV     1   --> A              
     e(  2 -  2) =    -49.53282  eV     1   --> A              
     e(  3 -  3) =    -49.37902  eV     1   --> A              
     e(  4 -  4) =    -49.17403  eV     1   --> A              
     e(  5 -  5) =    -21.99307  eV     1   --> A              
     e(  6 -  6) =    -21.97425  eV     1   --> A              
     e(  7 -  7) =    -20.63238  eV     1   --> A              
     e(  8 -  8) =    -20.21260  eV     1   --> A              
     e(  9 -  9) =    -15.44830  eV     1   --> A              
     e( 10 - 10) =    -15.27246  eV     1   --> A              
     e( 11 - 11) =    -13.53723  eV     1   --> A              
     e( 12 - 12) =    -13.39776  eV     1   --> A              
     e( 13 - 13) =    -12.05046  eV     1   --> A              
     e( 14 - 14) =    -11.86157  eV     1   --> A              
     e( 15 - 15) =    -11.67772  eV     1   --> A              
     e( 16 - 16) =    -10.37349  eV     1   --> A              
     e( 17 - 17) =     -9.90978  eV     1   --> A              
     e( 18 - 18) =     -9.49041  eV     1   --> A              
     e( 19 - 19) =     -8.46142  eV     1   --> A              
     e( 20 - 20) =     -7.89398  eV     1   --> A              
     e( 21 - 21) =     -6.30946  eV     1   --> A              
     e( 22 - 22) =     -4.51297  eV     1   --> A              
     e( 23 - 23) =     -3.52483  eV     1   --> A              
     e( 24 - 24) =     -2.99860  eV     1   --> A              
     e( 25 - 25) =     -2.27752  eV     1   --> A              
     e( 26 - 26) =     -0.98493  eV     1   --> A              
     e( 27 - 27) =     -0.48439  eV     1   --> A              
     e( 28 - 28) =      2.54142  eV     1   --> A              
     e( 29 - 29) =      3.15780  eV     1   --> A              
     e( 30 - 30) =      4.05885  eV     1   --> A              
     e( 31 - 31) =      4.20625  eV     1   --> A              
     e( 32 - 32) =      4.75622  eV     1   --> A              
     e( 33 - 33) =      5.16717  eV     1   --> A              
     e( 34 - 34) =      6.35439  eV     1   --> A              
     e( 35 - 35) =      6.67380  eV     1   --> A              

 **************************************************************************

 **************************************************************************

                    xk=(   0.38611,   0.48594,   0.00000  )

     Band symmetry, C_1 (1)     point group:

     e(  1 -  1) =    -77.94389  eV     1   --> A              
     e(  2 -  2) =    -49.53575  eV     1   --> A              
     e(  3 -  3) =    -49.37446  eV     1   --> A              
     e(  4 -  4) =    -49.17428  eV     1   --> A              
     e(  5 -  5) =    -22.00678  eV     1   --> A              
     e(  6 -  6) =    -21.98776  eV     1   --> A              
     e(  7 -  7) =    -20.63744  eV     1   --> A              
     e(  8 -  8) =    -20.21653  eV     1   --> A              
     e(  9 -  9) =    -15.48252  eV     1   --> A              
     e( 10 - 10) =    -15.30716  eV     1   --> A              
     e( 11 - 11) =    -13.46748  eV     1   --> A              
     e( 12 - 12) =    -13.32423  eV     1   --> A              
     e( 13 - 13) =    -12.06147  eV     1   --> A              
     e( 14 - 14) =    -11.85692  eV     1   --> A              
     e( 15 - 15) =    -11.69839  eV     1   --> A              
     e( 16 - 16) =    -10.38113  eV     1   --> A              
     e( 17 - 17) =     -9.85682  eV     1   --> A              
     e( 18 - 18) =     -9.46255  eV     1   --> A              
     e( 19 - 19) =     -8.46368  eV     1   --> A              
     e( 20 - 20) =     -7.90053  eV     1   --> A              
     e( 21 - 21) =     -6.32165  eV     1   --> A              
     e( 22 - 22) =     -4.49991  eV     1   --> A              
     e( 23 - 23) =     -3.54074  eV     1   --> A              
     e( 24 - 24) =     -2.98668  eV     1   --> A              
     e( 25 - 25) =     -2.29274  eV     1   --> A              
     e( 26 - 26) =     -0.99781  eV     1   --> A              
     e( 27 - 27) =     -0.50798  eV     1   --> A              
     e( 28 - 28) =      2.56035  eV     1   --> A              
     e( 29 - 29) =      3.18282  eV     1   --> A              
     e( 30 - 30) =      4.02954  eV     1   --> A              
     e( 31 - 31) =      4.21703  eV     1   --> A              
     e( 32 - 32) =      4.66715  eV     1   --> A              
     e( 33 - 33) =      5.13234  eV     1   --> A              
     e( 34 - 34) =      6.35493  eV     1   --> A              
     e( 35 - 35) =      6.69323  eV     1   --> A              

 **************************************************************************

 **************************************************************************

                    xk=(   0.38889,   0.48113,   0.00000  )

     Band symmetry, C_1 (1)     point group:

     e(  1 -  1) =    -77.94409  eV     1   --> A              
     e(  2 -  2) =    -49.53865  eV     1   --> A              
     e(  3 -  3) =    -49.36989  eV     1   --> A              
     e(  4 -  4) =    -49.17454  eV     1   --> A              
     e(  5 -  5) =    -22.02066  eV     1   --> A              
     e(  6 -  6) =    -22.00144  eV     1   --> A              
     e(  7 -  7) =    -20.64269  eV     1   --> A              
     e(  8 -  8) =    -20.22064  eV     1   --> A              
     e(  9 -  9) =    -15.51608  eV     1   --> A              
     e( 10 - 10) =    -15.34111  eV     1   --> A              
     e( 11 - 11) =    -13.39814  eV     1   --> A              
     e( 12 - 12) =    -13.25054  eV     1   --> A              
     e( 13 - 13) =    -12.07247  eV     1   --> A              
     e( 14 - 14) =    -11.85351  eV     1   --> A              
     e( 15 - 15) =    -11.71520  eV     1   --> A              
     e( 16 - 16) =    -10.38786  eV     1   --> A              
     e( 17 - 17) =     -9.80772  eV     1   --> A              
     e( 18 - 18) =     -9.43119  eV     1   --> A              
     e( 19 - 19) =     -8.46595  eV     1   --> A              
     e( 20 - 20) =     -7.90729  eV     1   --> A              
     e( 21 - 21) =     -6.33399  eV     1   --> A              
     e( 22 - 22) =     -4.48681  eV     1   --> A              
     e( 23 - 23) =     -3.55665  eV     1   --> A              
     e( 24 - 24) =     -2.97444  eV     1   --> A              
     e( 25 - 25) =     -2.30868  eV     1   --> A              
     e( 26 - 26) =     -1.01235  eV     1   --> A              
     e( 27 - 27) =     -0.53353  eV     1   --> A              
     e( 28 - 28) =      2.58005  eV     1   --> A              
     e( 29 - 29) =      3.20779  eV     1   --> A              
     e( 30 - 30) =      3.99727  eV     1   --> A              
     e( 31 - 31) =      4.22926  eV     1   --> A              
     e( 32 - 32) =      4.57863  eV     1   --> A              
     e( 33 - 33) =      5.10117  eV     1   --> A              
     e( 34 - 34) =      6.35356  eV     1   --> A              
     e( 35 - 35) =      6.71124  eV     1   --> A              

 **************************************************************************

 **************************************************************************

                    xk=(   0.39167,   0.47631,   0.00000  )

     Band symmetry, C_1 (1)     point group:

     e(  1 -  1) =    -77.94430  eV     1   --> A              
     e(  2 -  2) =    -49.54151  eV     1   --> A              
     e(  3 -  3) =    -49.36532  eV     1   --> A              
     e(  4 -  4) =    -49.17481  eV     1   --> A              
     e(  5 -  5) =    -22.03466  eV     1   --> A              
     e(  6 -  6) =    -22.01524  eV     1   --> A              
     e(  7 -  7) =    -20.64812  eV     1   --> A              
     e(  8 -  8) =    -20.22492  eV     1   --> A              
     e(  9 -  9) =    -15.54896  eV     1   --> A              
     e( 10 - 10) =    -15.37432  eV     1   --> A              
     e( 11 - 11) =    -13.32956  eV     1   --> A              
     e( 12 - 12) =    -13.17694  eV     1   --> A              
     e( 13 - 13) =    -12.08314  eV     1   --> A              
     e( 14 - 14) =    -11.85178  eV     1   --> A              
     e( 15 - 15) =    -11.72764  eV     1   --> A              
     e( 16 - 16) =    -10.39359  eV     1   --> A              
     e( 17 - 17) =     -9.76333  eV     1   --> A              
     e( 18 - 18) =     -9.39555  eV     1   --> A              
     e( 19 - 19) =     -8.46823  eV     1   --> A              
     e( 20 - 20) =     -7.91423  eV     1   --> A              
     e( 21 - 21) =     -6.34645  eV     1   --> A              
     e( 22 - 22) =     -4.47372  eV     1   --> A              
     e( 23 - 23) =     -3.57255  eV     1   --> A              
     e( 24 - 24) =     -2.96184  eV     1   --> A              
     e( 25 - 25) =     -2.32534  eV     1   --> A              
     e( 26 - 26) =     -1.02854  eV     1   --> A              
     e( 27 - 27) =     -0.56099  eV     1   --> A              
     e( 28 - 28) =      2.60005  eV     1   --> A              
     e( 29 - 29) =      3.23237  eV     1   --> A              
     e( 30 - 30) =      3.96283  eV     1   --> A              
     e( 31 - 31) =      4.24301  eV     1   --> A              
     e( 32 - 32) =      4.49112  eV     1   --> A              
     e( 33 - 33) =      5.07364  eV     1   --> A              
     e( 34 - 34) =      6.35040  eV     1   --> A              
     e( 35 - 35) =      6.72784  eV     1   --> A              

 **************************************************************************

 **************************************************************************

                    xk=(   0.39444,   0.47150,   0.00000  )

     Band symmetry, C_1 (1)     point group:

     e(  1 -  1) =    -77.94450  eV     1   --> A              
     e(  2 -  2) =    -49.54433  eV     1   --> A              
     e(  3 -  3) =    -49.36075  eV     1   --> A              
     e(  4 -  4) =    -49.17508  eV     1   --> A              
     e(  5 -  5) =    -22.04873  eV     1   --> A              
     e(  6 -  6) =    -22.02912  eV     1   --> A              
     e(  7 -  7) =    -20.65370  eV     1   --> A              
     e(  8 -  8) =    -20.22935  eV     1   --> A              
     e(  9 -  9) =    -15.58114  eV     1   --> A              
     e( 10 - 10) =    -15.40676  eV     1   --> A              
     e( 11 - 11) =    -13.26216  eV     1   --> A              
     e( 12 - 12) =    -13.10375  eV     1   --> A              
     e( 13 - 13) =    -12.09310  eV     1   --> A              
     e( 14 - 14) =    -11.85196  eV     1   --> A              
     e( 15 - 15) =    -11.73538  eV     1   --> A              
     e( 16 - 16) =    -10.39827  eV     1   --> A              
     e( 17 - 17) =     -9.72427  eV     1   --> A              
     e( 18 - 18) =     -9.35516  eV     1   --> A              
     e( 19 - 19) =     -8.47053  eV     1   --> A              
     e( 20 - 20) =     -7.92136  eV     1   --> A              
     e( 21 - 21) =     -6.35901  eV     1   --> A              
     e( 22 - 22) =     -4.46069  eV     1   --> A              
     e( 23 - 23) =     -3.58842  eV     1   --> A              
     e( 24 - 24) =     -2.94883  eV     1   --> A              
     e( 25 - 25) =     -2.34270  eV     1   --> A              
     e( 26 - 26) =     -1.04639  eV     1   --> A              
     e( 27 - 27) =     -0.59033  eV     1   --> A              
     e( 28 - 28) =      2.61976  eV     1   --> A              
     e( 29 - 29) =      3.25612  eV     1   --> A              
     e( 30 - 30) =      3.92716  eV     1   --> A              
     e( 31 - 31) =      4.25836  eV     1   --> A              
     e( 32 - 32) =      4.40511  eV     1   --> A              
     e( 33 - 33) =      5.04957  eV     1   --> A              
     e( 34 - 34) =      6.34553  eV     1   --> A              
     e( 35 - 35) =      6.74299  eV     1   --> A              

 **************************************************************************

 **************************************************************************

                    xk=(   0.39722,   0.46669,   0.00000  )

     Band symmetry, C_1 (1)     point group:

     e(  1 -  1) =    -77.94471  eV     1   --> A              
     e(  2 -  2) =    -49.54711  eV     1   --> A              
     e(  3 -  3) =    -49.35621  eV     1   --> A              
     e(  4 -  4) =    -49.17535  eV     1   --> A              
     e(  5 -  5) =    -22.06285  eV     1   --> A              
     e(  6 -  6) =    -22.04304  eV     1   --> A              
     e(  7 -  7) =    -20.65942  eV     1   --> A              
     e(  8 -  8) =    -20.23391  eV     1   --> A              
     e(  9 -  9) =    -15.61261  eV     1   --> A              
     e( 10 - 10) =    -15.43843  eV     1   --> A              
     e( 11 - 11) =    -13.19641  eV     1   --> A              
     e( 12 - 12) =    -13.03130  eV     1   --> A              
     e( 13 - 13) =    -12.10183  eV     1   --> A              
     e( 14 - 14) =    -11.85385  eV     1   --> A              
     e( 15 - 15) =    -11.73850  eV     1   --> A              
     e( 16 - 16) =    -10.40186  eV     1   --> A              
     e( 17 - 17) =     -9.69067  eV     1   --> A              
     e( 18 - 18) =     -9.30994  eV     1   --> A              
     e( 19 - 19) =     -8.47284  eV     1   --> A              
     e( 20 - 20) =     -7.92867  eV     1   --> A              
     e( 21 - 21) =     -6.37163  eV     1   --> A              
     e( 22 - 22) =     -4.44777  eV     1   --> A              
     e( 23 - 23) =     -3.60426  eV     1   --> A              
     e( 24 - 24) =     -2.93540  eV     1   --> A              
     e( 25 - 25) =     -2.36080  eV     1   --> A              
     e( 26 - 26) =     -1.06589  eV     1   --> A              
     e( 27 - 27) =     -0.62146  eV     1   --> A              
     e( 28 - 28) =      2.63845  eV     1   --> A              
     e( 29 - 29) =      3.27853  eV     1   --> A              
     e( 30 - 30) =      3.89132  eV     1   --> A              
     e( 31 - 31) =      4.27509  eV     1   --> A              
     e( 32 - 32) =      4.32155  eV     1   --> A              
     e( 33 - 33) =      5.02875  eV     1   --> A              
     e( 34 - 34) =      6.33908  eV     1   --> A              
     e( 35 - 35) =      6.75671  eV     1   --> A              

 **************************************************************************

 **************************************************************************

                    xk=(   0.40000,   0.46188,   0.00000  )

     Band symmetry, C_1 (1)     point group:

     e(  1 -  1) =    -77.94493  eV     1   --> A              
     e(  2 -  2) =    -49.54983  eV     1   --> A              
     e(  3 -  3) =    -49.35169  eV     1   --> A              
     e(  4 -  4) =    -49.17563  eV     1   --> A              
     e(  5 -  5) =    -22.07696  eV     1   --> A              
     e(  6 -  6) =    -22.05696  eV     1   --> A              
     e(  7 -  7) =    -20.66526  eV     1   --> A              
     e(  8 -  8) =    -20.23860  eV     1   --> A              
     e(  9 -  9) =    -15.64335  eV     1   --> A              
     e( 10 - 10) =    -15.46933  eV     1   --> A              
     e( 11 - 11) =    -13.13290  eV     1   --> A              
     e( 12 - 12) =    -12.96004  eV     1   --> A              
     e( 13 - 13) =    -12.10869  eV     1   --> A              
     e( 14 - 14) =    -11.85679  eV     1   --> A              
     e( 15 - 15) =    -11.73753  eV     1   --> A              
     e( 16 - 16) =    -10.40435  eV     1   --> A              
     e( 17 - 17) =     -9.66225  eV     1   --> A              
     e( 18 - 18) =     -9.26028  eV     1   --> A              
     e( 19 - 19) =     -8.47517  eV     1   --> A              
     e( 20 - 20) =     -7.93615  eV     1   --> A              
     e( 21 - 21) =     -6.38431  eV     1   --> A              
     e( 22 - 22) =     -4.43500  eV     1   --> A              
     e( 23 - 23) =     -3.62003  eV     1   --> A              
     e( 24 - 24) =     -2.92152  eV     1   --> A              
     e( 25 - 25) =     -2.37962  eV     1   --> A              
     e( 26 - 26) =     -1.08703  eV     1   --> A              
     e( 27 - 27) =     -0.65428  eV     1   --> A              
     e( 28 - 28) =      2.65525  eV     1   --> A              
     e( 29 - 29) =      3.29897  eV     1   --> A              
     e( 30 - 30) =      3.85650  eV     1   --> A              
     e( 31 - 31) =      4.23874  eV     1   --> A              
     e( 32 - 32) =      4.29576  eV     1   --> A              
     e( 33 - 33) =      5.01088  eV     1   --> A              
     e( 34 - 34) =      6.33118  eV     1   --> A              
     e( 35 - 35) =      6.76898  eV     1   --> A              

 **************************************************************************

 **************************************************************************

                    xk=(   0.40278,   0.45707,   0.00000  )

     Band symmetry, C_1 (1)     point group:

     e(  1 -  1) =    -77.94514  eV     1   --> A              
     e(  2 -  2) =    -49.55251  eV     1   --> A              
     e(  3 -  3) =    -49.34720  eV     1   --> A              
     e(  4 -  4) =    -49.17590  eV     1   --> A              
     e(  5 -  5) =    -22.09104  eV     1   --> A              
     e(  6 -  6) =    -22.07085  eV     1   --> A              
     e(  7 -  7) =    -20.67120  eV     1   --> A              
     e(  8 -  8) =    -20.24339  eV     1   --> A              
     e(  9 -  9) =    -15.67336  eV     1   --> A              
     e( 10 - 10) =    -15.49945  eV     1   --> A              
     e( 11 - 11) =    -13.07227  eV     1   --> A              
     e( 12 - 12) =    -12.89046  eV     1   --> A              
     e( 13 - 13) =    -12.11289  eV     1   --> A              
     e( 14 - 14) =    -11.85989  eV     1   --> A              
     e( 15 - 15) =    -11.73321  eV     1   --> A              
     e( 16 - 16) =    -10.40574  eV     1   --> A              
     e( 17 - 17) =     -9.63837  eV     1   --> A              
     e( 18 - 18) =     -9.20688  eV     1   --> A              
     e( 19 - 19) =     -8.47752  eV     1   --> A              
     e( 20 - 20) =     -7.94379  eV     1   --> A              
     e( 21 - 21) =     -6.39704  eV     1   --> A              
     e( 22 - 22) =     -4.42242  eV     1   --> A              
     e( 23 - 23) =     -3.63574  eV     1   --> A              
     e( 24 - 24) =     -2.90717  eV     1   --> A              
     e( 25 - 25) =     -2.39917  eV     1   --> A              
     e( 26 - 26) =     -1.10980  eV     1   --> A              
     e( 27 - 27) =     -0.68867  eV     1   --> A              
     e( 28 - 28) =      2.66920  eV     1   --> A              
     e( 29 - 29) =      3.31666  eV     1   --> A              
     e( 30 - 30) =      3.82389  eV     1   --> A              
     e( 31 - 31) =      4.16135  eV     1   --> A              
     e( 32 - 32) =      4.31678  eV     1   --> A              
     e( 33 - 33) =      4.99566  eV     1   --> A              
     e( 34 - 34) =      6.32194  eV     1   --> A              
     e( 35 - 35) =      6.77980  eV     1   --> A              

 **************************************************************************

 **************************************************************************

                    xk=(   0.40556,   0.45226,   0.00000  )

     Band symmetry, C_1 (1)     point group:

     e(  1 -  1) =    -77.94536  eV     1   --> A              
     e(  2 -  2) =    -49.55514  eV     1   --> A              
     e(  3 -  3) =    -49.34274  eV     1   --> A              
     e(  4 -  4) =    -49.17619  eV     1   --> A              
     e(  5 -  5) =    -22.10504  eV     1   --> A              
     e(  6 -  6) =    -22.08468  eV     1   --> A              
     e(  7 -  7) =    -20.67723  eV     1   --> A              
     e(  8 -  8) =    -20.24827  eV     1   --> A              
     e(  9 -  9) =    -15.70262  eV     1   --> A              
     e( 10 - 10) =    -15.52878  eV     1   --> A              
     e( 11 - 11) =    -13.01529  eV     1   --> A              
     e( 12 - 12) =    -12.82318  eV     1   --> A              
     e( 13 - 13) =    -12.11351  eV     1   --> A              
     e( 14 - 14) =    -11.86233  eV     1   --> A              
     e( 15 - 15) =    -11.72615  eV     1   --> A              
     e( 16 - 16) =    -10.40604  eV     1   --> A              
     e( 17 - 17) =     -9.61828  eV     1   --> A              
     e( 18 - 18) =     -9.15055  eV     1   --> A              
     e( 19 - 19) =     -8.47986  eV     1   --> A              
     e( 20 - 20) =     -7.95157  eV     1   --> A              
     e( 21 - 21) =     -6.40979  eV     1   --> A              
     e( 22 - 22) =     -4.41008  eV     1   --> A              
     e( 23 - 23) =     -3.65136  eV     1   --> A              
     e( 24 - 24) =     -2.89237  eV     1   --> A              
     e( 25 - 25) =     -2.41945  eV     1   --> A              
     e( 26 - 26) =     -1.13417  eV     1   --> A              
     e( 27 - 27) =     -0.72447  eV     1   --> A              
     e( 28 - 28) =      2.67925  eV     1   --> A              
     e( 29 - 29) =      3.33070  eV     1   --> A              
     e( 30 - 30) =      3.79455  eV     1   --> A              
     e( 31 - 31) =      4.08855  eV     1   --> A              
     e( 32 - 32) =      4.34041  eV     1   --> A              
     e( 33 - 33) =      4.98280  eV     1   --> A              
     e( 34 - 34) =      6.31149  eV     1   --> A              
     e( 35 - 35) =      6.78918  eV     1   --> A              

 **************************************************************************

 **************************************************************************

                    xk=(   0.40833,   0.44745,   0.00000  )

     Band symmetry, C_1 (1)     point group:

     e(  1 -  1) =    -77.94557  eV     1   --> A              
     e(  2 -  2) =    -49.55771  eV     1   --> A              
     e(  3 -  3) =    -49.33834  eV     1   --> A              
     e(  4 -  4) =    -49.17647  eV     1   --> A              
     e(  5 -  5) =    -22.11894  eV     1   --> A              
     e(  6 -  6) =    -22.09840  eV     1   --> A              
     e(  7 -  7) =    -20.68332  eV     1   --> A              
     e(  8 -  8) =    -20.25322  eV     1   --> A              
     e(  9 -  9) =    -15.73112  eV     1   --> A              
     e( 10 - 10) =    -15.55733  eV     1   --> A              
     e( 11 - 11) =    -12.96279  eV     1   --> A              
     e( 12 - 12) =    -12.75890  eV     1   --> A              
     e( 13 - 13) =    -12.10951  eV     1   --> A              
     e( 14 - 14) =    -11.86344  eV     1   --> A              
     e( 15 - 15) =    -11.71669  eV     1   --> A              
     e( 16 - 16) =    -10.40527  eV     1   --> A              
     e( 17 - 17) =     -9.60126  eV     1   --> A              
     e( 18 - 18) =     -9.09210  eV     1   --> A              
     e( 19 - 19) =     -8.48219  eV     1   --> A              
     e( 20 - 20) =     -7.95948  eV     1   --> A              
     e( 21 - 21) =     -6.42256  eV     1   --> A              
     e( 22 - 22) =     -4.39800  eV     1   --> A              
     e( 23 - 23) =     -3.66688  eV     1   --> A              
     e( 24 - 24) =     -2.87711  eV     1   --> A              
     e( 25 - 25) =     -2.44046  eV     1   --> A              
     e( 26 - 26) =     -1.16012  eV     1   --> A              
     e( 27 - 27) =     -0.76149  eV     1   --> A              
     e( 28 - 28) =      2.68436  eV     1   --> A              
     e( 29 - 29) =      3.33997  eV     1   --> A              
     e( 30 - 30) =      3.76906  eV     1   --> A              
     e( 31 - 31) =      4.02247  eV     1   --> A              
     e( 32 - 32) =      4.36652  eV     1   --> A              
     e( 33 - 33) =      4.97207  eV     1   --> A              
     e( 34 - 34) =      6.29997  eV     1   --> A              
     e( 35 - 35) =      6.79714  eV     1   --> A              

 **************************************************************************

 **************************************************************************

                    xk=(   0.41111,   0.44264,   0.00000  )

     Band symmetry, C_1 (1)     point group:

     e(  1 -  1) =    -77.94579  eV     1   --> A              
     e(  2 -  2) =    -49.56022  eV     1   --> A              
     e(  3 -  3) =    -49.33399  eV     1   --> A              
     e(  4 -  4) =    -49.17675  eV     1   --> A              
     e(  5 -  5) =    -22.13271  eV     1   --> A              
     e(  6 -  6) =    -22.11200  eV     1   --> A              
     e(  7 -  7) =    -20.68945  eV     1   --> A              
     e(  8 -  8) =    -20.25824  eV     1   --> A              
     e(  9 -  9) =    -15.75885  eV     1   --> A              
     e( 10 - 10) =    -15.58508  eV     1   --> A              
     e( 11 - 11) =    -12.91567  eV     1   --> A              
     e( 12 - 12) =    -12.69836  eV     1   --> A              
     e( 13 - 13) =    -12.09989  eV     1   --> A              
     e( 14 - 14) =    -11.86275  eV     1   --> A              
     e( 15 - 15) =    -11.70495  eV     1   --> A              
     e( 16 - 16) =    -10.40346  eV     1   --> A              
     e( 17 - 17) =     -9.58668  eV     1   --> A              
     e( 18 - 18) =     -9.03226  eV     1   --> A              
     e( 19 - 19) =     -8.48446  eV     1   --> A              
     e( 20 - 20) =     -7.96749  eV     1   --> A              
     e( 21 - 21) =     -6.43535  eV     1   --> A              
     e( 22 - 22) =     -4.38623  eV     1   --> A              
     e( 23 - 23) =     -3.68227  eV     1   --> A              
     e( 24 - 24) =     -2.86141  eV     1   --> A              
     e( 25 - 25) =     -2.46219  eV     1   --> A              
     e( 26 - 26) =     -1.18765  eV     1   --> A              
     e( 27 - 27) =     -0.79954  eV     1   --> A              
     e( 28 - 28) =      2.68361  eV     1   --> A              
     e( 29 - 29) =      3.34327  eV     1   --> A              
     e( 30 - 30) =      3.74702  eV     1   --> A              
     e( 31 - 31) =      3.96596  eV     1   --> A              
     e( 32 - 32) =      4.39514  eV     1   --> A              
     e( 33 - 33) =      4.96323  eV     1   --> A              
     e( 34 - 34) =      6.28749  eV     1   --> A              
     e( 35 - 35) =      6.80368  eV     1   --> A              

 **************************************************************************

 **************************************************************************

                    xk=(   0.41389,   0.43782,   0.00000  )

     Band symmetry, C_1 (1)     point group:

     e(  1 -  1) =    -77.94601  eV     1   --> A              
     e(  2 -  2) =    -49.56267  eV     1   --> A              
     e(  3 -  3) =    -49.32970  eV     1   --> A              
     e(  4 -  4) =    -49.17703  eV     1   --> A              
     e(  5 -  5) =    -22.14630  eV     1   --> A              
     e(  6 -  6) =    -22.12543  eV     1   --> A              
     e(  7 -  7) =    -20.69561  eV     1   --> A              
     e(  8 -  8) =    -20.26329  eV     1   --> A              
     e(  9 -  9) =    -15.78581  eV     1   --> A              
     e( 10 - 10) =    -15.61203  eV     1   --> A              
     e( 11 - 11) =    -12.87475  eV     1   --> A              
     e( 12 - 12) =    -12.64230  eV     1   --> A              
     e( 13 - 13) =    -12.08381  eV     1   --> A              
     e( 14 - 14) =    -11.85986  eV     1   --> A              
     e( 15 - 15) =    -11.69081  eV     1   --> A              
     e( 16 - 16) =    -10.40065  eV     1   --> A              
     e( 17 - 17) =     -9.57401  eV     1   --> A              
     e( 18 - 18) =     -8.97169  eV     1   --> A              
     e( 19 - 19) =     -8.48662  eV     1   --> A              
     e( 20 - 20) =     -7.97558  eV     1   --> A              
     e( 21 - 21) =     -6.44816  eV     1   --> A              
     e( 22 - 22) =     -4.37478  eV     1   --> A              
     e( 23 - 23) =     -3.69752  eV     1   --> A              
     e( 24 - 24) =     -2.84533  eV     1   --> A              
     e( 25 - 25) =     -2.48461  eV     1   --> A              
     e( 26 - 26) =     -1.21673  eV     1   --> A              
     e( 27 - 27) =     -0.83839  eV     1   --> A              
     e( 28 - 28) =      2.67635  eV     1   --> A              
     e( 29 - 29) =      3.33933  eV     1   --> A              
     e( 30 - 30) =      3.72673  eV     1   --> A              
     e( 31 - 31) =      3.92292  eV     1   --> A              
     e( 32 - 32) =      4.42628  eV     1   --> A              
     e( 33 - 33) =      4.95615  eV     1   --> A              
     e( 34 - 34) =      6.27417  eV     1   --> A              
     e( 35 - 35) =      6.80884  eV     1   --> A              

 **************************************************************************

 **************************************************************************

                    xk=(   0.41667,   0.43301,   0.00000  )

     Band symmetry, C_1 (1)     point group:

     e(  1 -  1) =    -77.94622  eV     1   --> A              
     e(  2 -  2) =    -49.56507  eV     1   --> A              
     e(  3 -  3) =    -49.32548  eV     1   --> A              
     e(  4 -  4) =    -49.17731  eV     1   --> A              
     e(  5 -  5) =    -22.15971  eV     1   --> A              
     e(  6 -  6) =    -22.13867  eV     1   --> A              
     e(  7 -  7) =    -20.70178  eV     1   --> A              
     e(  8 -  8) =    -20.26837  eV     1   --> A              
     e(  9 -  9) =    -15.81198  eV     1   --> A              
     e( 10 - 10) =    -15.63817  eV     1   --> A              
     e( 11 - 11) =    -12.84068  eV     1   --> A              
     e( 12 - 12) =    -12.59133  eV     1   --> A              
     e( 13 - 13) =    -12.06091  eV     1   --> A              
     e( 14 - 14) =    -11.85439  eV     1   --> A              
     e( 15 - 15) =    -11.67397  eV     1   --> A              
     e( 16 - 16) =    -10.39691  eV     1   --> A              
     e( 17 - 17) =     -9.56285  eV     1   --> A              
     e( 18 - 18) =     -8.91094  eV     1   --> A              
     e( 19 - 19) =     -8.48858  eV     1   --> A              
     e( 20 - 20) =     -7.98368  eV     1   --> A              
     e( 21 - 21) =     -6.46099  eV     1   --> A              
     e( 22 - 22) =     -4.36369  eV     1   --> A              
     e( 23 - 23) =     -3.71261  eV     1   --> A              
     e( 24 - 24) =     -2.82891  eV     1   --> A              
     e( 25 - 25) =     -2.50767  eV     1   --> A              
     e( 26 - 26) =     -1.24733  eV     1   --> A              
     e( 27 - 27) =     -0.87781  eV     1   --> A              
     e( 28 - 28) =      2.66227  eV     1   --> A              
     e( 29 - 29) =      3.32703  eV     1   --> A              
     e( 30 - 30) =      3.70597  eV     1   --> A              
     e( 31 - 31) =      3.89718  eV     1   --> A              
     e( 32 - 32) =      4.45992  eV     1   --> A              
     e( 33 - 33) =      4.95074  eV     1   --> A              
     e( 34 - 34) =      6.26013  eV     1   --> A              
     e( 35 - 35) =      6.81261  eV     1   --> A              

 **************************************************************************

 **************************************************************************

                    xk=(   0.41944,   0.42820,   0.00000  )

     Band symmetry, C_1 (1)     point group:

     e(  1 -  1) =    -77.94644  eV     1   --> A              
     e(  2 -  2) =    -49.56740  eV     1   --> A              
     e(  3 -  3) =    -49.32133  eV     1   --> A              
     e(  4 -  4) =    -49.17759  eV     1   --> A              
     e(  5 -  5) =    -22.17289  eV     1   --> A              
     e(  6 -  6) =    -22.15170  eV     1   --> A              
     e(  7 -  7) =    -20.70793  eV     1   --> A              
     e(  8 -  8) =    -20.27345  eV     1   --> A              
     e(  9 -  9) =    -15.83736  eV     1   --> A              
     e( 10 - 10) =    -15.66350  eV     1   --> A              
     e( 11 - 11) =    -12.81379  eV     1   --> A              
     e( 12 - 12) =    -12.54582  eV     1   --> A              
     e( 13 - 13) =    -12.03168  eV     1   --> A              
     e( 14 - 14) =    -11.84578  eV     1   --> A              
     e( 15 - 15) =    -11.65404  eV     1   --> A              
     e( 16 - 16) =    -10.39227  eV     1   --> A              
     e( 17 - 17) =     -9.55286  eV     1   --> A              
     e( 18 - 18) =     -8.85060  eV     1   --> A              
     e( 19 - 19) =     -8.49017  eV     1   --> A              
     e( 20 - 20) =     -7.99174  eV     1   --> A              
     e( 21 - 21) =     -6.47385  eV     1   --> A              
     e( 22 - 22) =     -4.35297  eV     1   --> A              
     e( 23 - 23) =     -3.72753  eV     1   --> A              
     e( 24 - 24) =     -2.81226  eV     1   --> A              
     e( 25 - 25) =     -2.53131  eV     1   --> A              
     e( 26 - 26) =     -1.27943  eV     1   --> A              
     e( 27 - 27) =     -0.91752  eV     1   --> A              
     e( 28 - 28) =      2.64151  eV     1   --> A              
     e( 29 - 29) =      3.30569  eV     1   --> A              
     e( 30 - 30) =      3.68439  eV     1   --> A              
     e( 31 - 31) =      3.88989  eV     1   --> A              
     e( 32 - 32) =      4.49596  eV     1   --> A              
     e( 33 - 33) =      4.94701  eV     1   --> A              
     e( 34 - 34) =      6.24548  eV     1   --> A              
     e( 35 - 35) =      6.81501  eV     1   --> A              

 **************************************************************************

 **************************************************************************

                    xk=(   0.42222,   0.42339,   0.00000  )

     Band symmetry, C_1 (1)     point group:

     e(  1 -  1) =    -77.94665  eV     1   --> A              
     e(  2 -  2) =    -49.56966  eV     1   --> A              
     e(  3 -  3) =    -49.31725  eV     1   --> A              
     e(  4 -  4) =    -49.17787  eV     1   --> A              
     e(  5 -  5) =    -22.18583  eV     1   --> A              
     e(  6 -  6) =    -22.16450  eV     1   --> A              
     e(  7 -  7) =    -20.71406  eV     1   --> A              
     e(  8 -  8) =    -20.27853  eV     1   --> A              
     e(  9 -  9) =    -15.86194  eV     1   --> A              
     e( 10 - 10) =    -15.68801  eV     1   --> A              
     e( 11 - 11) =    -12.79398  eV     1   --> A              
     e( 12 - 12) =    -12.50585  eV     1   --> A              
     e( 13 - 13) =    -11.99780  eV     1   --> A              
     e( 14 - 14) =    -11.83301  eV     1   --> A              
     e( 15 - 15) =    -11.63060  eV     1   --> A              
     e( 16 - 16) =    -10.38684  eV     1   --> A              
     e( 17 - 17) =     -9.54379  eV     1   --> A              
     e( 18 - 18) =     -8.79134  eV     1   --> A              
     e( 19 - 19) =     -8.49111  eV     1   --> A              
     e( 20 - 20) =     -7.99967  eV     1   --> A              
     e( 21 - 21) =     -6.48675  eV     1   --> A              
     e( 22 - 22) =     -4.34266  eV     1   --> A              
     e( 23 - 23) =     -3.74224  eV     1   --> A              
     e( 24 - 24) =     -2.79553  eV     1   --> A              
     e( 25 - 25) =     -2.55541  eV     1   --> A              
     e( 26 - 26) =     -1.31300  eV     1   --> A              
     e( 27 - 27) =     -0.95730  eV     1   --> A              
     e( 28 - 28) =      2.61454  eV     1   --> A              
     e( 29 - 29) =      3.27536  eV     1   --> A              
     e( 30 - 30) =      3.66414  eV     1   --> A              
     e( 31 - 31) =      3.89845  eV     1   --> A              
     e( 32 - 32) =      4.53422  eV     1   --> A              
     e( 33 - 33) =      4.94500  eV     1   --> A              
     e( 34 - 34) =      6.23031  eV     1   --> A              
     e( 35 - 35) =      6.81606  eV     1   --> A              

 **************************************************************************

 **************************************************************************

                    xk=(   0.42500,   0.41858,   0.00000  )

     Band symmetry, C_1 (1)     point group:

     e(  1 -  1) =    -77.94686  eV     1   --> A              
     e(  2 -  2) =    -49.57186  eV     1   --> A              
     e(  3 -  3) =    -49.31327  eV     1   --> A              
     e(  4 -  4) =    -49.17814  eV     1   --> A              
     e(  5 -  5) =    -22.19850  eV     1   --> A              
     e(  6 -  6) =    -22.17703  eV     1   --> A              
     e(  7 -  7) =    -20.72014  eV     1   --> A              
     e(  8 -  8) =    -20.28358  eV     1   --> A              
     e(  9 -  9) =    -15.88571  eV     1   --> A              
     e( 10 - 10) =    -15.71171  eV     1   --> A              
     e( 11 - 11) =    -12.78075  eV     1   --> A              
     e( 12 - 12) =    -12.47128  eV     1   --> A              
     e( 13 - 13) =    -11.96250  eV     1   --> A              
     e( 14 - 14) =    -11.81416  eV     1   --> A              
     e( 15 - 15) =    -11.60325  eV     1   --> A              
     e( 16 - 16) =    -10.38066  eV     1   --> A              
     e( 17 - 17) =     -9.53541  eV     1   --> A              
     e( 18 - 18) =     -8.73404  eV     1   --> A              
     e( 19 - 19) =     -8.49086  eV     1   --> A              
     e( 20 - 20) =     -8.00735  eV     1   --> A              
     e( 21 - 21) =     -6.49969  eV     1   --> A              
     e( 22 - 22) =     -4.33275  eV     1   --> A              
     e( 23 - 23) =     -3.75674  eV     1   --> A              
     e( 24 - 24) =     -2.77896  eV     1   --> A              
     e( 25 - 25) =     -2.57975  eV     1   --> A              
     e( 26 - 26) =     -1.34796  eV     1   --> A              
     e( 27 - 27) =     -0.99686  eV     1   --> A              
     e( 28 - 28) =      2.58216  eV     1   --> A              
     e( 29 - 29) =      3.23709  eV     1   --> A              
     e( 30 - 30) =      3.64740  eV     1   --> A              
     e( 31 - 31) =      3.91896  eV     1   --> A              
     e( 32 - 32) =      4.57450  eV     1   --> A              
     e( 33 - 33) =      4.94491  eV     1   --> A              
     e( 34 - 34) =      6.21474  eV     1   --> A              
     e( 35 - 35) =      6.81578  eV     1   --> A              

 **************************************************************************

 **************************************************************************

                    xk=(   0.42778,   0.41377,   0.00000  )

     Band symmetry, C_1 (1)     point group:

     e(  1 -  1) =    -77.94707  eV     1   --> A              
     e(  2 -  2) =    -49.57399  eV     1   --> A              
     e(  3 -  3) =    -49.30937  eV     1   --> A              
     e(  4 -  4) =    -49.17841  eV     1   --> A              
     e(  5 -  5) =    -22.21088  eV     1   --> A              
     e(  6 -  6) =    -22.18927  eV     1   --> A              
     e(  7 -  7) =    -20.72616  eV     1   --> A              
     e(  8 -  8) =    -20.28860  eV     1   --> A              
     e(  9 -  9) =    -15.90866  eV     1   --> A              
     e( 10 - 10) =    -15.73458  eV     1   --> A              
     e( 11 - 11) =    -12.77329  eV     1   --> A              
     e( 12 - 12) =    -12.44180  eV     1   --> A              
     e( 13 - 13) =    -11.93024  eV     1   --> A              
     e( 14 - 14) =    -11.78634  eV     1   --> A              
     e( 15 - 15) =    -11.57176  eV     1   --> A              
     e( 16 - 16) =    -10.37384  eV     1   --> A              
     e( 17 - 17) =     -9.52756  eV     1   --> A              
     e( 18 - 18) =     -8.68015  eV     1   --> A              
     e( 19 - 19) =     -8.48832  eV     1   --> A              
     e( 20 - 20) =     -8.01462  eV     1   --> A              
     e( 21 - 21) =     -6.51269  eV     1   --> A              
     e( 22 - 22) =     -4.32328  eV     1   --> A              
     e( 23 - 23) =     -3.77101  eV     1   --> A              
     e( 24 - 24) =     -2.76301  eV     1   --> A              
     e( 25 - 25) =     -2.60389  eV     1   --> A              
     e( 26 - 26) =     -1.38425  eV     1   --> A              
     e( 27 - 27) =     -1.03598  eV     1   --> A              
     e( 28 - 28) =      2.54529  eV     1   --> A              
     e( 29 - 29) =      3.19261  eV     1   --> A              
     e( 30 - 30) =      3.63485  eV     1   --> A              
     e( 31 - 31) =      3.94809  eV     1   --> A              
     e( 32 - 32) =      4.61648  eV     1   --> A              
     e( 33 - 33) =      4.94701  eV     1   --> A              
     e( 34 - 34) =      6.19886  eV     1   --> A              
     e( 35 - 35) =      6.81417  eV     1   --> A              

 **************************************************************************

 **************************************************************************

                    xk=(   0.43056,   0.40896,   0.00000  )

     Band symmetry, C_1 (1)     point group:

     e(  1 -  1) =    -77.94727  eV     1   --> A              
     e(  2 -  2) =    -49.57605  eV     1   --> A              
     e(  3 -  3) =    -49.30558  eV     1   --> A              
     e(  4 -  4) =    -49.17867  eV     1   --> A              
     e(  5 -  5) =    -22.22295  eV     1   --> A              
     e(  6 -  6) =    -22.20121  eV     1   --> A              
     e(  7 -  7) =    -20.73210  eV     1   --> A              
     e(  8 -  8) =    -20.29356  eV     1   --> A              
     e(  9 -  9) =    -15.93080  eV     1   --> A              
     e( 10 - 10) =    -15.75662  eV     1   --> A              
     e( 11 - 11) =    -12.77065  eV     1   --> A              
     e( 12 - 12) =    -12.41697  eV     1   --> A              
     e( 13 - 13) =    -11.90470  eV     1   --> A              
     e( 14 - 14) =    -11.74753  eV     1   --> A              
     e( 15 - 15) =    -11.53610  eV     1   --> A              
     e( 16 - 16) =    -10.36644  eV     1   --> A              
     e( 17 - 17) =     -9.52009  eV     1   --> A              
     e( 18 - 18) =     -8.63236  eV     1   --> A              
     e( 19 - 19) =     -8.48120  eV     1   --> A              
     e( 20 - 20) =     -8.02123  eV     1   --> A              
     e( 21 - 21) =     -6.52577  eV     1   --> A              
     e( 22 - 22) =     -4.31424  eV     1   --> A              
     e( 23 - 23) =     -3.78502  eV     1   --> A              
     e( 24 - 24) =     -2.74867  eV     1   --> A              
     e( 25 - 25) =     -2.62689  eV     1   --> A              
     e( 26 - 26) =     -1.42174  eV     1   --> A              
     e( 27 - 27) =     -1.07442  eV     1   --> A              
     e( 28 - 28) =      2.50490  eV     1   --> A              
     e( 29 - 29) =      3.14390  eV     1   --> A              
     e( 30 - 30) =      3.62603  eV     1   --> A              
     e( 31 - 31) =      3.98335  eV     1   --> A              
     e( 32 - 32) =      4.65977  eV     1   --> A              
     e( 33 - 33) =      4.95173  eV     1   --> A              
     e( 34 - 34) =      6.18276  eV     1   --> A              
     e( 35 - 35) =      6.81125  eV     1   --> A              

 **************************************************************************

 **************************************************************************

                    xk=(   0.43333,   0.40415,   0.00000  )

     Band symmetry, C_1 (1)     point group:

     e(  1 -  1) =    -77.94747  eV     1   --> A              
     e(  2 -  2) =    -49.57805  eV     1   --> A              
     e(  3 -  3) =    -49.30188  eV     1   --> A              
     e(  4 -  4) =    -49.17893  eV     1   --> A              
     e(  5 -  5) =    -22.23469  eV     1   --> A              
     e(  6 -  6) =    -22.21282  eV     1   --> A              
     e(  7 -  7) =    -20.73794  eV     1   --> A              
     e(  8 -  8) =    -20.29845  eV     1   --> A              
     e(  9 -  9) =    -15.95212  eV     1   --> A              
     e( 10 - 10) =    -15.77783  eV     1   --> A              
     e( 11 - 11) =    -12.77189  eV     1   --> A              
     e( 12 - 12) =    -12.39636  eV     1   --> A              
     e( 13 - 13) =    -11.88630  eV     1   --> A              
     e( 14 - 14) =    -11.69877  eV     1   --> A              
     e( 15 - 15) =    -11.49645  eV     1   --> A              
     e( 16 - 16) =    -10.35857  eV     1   --> A              
     e( 17 - 17) =     -9.51288  eV     1   --> A              
     e( 18 - 18) =     -8.59517  eV     1   --> A              
     e( 19 - 19) =     -8.46547  eV     1   --> A              
     e( 20 - 20) =     -8.02685  eV     1   --> A              
     e( 21 - 21) =     -6.53893  eV     1   --> A              
     e( 22 - 22) =     -4.30565  eV     1   --> A              
     e( 23 - 23) =     -3.79877  eV     1   --> A              
     e( 24 - 24) =     -2.73834  eV     1   --> A              
     e( 25 - 25) =     -2.64637  eV     1   --> A              
     e( 26 - 26) =     -1.46028  eV     1   --> A              
     e( 27 - 27) =     -1.11200  eV     1   --> A              
     e( 28 - 28) =      2.46191  eV     1   --> A              
     e( 29 - 29) =      3.09268  eV     1   --> A              
     e( 30 - 30) =      3.62004  eV     1   --> A              
     e( 31 - 31) =      4.02285  eV     1   --> A              
     e( 32 - 32) =      4.70388  eV     1   --> A              
     e( 33 - 33) =      4.95966  eV     1   --> A              
     e( 34 - 34) =      6.16652  eV     1   --> A              
     e( 35 - 35) =      6.80703  eV     1   --> A              

 **************************************************************************

 **************************************************************************

                    xk=(   0.43611,   0.39933,   0.00000  )

     Band symmetry, C_1 (1)     point group:

     e(  1 -  1) =    -77.94766  eV     1   --> A              
     e(  2 -  2) =    -49.57997  eV     1   --> A              
     e(  3 -  3) =    -49.29830  eV     1   --> A              
     e(  4 -  4) =    -49.17919  eV     1   --> A              
     e(  5 -  5) =    -22.24607  eV     1   --> A              
     e(  6 -  6) =    -22.22409  eV     1   --> A              
     e(  7 -  7) =    -20.74367  eV     1   --> A              
     e(  8 -  8) =    -20.30326  eV     1   --> A              
     e(  9 -  9) =    -15.97260  eV     1   --> A              
     e( 10 - 10) =    -15.79820  eV     1   --> A              
     e( 11 - 11) =    -12.77615  eV     1   --> A              
     e( 12 - 12) =    -12.37945  eV     1   --> A              
     e( 13 - 13) =    -11.87323  eV     1   --> A              
     e( 14 - 14) =    -11.64310  eV     1   --> A              
     e( 15 - 15) =    -11.45322  eV     1   --> A              
     e( 16 - 16) =    -10.35032  eV     1   --> A              
     e( 17 - 17) =     -9.50583  eV     1   --> A              
     e( 18 - 18) =     -8.57225  eV     1   --> A              
     e( 19 - 19) =     -8.43805  eV     1   --> A              
     e( 20 - 20) =     -8.03100  eV     1   --> A              
     e( 21 - 21) =     -6.55219  eV     1   --> A              
     e( 22 - 22) =     -4.29750  eV     1   --> A              
     e( 23 - 23) =     -3.81224  eV     1   --> A              
     e( 24 - 24) =     -2.73714  eV     1   --> A              
     e( 25 - 25) =     -2.65725  eV     1   --> A              
     e( 26 - 26) =     -1.49967  eV     1   --> A              
     e( 27 - 27) =     -1.14855  eV     1   --> A              
     e( 28 - 28) =      2.41717  eV     1   --> A              
     e( 29 - 29) =      3.04035  eV     1   --> A              
     e( 30 - 30) =      3.61602  eV     1   --> A              
     e( 31 - 31) =      4.06500  eV     1   --> A              
     e( 32 - 32) =      4.74817  eV     1   --> A              
     e( 33 - 33) =      4.97157  eV     1   --> A              
     e( 34 - 34) =      6.15024  eV     1   --> A              
     e( 35 - 35) =      6.80149  eV     1   --> A              

 **************************************************************************

 **************************************************************************

                    xk=(   0.43889,   0.39452,   0.00000  )

     Band symmetry, C_1 (1)     point group:

     e(  1 -  1) =    -77.94786  eV     1   --> A              
     e(  2 -  2) =    -49.58181  eV     1   --> A              
     e(  3 -  3) =    -49.29482  eV     1   --> A              
     e(  4 -  4) =    -49.17943  eV     1   --> A              
     e(  5 -  5) =    -22.25709  eV     1   --> A              
     e(  6 -  6) =    -22.23500  eV     1   --> A              
     e(  7 -  7) =    -20.74927  eV     1   --> A              
     e(  8 -  8) =    -20.30796  eV     1   --> A              
     e(  9 -  9) =    -15.99225  eV     1   --> A              
     e( 10 - 10) =    -15.81773  eV     1   --> A              
     e( 11 - 11) =    -12.78270  eV     1   --> A              
     e( 12 - 12) =    -12.36577  eV     1   --> A              
     e( 13 - 13) =    -11.86369  eV     1   --> A              
     e( 14 - 14) =    -11.58327  eV     1   --> A              
     e( 15 - 15) =    -11.40695  eV     1   --> A              
     e( 16 - 16) =    -10.34178  eV     1   --> A              
     e( 17 - 17) =     -9.49886  eV     1   --> A              
     e( 18 - 18) =     -8.56138  eV     1   --> A              
     e( 19 - 19) =     -8.40199  eV     1   --> A              
     e( 20 - 20) =     -8.03295  eV     1   --> A              
     e( 21 - 21) =     -6.56556  eV     1   --> A              
     e( 22 - 22) =     -4.28980  eV     1   --> A              
     e( 23 - 23) =     -3.82541  eV     1   --> A              
     e( 24 - 24) =     -2.74901  eV     1   --> A              
     e( 25 - 25) =     -2.65562  eV     1   --> A              
     e( 26 - 26) =     -1.53967  eV     1   --> A              
     e( 27 - 27) =     -1.18394  eV     1   --> A              
     e( 28 - 28) =      2.37140  eV     1   --> A              
     e( 29 - 29) =      2.98793  eV     1   --> A              
     e( 30 - 30) =      3.61328  eV     1   --> A              
     e( 31 - 31) =      4.10843  eV     1   --> A              
     e( 32 - 32) =      4.79193  eV     1   --> A              
     e( 33 - 33) =      4.98842  eV     1   --> A              
     e( 34 - 34) =      6.13397  eV     1   --> A              
     e( 35 - 35) =      6.79465  eV     1   --> A              

 **************************************************************************

 **************************************************************************

                    xk=(   0.44167,   0.38971,   0.00000  )

     Band symmetry, C_1 (1)     point group:

     e(  1 -  1) =    -77.94804  eV     1   --> A              
     e(  2 -  2) =    -49.58359  eV     1   --> A              
     e(  3 -  3) =    -49.29147  eV     1   --> A              
     e(  4 -  4) =    -49.17967  eV     1   --> A              
     e(  5 -  5) =    -22.26773  eV     1   --> A              
     e(  6 -  6) =    -22.24552  eV     1   --> A              
     e(  7 -  7) =    -20.75472  eV     1   --> A              
     e(  8 -  8) =    -20.31256  eV     1   --> A              
     e(  9 -  9) =    -16.01106  eV     1   --> A              
     e( 10 - 10) =    -15.83641  eV     1   --> A              
     e( 11 - 11) =    -12.79092  eV     1   --> A              
     e( 12 - 12) =    -12.35483  eV     1   --> A              
     e( 13 - 13) =    -11.85651  eV     1   --> A              
     e( 14 - 14) =    -11.52119  eV     1   --> A              
     e( 15 - 15) =    -11.35826  eV     1   --> A              
     e( 16 - 16) =    -10.33305  eV     1   --> A              
     e( 17 - 17) =     -9.49191  eV     1   --> A              
     e( 18 - 18) =     -8.55740  eV     1   --> A              
     e( 19 - 19) =     -8.36351  eV     1   --> A              
     e( 20 - 20) =     -8.03170  eV     1   --> A              
     e( 21 - 21) =     -6.57907  eV     1   --> A              
     e( 22 - 22) =     -4.28255  eV     1   --> A              
     e( 23 - 23) =     -3.83827  eV     1   --> A              
     e( 24 - 24) =     -2.77001  eV     1   --> A              
     e( 25 - 25) =     -2.64545  eV     1   --> A              
     e( 26 - 26) =     -1.57999  eV     1   --> A              
     e( 27 - 27) =     -1.21808  eV     1   --> A              
     e( 28 - 28) =      2.32525  eV     1   --> A              
     e( 29 - 29) =      2.93615  eV     1   --> A              
     e( 30 - 30) =      3.61133  eV     1   --> A              
     e( 31 - 31) =      4.15187  eV     1   --> A              
     e( 32 - 32) =      4.83445  eV     1   --> A              
     e( 33 - 33) =      5.01120  eV     1   --> A              
     e( 34 - 34) =      6.11781  eV     1   --> A              
     e( 35 - 35) =      6.78651  eV     1   --> A              

 **************************************************************************

 **************************************************************************

                    xk=(   0.44444,   0.38490,   0.00000  )

     Band symmetry, C_1 (1)     point group:

     e(  1 -  1) =    -77.94822  eV     1   --> A              
     e(  2 -  2) =    -49.58528  eV     1   --> A              
     e(  3 -  3) =    -49.28823  eV     1   --> A              
     e(  4 -  4) =    -49.17991  eV     1   --> A              
     e(  5 -  5) =    -22.27796  eV     1   --> A              
     e(  6 -  6) =    -22.25566  eV     1   --> A              
     e(  7 -  7) =    -20.76002  eV     1   --> A              
     e(  8 -  8) =    -20.31704  eV     1   --> A              
     e(  9 -  9) =    -16.02903  eV     1   --> A              
     e( 10 - 10) =    -15.85425  eV     1   --> A              
     e( 11 - 11) =    -12.80032  eV     1   --> A              
     e( 12 - 12) =    -12.34619  eV     1   --> A              
     e( 13 - 13) =    -11.85100  eV     1   --> A              
     e( 14 - 14) =    -11.45811  eV     1   --> A              
     e( 15 - 15) =    -11.30782  eV     1   --> A              
     e( 16 - 16) =    -10.32422  eV     1   --> A              
     e( 17 - 17) =     -9.48492  eV     1   --> A              
     e( 18 - 18) =     -8.55694  eV     1   --> A              
     e( 19 - 19) =     -8.32739  eV     1   --> A              
     e( 20 - 20) =     -8.02593  eV     1   --> A              
     e( 21 - 21) =     -6.59270  eV     1   --> A              
     e( 22 - 22) =     -4.27573  eV     1   --> A              
     e( 23 - 23) =     -3.85081  eV     1   --> A              
     e( 24 - 24) =     -2.79517  eV     1   --> A              
     e( 25 - 25) =     -2.63173  eV     1   --> A              
     e( 26 - 26) =     -1.62031  eV     1   --> A              
     e( 27 - 27) =     -1.25091  eV     1   --> A              
     e( 28 - 28) =      2.27923  eV     1   --> A              
     e( 29 - 29) =      2.88556  eV     1   --> A              
     e( 30 - 30) =      3.60984  eV     1   --> A              
     e( 31 - 31) =      4.19415  eV     1   --> A              
     e( 32 - 32) =      4.87539  eV     1   --> A              
     e( 33 - 33) =      5.04058  eV     1   --> A              
     e( 34 - 34) =      6.10181  eV     1   --> A              
     e( 35 - 35) =      6.77705  eV     1   --> A              

 **************************************************************************

 **************************************************************************

                    xk=(   0.44722,   0.38009,   0.00000  )

     Band symmetry, C_1 (1)     point group:

     e(  1 -  1) =    -77.94839  eV     1   --> A              
     e(  2 -  2) =    -49.58690  eV     1   --> A              
     e(  3 -  3) =    -49.28513  eV     1   --> A              
     e(  4 -  4) =    -49.18013  eV     1   --> A              
     e(  5 -  5) =    -22.28778  eV     1   --> A              
     e(  6 -  6) =    -22.26538  eV     1   --> A              
     e(  7 -  7) =    -20.76515  eV     1   --> A              
     e(  8 -  8) =    -20.32137  eV     1   --> A              
     e(  9 -  9) =    -16.04614  eV     1   --> A              
     e( 10 - 10) =    -15.87124  eV     1   --> A              
     e( 11 - 11) =    -12.81050  eV     1   --> A              
     e( 12 - 12) =    -12.33947  eV     1   --> A              
     e( 13 - 13) =    -11.84674  eV     1   --> A              
     e( 14 - 14) =    -11.39493  eV     1   --> A              
     e( 15 - 15) =    -11.25623  eV     1   --> A              
     e( 16 - 16) =    -10.31538  eV     1   --> A              
     e( 17 - 17) =     -9.47786  eV     1   --> A              
     e( 18 - 18) =     -8.55833  eV     1   --> A              
     e( 19 - 19) =     -8.29678  eV     1   --> A              
     e( 20 - 20) =     -8.01419  eV     1   --> A              
     e( 21 - 21) =     -6.60648  eV     1   --> A              
     e( 22 - 22) =     -4.26934  eV     1   --> A              
     e( 23 - 23) =     -3.86301  eV     1   --> A              
     e( 24 - 24) =     -2.82216  eV     1   --> A              
     e( 25 - 25) =     -2.61685  eV     1   --> A              
     e( 26 - 26) =     -1.66027  eV     1   --> A              
     e( 27 - 27) =     -1.28240  eV     1   --> A              
     e( 28 - 28) =      2.23379  eV     1   --> A              
     e( 29 - 29) =      2.83654  eV     1   --> A              
     e( 30 - 30) =      3.60858  eV     1   --> A              
     e( 31 - 31) =      4.23419  eV     1   --> A              
     e( 32 - 32) =      4.91508  eV     1   --> A              
     e( 33 - 33) =      5.07653  eV     1   --> A              
     e( 34 - 34) =      6.08603  eV     1   --> A              
     e( 35 - 35) =      6.76625  eV     1   --> A              

 **************************************************************************

 **************************************************************************

                    xk=(   0.45000,   0.37528,   0.00000  )

     Band symmetry, C_1 (1)     point group:

     e(  1 -  1) =    -77.94856  eV     1   --> A              
     e(  2 -  2) =    -49.58845  eV     1   --> A              
     e(  3 -  3) =    -49.28215  eV     1   --> A              
     e(  4 -  4) =    -49.18035  eV     1   --> A              
     e(  5 -  5) =    -22.29718  eV     1   --> A              
     e(  6 -  6) =    -22.27469  eV     1   --> A              
     e(  7 -  7) =    -20.77010  eV     1   --> A              
     e(  8 -  8) =    -20.32556  eV     1   --> A              
     e(  9 -  9) =    -16.06240  eV     1   --> A              
     e( 10 - 10) =    -15.88738  eV     1   --> A              
     e( 11 - 11) =    -12.82116  eV     1   --> A              
     e( 12 - 12) =    -12.33432  eV     1   --> A              
     e( 13 - 13) =    -11.84346  eV     1   --> A              
     e( 14 - 14) =    -11.33230  eV     1   --> A              
     e( 15 - 15) =    -11.20412  eV     1   --> A              
     e( 16 - 16) =    -10.30662  eV     1   --> A              
     e( 17 - 17) =     -9.47071  eV     1   --> A              
     e( 18 - 18) =     -8.56080  eV     1   --> A              
     e( 19 - 19) =     -8.27353  eV     1   --> A              
     e( 20 - 20) =     -7.99547  eV     1   --> A              
     e( 21 - 21) =     -6.62040  eV     1   --> A              
     e( 22 - 22) =     -4.26337  eV     1   --> A              
     e( 23 - 23) =     -3.87488  eV     1   --> A              
     e( 24 - 24) =     -2.84997  eV     1   --> A              
     e( 25 - 25) =     -2.60184  eV     1   --> A              
     e( 26 - 26) =     -1.69949  eV     1   --> A              
     e( 27 - 27) =     -1.31251  eV     1   --> A              
     e( 28 - 28) =      2.18931  eV     1   --> A              
     e( 29 - 29) =      2.78936  eV     1   --> A              
     e( 30 - 30) =      3.60741  eV     1   --> A              
     e( 31 - 31) =      4.27108  eV     1   --> A              
     e( 32 - 32) =      4.95458  eV     1   --> A              
     e( 33 - 33) =      5.11819  eV     1   --> A              
     e( 34 - 34) =      6.07054  eV     1   --> A              
     e( 35 - 35) =      6.75413  eV     1   --> A              

 **************************************************************************

 **************************************************************************

                    xk=(   0.45278,   0.37047,   0.00000  )

     Band symmetry, C_1 (1)     point group:

     e(  1 -  1) =    -77.94872  eV     1   --> A              
     e(  2 -  2) =    -49.58991  eV     1   --> A              
     e(  3 -  3) =    -49.27932  eV     1   --> A              
     e(  4 -  4) =    -49.18056  eV     1   --> A              
     e(  5 -  5) =    -22.30613  eV     1   --> A              
     e(  6 -  6) =    -22.28356  eV     1   --> A              
     e(  7 -  7) =    -20.77485  eV     1   --> A              
     e(  8 -  8) =    -20.32959  eV     1   --> A              
     e(  9 -  9) =    -16.07781  eV     1   --> A              
     e( 10 - 10) =    -15.90266  eV     1   --> A              
     e( 11 - 11) =    -12.83204  eV     1   --> A              
     e( 12 - 12) =    -12.33044  eV     1   --> A              
     e( 13 - 13) =    -11.84093  eV     1   --> A              
     e( 14 - 14) =    -11.27073  eV     1   --> A              
     e( 15 - 15) =    -11.15201  eV     1   --> A              
     e( 16 - 16) =    -10.29802  eV     1   --> A              
     e( 17 - 17) =     -9.46345  eV     1   --> A              
     e( 18 - 18) =     -8.56394  eV     1   --> A              
     e( 19 - 19) =     -8.25805  eV     1   --> A              
     e( 20 - 20) =     -7.96983  eV     1   --> A              
     e( 21 - 21) =     -6.63447  eV     1   --> A              
     e( 22 - 22) =     -4.25780  eV     1   --> A              
     e( 23 - 23) =     -3.88638  eV     1   --> A              
     e( 24 - 24) =     -2.87806  eV     1   --> A              
     e( 25 - 25) =     -2.58726  eV     1   --> A              
     e( 26 - 26) =     -1.73759  eV     1   --> A              
     e( 27 - 27) =     -1.34125  eV     1   --> A              
     e( 28 - 28) =      2.14609  eV     1   --> A              
     e( 29 - 29) =      2.74423  eV     1   --> A              
     e( 30 - 30) =      3.60626  eV     1   --> A              
     e( 31 - 31) =      4.30414  eV     1   --> A              
     e( 32 - 32) =      4.99526  eV     1   --> A              
     e( 33 - 33) =      5.16425  eV     1   --> A              
     e( 34 - 34) =      6.05538  eV     1   --> A              
     e( 35 - 35) =      6.74065  eV     1   --> A              

 **************************************************************************

 **************************************************************************

                    xk=(   0.45556,   0.36566,   0.00000  )

     Band symmetry, C_1 (1)     point group:

     e(  1 -  1) =    -77.94887  eV     1   --> A              
     e(  2 -  2) =    -49.59130  eV     1   --> A              
     e(  3 -  3) =    -49.27662  eV     1   --> A              
     e(  4 -  4) =    -49.18076  eV     1   --> A              
     e(  5 -  5) =    -22.31463  eV     1   --> A              
     e(  6 -  6) =    -22.29198  eV     1   --> A              
     e(  7 -  7) =    -20.77939  eV     1   --> A              
     e(  8 -  8) =    -20.33344  eV     1   --> A              
     e(  9 -  9) =    -16.09235  eV     1   --> A              
     e( 10 - 10) =    -15.91708  eV     1   --> A              
     e( 11 - 11) =    -12.84293  eV     1   --> A              
     e( 12 - 12) =    -12.32760  eV     1   --> A              
     e( 13 - 13) =    -11.83903  eV     1   --> A              
     e( 14 - 14) =    -11.21065  eV     1   --> A              
     e( 15 - 15) =    -11.10040  eV     1   --> A              
     e( 16 - 16) =    -10.28966  eV     1   --> A              
     e( 17 - 17) =     -9.45609  eV     1   --> A              
     e( 18 - 18) =     -8.56751  eV     1   --> A              
     e( 19 - 19) =     -8.24937  eV     1   --> A              
     e( 20 - 20) =     -7.93847  eV     1   --> A              
     e( 21 - 21) =     -6.64867  eV     1   --> A              
     e( 22 - 22) =     -4.25262  eV     1   --> A              
     e( 23 - 23) =     -3.89752  eV     1   --> A              
     e( 24 - 24) =     -2.90610  eV     1   --> A              
     e( 25 - 25) =     -2.57349  eV     1   --> A              
     e( 26 - 26) =     -1.77417  eV     1   --> A              
     e( 27 - 27) =     -1.36860  eV     1   --> A              
     e( 28 - 28) =      2.10441  eV     1   --> A              
     e( 29 - 29) =      2.70132  eV     1   --> A              
     e( 30 - 30) =      3.60507  eV     1   --> A              
     e( 31 - 31) =      4.33294  eV     1   --> A              
     e( 32 - 32) =      5.03820  eV     1   --> A              
     e( 33 - 33) =      5.21341  eV     1   --> A              
     e( 34 - 34) =      6.04059  eV     1   --> A              
     e( 35 - 35) =      6.72583  eV     1   --> A              

 **************************************************************************

 **************************************************************************

                    xk=(   0.45833,   0.36084,   0.00000  )

     Band symmetry, C_1 (1)     point group:

     e(  1 -  1) =    -77.94902  eV     1   --> A              
     e(  2 -  2) =    -49.59261  eV     1   --> A              
     e(  3 -  3) =    -49.27407  eV     1   --> A              
     e(  4 -  4) =    -49.18094  eV     1   --> A              
     e(  5 -  5) =    -22.32267  eV     1   --> A              
     e(  6 -  6) =    -22.29994  eV     1   --> A              
     e(  7 -  7) =    -20.78371  eV     1   --> A              
     e(  8 -  8) =    -20.33712  eV     1   --> A              
     e(  9 -  9) =    -16.10603  eV     1   --> A              
     e( 10 - 10) =    -15.93064  eV     1   --> A              
     e( 11 - 11) =    -12.85368  eV     1   --> A              
     e( 12 - 12) =    -12.32558  eV     1   --> A              
     e( 13 - 13) =    -11.83762  eV     1   --> A              
     e( 14 - 14) =    -11.15244  eV     1   --> A              
     e( 15 - 15) =    -11.04975  eV     1   --> A              
     e( 16 - 16) =    -10.28162  eV     1   --> A              
     e( 17 - 17) =     -9.44866  eV     1   --> A              
     e( 18 - 18) =     -8.57136  eV     1   --> A              
     e( 19 - 19) =     -8.24591  eV     1   --> A              
     e( 20 - 20) =     -7.90319  eV     1   --> A              
     e( 21 - 21) =     -6.66297  eV     1   --> A              
     e( 22 - 22) =     -4.24780  eV     1   --> A              
     e( 23 - 23) =     -3.90827  eV     1   --> A              
     e( 24 - 24) =     -2.93382  eV     1   --> A              
     e( 25 - 25) =     -2.56082  eV     1   --> A              
     e( 26 - 26) =     -1.80883  eV     1   --> A              
     e( 27 - 27) =     -1.39458  eV     1   --> A              
     e( 28 - 28) =      2.06448  eV     1   --> A              
     e( 29 - 29) =      2.66073  eV     1   --> A              
     e( 30 - 30) =      3.60383  eV     1   --> A              
     e( 31 - 31) =      4.35739  eV     1   --> A              
     e( 32 - 32) =      5.08401  eV     1   --> A              
     e( 33 - 33) =      5.26456  eV     1   --> A              
     e( 34 - 34) =      6.02620  eV     1   --> A              
     e( 35 - 35) =      6.70966  eV     1   --> A              

 **************************************************************************

 **************************************************************************

                    xk=(   0.46111,   0.35603,   0.00000  )

     Band symmetry, C_1 (1)     point group:

     e(  1 -  1) =    -77.94916  eV     1   --> A              
     e(  2 -  2) =    -49.59383  eV     1   --> A              
     e(  3 -  3) =    -49.27166  eV     1   --> A              
     e(  4 -  4) =    -49.18112  eV     1   --> A              
     e(  5 -  5) =    -22.33024  eV     1   --> A              
     e(  6 -  6) =    -22.30744  eV     1   --> A              
     e(  7 -  7) =    -20.78781  eV     1   --> A              
     e(  8 -  8) =    -20.34060  eV     1   --> A              
     e(  9 -  9) =    -16.11884  eV     1   --> A              
     e( 10 - 10) =    -15.94333  eV     1   --> A              
     e( 11 - 11) =    -12.86414  eV     1   --> A              
     e( 12 - 12) =    -12.32422  eV     1   --> A              
     e( 13 - 13) =    -11.83661  eV     1   --> A              
     e( 14 - 14) =    -11.09642  eV     1   --> A              
     e( 15 - 15) =    -11.00046  eV     1   --> A              
     e( 16 - 16) =    -10.27395  eV     1   --> A              
     e( 17 - 17) =     -9.44117  eV     1   --> A              
     e( 18 - 18) =     -8.57539  eV     1   --> A              
     e( 19 - 19) =     -8.24609  eV     1   --> A              
     e( 20 - 20) =     -7.86567  eV     1   --> A              
     e( 21 - 21) =     -6.67736  eV     1   --> A              
     e( 22 - 22) =     -4.24334  eV     1   --> A              
     e( 23 - 23) =     -3.91862  eV     1   --> A              
     e( 24 - 24) =     -2.96098  eV     1   --> A              
     e( 25 - 25) =     -2.54950  eV     1   --> A              
     e( 26 - 26) =     -1.84120  eV     1   --> A              
     e( 27 - 27) =     -1.41916  eV     1   --> A              
     e( 28 - 28) =      2.02649  eV     1   --> A              
     e( 29 - 29) =      2.62255  eV     1   --> A              
     e( 30 - 30) =      3.60254  eV     1   --> A              
     e( 31 - 31) =      4.37763  eV     1   --> A              
     e( 32 - 32) =      5.13276  eV     1   --> A              
     e( 33 - 33) =      5.31690  eV     1   --> A              
     e( 34 - 34) =      6.01225  eV     1   --> A              
     e( 35 - 35) =      6.69216  eV     1   --> A              

 **************************************************************************

 **************************************************************************

                    xk=(   0.46389,   0.35122,   0.00000  )

     Band symmetry, C_1 (1)     point group:

     e(  1 -  1) =    -77.94929  eV     1   --> A              
     e(  2 -  2) =    -49.59498  eV     1   --> A              
     e(  3 -  3) =    -49.26940  eV     1   --> A              
     e(  4 -  4) =    -49.18129  eV     1   --> A              
     e(  5 -  5) =    -22.33732  eV     1   --> A              
     e(  6 -  6) =    -22.31446  eV     1   --> A              
     e(  7 -  7) =    -20.79166  eV     1   --> A              
     e(  8 -  8) =    -20.34388  eV     1   --> A              
     e(  9 -  9) =    -16.13079  eV     1   --> A              
     e( 10 - 10) =    -15.95516  eV     1   --> A              
     e( 11 - 11) =    -12.87421  eV     1   --> A              
     e( 12 - 12) =    -12.32338  eV     1   --> A              
     e( 13 - 13) =    -11.83593  eV     1   --> A              
     e( 14 - 14) =    -11.04290  eV     1   --> A              
     e( 15 - 15) =    -10.95289  eV     1   --> A              
     e( 16 - 16) =    -10.26672  eV     1   --> A              
     e( 17 - 17) =     -9.43368  eV     1   --> A              
     e( 18 - 18) =     -8.57952  eV     1   --> A              
     e( 19 - 19) =     -8.24870  eV     1   --> A              
     e( 20 - 20) =     -7.82725  eV     1   --> A              
     e( 21 - 21) =     -6.69178  eV     1   --> A              
     e( 22 - 22) =     -4.23921  eV     1   --> A              
     e( 23 - 23) =     -3.92855  eV     1   --> A              
     e( 24 - 24) =     -2.98737  eV     1   --> A              
     e( 25 - 25) =     -2.53973  eV     1   --> A              
     e( 26 - 26) =     -1.87095  eV     1   --> A              
     e( 27 - 27) =     -1.44235  eV     1   --> A              
     e( 28 - 28) =      1.99060  eV     1   --> A              
     e( 29 - 29) =      2.58687  eV     1   --> A              
     e( 30 - 30) =      3.60121  eV     1   --> A              
     e( 31 - 31) =      4.39401  eV     1   --> A              
     e( 32 - 32) =      5.18412  eV     1   --> A              
     e( 33 - 33) =      5.36978  eV     1   --> A              
     e( 34 - 34) =      5.99874  eV     1   --> A              
     e( 35 - 35) =      6.67337  eV     1   --> A              

 **************************************************************************

 **************************************************************************

                    xk=(   0.46667,   0.34641,   0.00000  )

     Band symmetry, C_1 (1)     point group:

     e(  1 -  1) =    -77.94941  eV     1   --> A              
     e(  2 -  2) =    -49.59604  eV     1   --> A              
     e(  3 -  3) =    -49.26730  eV     1   --> A              
     e(  4 -  4) =    -49.18145  eV     1   --> A              
     e(  5 -  5) =    -22.34391  eV     1   --> A              
     e(  6 -  6) =    -22.32099  eV     1   --> A              
     e(  7 -  7) =    -20.79527  eV     1   --> A              
     e(  8 -  8) =    -20.34695  eV     1   --> A              
     e(  9 -  9) =    -16.14185  eV     1   --> A              
     e( 10 - 10) =    -15.96612  eV     1   --> A              
     e( 11 - 11) =    -12.88379  eV     1   --> A              
     e( 12 - 12) =    -12.32294  eV     1   --> A              
     e( 13 - 13) =    -11.83551  eV     1   --> A              
     e( 14 - 14) =    -10.99216  eV     1   --> A              
     e( 15 - 15) =    -10.90740  eV     1   --> A              
     e( 16 - 16) =    -10.25996  eV     1   --> A              
     e( 17 - 17) =     -9.42624  eV     1   --> A              
     e( 18 - 18) =     -8.58368  eV     1   --> A              
     e( 19 - 19) =     -8.25283  eV     1   --> A              
     e( 20 - 20) =     -7.78893  eV     1   --> A              
     e( 21 - 21) =     -6.70618  eV     1   --> A              
     e( 22 - 22) =     -4.23539  eV     1   --> A              
     e( 23 - 23) =     -3.93803  eV     1   --> A              
     e( 24 - 24) =     -3.01280  eV     1   --> A              
     e( 25 - 25) =     -2.53166  eV     1   --> A              
     e( 26 - 26) =     -1.89777  eV     1   --> A              
     e( 27 - 27) =     -1.46414  eV     1   --> A              
     e( 28 - 28) =      1.95694  eV     1   --> A              
     e( 29 - 29) =      2.55372  eV     1   --> A              
     e( 30 - 30) =      3.59986  eV     1   --> A              
     e( 31 - 31) =      4.40700  eV     1   --> A              
     e( 32 - 32) =      5.23752  eV     1   --> A              
     e( 33 - 33) =      5.42268  eV     1   --> A              
     e( 34 - 34) =      5.98567  eV     1   --> A              
     e( 35 - 35) =      6.65334  eV     1   --> A              

 **************************************************************************

 **************************************************************************

                    xk=(   0.46944,   0.34160,   0.00000  )

     Band symmetry, C_1 (1)     point group:

     e(  1 -  1) =    -77.94952  eV     1   --> A              
     e(  2 -  2) =    -49.59702  eV     1   --> A              
     e(  3 -  3) =    -49.26536  eV     1   --> A              
     e(  4 -  4) =    -49.18159  eV     1   --> A              
     e(  5 -  5) =    -22.35001  eV     1   --> A              
     e(  6 -  6) =    -22.32703  eV     1   --> A              
     e(  7 -  7) =    -20.79861  eV     1   --> A              
     e(  8 -  8) =    -20.34981  eV     1   --> A              
     e(  9 -  9) =    -16.15205  eV     1   --> A              
     e( 10 - 10) =    -15.97621  eV     1   --> A              
     e( 11 - 11) =    -12.89281  eV     1   --> A              
     e( 12 - 12) =    -12.32279  eV     1   --> A              
     e( 13 - 13) =    -11.83529  eV     1   --> A              
     e( 14 - 14) =    -10.94446  eV     1   --> A              
     e( 15 - 15) =    -10.86428  eV     1   --> A              
     e( 16 - 16) =    -10.25373  eV     1   --> A              
     e( 17 - 17) =     -9.41892  eV     1   --> A              
     e( 18 - 18) =     -8.58781  eV     1   --> A              
     e( 19 - 19) =     -8.25788  eV     1   --> A              
     e( 20 - 20) =     -7.75143  eV     1   --> A              
     e( 21 - 21) =     -6.72047  eV     1   --> A              
     e( 22 - 22) =     -4.23187  eV     1   --> A              
     e( 23 - 23) =     -3.94703  eV     1   --> A              
     e( 24 - 24) =     -3.03705  eV     1   --> A              
     e( 25 - 25) =     -2.52540  eV     1   --> A              
     e( 26 - 26) =     -1.92148  eV     1   --> A              
     e( 27 - 27) =     -1.48450  eV     1   --> A              
     e( 28 - 28) =      1.92563  eV     1   --> A              
     e( 29 - 29) =      2.52313  eV     1   --> A              
     e( 30 - 30) =      3.59850  eV     1   --> A              
     e( 31 - 31) =      4.41710  eV     1   --> A              
     e( 32 - 32) =      5.29222  eV     1   --> A              
     e( 33 - 33) =      5.47514  eV     1   --> A              
     e( 34 - 34) =      5.97303  eV     1   --> A              
     e( 35 - 35) =      6.63214  eV     1   --> A              

 **************************************************************************

 **************************************************************************

                    xk=(   0.47222,   0.33679,   0.00000  )

     Band symmetry, C_1 (1)     point group:

     e(  1 -  1) =    -77.94962  eV     1   --> A              
     e(  2 -  2) =    -49.59791  eV     1   --> A              
     e(  3 -  3) =    -49.26357  eV     1   --> A              
     e(  4 -  4) =    -49.18173  eV     1   --> A              
     e(  5 -  5) =    -22.35559  eV     1   --> A              
     e(  6 -  6) =    -22.33257  eV     1   --> A              
     e(  7 -  7) =    -20.80170  eV     1   --> A              
     e(  8 -  8) =    -20.35244  eV     1   --> A              
     e(  9 -  9) =    -16.16136  eV     1   --> A              
     e( 10 - 10) =    -15.98543  eV     1   --> A              
     e( 11 - 11) =    -12.90122  eV     1   --> A              
     e( 12 - 12) =    -12.32287  eV     1   --> A              
     e( 13 - 13) =    -11.83523  eV     1   --> A              
     e( 14 - 14) =    -10.90003  eV     1   --> A              
     e( 15 - 15) =    -10.82382  eV     1   --> A              
     e( 16 - 16) =    -10.24805  eV     1   --> A              
     e( 17 - 17) =     -9.41180  eV     1   --> A              
     e( 18 - 18) =     -8.59185  eV     1   --> A              
     e( 19 - 19) =     -8.26339  eV     1   --> A              
     e( 20 - 20) =     -7.71532  eV     1   --> A              
     e( 21 - 21) =     -6.73455  eV     1   --> A              
     e( 22 - 22) =     -4.22863  eV     1   --> A              
     e( 23 - 23) =     -3.95551  eV     1   --> A              
     e( 24 - 24) =     -3.05993  eV     1   --> A              
     e( 25 - 25) =     -2.52097  eV     1   --> A              
     e( 26 - 26) =     -1.94194  eV     1   --> A              
     e( 27 - 27) =     -1.50340  eV     1   --> A              
     e( 28 - 28) =      1.89677  eV     1   --> A              
     e( 29 - 29) =      2.49516  eV     1   --> A              
     e( 30 - 30) =      3.59716  eV     1   --> A              
     e( 31 - 31) =      4.42482  eV     1   --> A              
     e( 32 - 32) =      5.34741  eV     1   --> A              
     e( 33 - 33) =      5.52675  eV     1   --> A              
     e( 34 - 34) =      5.96077  eV     1   --> A              
     e( 35 - 35) =      6.60993  eV     1   --> A              

 **************************************************************************

 **************************************************************************

                    xk=(   0.47500,   0.33198,   0.00000  )

     Band symmetry, C_1 (1)     point group:

     e(  1 -  1) =    -77.94972  eV     1   --> A              
     e(  2 -  2) =    -49.59873  eV     1   --> A              
     e(  3 -  3) =    -49.26195  eV     1   --> A              
     e(  4 -  4) =    -49.18185  eV     1   --> A              
     e(  5 -  5) =    -22.36067  eV     1   --> A              
     e(  6 -  6) =    -22.33760  eV     1   --> A              
     e(  7 -  7) =    -20.80451  eV     1   --> A              
     e(  8 -  8) =    -20.35484  eV     1   --> A              
     e(  9 -  9) =    -16.16979  eV     1   --> A              
     e( 10 - 10) =    -15.99378  eV     1   --> A              
     e( 11 - 11) =    -12.90895  eV     1   --> A              
     e( 12 - 12) =    -12.32310  eV     1   --> A              
     e( 13 - 13) =    -11.83528  eV     1   --> A              
     e( 14 - 14) =    -10.85911  eV     1   --> A              
     e( 15 - 15) =    -10.78631  eV     1   --> A              
     e( 16 - 16) =    -10.24294  eV     1   --> A              
     e( 17 - 17) =     -9.40497  eV     1   --> A              
     e( 18 - 18) =     -8.59575  eV     1   --> A              
     e( 19 - 19) =     -8.26904  eV     1   --> A              
     e( 20 - 20) =     -7.68105  eV     1   --> A              
     e( 21 - 21) =     -6.74829  eV     1   --> A              
     e( 22 - 22) =     -4.22568  eV     1   --> A              
     e( 23 - 23) =     -3.96343  eV     1   --> A              
     e( 24 - 24) =     -3.08127  eV     1   --> A              
     e( 25 - 25) =     -2.51828  eV     1   --> A              
     e( 26 - 26) =     -1.95916  eV     1   --> A              
     e( 27 - 27) =     -1.52081  eV     1   --> A              
     e( 28 - 28) =      1.87043  eV     1   --> A              
     e( 29 - 29) =      2.46980  eV     1   --> A              
     e( 30 - 30) =      3.59587  eV     1   --> A              
     e( 31 - 31) =      4.43061  eV     1   --> A              
     e( 32 - 32) =      5.40227  eV     1   --> A              
     e( 33 - 33) =      5.57705  eV     1   --> A              
     e( 34 - 34) =      5.94885  eV     1   --> A              
     e( 35 - 35) =      6.58687  eV     1   --> A              

 **************************************************************************

 **************************************************************************

                    xk=(   0.47778,   0.32717,   0.00000  )

     Band symmetry, C_1 (1)     point group:

     e(  1 -  1) =    -77.94980  eV     1   --> A              
     e(  2 -  2) =    -49.59945  eV     1   --> A              
     e(  3 -  3) =    -49.26049  eV     1   --> A              
     e(  4 -  4) =    -49.18196  eV     1   --> A              
     e(  5 -  5) =    -22.36522  eV     1   --> A              
     e(  6 -  6) =    -22.34211  eV     1   --> A              
     e(  7 -  7) =    -20.80704  eV     1   --> A              
     e(  8 -  8) =    -20.35701  eV     1   --> A              
     e(  9 -  9) =    -16.17734  eV     1   --> A              
     e( 10 - 10) =    -16.00125  eV     1   --> A              
     e( 11 - 11) =    -12.91596  eV     1   --> A              
     e( 12 - 12) =    -12.32343  eV     1   --> A              
     e( 13 - 13) =    -11.83540  eV     1   --> A              
     e( 14 - 14) =    -10.82191  eV     1   --> A              
     e( 15 - 15) =    -10.75197  eV     1   --> A              
     e( 16 - 16) =    -10.23842  eV     1   --> A              
     e( 17 - 17) =     -9.39850  eV     1   --> A              
     e( 18 - 18) =     -8.59945  eV     1   --> A              
     e( 19 - 19) =     -8.27459  eV     1   --> A              
     e( 20 - 20) =     -7.64900  eV     1   --> A              
     e( 21 - 21) =     -6.76154  eV     1   --> A              
     e( 22 - 22) =     -4.22299  eV     1   --> A              
     e( 23 - 23) =     -3.97075  eV     1   --> A              
     e( 24 - 24) =     -3.10089  eV     1   --> A              
     e( 25 - 25) =     -2.51718  eV     1   --> A              
     e( 26 - 26) =     -1.97325  eV     1   --> A              
     e( 27 - 27) =     -1.53667  eV     1   --> A              
     e( 28 - 28) =      1.84670  eV     1   --> A              
     e( 29 - 29) =      2.44708  eV     1   --> A              
     e( 30 - 30) =      3.59464  eV     1   --> A              
     e( 31 - 31) =      4.43487  eV     1   --> A              
     e( 32 - 32) =      5.45598  eV     1   --> A              
     e( 33 - 33) =      5.62558  eV     1   --> A              
     e( 34 - 34) =      5.93717  eV     1   --> A              
     e( 35 - 35) =      6.56324  eV     1   --> A              

 **************************************************************************

 **************************************************************************

                    xk=(   0.48056,   0.32235,   0.00000  )

     Band symmetry, C_1 (1)     point group:

     e(  1 -  1) =    -77.94988  eV     1   --> A              
     e(  2 -  2) =    -49.60010  eV     1   --> A              
     e(  3 -  3) =    -49.25920  eV     1   --> A              
     e(  4 -  4) =    -49.18206  eV     1   --> A              
     e(  5 -  5) =    -22.36925  eV     1   --> A              
     e(  6 -  6) =    -22.34611  eV     1   --> A              
     e(  7 -  7) =    -20.80929  eV     1   --> A              
     e(  8 -  8) =    -20.35893  eV     1   --> A              
     e(  9 -  9) =    -16.18401  eV     1   --> A              
     e( 10 - 10) =    -16.00785  eV     1   --> A              
     e( 11 - 11) =    -12.92223  eV     1   --> A              
     e( 12 - 12) =    -12.32382  eV     1   --> A              
     e( 13 - 13) =    -11.83558  eV     1   --> A              
     e( 14 - 14) =    -10.78862  eV     1   --> A              
     e( 15 - 15) =    -10.72105  eV     1   --> A              
     e( 16 - 16) =    -10.23448  eV     1   --> A              
     e( 17 - 17) =     -9.39251  eV     1   --> A              
     e( 18 - 18) =     -8.60288  eV     1   --> A              
     e( 19 - 19) =     -8.27985  eV     1   --> A              
     e( 20 - 20) =     -7.61955  eV     1   --> A              
     e( 21 - 21) =     -6.77410  eV     1   --> A              
     e( 22 - 22) =     -4.22058  eV     1   --> A              
     e( 23 - 23) =     -3.97740  eV     1   --> A              
     e( 24 - 24) =     -3.11863  eV     1   --> A              
     e( 25 - 25) =     -2.51739  eV     1   --> A              
     e( 26 - 26) =     -1.98444  eV     1   --> A              
     e( 27 - 27) =     -1.55093  eV     1   --> A              
     e( 28 - 28) =      1.82562  eV     1   --> A              
     e( 29 - 29) =      2.42702  eV     1   --> A              
     e( 30 - 30) =      3.59350  eV     1   --> A              
     e( 31 - 31) =      4.43793  eV     1   --> A              
     e( 32 - 32) =      5.50773  eV     1   --> A              
     e( 33 - 33) =      5.67179  eV     1   --> A              
     e( 34 - 34) =      5.92563  eV     1   --> A              
     e( 35 - 35) =      6.53941  eV     1   --> A              

 **************************************************************************

 **************************************************************************

                    xk=(   0.48333,   0.31754,   0.00000  )

     Band symmetry, C_1 (1)     point group:

     e(  1 -  1) =    -77.94994  eV     1   --> A              
     e(  2 -  2) =    -49.60066  eV     1   --> A              
     e(  3 -  3) =    -49.25808  eV     1   --> A              
     e(  4 -  4) =    -49.18214  eV     1   --> A              
     e(  5 -  5) =    -22.37276  eV     1   --> A              
     e(  6 -  6) =    -22.34958  eV     1   --> A              
     e(  7 -  7) =    -20.81125  eV     1   --> A              
     e(  8 -  8) =    -20.36061  eV     1   --> A              
     e(  9 -  9) =    -16.18979  eV     1   --> A              
     e( 10 - 10) =    -16.01357  eV     1   --> A              
     e( 11 - 11) =    -12.92771  eV     1   --> A              
     e( 12 - 12) =    -12.32422  eV     1   --> A              
     e( 13 - 13) =    -11.83578  eV     1   --> A              
     e( 14 - 14) =    -10.75939  eV     1   --> A              
     e( 15 - 15) =    -10.69375  eV     1   --> A              
     e( 16 - 16) =    -10.23113  eV     1   --> A              
     e( 17 - 17) =     -9.38709  eV     1   --> A              
     e( 18 - 18) =     -8.60599  eV     1   --> A              
     e( 19 - 19) =     -8.28467  eV     1   --> A              
     e( 20 - 20) =     -7.59303  eV     1   --> A              
     e( 21 - 21) =     -6.78576  eV     1   --> A              
     e( 22 - 22) =     -4.21845  eV     1   --> A              
     e( 23 - 23) =     -3.98334  eV     1   --> A              
     e( 24 - 24) =     -3.13432  eV     1   --> A              
     e( 25 - 25) =     -2.51859  eV     1   --> A              
     e( 26 - 26) =     -1.99305  eV     1   --> A              
     e( 27 - 27) =     -1.56351  eV     1   --> A              
     e( 28 - 28) =      1.80727  eV     1   --> A              
     e( 29 - 29) =      2.40962  eV     1   --> A              
     e( 30 - 30) =      3.59247  eV     1   --> A              
     e( 31 - 31) =      4.44008  eV     1   --> A              
     e( 32 - 32) =      5.55672  eV     1   --> A              
     e( 33 - 33) =      5.71503  eV     1   --> A              
     e( 34 - 34) =      5.91409  eV     1   --> A              
     e( 35 - 35) =      6.51586  eV     1   --> A              

 **************************************************************************

 **************************************************************************

                    xk=(   0.48611,   0.31273,   0.00000  )

     Band symmetry, C_1 (1)     point group:

     e(  1 -  1) =    -77.95000  eV     1   --> A              
     e(  2 -  2) =    -49.60113  eV     1   --> A              
     e(  3 -  3) =    -49.25713  eV     1   --> A              
     e(  4 -  4) =    -49.18222  eV     1   --> A              
     e(  5 -  5) =    -22.37573  eV     1   --> A              
     e(  6 -  6) =    -22.35253  eV     1   --> A              
     e(  7 -  7) =    -20.81292  eV     1   --> A              
     e(  8 -  8) =    -20.36203  eV     1   --> A              
     e(  9 -  9) =    -16.19469  eV     1   --> A              
     e( 10 - 10) =    -16.01841  eV     1   --> A              
     e( 11 - 11) =    -12.93239  eV     1   --> A              
     e( 12 - 12) =    -12.32460  eV     1   --> A              
     e( 13 - 13) =    -11.83599  eV     1   --> A              
     e( 14 - 14) =    -10.73441  eV     1   --> A              
     e( 15 - 15) =    -10.67028  eV     1   --> A              
     e( 16 - 16) =    -10.22835  eV     1   --> A              
     e( 17 - 17) =     -9.38231  eV     1   --> A              
     e( 18 - 18) =     -8.60874  eV     1   --> A              
     e( 19 - 19) =     -8.28893  eV     1   --> A              
     e( 20 - 20) =     -7.56981  eV     1   --> A              
     e( 21 - 21) =     -6.79628  eV     1   --> A              
     e( 22 - 22) =     -4.21661  eV     1   --> A              
     e( 23 - 23) =     -3.98850  eV     1   --> A              
     e( 24 - 24) =     -3.14785  eV     1   --> A              
     e( 25 - 25) =     -2.52043  eV     1   --> A              
     e( 26 - 26) =     -1.99945  eV     1   --> A              
     e( 27 - 27) =     -1.57434  eV     1   --> A              
     e( 28 - 28) =      1.79166  eV     1   --> A              
     e( 29 - 29) =      2.39490  eV     1   --> A              
     e( 30 - 30) =      3.59157  eV     1   --> A              
     e( 31 - 31) =      4.44155  eV     1   --> A              
     e( 32 - 32) =      5.60215  eV     1   --> A              
     e( 33 - 33) =      5.75453  eV     1   --> A              
     e( 34 - 34) =      5.90243  eV     1   --> A              
     e( 35 - 35) =      6.49324  eV     1   --> A              

 **************************************************************************

 **************************************************************************

                    xk=(   0.48889,   0.30792,   0.00000  )

     Band symmetry, C_1 (1)     point group:

     e(  1 -  1) =    -77.95004  eV     1   --> A              
     e(  2 -  2) =    -49.60152  eV     1   --> A              
     e(  3 -  3) =    -49.25635  eV     1   --> A              
     e(  4 -  4) =    -49.18228  eV     1   --> A              
     e(  5 -  5) =    -22.37816  eV     1   --> A              
     e(  6 -  6) =    -22.35494  eV     1   --> A              
     e(  7 -  7) =    -20.81428  eV     1   --> A              
     e(  8 -  8) =    -20.36321  eV     1   --> A              
     e(  9 -  9) =    -16.19869  eV     1   --> A              
     e( 10 - 10) =    -16.02237  eV     1   --> A              
     e( 11 - 11) =    -12.93624  eV     1   --> A              
     e( 12 - 12) =    -12.32495  eV     1   --> A              
     e( 13 - 13) =    -11.83618  eV     1   --> A              
     e( 14 - 14) =    -10.71378  eV     1   --> A              
     e( 15 - 15) =    -10.65081  eV     1   --> A              
     e( 16 - 16) =    -10.22613  eV     1   --> A              
     e( 17 - 17) =     -9.37828  eV     1   --> A              
     e( 18 - 18) =     -8.61106  eV     1   --> A              
     e( 19 - 19) =     -8.29254  eV     1   --> A              
     e( 20 - 20) =     -7.55021  eV     1   --> A              
     e( 21 - 21) =     -6.80539  eV     1   --> A              
     e( 22 - 22) =     -4.21507  eV     1   --> A              
     e( 23 - 23) =     -3.99282  eV     1   --> A              
     e( 24 - 24) =     -3.15908  eV     1   --> A              
     e( 25 - 25) =     -2.52252  eV     1   --> A              
     e( 26 - 26) =     -2.00402  eV     1   --> A              
     e( 27 - 27) =     -1.58334  eV     1   --> A              
     e( 28 - 28) =      1.77884  eV     1   --> A              
     e( 29 - 29) =      2.38284  eV     1   --> A              
     e( 30 - 30) =      3.59080  eV     1   --> A              
     e( 31 - 31) =      4.44253  eV     1   --> A              
     e( 32 - 32) =      5.64320  eV     1   --> A              
     e( 33 - 33) =      5.78934  eV     1   --> A              
     e( 34 - 34) =      5.89059  eV     1   --> A              
     e( 35 - 35) =      6.47238  eV     1   --> A              

 **************************************************************************

 **************************************************************************

                    xk=(   0.49167,   0.30311,   0.00000  )

     Band symmetry, C_1 (1)     point group:

     e(  1 -  1) =    -77.95008  eV     1   --> A              
     e(  2 -  2) =    -49.60182  eV     1   --> A              
     e(  3 -  3) =    -49.25574  eV     1   --> A              
     e(  4 -  4) =    -49.18232  eV     1   --> A              
     e(  5 -  5) =    -22.38006  eV     1   --> A              
     e(  6 -  6) =    -22.35682  eV     1   --> A              
     e(  7 -  7) =    -20.81535  eV     1   --> A              
     e(  8 -  8) =    -20.36412  eV     1   --> A              
     e(  9 -  9) =    -16.20181  eV     1   --> A              
     e( 10 - 10) =    -16.02545  eV     1   --> A              
     e( 11 - 11) =    -12.93926  eV     1   --> A              
     e( 12 - 12) =    -12.32524  eV     1   --> A              
     e( 13 - 13) =    -11.83634  eV     1   --> A              
     e( 14 - 14) =    -10.69763  eV     1   --> A              
     e( 15 - 15) =    -10.63550  eV     1   --> A              
     e( 16 - 16) =    -10.22443  eV     1   --> A              
     e( 17 - 17) =     -9.37506  eV     1   --> A              
     e( 18 - 18) =     -8.61292  eV     1   --> A              
     e( 19 - 19) =     -8.29542  eV     1   --> A              
     e( 20 - 20) =     -7.53456  eV     1   --> A              
     e( 21 - 21) =     -6.81282  eV     1   --> A              
     e( 22 - 22) =     -4.21385  eV     1   --> A              
     e( 23 - 23) =     -3.99625  eV     1   --> A              
     e( 24 - 24) =     -3.16792  eV     1   --> A              
     e( 25 - 25) =     -2.52454  eV     1   --> A              
     e( 26 - 26) =     -2.00714  eV     1   --> A              
     e( 27 - 27) =     -1.59045  eV     1   --> A              
     e( 28 - 28) =      1.76885  eV     1   --> A              
     e( 29 - 29) =      2.37346  eV     1   --> A              
     e( 30 - 30) =      3.59020  eV     1   --> A              
     e( 31 - 31) =      4.44314  eV     1   --> A              
     e( 32 - 32) =      5.67886  eV     1   --> A              
     e( 33 - 33) =      5.81835  eV     1   --> A              
     e( 34 - 34) =      5.87868  eV     1   --> A              
     e( 35 - 35) =      6.45429  eV     1   --> A              

 **************************************************************************

 **************************************************************************

                    xk=(   0.49444,   0.29830,   0.00000  )

     Band symmetry, C_1 (1)     point group:

     e(  1 -  1) =    -77.95011  eV     1   --> A              
     e(  2 -  2) =    -49.60203  eV     1   --> A              
     e(  3 -  3) =    -49.25530  eV     1   --> A              
     e(  4 -  4) =    -49.18236  eV     1   --> A              
     e(  5 -  5) =    -22.38141  eV     1   --> A              
     e(  6 -  6) =    -22.35817  eV     1   --> A              
     e(  7 -  7) =    -20.81611  eV     1   --> A              
     e(  8 -  8) =    -20.36477  eV     1   --> A              
     e(  9 -  9) =    -16.20403  eV     1   --> A              
     e( 10 - 10) =    -16.02765  eV     1   --> A              
     e( 11 - 11) =    -12.94141  eV     1   --> A              
     e( 12 - 12) =    -12.32546  eV     1   --> A              
     e( 13 - 13) =    -11.83647  eV     1   --> A              
     e( 14 - 14) =    -10.68602  eV     1   --> A              
     e( 15 - 15) =    -10.62447  eV     1   --> A              
     e( 16 - 16) =    -10.22324  eV     1   --> A              
     e( 17 - 17) =     -9.37271  eV     1   --> A              
     e( 18 - 18) =     -8.61428  eV     1   --> A              
     e( 19 - 19) =     -8.29752  eV     1   --> A              
     e( 20 - 20) =     -7.52315  eV     1   --> A              
     e( 21 - 21) =     -6.81835  eV     1   --> A              
     e( 22 - 22) =     -4.21297  eV     1   --> A              
     e( 23 - 23) =     -3.99873  eV     1   --> A              
     e( 24 - 24) =     -3.17430  eV     1   --> A              
     e( 25 - 25) =     -2.52620  eV     1   --> A              
     e( 26 - 26) =     -2.00911  eV     1   --> A              
     e( 27 - 27) =     -1.59557  eV     1   --> A              
     e( 28 - 28) =      1.76169  eV     1   --> A              
     e( 29 - 29) =      2.36675  eV     1   --> A              
     e( 30 - 30) =      3.58975  eV     1   --> A              
     e( 31 - 31) =      4.44351  eV     1   --> A              
     e( 32 - 32) =      5.70775  eV     1   --> A              
     e( 33 - 33) =      5.84033  eV     1   --> A              
     e( 34 - 34) =      5.86740  eV     1   --> A              
     e( 35 - 35) =      6.44015  eV     1   --> A              

 **************************************************************************

 **************************************************************************

                    xk=(   0.49722,   0.29349,   0.00000  )

     Band symmetry, C_1 (1)     point group:

     e(  1 -  1) =    -77.95012  eV     1   --> A              
     e(  2 -  2) =    -49.60216  eV     1   --> A              
     e(  3 -  3) =    -49.25504  eV     1   --> A              
     e(  4 -  4) =    -49.18238  eV     1   --> A              
     e(  5 -  5) =    -22.38223  eV     1   --> A              
     e(  6 -  6) =    -22.35898  eV     1   --> A              
     e(  7 -  7) =    -20.81657  eV     1   --> A              
     e(  8 -  8) =    -20.36517  eV     1   --> A              
     e(  9 -  9) =    -16.20537  eV     1   --> A              
     e( 10 - 10) =    -16.02897  eV     1   --> A              
     e( 11 - 11) =    -12.94271  eV     1   --> A              
     e( 12 - 12) =    -12.32559  eV     1   --> A              
     e( 13 - 13) =    -11.83655  eV     1   --> A              
     e( 14 - 14) =    -10.67904  eV     1   --> A              
     e( 15 - 15) =    -10.61781  eV     1   --> A              
     e( 16 - 16) =    -10.22253  eV     1   --> A              
     e( 17 - 17) =     -9.37128  eV     1   --> A              
     e( 18 - 18) =     -8.61511  eV     1   --> A              
     e( 19 - 19) =     -8.29879  eV     1   --> A              
     e( 20 - 20) =     -7.51620  eV     1   --> A              
     e( 21 - 21) =     -6.82175  eV     1   --> A              
     e( 22 - 22) =     -4.21243  eV     1   --> A              
     e( 23 - 23) =     -4.00024  eV     1   --> A              
     e( 24 - 24) =     -3.17815  eV     1   --> A              
     e( 25 - 25) =     -2.52728  eV     1   --> A              
     e( 26 - 26) =     -2.01020  eV     1   --> A              
     e( 27 - 27) =     -1.59868  eV     1   --> A              
     e( 28 - 28) =      1.75739  eV     1   --> A              
     e( 29 - 29) =      2.36273  eV     1   --> A              
     e( 30 - 30) =      3.58948  eV     1   --> A              
     e( 31 - 31) =      4.44370  eV     1   --> A              
     e( 32 - 32) =      5.72751  eV     1   --> A              
     e( 33 - 33) =      5.85398  eV     1   --> A              
     e( 34 - 34) =      5.85858  eV     1   --> A              
     e( 35 - 35) =      6.43108  eV     1   --> A              

 **************************************************************************

 **************************************************************************

                    xk=(   0.50000,   0.28868,   0.00000  )

     Band symmetry, C_1 (1)     point group:

     e(  1 -  1) =    -77.95013  eV     1   --> A              
     e(  2 -  2) =    -49.60221  eV     1   --> A              
     e(  3 -  3) =    -49.25496  eV     1   --> A              
     e(  4 -  4) =    -49.18238  eV     1   --> A              
     e(  5 -  5) =    -22.38250  eV     1   --> A              
     e(  6 -  6) =    -22.35925  eV     1   --> A              
     e(  7 -  7) =    -20.81673  eV     1   --> A              
     e(  8 -  8) =    -20.36530  eV     1   --> A              
     e(  9 -  9) =    -16.20582  eV     1   --> A              
     e( 10 - 10) =    -16.02941  eV     1   --> A              
     e( 11 - 11) =    -12.94315  eV     1   --> A              
     e( 12 - 12) =    -12.32564  eV     1   --> A              
     e( 13 - 13) =    -11.83657  eV     1   --> A              
     e( 14 - 14) =    -10.67671  eV     1   --> A              
     e( 15 - 15) =    -10.61559  eV     1   --> A              
     e( 16 - 16) =    -10.22230  eV     1   --> A              
     e( 17 - 17) =     -9.37080  eV     1   --> A              
     e( 18 - 18) =     -8.61538  eV     1   --> A              
     e( 19 - 19) =     -8.29922  eV     1   --> A              
     e( 20 - 20) =     -7.51387  eV     1   --> A              
     e( 21 - 21) =     -6.82290  eV     1   --> A              
     e( 22 - 22) =     -4.21225  eV     1   --> A              
     e( 23 - 23) =     -4.00075  eV     1   --> A              
     e( 24 - 24) =     -3.17943  eV     1   --> A              
     e( 25 - 25) =     -2.52766  eV     1   --> A              
     e( 26 - 26) =     -2.01055  eV     1   --> A              
     e( 27 - 27) =     -1.59971  eV     1   --> A              
     e( 28 - 28) =      1.75596  eV     1   --> A              
     e( 29 - 29) =      2.36139  eV     1   --> A              
     e( 30 - 30) =      3.58939  eV     1   --> A              
     e( 31 - 31) =      4.44375  eV     1   --> A              
     e( 32 - 32) =      5.73476  eV     1   --> A              
     e( 33 - 33) =      5.85464  eV     1   --> A              
     e( 34 - 34) =      5.85903  eV     1   --> A              
     e( 35 - 35) =      6.42794  eV     1   --> A              

 **************************************************************************

 **************************************************************************

                    xk=(   0.49500,   0.28579,   0.00000  )

     Band symmetry, C_1 (1)     point group:

     e(  1 -  1) =    -77.95014  eV     1   --> A              
     e(  2 -  2) =    -49.60210  eV     1   --> A              
     e(  3 -  3) =    -49.25493  eV     1   --> A              
     e(  4 -  4) =    -49.18240  eV     1   --> A              
     e(  5 -  5) =    -22.38413  eV     1   --> A              
     e(  6 -  6) =    -22.36083  eV     1   --> A              
     e(  7 -  7) =    -20.81689  eV     1   --> A              
     e(  8 -  8) =    -20.36516  eV     1   --> A              
     e(  9 -  9) =    -16.20409  eV     1   --> A              
     e( 10 - 10) =    -16.02768  eV     1   --> A              
     e( 11 - 11) =    -12.94342  eV     1   --> A              
     e( 12 - 12) =    -12.32478  eV     1   --> A              
     e( 13 - 13) =    -11.83614  eV     1   --> A              
     e( 14 - 14) =    -10.67639  eV     1   --> A              
     e( 15 - 15) =    -10.61528  eV     1   --> A              
     e( 16 - 16) =    -10.22206  eV     1   --> A              
     e( 17 - 17) =     -9.37049  eV     1   --> A              
     e( 18 - 18) =     -8.61626  eV     1   --> A              
     e( 19 - 19) =     -8.29918  eV     1   --> A              
     e( 20 - 20) =     -7.51426  eV     1   --> A              
     e( 21 - 21) =     -6.82303  eV     1   --> A              
     e( 22 - 22) =     -4.21207  eV     1   --> A              
     e( 23 - 23) =     -4.00070  eV     1   --> A              
     e( 24 - 24) =     -3.17874  eV     1   --> A              
     e( 25 - 25) =     -2.52640  eV     1   --> A              
     e( 26 - 26) =     -2.01071  eV     1   --> A              
     e( 27 - 27) =     -1.59952  eV     1   --> A              
     e( 28 - 28) =      1.75654  eV     1   --> A              
     e( 29 - 29) =      2.36205  eV     1   --> A              
     e( 30 - 30) =      3.58944  eV     1   --> A              
     e( 31 - 31) =      4.44328  eV     1   --> A              
     e( 32 - 32) =      5.73287  eV     1   --> A              
     e( 33 - 33) =      5.85502  eV     1   --> A              
     e( 34 - 34) =      5.85906  eV     1   --> A              
     e( 35 - 35) =      6.42807  eV     1   --> A              

 **************************************************************************

 **************************************************************************

                    xk=(   0.49000,   0.28290,   0.00000  )

     Band symmetry, C_1 (1)     point group:

     e(  1 -  1) =    -77.95019  eV     1   --> A              
     e(  2 -  2) =    -49.60178  eV     1   --> A              
     e(  3 -  3) =    -49.25486  eV     1   --> A              
     e(  4 -  4) =    -49.18247  eV     1   --> A              
     e(  5 -  5) =    -22.38903  eV     1   --> A              
     e(  6 -  6) =    -22.36558  eV     1   --> A              
     e(  7 -  7) =    -20.81738  eV     1   --> A              
     e(  8 -  8) =    -20.36475  eV     1   --> A              
     e(  9 -  9) =    -16.19891  eV     1   --> A              
     e( 10 - 10) =    -16.02249  eV     1   --> A              
     e( 11 - 11) =    -12.94426  eV     1   --> A              
     e( 12 - 12) =    -12.32222  eV     1   --> A              
     e( 13 - 13) =    -11.83484  eV     1   --> A              
     e( 14 - 14) =    -10.67542  eV     1   --> A              
     e( 15 - 15) =    -10.61434  eV     1   --> A              
     e( 16 - 16) =    -10.22135  eV     1   --> A              
     e( 17 - 17) =     -9.36954  eV     1   --> A              
     e( 18 - 18) =     -8.61888  eV     1   --> A              
     e( 19 - 19) =     -8.29906  eV     1   --> A              
     e( 20 - 20) =     -7.51545  eV     1   --> A              
     e( 21 - 21) =     -6.82343  eV     1   --> A              
     e( 22 - 22) =     -4.21153  eV     1   --> A              
     e( 23 - 23) =     -4.00057  eV     1   --> A              
     e( 24 - 24) =     -3.17666  eV     1   --> A              
     e( 25 - 25) =     -2.52261  eV     1   --> A              
     e( 26 - 26) =     -2.01122  eV     1   --> A              
     e( 27 - 27) =     -1.59896  eV     1   --> A              
     e( 28 - 28) =      1.75827  eV     1   --> A              
     e( 29 - 29) =      2.36403  eV     1   --> A              
     e( 30 - 30) =      3.58957  eV     1   --> A              
     e( 31 - 31) =      4.44186  eV     1   --> A              
     e( 32 - 32) =      5.72728  eV     1   --> A              
     e( 33 - 33) =      5.85619  eV     1   --> A              
     e( 34 - 34) =      5.85907  eV     1   --> A              
     e( 35 - 35) =      6.42848  eV     1   --> A              

 **************************************************************************

 **************************************************************************

                    xk=(   0.48500,   0.28001,   0.00000  )

     Band symmetry, C_1 (1)     point group:

     e(  1 -  1) =    -77.95028  eV     1   --> A              
     e(  2 -  2) =    -49.60124  eV     1   --> A              
     e(  3 -  3) =    -49.25473  eV     1   --> A              
     e(  4 -  4) =    -49.18258  eV     1   --> A              
     e(  5 -  5) =    -22.39714  eV     1   --> A              
     e(  6 -  6) =    -22.37345  eV     1   --> A              
     e(  7 -  7) =    -20.81822  eV     1   --> A              
     e(  8 -  8) =    -20.36409  eV     1   --> A              
     e(  9 -  9) =    -16.19028  eV     1   --> A              
     e( 10 - 10) =    -16.01385  eV     1   --> A              
     e( 11 - 11) =    -12.94563  eV     1   --> A              
     e( 12 - 12) =    -12.31797  eV     1   --> A              
     e( 13 - 13) =    -11.83269  eV     1   --> A              
     e( 14 - 14) =    -10.67381  eV     1   --> A              
     e( 15 - 15) =    -10.61278  eV     1   --> A              
     e( 16 - 16) =    -10.22016  eV     1   --> A              
     e( 17 - 17) =     -9.36796  eV     1   --> A              
     e( 18 - 18) =     -8.62320  eV     1   --> A              
     e( 19 - 19) =     -8.29888  eV     1   --> A              
     e( 20 - 20) =     -7.51743  eV     1   --> A              
     e( 21 - 21) =     -6.82410  eV     1   --> A              
     e( 22 - 22) =     -4.21064  eV     1   --> A              
     e( 23 - 23) =     -4.00034  eV     1   --> A              
     e( 24 - 24) =     -3.17323  eV     1   --> A              
     e( 25 - 25) =     -2.51632  eV     1   --> A              
     e( 26 - 26) =     -2.01206  eV     1   --> A              
     e( 27 - 27) =     -1.59800  eV     1   --> A              
     e( 28 - 28) =      1.76115  eV     1   --> A              
     e( 29 - 29) =      2.36732  eV     1   --> A              
     e( 30 - 30) =      3.58978  eV     1   --> A              
     e( 31 - 31) =      4.43948  eV     1   --> A              
     e( 32 - 32) =      5.71819  eV     1   --> A              
     e( 33 - 33) =      5.85806  eV     1   --> A              
     e( 34 - 34) =      5.85895  eV     1   --> A              
     e( 35 - 35) =      6.42914  eV     1   --> A              

 **************************************************************************

 **************************************************************************

                    xk=(   0.48000,   0.27713,   0.00000  )

     Band symmetry, C_1 (1)     point group:

     e(  1 -  1) =    -77.95039  eV     1   --> A              
     e(  2 -  2) =    -49.60048  eV     1   --> A              
     e(  3 -  3) =    -49.25456  eV     1   --> A              
     e(  4 -  4) =    -49.18273  eV     1   --> A              
     e(  5 -  5) =    -22.40842  eV     1   --> A              
     e(  6 -  6) =    -22.38440  eV     1   --> A              
     e(  7 -  7) =    -20.81944  eV     1   --> A              
     e(  8 -  8) =    -20.36322  eV     1   --> A              
     e(  9 -  9) =    -16.17823  eV     1   --> A              
     e( 10 - 10) =    -16.00177  eV     1   --> A              
     e( 11 - 11) =    -12.94755  eV     1   --> A              
     e( 12 - 12) =    -12.31206  eV     1   --> A              
     e( 13 - 13) =    -11.82968  eV     1   --> A              
     e( 14 - 14) =    -10.67156  eV     1   --> A              
     e( 15 - 15) =    -10.61060  eV     1   --> A              
     e( 16 - 16) =    -10.21848  eV     1   --> A              
     e( 17 - 17) =     -9.36574  eV     1   --> A              
     e( 18 - 18) =     -8.62917  eV     1   --> A              
     e( 19 - 19) =     -8.29867  eV     1   --> A              
     e( 20 - 20) =     -7.52020  eV     1   --> A              
     e( 21 - 21) =     -6.82502  eV     1   --> A              
     e( 22 - 22) =     -4.20938  eV     1   --> A              
     e( 23 - 23) =     -4.00001  eV     1   --> A              
     e( 24 - 24) =     -3.16848  eV     1   --> A              
     e( 25 - 25) =     -2.50752  eV     1   --> A              
     e( 26 - 26) =     -2.01324  eV     1   --> A              
     e( 27 - 27) =     -1.59662  eV     1   --> A              
     e( 28 - 28) =      1.76518  eV     1   --> A              
     e( 29 - 29) =      2.37192  eV     1   --> A              
     e( 30 - 30) =      3.59005  eV     1   --> A              
     e( 31 - 31) =      4.43611  eV     1   --> A              
     e( 32 - 32) =      5.70589  eV     1   --> A              
     e( 33 - 33) =      5.85824  eV     1   --> A              
     e( 34 - 34) =      5.86091  eV     1   --> A              
     e( 35 - 35) =      6.43007  eV     1   --> A              

 **************************************************************************

 **************************************************************************

                    xk=(   0.47500,   0.27424,   0.00000  )

     Band symmetry, C_1 (1)     point group:

     e(  1 -  1) =    -77.95054  eV     1   --> A              
     e(  2 -  2) =    -49.59951  eV     1   --> A              
     e(  3 -  3) =    -49.25434  eV     1   --> A              
     e(  4 -  4) =    -49.18293  eV     1   --> A              
     e(  5 -  5) =    -22.42279  eV     1   --> A              
     e(  6 -  6) =    -22.39835  eV     1   --> A              
     e(  7 -  7) =    -20.82110  eV     1   --> A              
     e(  8 -  8) =    -20.36217  eV     1   --> A              
     e(  9 -  9) =    -16.16279  eV     1   --> A              
     e( 10 - 10) =    -15.98627  eV     1   --> A              
     e( 11 - 11) =    -12.95000  eV     1   --> A              
     e( 12 - 12) =    -12.30452  eV     1   --> A              
     e( 13 - 13) =    -11.82583  eV     1   --> A              
     e( 14 - 14) =    -10.66867  eV     1   --> A              
     e( 15 - 15) =    -10.60779  eV     1   --> A              
     e( 16 - 16) =    -10.21629  eV     1   --> A              
     e( 17 - 17) =     -9.36289  eV     1   --> A              
     e( 18 - 18) =     -8.63672  eV     1   --> A              
     e( 19 - 19) =     -8.29845  eV     1   --> A              
     e( 20 - 20) =     -7.52375  eV     1   --> A              
     e( 21 - 21) =     -6.82622  eV     1   --> A              
     e( 22 - 22) =     -4.20777  eV     1   --> A              
     e( 23 - 23) =     -3.99958  eV     1   --> A              
     e( 24 - 24) =     -3.16246  eV     1   --> A              
     e( 25 - 25) =     -2.49624  eV     1   --> A              
     e( 26 - 26) =     -2.01476  eV     1   --> A              
     e( 27 - 27) =     -1.59481  eV     1   --> A              
     e( 28 - 28) =      1.77036  eV     1   --> A              
     e( 29 - 29) =      2.37781  eV     1   --> A              
     e( 30 - 30) =      3.59037  eV     1   --> A              
     e( 31 - 31) =      4.43174  eV     1   --> A              
     e( 32 - 32) =      5.69068  eV     1   --> A              
     e( 33 - 33) =      5.85708  eV     1   --> A              
     e( 34 - 34) =      5.86438  eV     1   --> A              
     e( 35 - 35) =      6.43125  eV     1   --> A              

 **************************************************************************

 **************************************************************************

                    xk=(   0.47000,   0.27135,   0.00000  )

     Band symmetry, C_1 (1)     point group:

     e(  1 -  1) =    -77.95072  eV     1   --> A              
     e(  2 -  2) =    -49.59833  eV     1   --> A              
     e(  3 -  3) =    -49.25407  eV     1   --> A              
     e(  4 -  4) =    -49.18317  eV     1   --> A              
     e(  5 -  5) =    -22.44015  eV     1   --> A              
     e(  6 -  6) =    -22.41522  eV     1   --> A              
     e(  7 -  7) =    -20.82323  eV     1   --> A              
     e(  8 -  8) =    -20.36101  eV     1   --> A              
     e(  9 -  9) =    -16.14397  eV     1   --> A              
     e( 10 - 10) =    -15.96739  eV     1   --> A              
     e( 11 - 11) =    -12.95296  eV     1   --> A              
     e( 12 - 12) =    -12.29542  eV     1   --> A              
     e( 13 - 13) =    -11.82115  eV     1   --> A              
     e( 14 - 14) =    -10.66514  eV     1   --> A              
     e( 15 - 15) =    -10.60437  eV     1   --> A              
     e( 16 - 16) =    -10.21358  eV     1   --> A              
     e( 17 - 17) =     -9.35942  eV     1   --> A              
     e( 18 - 18) =     -8.64576  eV     1   --> A              
     e( 19 - 19) =     -8.29827  eV     1   --> A              
     e( 20 - 20) =     -7.52809  eV     1   --> A              
     e( 21 - 21) =     -6.82767  eV     1   --> A              
     e( 22 - 22) =     -4.20579  eV     1   --> A              
     e( 23 - 23) =     -3.99904  eV     1   --> A              
     e( 24 - 24) =     -3.15524  eV     1   --> A              
     e( 25 - 25) =     -2.48249  eV     1   --> A              
     e( 26 - 26) =     -2.01662  eV     1   --> A              
     e( 27 - 27) =     -1.59251  eV     1   --> A              
     e( 28 - 28) =      1.77670  eV     1   --> A              
     e( 29 - 29) =      2.38499  eV     1   --> A              
     e( 30 - 30) =      3.59071  eV     1   --> A              
     e( 31 - 31) =      4.42634  eV     1   --> A              
     e( 32 - 32) =      5.67284  eV     1   --> A              
     e( 33 - 33) =      5.85515  eV     1   --> A              
     e( 34 - 34) =      5.86861  eV     1   --> A              
     e( 35 - 35) =      6.43267  eV     1   --> A              

 **************************************************************************

 **************************************************************************

                    xk=(   0.46500,   0.26847,   0.00000  )

     Band symmetry, C_1 (1)     point group:

     e(  1 -  1) =    -77.95094  eV     1   --> A              
     e(  2 -  2) =    -49.59694  eV     1   --> A              
     e(  3 -  3) =    -49.25375  eV     1   --> A              
     e(  4 -  4) =    -49.18345  eV     1   --> A              
     e(  5 -  5) =    -22.46039  eV     1   --> A              
     e(  6 -  6) =    -22.43490  eV     1   --> A              
     e(  7 -  7) =    -20.82591  eV     1   --> A              
     e(  8 -  8) =    -20.35980  eV     1   --> A              
     e(  9 -  9) =    -16.12184  eV     1   --> A              
     e( 10 - 10) =    -15.94516  eV     1   --> A              
     e( 11 - 11) =    -12.95643  eV     1   --> A              
     e( 12 - 12) =    -12.28479  eV     1   --> A              
     e( 13 - 13) =    -11.81566  eV     1   --> A              
     e( 14 - 14) =    -10.66097  eV     1   --> A              
     e( 15 - 15) =    -10.60033  eV     1   --> A              
     e( 16 - 16) =    -10.21033  eV     1   --> A              
     e( 17 - 17) =     -9.35532  eV     1   --> A              
     e( 18 - 18) =     -8.65620  eV     1   --> A              
     e( 19 - 19) =     -8.29814  eV     1   --> A              
     e( 20 - 20) =     -7.53320  eV     1   --> A              
     e( 21 - 21) =     -6.82939  eV     1   --> A              
     e( 22 - 22) =     -4.20345  eV     1   --> A              
     e( 23 - 23) =     -3.99838  eV     1   --> A              
     e( 24 - 24) =     -3.14690  eV     1   --> A              
     e( 25 - 25) =     -2.46631  eV     1   --> A              
     e( 26 - 26) =     -2.01882  eV     1   --> A              
     e( 27 - 27) =     -1.58968  eV     1   --> A              
     e( 28 - 28) =      1.78417  eV     1   --> A              
     e( 29 - 29) =      2.39343  eV     1   --> A              
     e( 30 - 30) =      3.59104  eV     1   --> A              
     e( 31 - 31) =      4.41986  eV     1   --> A              
     e( 32 - 32) =      5.65264  eV     1   --> A              
     e( 33 - 33) =      5.85237  eV     1   --> A              
     e( 34 - 34) =      5.87358  eV     1   --> A              
     e( 35 - 35) =      6.43433  eV     1   --> A              

 **************************************************************************

 **************************************************************************

                    xk=(   0.46000,   0.26558,   0.00000  )

     Band symmetry, C_1 (1)     point group:

     e(  1 -  1) =    -77.95119  eV     1   --> A              
     e(  2 -  2) =    -49.59533  eV     1   --> A              
     e(  3 -  3) =    -49.25338  eV     1   --> A              
     e(  4 -  4) =    -49.18377  eV     1   --> A              
     e(  5 -  5) =    -22.48340  eV     1   --> A              
     e(  6 -  6) =    -22.45728  eV     1   --> A              
     e(  7 -  7) =    -20.82921  eV     1   --> A              
     e(  8 -  8) =    -20.35861  eV     1   --> A              
     e(  9 -  9) =    -16.09642  eV     1   --> A              
     e( 10 - 10) =    -15.91960  eV     1   --> A              
     e( 11 - 11) =    -12.96039  eV     1   --> A              
     e( 12 - 12) =    -12.27272  eV     1   --> A              
     e( 13 - 13) =    -11.80937  eV     1   --> A              
     e( 14 - 14) =    -10.65617  eV     1   --> A              
     e( 15 - 15) =    -10.59567  eV     1   --> A              
     e( 16 - 16) =    -10.20651  eV     1   --> A              
     e( 17 - 17) =     -9.35059  eV     1   --> A              
     e( 18 - 18) =     -8.66791  eV     1   --> A              
     e( 19 - 19) =     -8.29810  eV     1   --> A              
     e( 20 - 20) =     -7.53909  eV     1   --> A              
     e( 21 - 21) =     -6.83135  eV     1   --> A              
     e( 22 - 22) =     -4.20074  eV     1   --> A              
     e( 23 - 23) =     -3.99761  eV     1   --> A              
     e( 24 - 24) =     -3.13754  eV     1   --> A              
     e( 25 - 25) =     -2.44771  eV     1   --> A              
     e( 26 - 26) =     -2.02136  eV     1   --> A              
     e( 27 - 27) =     -1.58627  eV     1   --> A              
     e( 28 - 28) =      1.79279  eV     1   --> A              
     e( 29 - 29) =      2.40312  eV     1   --> A              
     e( 30 - 30) =      3.59133  eV     1   --> A              
     e( 31 - 31) =      4.41227  eV     1   --> A              
     e( 32 - 32) =      5.63034  eV     1   --> A              
     e( 33 - 33) =      5.84869  eV     1   --> A              
     e( 34 - 34) =      5.87928  eV     1   --> A              
     e( 35 - 35) =      6.43623  eV     1   --> A              

 **************************************************************************

 **************************************************************************

                    xk=(   0.45500,   0.26269,   0.00000  )

     Band symmetry, C_1 (1)     point group:

     e(  1 -  1) =    -77.95147  eV     1   --> A              
     e(  2 -  2) =    -49.59352  eV     1   --> A              
     e(  3 -  3) =    -49.25296  eV     1   --> A              
     e(  4 -  4) =    -49.18414  eV     1   --> A              
     e(  5 -  5) =    -22.50903  eV     1   --> A              
     e(  6 -  6) =    -22.48222  eV     1   --> A              
     e(  7 -  7) =    -20.83317  eV     1   --> A              
     e(  8 -  8) =    -20.35750  eV     1   --> A              
     e(  9 -  9) =    -16.06778  eV     1   --> A              
     e( 10 - 10) =    -15.89077  eV     1   --> A              
     e( 11 - 11) =    -12.96482  eV     1   --> A              
     e( 12 - 12) =    -12.25927  eV     1   --> A              
     e( 13 - 13) =    -11.80229  eV     1   --> A              
     e( 14 - 14) =    -10.65073  eV     1   --> A              
     e( 15 - 15) =    -10.59039  eV     1   --> A              
     e( 16 - 16) =    -10.20209  eV     1   --> A              
     e( 17 - 17) =     -9.34524  eV     1   --> A              
     e( 18 - 18) =     -8.68081  eV     1   --> A              
     e( 19 - 19) =     -8.29818  eV     1   --> A              
     e( 20 - 20) =     -7.54575  eV     1   --> A              
     e( 21 - 21) =     -6.83355  eV     1   --> A              
     e( 22 - 22) =     -4.19767  eV     1   --> A              
     e( 23 - 23) =     -3.99670  eV     1   --> A              
     e( 24 - 24) =     -3.12726  eV     1   --> A              
     e( 25 - 25) =     -2.42674  eV     1   --> A              
     e( 26 - 26) =     -2.02424  eV     1   --> A              
     e( 27 - 27) =     -1.58221  eV     1   --> A              
     e( 28 - 28) =      1.80255  eV     1   --> A              
     e( 29 - 29) =      2.41404  eV     1   --> A              
     e( 30 - 30) =      3.59155  eV     1   --> A              
     e( 31 - 31) =      4.40352  eV     1   --> A              
     e( 32 - 32) =      5.60617  eV     1   --> A              
     e( 33 - 33) =      5.84409  eV     1   --> A              
     e( 34 - 34) =      5.88569  eV     1   --> A              
     e( 35 - 35) =      6.43836  eV     1   --> A              

 **************************************************************************

 **************************************************************************

                    xk=(   0.45000,   0.25981,   0.00000  )

     Band symmetry, C_1 (1)     point group:

     e(  1 -  1) =    -77.95178  eV     1   --> A              
     e(  2 -  2) =    -49.59149  eV     1   --> A              
     e(  3 -  3) =    -49.25250  eV     1   --> A              
     e(  4 -  4) =    -49.18454  eV     1   --> A              
     e(  5 -  5) =    -22.53714  eV     1   --> A              
     e(  6 -  6) =    -22.50960  eV     1   --> A              
     e(  7 -  7) =    -20.83789  eV     1   --> A              
     e(  8 -  8) =    -20.35656  eV     1   --> A              
     e(  9 -  9) =    -16.03598  eV     1   --> A              
     e( 10 - 10) =    -15.85872  eV     1   --> A              
     e( 11 - 11) =    -12.96971  eV     1   --> A              
     e( 12 - 12) =    -12.24453  eV     1   --> A              
     e( 13 - 13) =    -11.79444  eV     1   --> A              
     e( 14 - 14) =    -10.64467  eV     1   --> A              
     e( 15 - 15) =    -10.58450  eV     1   --> A              
     e( 16 - 16) =    -10.19703  eV     1   --> A              
     e( 17 - 17) =     -9.33927  eV     1   --> A              
     e( 18 - 18) =     -8.69479  eV     1   --> A              
     e( 19 - 19) =     -8.29838  eV     1   --> A              
     e( 20 - 20) =     -7.55317  eV     1   --> A              
     e( 21 - 21) =     -6.83599  eV     1   --> A              
     e( 22 - 22) =     -4.19422  eV     1   --> A              
     e( 23 - 23) =     -3.99565  eV     1   --> A              
     e( 24 - 24) =     -3.11617  eV     1   --> A              
     e( 25 - 25) =     -2.40343  eV     1   --> A              
     e( 26 - 26) =     -2.02747  eV     1   --> A              
     e( 27 - 27) =     -1.57742  eV     1   --> A              
     e( 28 - 28) =      1.81344  eV     1   --> A              
     e( 29 - 29) =      2.42616  eV     1   --> A              
     e( 30 - 30) =      3.59163  eV     1   --> A              
     e( 31 - 31) =      4.39355  eV     1   --> A              
     e( 32 - 32) =      5.58040  eV     1   --> A              
     e( 33 - 33) =      5.83860  eV     1   --> A              
     e( 34 - 34) =      5.89279  eV     1   --> A              
     e( 35 - 35) =      6.44068  eV     1   --> A              

 **************************************************************************

 **************************************************************************

                    xk=(   0.44500,   0.25692,   0.00000  )

     Band symmetry, C_1 (1)     point group:

     e(  1 -  1) =    -77.95212  eV     1   --> A              
     e(  2 -  2) =    -49.58926  eV     1   --> A              
     e(  3 -  3) =    -49.25199  eV     1   --> A              
     e(  4 -  4) =    -49.18499  eV     1   --> A              
     e(  5 -  5) =    -22.56759  eV     1   --> A              
     e(  6 -  6) =    -22.53929  eV     1   --> A              
     e(  7 -  7) =    -20.84341  eV     1   --> A              
     e(  8 -  8) =    -20.35586  eV     1   --> A              
     e(  9 -  9) =    -16.00108  eV     1   --> A              
     e( 10 - 10) =    -15.82350  eV     1   --> A              
     e( 11 - 11) =    -12.97505  eV     1   --> A              
     e( 12 - 12) =    -12.22858  eV     1   --> A              
     e( 13 - 13) =    -11.78583  eV     1   --> A              
     e( 14 - 14) =    -10.63797  eV     1   --> A              
     e( 15 - 15) =    -10.57801  eV     1   --> A              
     e( 16 - 16) =    -10.19131  eV     1   --> A              
     e( 17 - 17) =     -9.33268  eV     1   --> A              
     e( 18 - 18) =     -8.70972  eV     1   --> A              
     e( 19 - 19) =     -8.29873  eV     1   --> A              
     e( 20 - 20) =     -7.56134  eV     1   --> A              
     e( 21 - 21) =     -6.83865  eV     1   --> A              
     e( 22 - 22) =     -4.19039  eV     1   --> A              
     e( 23 - 23) =     -3.99446  eV     1   --> A              
     e( 24 - 24) =     -3.10441  eV     1   --> A              
     e( 25 - 25) =     -2.37782  eV     1   --> A              
     e( 26 - 26) =     -2.03105  eV     1   --> A              
     e( 27 - 27) =     -1.57183  eV     1   --> A              
     e( 28 - 28) =      1.82545  eV     1   --> A              
     e( 29 - 29) =      2.43946  eV     1   --> A              
     e( 30 - 30) =      3.59155  eV     1   --> A              
     e( 31 - 31) =      4.38231  eV     1   --> A              
     e( 32 - 32) =      5.55325  eV     1   --> A              
     e( 33 - 33) =      5.83228  eV     1   --> A              
     e( 34 - 34) =      5.90055  eV     1   --> A              
     e( 35 - 35) =      6.44320  eV     1   --> A              

 **************************************************************************

 **************************************************************************

                    xk=(   0.44000,   0.25403,   0.00000  )

     Band symmetry, C_1 (1)     point group:

     e(  1 -  1) =    -77.95250  eV     1   --> A              
     e(  2 -  2) =    -49.58683  eV     1   --> A              
     e(  3 -  3) =    -49.25143  eV     1   --> A              
     e(  4 -  4) =    -49.18548  eV     1   --> A              
     e(  5 -  5) =    -22.60024  eV     1   --> A              
     e(  6 -  6) =    -22.57113  eV     1   --> A              
     e(  7 -  7) =    -20.84980  eV     1   --> A              
     e(  8 -  8) =    -20.35547  eV     1   --> A              
     e(  9 -  9) =    -15.96316  eV     1   --> A              
     e( 10 - 10) =    -15.78516  eV     1   --> A              
     e( 11 - 11) =    -12.98083  eV     1   --> A              
     e( 12 - 12) =    -12.21152  eV     1   --> A              
     e( 13 - 13) =    -11.77647  eV     1   --> A              
     e( 14 - 14) =    -10.63066  eV     1   --> A              
     e( 15 - 15) =    -10.57091  eV     1   --> A              
     e( 16 - 16) =    -10.18489  eV     1   --> A              
     e( 17 - 17) =     -9.32547  eV     1   --> A              
     e( 18 - 18) =     -8.72552  eV     1   --> A              
     e( 19 - 19) =     -8.29922  eV     1   --> A              
     e( 20 - 20) =     -7.57027  eV     1   --> A              
     e( 21 - 21) =     -6.84151  eV     1   --> A              
     e( 22 - 22) =     -4.18619  eV     1   --> A              
     e( 23 - 23) =     -3.99313  eV     1   --> A              
     e( 24 - 24) =     -3.09211  eV     1   --> A              
     e( 25 - 25) =     -2.34998  eV     1   --> A              
     e( 26 - 26) =     -2.03498  eV     1   --> A              
     e( 27 - 27) =     -1.56535  eV     1   --> A              
     e( 28 - 28) =      1.83858  eV     1   --> A              
     e( 29 - 29) =      2.45389  eV     1   --> A              
     e( 30 - 30) =      3.59124  eV     1   --> A              
     e( 31 - 31) =      4.36975  eV     1   --> A              
     e( 32 - 32) =      5.52499  eV     1   --> A              
     e( 33 - 33) =      5.82520  eV     1   --> A              
     e( 34 - 34) =      5.90895  eV     1   --> A              
     e( 35 - 35) =      6.44589  eV     1   --> A              

 **************************************************************************

 **************************************************************************

                    xk=(   0.43500,   0.25115,   0.00000  )

     Band symmetry, C_1 (1)     point group:

     e(  1 -  1) =    -77.95290  eV     1   --> A              
     e(  2 -  2) =    -49.58420  eV     1   --> A              
     e(  3 -  3) =    -49.25083  eV     1   --> A              
     e(  4 -  4) =    -49.18602  eV     1   --> A              
     e(  5 -  5) =    -22.63493  eV     1   --> A              
     e(  6 -  6) =    -22.60499  eV     1   --> A              
     e(  7 -  7) =    -20.85711  eV     1   --> A              
     e(  8 -  8) =    -20.35545  eV     1   --> A              
     e(  9 -  9) =    -15.92229  eV     1   --> A              
     e( 10 - 10) =    -15.74377  eV     1   --> A              
     e( 11 - 11) =    -12.98704  eV     1   --> A              
     e( 12 - 12) =    -12.19347  eV     1   --> A              
     e( 13 - 13) =    -11.76638  eV     1   --> A              
     e( 14 - 14) =    -10.62272  eV     1   --> A              
     e( 15 - 15) =    -10.56321  eV     1   --> A              
     e( 16 - 16) =    -10.17772  eV     1   --> A              
     e( 17 - 17) =     -9.31765  eV     1   --> A              
     e( 18 - 18) =     -8.74207  eV     1   --> A              
     e( 19 - 19) =     -8.29987  eV     1   --> A              
     e( 20 - 20) =     -7.57994  eV     1   --> A              
     e( 21 - 21) =     -6.84456  eV     1   --> A              
     e( 22 - 22) =     -4.18161  eV     1   --> A              
     e( 23 - 23) =     -3.99163  eV     1   --> A              
     e( 24 - 24) =     -3.07942  eV     1   --> A              
     e( 25 - 25) =     -2.31994  eV     1   --> A              
     e( 26 - 26) =     -2.03925  eV     1   --> A              
     e( 27 - 27) =     -1.55788  eV     1   --> A              
     e( 28 - 28) =      1.85280  eV     1   --> A              
     e( 29 - 29) =      2.46944  eV     1   --> A              
     e( 30 - 30) =      3.59064  eV     1   --> A              
     e( 31 - 31) =      4.35578  eV     1   --> A              
     e( 32 - 32) =      5.49587  eV     1   --> A              
     e( 33 - 33) =      5.81746  eV     1   --> A              
     e( 34 - 34) =      5.91796  eV     1   --> A              
     e( 35 - 35) =      6.44875  eV     1   --> A              

 **************************************************************************

 **************************************************************************

                    xk=(   0.43000,   0.24826,   0.00000  )

     Band symmetry, C_1 (1)     point group:

     e(  1 -  1) =    -77.95334  eV     1   --> A              
     e(  2 -  2) =    -49.58136  eV     1   --> A              
     e(  3 -  3) =    -49.25018  eV     1   --> A              
     e(  4 -  4) =    -49.18659  eV     1   --> A              
     e(  5 -  5) =    -22.67151  eV     1   --> A              
     e(  6 -  6) =    -22.64072  eV     1   --> A              
     e(  7 -  7) =    -20.86539  eV     1   --> A              
     e(  8 -  8) =    -20.35587  eV     1   --> A              
     e(  9 -  9) =    -15.87857  eV     1   --> A              
     e( 10 - 10) =    -15.69940  eV     1   --> A              
     e( 11 - 11) =    -12.99367  eV     1   --> A              
     e( 12 - 12) =    -12.17453  eV     1   --> A              
     e( 13 - 13) =    -11.75554  eV     1   --> A              
     e( 14 - 14) =    -10.61417  eV     1   --> A              
     e( 15 - 15) =    -10.55492  eV     1   --> A              
     e( 16 - 16) =    -10.16976  eV     1   --> A              
     e( 17 - 17) =     -9.30923  eV     1   --> A              
     e( 18 - 18) =     -8.75929  eV     1   --> A              
     e( 19 - 19) =     -8.30064  eV     1   --> A              
     e( 20 - 20) =     -7.59033  eV     1   --> A              
     e( 21 - 21) =     -6.84776  eV     1   --> A              
     e( 22 - 22) =     -4.17664  eV     1   --> A              
     e( 23 - 23) =     -3.98998  eV     1   --> A              
     e( 24 - 24) =     -3.06649  eV     1   --> A              
     e( 25 - 25) =     -2.28776  eV     1   --> A              
     e( 26 - 26) =     -2.04388  eV     1   --> A              
     e( 27 - 27) =     -1.54932  eV     1   --> A              
     e( 28 - 28) =      1.86811  eV     1   --> A              
     e( 29 - 29) =      2.48605  eV     1   --> A              
     e( 30 - 30) =      3.58970  eV     1   --> A              
     e( 31 - 31) =      4.34035  eV     1   --> A              
     e( 32 - 32) =      5.46617  eV     1   --> A              
     e( 33 - 33) =      5.80918  eV     1   --> A              
     e( 34 - 34) =      5.92755  eV     1   --> A              
     e( 35 - 35) =      6.45174  eV     1   --> A              

 **************************************************************************

 **************************************************************************

                    xk=(   0.42500,   0.24537,   0.00000  )

     Band symmetry, C_1 (1)     point group:

     e(  1 -  1) =    -77.95381  eV     1   --> A              
     e(  2 -  2) =    -49.57833  eV     1   --> A              
     e(  3 -  3) =    -49.24948  eV     1   --> A              
     e(  4 -  4) =    -49.18720  eV     1   --> A              
     e(  5 -  5) =    -22.70984  eV     1   --> A              
     e(  6 -  6) =    -22.67820  eV     1   --> A              
     e(  7 -  7) =    -20.87468  eV     1   --> A              
     e(  8 -  8) =    -20.35678  eV     1   --> A              
     e(  9 -  9) =    -15.83208  eV     1   --> A              
     e( 10 - 10) =    -15.65211  eV     1   --> A              
     e( 11 - 11) =    -13.00072  eV     1   --> A              
     e( 12 - 12) =    -12.15483  eV     1   --> A              
     e( 13 - 13) =    -11.74396  eV     1   --> A              
     e( 14 - 14) =    -10.60501  eV     1   --> A              
     e( 15 - 15) =    -10.54603  eV     1   --> A              
     e( 16 - 16) =    -10.16098  eV     1   --> A              
     e( 17 - 17) =     -9.30020  eV     1   --> A              
     e( 18 - 18) =     -8.77708  eV     1   --> A              
     e( 19 - 19) =     -8.30154  eV     1   --> A              
     e( 20 - 20) =     -7.60144  eV     1   --> A              
     e( 21 - 21) =     -6.85109  eV     1   --> A              
     e( 22 - 22) =     -4.17129  eV     1   --> A              
     e( 23 - 23) =     -3.98817  eV     1   --> A              
     e( 24 - 24) =     -3.05346  eV     1   --> A              
     e( 25 - 25) =     -2.25351  eV     1   --> A              
     e( 26 - 26) =     -2.04886  eV     1   --> A              
     e( 27 - 27) =     -1.53956  eV     1   --> A              
     e( 28 - 28) =      1.88449  eV     1   --> A              
     e( 29 - 29) =      2.50369  eV     1   --> A              
     e( 30 - 30) =      3.58835  eV     1   --> A              
     e( 31 - 31) =      4.32340  eV     1   --> A              
     e( 32 - 32) =      5.43616  eV     1   --> A              
     e( 33 - 33) =      5.80051  eV     1   --> A              
     e( 34 - 34) =      5.93769  eV     1   --> A              
     e( 35 - 35) =      6.45485  eV     1   --> A              

 **************************************************************************

 **************************************************************************

                    xk=(   0.42000,   0.24249,   0.00000  )

     Band symmetry, C_1 (1)     point group:

     e(  1 -  1) =    -77.95430  eV     1   --> A              
     e(  2 -  2) =    -49.57511  eV     1   --> A              
     e(  3 -  3) =    -49.24875  eV     1   --> A              
     e(  4 -  4) =    -49.18785  eV     1   --> A              
     e(  5 -  5) =    -22.74978  eV     1   --> A              
     e(  6 -  6) =    -22.71727  eV     1   --> A              
     e(  7 -  7) =    -20.88500  eV     1   --> A              
     e(  8 -  8) =    -20.35824  eV     1   --> A              
     e(  9 -  9) =    -15.78292  eV     1   --> A              
     e( 10 - 10) =    -15.60198  eV     1   --> A              
     e( 11 - 11) =    -13.00817  eV     1   --> A              
     e( 12 - 12) =    -12.13452  eV     1   --> A              
     e( 13 - 13) =    -11.73161  eV     1   --> A              
     e( 14 - 14) =    -10.59524  eV     1   --> A              
     e( 15 - 15) =    -10.53655  eV     1   --> A              
     e( 16 - 16) =    -10.15133  eV     1   --> A              
     e( 17 - 17) =     -9.29057  eV     1   --> A              
     e( 18 - 18) =     -8.79535  eV     1   --> A              
     e( 19 - 19) =     -8.30254  eV     1   --> A              
     e( 20 - 20) =     -7.61326  eV     1   --> A              
     e( 21 - 21) =     -6.85451  eV     1   --> A              
     e( 22 - 22) =     -4.16555  eV     1   --> A              
     e( 23 - 23) =     -3.98620  eV     1   --> A              
     e( 24 - 24) =     -3.04051  eV     1   --> A              
     e( 25 - 25) =     -2.21725  eV     1   --> A              
     e( 26 - 26) =     -2.05420  eV     1   --> A              
     e( 27 - 27) =     -1.52850  eV     1   --> A              
     e( 28 - 28) =      1.90191  eV     1   --> A              
     e( 29 - 29) =      2.52230  eV     1   --> A              
     e( 30 - 30) =      3.58653  eV     1   --> A              
     e( 31 - 31) =      4.30488  eV     1   --> A              
     e( 32 - 32) =      5.40611  eV     1   --> A              
     e( 33 - 33) =      5.79157  eV     1   --> A              
     e( 34 - 34) =      5.94834  eV     1   --> A              
     e( 35 - 35) =      6.45805  eV     1   --> A              

 **************************************************************************

 **************************************************************************

                    xk=(   0.41500,   0.23960,   0.00000  )

     Band symmetry, C_1 (1)     point group:

     e(  1 -  1) =    -77.95483  eV     1   --> A              
     e(  2 -  2) =    -49.57169  eV     1   --> A              
     e(  3 -  3) =    -49.24796  eV     1   --> A              
     e(  4 -  4) =    -49.18853  eV     1   --> A              
     e(  5 -  5) =    -22.79120  eV     1   --> A              
     e(  6 -  6) =    -22.75781  eV     1   --> A              
     e(  7 -  7) =    -20.89639  eV     1   --> A              
     e(  8 -  8) =    -20.36028  eV     1   --> A              
     e(  9 -  9) =    -15.73119  eV     1   --> A              
     e( 10 - 10) =    -15.54909  eV     1   --> A              
     e( 11 - 11) =    -13.01601  eV     1   --> A              
     e( 12 - 12) =    -12.11374  eV     1   --> A              
     e( 13 - 13) =    -11.71846  eV     1   --> A              
     e( 14 - 14) =    -10.58487  eV     1   --> A              
     e( 15 - 15) =    -10.52649  eV     1   --> A              
     e( 16 - 16) =    -10.14076  eV     1   --> A              
     e( 17 - 17) =     -9.28035  eV     1   --> A              
     e( 18 - 18) =     -8.81402  eV     1   --> A              
     e( 19 - 19) =     -8.30362  eV     1   --> A              
     e( 20 - 20) =     -7.62578  eV     1   --> A              
     e( 21 - 21) =     -6.85800  eV     1   --> A              
     e( 22 - 22) =     -4.15942  eV     1   --> A              
     e( 23 - 23) =     -3.98407  eV     1   --> A              
     e( 24 - 24) =     -3.02779  eV     1   --> A              
     e( 25 - 25) =     -2.17904  eV     1   --> A              
     e( 26 - 26) =     -2.05989  eV     1   --> A              
     e( 27 - 27) =     -1.51602  eV     1   --> A              
     e( 28 - 28) =      1.92035  eV     1   --> A              
     e( 29 - 29) =      2.54184  eV     1   --> A              
     e( 30 - 30) =      3.58418  eV     1   --> A              
     e( 31 - 31) =      4.28473  eV     1   --> A              
     e( 32 - 32) =      5.37631  eV     1   --> A              
     e( 33 - 33) =      5.78253  eV     1   --> A              
     e( 34 - 34) =      5.95946  eV     1   --> A              
     e( 35 - 35) =      6.46132  eV     1   --> A              

 **************************************************************************

 **************************************************************************

                    xk=(   0.41000,   0.23671,   0.00000  )

     Band symmetry, C_1 (1)     point group:

     e(  1 -  1) =    -77.95538  eV     1   --> A              
     e(  2 -  2) =    -49.56809  eV     1   --> A              
     e(  3 -  3) =    -49.24714  eV     1   --> A              
     e(  4 -  4) =    -49.18926  eV     1   --> A              
     e(  5 -  5) =    -22.83396  eV     1   --> A              
     e(  6 -  6) =    -22.79969  eV     1   --> A              
     e(  7 -  7) =    -20.90886  eV     1   --> A              
     e(  8 -  8) =    -20.36295  eV     1   --> A              
     e(  9 -  9) =    -15.67700  eV     1   --> A              
     e( 10 - 10) =    -15.49352  eV     1   --> A              
     e( 11 - 11) =    -13.02423  eV     1   --> A              
     e( 12 - 12) =    -12.09265  eV     1   --> A              
     e( 13 - 13) =    -11.70447  eV     1   --> A              
     e( 14 - 14) =    -10.57390  eV     1   --> A              
     e( 15 - 15) =    -10.51585  eV     1   --> A              
     e( 16 - 16) =    -10.12922  eV     1   --> A              
     e( 17 - 17) =     -9.26953  eV     1   --> A              
     e( 18 - 18) =     -8.83301  eV     1   --> A              
     e( 19 - 19) =     -8.30475  eV     1   --> A              
     e( 20 - 20) =     -7.63898  eV     1   --> A              
     e( 21 - 21) =     -6.86149  eV     1   --> A              
     e( 22 - 22) =     -4.15290  eV     1   --> A              
     e( 23 - 23) =     -3.98177  eV     1   --> A              
     e( 24 - 24) =     -3.01546  eV     1   --> A              
     e( 25 - 25) =     -2.13895  eV     1   --> A              
     e( 26 - 26) =     -2.06595  eV     1   --> A              
     e( 27 - 27) =     -1.50199  eV     1   --> A              
     e( 28 - 28) =      1.93978  eV     1   --> A              
     e( 29 - 29) =      2.56223  eV     1   --> A              
     e( 30 - 30) =      3.58124  eV     1   --> A              
     e( 31 - 31) =      4.26292  eV     1   --> A              
     e( 32 - 32) =      5.34702  eV     1   --> A              
     e( 33 - 33) =      5.77356  eV     1   --> A              
     e( 34 - 34) =      5.97101  eV     1   --> A              
     e( 35 - 35) =      6.46462  eV     1   --> A              

 **************************************************************************

 **************************************************************************

                    xk=(   0.40500,   0.23383,   0.00000  )

     Band symmetry, C_1 (1)     point group:

     e(  1 -  1) =    -77.95596  eV     1   --> A              
     e(  2 -  2) =    -49.56430  eV     1   --> A              
     e(  3 -  3) =    -49.24627  eV     1   --> A              
     e(  4 -  4) =    -49.19002  eV     1   --> A              
     e(  5 -  5) =    -22.87793  eV     1   --> A              
     e(  6 -  6) =    -22.84279  eV     1   --> A              
     e(  7 -  7) =    -20.92241  eV     1   --> A              
     e(  8 -  8) =    -20.36626  eV     1   --> A              
     e(  9 -  9) =    -15.62046  eV     1   --> A              
     e( 10 - 10) =    -15.43534  eV     1   --> A              
     e( 11 - 11) =    -13.03282  eV     1   --> A              
     e( 12 - 12) =    -12.07144  eV     1   --> A              
     e( 13 - 13) =    -11.68958  eV     1   --> A              
     e( 14 - 14) =    -10.56234  eV     1   --> A              
     e( 15 - 15) =    -10.50464  eV     1   --> A              
     e( 16 - 16) =    -10.11669  eV     1   --> A              
     e( 17 - 17) =     -9.25813  eV     1   --> A              
     e( 18 - 18) =     -8.85226  eV     1   --> A              
     e( 19 - 19) =     -8.30590  eV     1   --> A              
     e( 20 - 20) =     -7.65284  eV     1   --> A              
     e( 21 - 21) =     -6.86496  eV     1   --> A              
     e( 22 - 22) =     -4.14598  eV     1   --> A              
     e( 23 - 23) =     -3.97931  eV     1   --> A              
     e( 24 - 24) =     -3.00367  eV     1   --> A              
     e( 25 - 25) =     -2.09706  eV     1   --> A              
     e( 26 - 26) =     -2.07237  eV     1   --> A              
     e( 27 - 27) =     -1.48633  eV     1   --> A              
     e( 28 - 28) =      1.96015  eV     1   --> A              
     e( 29 - 29) =      2.58342  eV     1   --> A              
     e( 30 - 30) =      3.57765  eV     1   --> A              
     e( 31 - 31) =      4.23943  eV     1   --> A              
     e( 32 - 32) =      5.31851  eV     1   --> A              
     e( 33 - 33) =      5.76482  eV     1   --> A              
     e( 34 - 34) =      5.98295  eV     1   --> A              
     e( 35 - 35) =      6.46793  eV     1   --> A              

 **************************************************************************

 **************************************************************************

                    xk=(   0.40000,   0.23094,   0.00000  )

     Band symmetry, C_1 (1)     point group:

     e(  1 -  1) =    -77.95657  eV     1   --> A              
     e(  2 -  2) =    -49.56033  eV     1   --> A              
     e(  3 -  3) =    -49.24536  eV     1   --> A              
     e(  4 -  4) =    -49.19081  eV     1   --> A              
     e(  5 -  5) =    -22.92299  eV     1   --> A              
     e(  6 -  6) =    -22.88699  eV     1   --> A              
     e(  7 -  7) =    -20.93704  eV     1   --> A              
     e(  8 -  8) =    -20.37025  eV     1   --> A              
     e(  9 -  9) =    -15.56170  eV     1   --> A              
     e( 10 - 10) =    -15.37464  eV     1   --> A              
     e( 11 - 11) =    -13.04176  eV     1   --> A              
     e( 12 - 12) =    -12.05029  eV     1   --> A              
     e( 13 - 13) =    -11.67372  eV     1   --> A              
     e( 14 - 14) =    -10.55020  eV     1   --> A              
     e( 15 - 15) =    -10.49286  eV     1   --> A              
     e( 16 - 16) =    -10.10311  eV     1   --> A              
     e( 17 - 17) =     -9.24616  eV     1   --> A              
     e( 18 - 18) =     -8.87170  eV     1   --> A              
     e( 19 - 19) =     -8.30704  eV     1   --> A              
     e( 20 - 20) =     -7.66737  eV     1   --> A              
     e( 21 - 21) =     -6.86834  eV     1   --> A              
     e( 22 - 22) =     -4.13866  eV     1   --> A              
     e( 23 - 23) =     -3.97670  eV     1   --> A              
     e( 24 - 24) =     -2.99258  eV     1   --> A              
     e( 25 - 25) =     -2.07916  eV     1   --> A              
     e( 26 - 26) =     -2.05343  eV     1   --> A              
     e( 27 - 27) =     -1.46892  eV     1   --> A              
     e( 28 - 28) =      1.98143  eV     1   --> A              
     e( 29 - 29) =      2.60533  eV     1   --> A              
     e( 30 - 30) =      3.57337  eV     1   --> A              
     e( 31 - 31) =      4.21423  eV     1   --> A              
     e( 32 - 32) =      5.29104  eV     1   --> A              
     e( 33 - 33) =      5.75646  eV     1   --> A              
     e( 34 - 34) =      5.99522  eV     1   --> A              
     e( 35 - 35) =      6.47121  eV     1   --> A              

 **************************************************************************

 **************************************************************************

                    xk=(   0.39500,   0.22805,   0.00000  )

     Band symmetry, C_1 (1)     point group:

     e(  1 -  1) =    -77.95721  eV     1   --> A              
     e(  2 -  2) =    -49.55618  eV     1   --> A              
     e(  3 -  3) =    -49.24442  eV     1   --> A              
     e(  4 -  4) =    -49.19165  eV     1   --> A              
     e(  5 -  5) =    -22.96904  eV     1   --> A              
     e(  6 -  6) =    -22.93217  eV     1   --> A              
     e(  7 -  7) =    -20.95275  eV     1   --> A              
     e(  8 -  8) =    -20.37493  eV     1   --> A              
     e(  9 -  9) =    -15.50084  eV     1   --> A              
     e( 10 - 10) =    -15.31150  eV     1   --> A              
     e( 11 - 11) =    -13.05102  eV     1   --> A              
     e( 12 - 12) =    -12.02942  eV     1   --> A              
     e( 13 - 13) =    -11.65679  eV     1   --> A              
     e( 14 - 14) =    -10.53748  eV     1   --> A              
     e( 15 - 15) =    -10.48053  eV     1   --> A              
     e( 16 - 16) =    -10.08846  eV     1   --> A              
     e( 17 - 17) =     -9.23361  eV     1   --> A              
     e( 18 - 18) =     -8.89126  eV     1   --> A              
     e( 19 - 19) =     -8.30813  eV     1   --> A              
     e( 20 - 20) =     -7.68254  eV     1   --> A              
     e( 21 - 21) =     -6.87159  eV     1   --> A              
     e( 22 - 22) =     -4.13094  eV     1   --> A              
     e( 23 - 23) =     -3.97393  eV     1   --> A              
     e( 24 - 24) =     -2.98231  eV     1   --> A              
     e( 25 - 25) =     -2.08632  eV     1   --> A              
     e( 26 - 26) =     -2.00815  eV     1   --> A              
     e( 27 - 27) =     -1.44965  eV     1   --> A              
     e( 28 - 28) =      2.00358  eV     1   --> A              
     e( 29 - 29) =      2.62786  eV     1   --> A              
     e( 30 - 30) =      3.56836  eV     1   --> A              
     e( 31 - 31) =      4.18735  eV     1   --> A              
     e( 32 - 32) =      5.26483  eV     1   --> A              
     e( 33 - 33) =      5.74865  eV     1   --> A              
     e( 34 - 34) =      6.00777  eV     1   --> A              
     e( 35 - 35) =      6.47442  eV     1   --> A              

 **************************************************************************

 **************************************************************************

                    xk=(   0.39000,   0.22517,   0.00000  )

     Band symmetry, C_1 (1)     point group:

     e(  1 -  1) =    -77.95787  eV     1   --> A              
     e(  2 -  2) =    -49.55186  eV     1   --> A              
     e(  3 -  3) =    -49.24343  eV     1   --> A              
     e(  4 -  4) =    -49.19251  eV     1   --> A              
     e(  5 -  5) =    -23.01596  eV     1   --> A              
     e(  6 -  6) =    -22.97823  eV     1   --> A              
     e(  7 -  7) =    -20.96952  eV     1   --> A              
     e(  8 -  8) =    -20.38031  eV     1   --> A              
     e(  9 -  9) =    -15.43801  eV     1   --> A              
     e( 10 - 10) =    -15.24601  eV     1   --> A              
     e( 11 - 11) =    -13.06058  eV     1   --> A              
     e( 12 - 12) =    -12.00903  eV     1   --> A              
     e( 13 - 13) =    -11.63869  eV     1   --> A              
     e( 14 - 14) =    -10.52419  eV     1   --> A              
     e( 15 - 15) =    -10.46764  eV     1   --> A              
     e( 16 - 16) =    -10.07269  eV     1   --> A              
     e( 17 - 17) =     -9.22049  eV     1   --> A              
     e( 18 - 18) =     -8.91090  eV     1   --> A              
     e( 19 - 19) =     -8.30915  eV     1   --> A              
     e( 20 - 20) =     -7.69833  eV     1   --> A              
     e( 21 - 21) =     -6.87465  eV     1   --> A              
     e( 22 - 22) =     -4.12282  eV     1   --> A              
     e( 23 - 23) =     -3.97101  eV     1   --> A              
     e( 24 - 24) =     -2.97302  eV     1   --> A              
     e( 25 - 25) =     -2.09384  eV     1   --> A              
     e( 26 - 26) =     -1.96129  eV     1   --> A              
     e( 27 - 27) =     -1.42845  eV     1   --> A              
     e( 28 - 28) =      2.02653  eV     1   --> A              
     e( 29 - 29) =      2.65093  eV     1   --> A              
     e( 30 - 30) =      3.56260  eV     1   --> A              
     e( 31 - 31) =      4.15879  eV     1   --> A              
     e( 32 - 32) =      5.24011  eV     1   --> A              
     e( 33 - 33) =      5.74154  eV     1   --> A              
     e( 34 - 34) =      6.02055  eV     1   --> A              
     e( 35 - 35) =      6.47752  eV     1   --> A              

 **************************************************************************

 **************************************************************************

                    xk=(   0.38500,   0.22228,   0.00000  )

     Band symmetry, C_1 (1)     point group:

     e(  1 -  1) =    -77.95856  eV     1   --> A              
     e(  2 -  2) =    -49.54738  eV     1   --> A              
     e(  3 -  3) =    -49.24240  eV     1   --> A              
     e(  4 -  4) =    -49.19341  eV     1   --> A              
     e(  5 -  5) =    -23.06365  eV     1   --> A              
     e(  6 -  6) =    -23.02507  eV     1   --> A              
     e(  7 -  7) =    -20.98734  eV     1   --> A              
     e(  8 -  8) =    -20.38639  eV     1   --> A              
     e(  9 -  9) =    -15.37335  eV     1   --> A              
     e( 10 - 10) =    -15.17826  eV     1   --> A              
     e( 11 - 11) =    -13.07038  eV     1   --> A              
     e( 12 - 12) =    -11.98934  eV     1   --> A              
     e( 13 - 13) =    -11.61933  eV     1   --> A              
     e( 14 - 14) =    -10.51034  eV     1   --> A              
     e( 15 - 15) =    -10.45421  eV     1   --> A              
     e( 16 - 16) =    -10.05578  eV     1   --> A              
     e( 17 - 17) =     -9.20681  eV     1   --> A              
     e( 18 - 18) =     -8.93057  eV     1   --> A              
     e( 19 - 19) =     -8.31005  eV     1   --> A              
     e( 20 - 20) =     -7.71472  eV     1   --> A              
     e( 21 - 21) =     -6.87745  eV     1   --> A              
     e( 22 - 22) =     -4.11430  eV     1   --> A              
     e( 23 - 23) =     -3.96795  eV     1   --> A              
     e( 24 - 24) =     -2.96480  eV     1   --> A              
     e( 25 - 25) =     -2.10174  eV     1   --> A              
     e( 26 - 26) =     -1.91292  eV     1   --> A              
     e( 27 - 27) =     -1.40523  eV     1   --> A              
     e( 28 - 28) =      2.05023  eV     1   --> A              
     e( 29 - 29) =      2.67441  eV     1   --> A              
     e( 30 - 30) =      3.55609  eV     1   --> A              
     e( 31 - 31) =      4.12863  eV     1   --> A              
     e( 32 - 32) =      5.21707  eV     1   --> A              
     e( 33 - 33) =      5.73526  eV     1   --> A              
     e( 34 - 34) =      6.03349  eV     1   --> A              
     e( 35 - 35) =      6.48047  eV     1   --> A              

 **************************************************************************

 **************************************************************************

                    xk=(   0.38000,   0.21939,   0.00000  )

     Band symmetry, C_1 (1)     point group:

     e(  1 -  1) =    -77.95927  eV     1   --> A              
     e(  2 -  2) =    -49.54272  eV     1   --> A              
     e(  3 -  3) =    -49.24134  eV     1   --> A              
     e(  4 -  4) =    -49.19435  eV     1   --> A              
     e(  5 -  5) =    -23.11201  eV     1   --> A              
     e(  6 -  6) =    -23.07259  eV     1   --> A              
     e(  7 -  7) =    -21.00618  eV     1   --> A              
     e(  8 -  8) =    -20.39316  eV     1   --> A              
     e(  9 -  9) =    -15.30701  eV     1   --> A              
     e( 10 - 10) =    -15.10833  eV     1   --> A              
     e( 11 - 11) =    -13.08039  eV     1   --> A              
     e( 12 - 12) =    -11.97054  eV     1   --> A              
     e( 13 - 13) =    -11.59859  eV     1   --> A              
     e( 14 - 14) =    -10.49594  eV     1   --> A              
     e( 15 - 15) =    -10.44024  eV     1   --> A              
     e( 16 - 16) =    -10.03770  eV     1   --> A              
     e( 17 - 17) =     -9.19258  eV     1   --> A              
     e( 18 - 18) =     -8.95023  eV     1   --> A              
     e( 19 - 19) =     -8.31080  eV     1   --> A              
     e( 20 - 20) =     -7.73171  eV     1   --> A              
     e( 21 - 21) =     -6.87993  eV     1   --> A              
     e( 22 - 22) =     -4.10538  eV     1   --> A              
     e( 23 - 23) =     -3.96475  eV     1   --> A              
     e( 24 - 24) =     -2.95776  eV     1   --> A              
     e( 25 - 25) =     -2.11001  eV     1   --> A              
     e( 26 - 26) =     -1.86313  eV     1   --> A              
     e( 27 - 27) =     -1.37994  eV     1   --> A              
     e( 28 - 28) =      2.07460  eV     1   --> A              
     e( 29 - 29) =      2.69817  eV     1   --> A              
     e( 30 - 30) =      3.54885  eV     1   --> A              
     e( 31 - 31) =      4.09691  eV     1   --> A              
     e( 32 - 32) =      5.19588  eV     1   --> A              
     e( 33 - 33) =      5.72994  eV     1   --> A              
     e( 34 - 34) =      6.04652  eV     1   --> A              
     e( 35 - 35) =      6.48322  eV     1   --> A              

 **************************************************************************

 **************************************************************************

                    xk=(   0.37500,   0.21651,   0.00000  )

     Band symmetry, C_1 (1)     point group:

     e(  1 -  1) =    -77.96001  eV     1   --> A              
     e(  2 -  2) =    -49.53791  eV     1   --> A              
     e(  3 -  3) =    -49.24024  eV     1   --> A              
     e(  4 -  4) =    -49.19531  eV     1   --> A              
     e(  5 -  5) =    -23.16095  eV     1   --> A              
     e(  6 -  6) =    -23.12069  eV     1   --> A              
     e(  7 -  7) =    -21.02600  eV     1   --> A              
     e(  8 -  8) =    -20.40063  eV     1   --> A              
     e(  9 -  9) =    -15.23916  eV     1   --> A              
     e( 10 - 10) =    -15.03630  eV     1   --> A              
     e( 11 - 11) =    -13.09053  eV     1   --> A              
     e( 12 - 12) =    -11.95284  eV     1   --> A              
     e( 13 - 13) =    -11.57639  eV     1   --> A              
     e( 14 - 14) =    -10.48099  eV     1   --> A              
     e( 15 - 15) =    -10.42574  eV     1   --> A              
     e( 16 - 16) =    -10.01845  eV     1   --> A              
     e( 17 - 17) =     -9.17780  eV     1   --> A              
     e( 18 - 18) =     -8.96985  eV     1   --> A              
     e( 19 - 19) =     -8.31136  eV     1   --> A              
     e( 20 - 20) =     -7.74927  eV     1   --> A              
     e( 21 - 21) =     -6.88204  eV     1   --> A              
     e( 22 - 22) =     -4.09606  eV     1   --> A              
     e( 23 - 23) =     -3.96141  eV     1   --> A              
     e( 24 - 24) =     -2.95198  eV     1   --> A              
     e( 25 - 25) =     -2.11866  eV     1   --> A              
     e( 26 - 26) =     -1.81200  eV     1   --> A              
     e( 27 - 27) =     -1.35252  eV     1   --> A              
     e( 28 - 28) =      2.09956  eV     1   --> A              
     e( 29 - 29) =      2.72206  eV     1   --> A              
     e( 30 - 30) =      3.54092  eV     1   --> A              
     e( 31 - 31) =      4.06373  eV     1   --> A              
     e( 32 - 32) =      5.17669  eV     1   --> A              
     e( 33 - 33) =      5.72569  eV     1   --> A              
     e( 34 - 34) =      6.05959  eV     1   --> A              
     e( 35 - 35) =      6.48571  eV     1   --> A              

 **************************************************************************

 **************************************************************************

                    xk=(   0.37000,   0.21362,   0.00000  )

     Band symmetry, C_1 (1)     point group:

     e(  1 -  1) =    -77.96077  eV     1   --> A              
     e(  2 -  2) =    -49.53294  eV     1   --> A              
     e(  3 -  3) =    -49.23911  eV     1   --> A              
     e(  4 -  4) =    -49.19631  eV     1   --> A              
     e(  5 -  5) =    -23.21038  eV     1   --> A              
     e(  6 -  6) =    -23.16930  eV     1   --> A              
     e(  7 -  7) =    -21.04678  eV     1   --> A              
     e(  8 -  8) =    -20.40879  eV     1   --> A              
     e(  9 -  9) =    -15.16997  eV     1   --> A              
     e( 10 - 10) =    -14.96227  eV     1   --> A              
     e( 11 - 11) =    -13.10074  eV     1   --> A              
     e( 12 - 12) =    -11.93640  eV     1   --> A              
     e( 13 - 13) =    -11.55265  eV     1   --> A              
     e( 14 - 14) =    -10.46550  eV     1   --> A              
     e( 15 - 15) =    -10.41072  eV     1   --> A              
     e( 16 - 16) =     -9.99801  eV     1   --> A              
     e( 17 - 17) =     -9.16249  eV     1   --> A              
     e( 18 - 18) =     -8.98939  eV     1   --> A              
     e( 19 - 19) =     -8.31170  eV     1   --> A              
     e( 20 - 20) =     -7.76738  eV     1   --> A              
     e( 21 - 21) =     -6.88369  eV     1   --> A              
     e( 22 - 22) =     -4.08634  eV     1   --> A              
     e( 23 - 23) =     -3.95793  eV     1   --> A              
     e( 24 - 24) =     -2.94753  eV     1   --> A              
     e( 25 - 25) =     -2.12769  eV     1   --> A              
     e( 26 - 26) =     -1.75959  eV     1   --> A              
     e( 27 - 27) =     -1.32294  eV     1   --> A              
     e( 28 - 28) =      2.12503  eV     1   --> A              
     e( 29 - 29) =      2.74592  eV     1   --> A              
     e( 30 - 30) =      3.53241  eV     1   --> A              
     e( 31 - 31) =      4.02922  eV     1   --> A              
     e( 32 - 32) =      5.15961  eV     1   --> A              
     e( 33 - 33) =      5.72263  eV     1   --> A              
     e( 34 - 34) =      6.07262  eV     1   --> A              
     e( 35 - 35) =      6.48789  eV     1   --> A              

 **************************************************************************

 **************************************************************************

                    xk=(   0.36500,   0.21073,   0.00000  )

     Band symmetry, C_1 (1)     point group:

     e(  1 -  1) =    -77.96155  eV     1   --> A              
     e(  2 -  2) =    -49.52781  eV     1   --> A              
     e(  3 -  3) =    -49.23794  eV     1   --> A              
     e(  4 -  4) =    -49.19733  eV     1   --> A              
     e(  5 -  5) =    -23.26022  eV     1   --> A              
     e(  6 -  6) =    -23.21833  eV     1   --> A              
     e(  7 -  7) =    -21.06848  eV     1   --> A              
     e(  8 -  8) =    -20.41761  eV     1   --> A              
     e(  9 -  9) =    -15.09963  eV     1   --> A              
     e( 10 - 10) =    -14.88632  eV     1   --> A              
     e( 11 - 11) =    -13.11090  eV     1   --> A              
     e( 12 - 12) =    -11.92134  eV     1   --> A              
     e( 13 - 13) =    -11.52732  eV     1   --> A              
     e( 14 - 14) =    -10.44948  eV     1   --> A              
     e( 15 - 15) =    -10.39519  eV     1   --> A              
     e( 16 - 16) =     -9.97637  eV     1   --> A              
     e( 17 - 17) =     -9.14665  eV     1   --> A              
     e( 18 - 18) =     -9.00883  eV     1   --> A              
     e( 19 - 19) =     -8.31178  eV     1   --> A              
     e( 20 - 20) =     -7.78602  eV     1   --> A              
     e( 21 - 21) =     -6.88484  eV     1   --> A              
     e( 22 - 22) =     -4.07623  eV     1   --> A              
     e( 23 - 23) =     -3.95434  eV     1   --> A              
     e( 24 - 24) =     -2.94446  eV     1   --> A              
     e( 25 - 25) =     -2.13709  eV     1   --> A              
     e( 26 - 26) =     -1.70598  eV     1   --> A              
     e( 27 - 27) =     -1.29119  eV     1   --> A              
     e( 28 - 28) =      2.15090  eV     1   --> A              
     e( 29 - 29) =      2.76951  eV     1   --> A              
     e( 30 - 30) =      3.52343  eV     1   --> A              
     e( 31 - 31) =      3.99349  eV     1   --> A              
     e( 32 - 32) =      5.14473  eV     1   --> A              
     e( 33 - 33) =      5.72082  eV     1   --> A              
     e( 34 - 34) =      6.08553  eV     1   --> A              
     e( 35 - 35) =      6.48970  eV     1   --> A              

 **************************************************************************

 **************************************************************************

                    xk=(   0.36000,   0.20785,   0.00000  )

     Band symmetry, C_1 (1)     point group:

     e(  1 -  1) =    -77.96236  eV     1   --> A              
     e(  2 -  2) =    -49.52254  eV     1   --> A              
     e(  3 -  3) =    -49.23673  eV     1   --> A              
     e(  4 -  4) =    -49.19838  eV     1   --> A              
     e(  5 -  5) =    -23.31039  eV     1   --> A              
     e(  6 -  6) =    -23.26770  eV     1   --> A              
     e(  7 -  7) =    -21.09106  eV     1   --> A              
     e(  8 -  8) =    -20.42708  eV     1   --> A              
     e(  9 -  9) =    -15.02835  eV     1   --> A              
     e( 10 - 10) =    -14.80854  eV     1   --> A              
     e( 11 - 11) =    -13.12090  eV     1   --> A              
     e( 12 - 12) =    -11.90776  eV     1   --> A              
     e( 13 - 13) =    -11.50039  eV     1   --> A              
     e( 14 - 14) =    -10.43294  eV     1   --> A              
     e( 15 - 15) =    -10.37915  eV     1   --> A              
     e( 16 - 16) =     -9.95354  eV     1   --> A              
     e( 17 - 17) =     -9.13028  eV     1   --> A              
     e( 18 - 18) =     -9.02815  eV     1   --> A              
     e( 19 - 19) =     -8.31158  eV     1   --> A              
     e( 20 - 20) =     -7.80518  eV     1   --> A              
     e( 21 - 21) =     -6.88540  eV     1   --> A              
     e( 22 - 22) =     -4.06572  eV     1   --> A              
     e( 23 - 23) =     -3.95062  eV     1   --> A              
     e( 24 - 24) =     -2.94279  eV     1   --> A              
     e( 25 - 25) =     -2.14688  eV     1   --> A              
     e( 26 - 26) =     -1.65126  eV     1   --> A              
     e( 27 - 27) =     -1.25728  eV     1   --> A              
     e( 28 - 28) =      2.17706  eV     1   --> A              
     e( 29 - 29) =      2.79262  eV     1   --> A              
     e( 30 - 30) =      3.51416  eV     1   --> A              
     e( 31 - 31) =      3.95671  eV     1   --> A              
     e( 32 - 32) =      5.13210  eV     1   --> A              
     e( 33 - 33) =      5.72033  eV     1   --> A              
     e( 34 - 34) =      6.09823  eV     1   --> A              
     e( 35 - 35) =      6.49108  eV     1   --> A              

 **************************************************************************

 **************************************************************************

                    xk=(   0.35500,   0.20496,   0.00000  )

     Band symmetry, C_1 (1)     point group:

     e(  1 -  1) =    -77.96319  eV     1   --> A              
     e(  2 -  2) =    -49.51713  eV     1   --> A              
     e(  3 -  3) =    -49.23550  eV     1   --> A              
     e(  4 -  4) =    -49.19946  eV     1   --> A              
     e(  5 -  5) =    -23.36083  eV     1   --> A              
     e(  6 -  6) =    -23.31733  eV     1   --> A              
     e(  7 -  7) =    -21.11449  eV     1   --> A              
     e(  8 -  8) =    -20.43718  eV     1   --> A              
     e(  9 -  9) =    -14.95637  eV     1   --> A              
     e( 10 - 10) =    -14.72900  eV     1   --> A              
     e( 11 - 11) =    -13.13059  eV     1   --> A              
     e( 12 - 12) =    -11.89572  eV     1   --> A              
     e( 13 - 13) =    -11.47187  eV     1   --> A              
     e( 14 - 14) =    -10.41590  eV     1   --> A              
     e( 15 - 15) =    -10.36262  eV     1   --> A              
     e( 16 - 16) =     -9.92955  eV     1   --> A              
     e( 17 - 17) =     -9.11341  eV     1   --> A              
     e( 18 - 18) =     -9.04734  eV     1   --> A              
     e( 19 - 19) =     -8.31105  eV     1   --> A              
     e( 20 - 20) =     -7.82482  eV     1   --> A              
     e( 21 - 21) =     -6.88531  eV     1   --> A              
     e( 22 - 22) =     -4.05482  eV     1   --> A              
     e( 23 - 23) =     -3.94678  eV     1   --> A              
     e( 24 - 24) =     -2.94254  eV     1   --> A              
     e( 25 - 25) =     -2.15706  eV     1   --> A              
     e( 26 - 26) =     -1.59550  eV     1   --> A              
     e( 27 - 27) =     -1.22124  eV     1   --> A              
     e( 28 - 28) =      2.20337  eV     1   --> A              
     e( 29 - 29) =      2.81494  eV     1   --> A              
     e( 30 - 30) =      3.50482  eV     1   --> A              
     e( 31 - 31) =      3.91904  eV     1   --> A              
     e( 32 - 32) =      5.12174  eV     1   --> A              
     e( 33 - 33) =      5.72121  eV     1   --> A              
     e( 34 - 34) =      6.11064  eV     1   --> A              
     e( 35 - 35) =      6.49195  eV     1   --> A              

 **************************************************************************

 **************************************************************************

                    xk=(   0.35000,   0.20207,   0.00000  )

     Band symmetry, C_1 (1)     point group:

     e(  1 -  1) =    -77.96403  eV     1   --> A              
     e(  2 -  2) =    -49.51158  eV     1   --> A              
     e(  3 -  3) =    -49.23424  eV     1   --> A              
     e(  4 -  4) =    -49.20057  eV     1   --> A              
     e(  5 -  5) =    -23.41145  eV     1   --> A              
     e(  6 -  6) =    -23.36717  eV     1   --> A              
     e(  7 -  7) =    -21.13870  eV     1   --> A              
     e(  8 -  8) =    -20.44789  eV     1   --> A              
     e(  9 -  9) =    -14.88394  eV     1   --> A              
     e( 10 - 10) =    -14.64780  eV     1   --> A              
     e( 11 - 11) =    -13.13978  eV     1   --> A              
     e( 12 - 12) =    -11.88522  eV     1   --> A              
     e( 13 - 13) =    -11.44179  eV     1   --> A              
     e( 14 - 14) =    -10.39835  eV     1   --> A              
     e( 15 - 15) =    -10.34561  eV     1   --> A              
     e( 16 - 16) =     -9.90441  eV     1   --> A              
     e( 17 - 17) =     -9.09603  eV     1   --> A              
     e( 18 - 18) =     -9.06638  eV     1   --> A              
     e( 19 - 19) =     -8.31017  eV     1   --> A              
     e( 20 - 20) =     -7.84493  eV     1   --> A              
     e( 21 - 21) =     -6.88452  eV     1   --> A              
     e( 22 - 22) =     -4.04353  eV     1   --> A              
     e( 23 - 23) =     -3.94283  eV     1   --> A              
     e( 24 - 24) =     -2.94369  eV     1   --> A              
     e( 25 - 25) =     -2.16762  eV     1   --> A              
     e( 26 - 26) =     -1.53876  eV     1   --> A              
     e( 27 - 27) =     -1.18309  eV     1   --> A              
     e( 28 - 28) =      2.22971  eV     1   --> A              
     e( 29 - 29) =      2.83616  eV     1   --> A              
     e( 30 - 30) =      3.49570  eV     1   --> A              
     e( 31 - 31) =      3.88068  eV     1   --> A              
     e( 32 - 32) =      5.11366  eV     1   --> A              
     e( 33 - 33) =      5.72353  eV     1   --> A              
     e( 34 - 34) =      6.12267  eV     1   --> A              
     e( 35 - 35) =      6.49225  eV     1   --> A              

 **************************************************************************

 **************************************************************************

                    xk=(   0.34500,   0.19919,   0.00000  )

     Band symmetry, C_1 (1)     point group:

     e(  1 -  1) =    -77.96490  eV     1   --> A              
     e(  2 -  2) =    -49.50590  eV     1   --> A              
     e(  3 -  3) =    -49.23294  eV     1   --> A              
     e(  4 -  4) =    -49.20170  eV     1   --> A              
     e(  5 -  5) =    -23.46220  eV     1   --> A              
     e(  6 -  6) =    -23.41715  eV     1   --> A              
     e(  7 -  7) =    -21.16367  eV     1   --> A              
     e(  8 -  8) =    -20.45918  eV     1   --> A              
     e(  9 -  9) =    -14.81139  eV     1   --> A              
     e( 10 - 10) =    -14.56502  eV     1   --> A              
     e( 11 - 11) =    -13.14825  eV     1   --> A              
     e( 12 - 12) =    -11.87627  eV     1   --> A              
     e( 13 - 13) =    -11.41024  eV     1   --> A              
     e( 14 - 14) =    -10.38032  eV     1   --> A              
     e( 15 - 15) =    -10.32812  eV     1   --> A              
     e( 16 - 16) =     -9.87816  eV     1   --> A              
     e( 17 - 17) =     -9.08526  eV     1   --> A              
     e( 18 - 18) =     -9.07815  eV     1   --> A              
     e( 19 - 19) =     -8.30889  eV     1   --> A              
     e( 20 - 20) =     -7.86548  eV     1   --> A              
     e( 21 - 21) =     -6.88295  eV     1   --> A              
     e( 22 - 22) =     -4.03185  eV     1   --> A              
     e( 23 - 23) =     -3.93876  eV     1   --> A              
     e( 24 - 24) =     -2.94624  eV     1   --> A              
     e( 25 - 25) =     -2.17856  eV     1   --> A              
     e( 26 - 26) =     -1.48112  eV     1   --> A              
     e( 27 - 27) =     -1.14290  eV     1   --> A              
     e( 28 - 28) =      2.25591  eV     1   --> A              
     e( 29 - 29) =      2.85591  eV     1   --> A              
     e( 30 - 30) =      3.48713  eV     1   --> A              
     e( 31 - 31) =      3.84182  eV     1   --> A              
     e( 32 - 32) =      5.10783  eV     1   --> A              
     e( 33 - 33) =      5.72729  eV     1   --> A              
     e( 34 - 34) =      6.13422  eV     1   --> A              
     e( 35 - 35) =      6.49190  eV     1   --> A              

 **************************************************************************

 **************************************************************************

                    xk=(   0.34000,   0.19630,   0.00000  )

     Band symmetry, C_1 (1)     point group:

     e(  1 -  1) =    -77.96578  eV     1   --> A              
     e(  2 -  2) =    -49.50009  eV     1   --> A              
     e(  3 -  3) =    -49.23162  eV     1   --> A              
     e(  4 -  4) =    -49.20286  eV     1   --> A              
     e(  5 -  5) =    -23.51302  eV     1   --> A              
     e(  6 -  6) =    -23.46720  eV     1   --> A              
     e(  7 -  7) =    -21.18934  eV     1   --> A              
     e(  8 -  8) =    -20.47103  eV     1   --> A              
     e(  9 -  9) =    -14.73904  eV     1   --> A              
     e( 10 - 10) =    -14.48075  eV     1   --> A              
     e( 11 - 11) =    -13.15572  eV     1   --> A              
     e( 12 - 12) =    -11.86881  eV     1   --> A              
     e( 13 - 13) =    -11.37729  eV     1   --> A              
     e( 14 - 14) =    -10.36181  eV     1   --> A              
     e( 15 - 15) =    -10.31017  eV     1   --> A              
     e( 16 - 16) =     -9.85085  eV     1   --> A              
     e( 17 - 17) =     -9.10396  eV     1   --> A              
     e( 18 - 18) =     -9.05980  eV     1   --> A              
     e( 19 - 19) =     -8.30720  eV     1   --> A              
     e( 20 - 20) =     -7.88646  eV     1   --> A              
     e( 21 - 21) =     -6.88054  eV     1   --> A              
     e( 22 - 22) =     -4.01980  eV     1   --> A              
     e( 23 - 23) =     -3.93459  eV     1   --> A              
     e( 24 - 24) =     -2.95015  eV     1   --> A              
     e( 25 - 25) =     -2.18989  eV     1   --> A              
     e( 26 - 26) =     -1.42265  eV     1   --> A              
     e( 27 - 27) =     -1.10074  eV     1   --> A              
     e( 28 - 28) =      2.28180  eV     1   --> A              
     e( 29 - 29) =      2.87378  eV     1   --> A              
     e( 30 - 30) =      3.47951  eV     1   --> A              
     e( 31 - 31) =      3.80270  eV     1   --> A              
     e( 32 - 32) =      5.10419  eV     1   --> A              
     e( 33 - 33) =      5.73251  eV     1   --> A              
     e( 34 - 34) =      6.14518  eV     1   --> A              
     e( 35 - 35) =      6.49080  eV     1   --> A              

 **************************************************************************

 **************************************************************************

                    xk=(   0.33500,   0.19341,   0.00000  )

     Band symmetry, C_1 (1)     point group:

     e(  1 -  1) =    -77.96669  eV     1   --> A              
     e(  2 -  2) =    -49.49417  eV     1   --> A              
     e(  3 -  3) =    -49.23027  eV     1   --> A              
     e(  4 -  4) =    -49.20404  eV     1   --> A              
     e(  5 -  5) =    -23.56385  eV     1   --> A              
     e(  6 -  6) =    -23.51727  eV     1   --> A              
     e(  7 -  7) =    -21.21568  eV     1   --> A              
     e(  8 -  8) =    -20.48341  eV     1   --> A              
     e(  9 -  9) =    -14.66731  eV     1   --> A              
     e( 10 - 10) =    -14.39506  eV     1   --> A              
     e( 11 - 11) =    -13.16185  eV     1   --> A              
     e( 12 - 12) =    -11.86280  eV     1   --> A              
     e( 13 - 13) =    -11.34303  eV     1   --> A              
     e( 14 - 14) =    -10.34284  eV     1   --> A              
     e( 15 - 15) =    -10.29177  eV     1   --> A              
     e( 16 - 16) =     -9.82253  eV     1   --> A              
     e( 17 - 17) =     -9.12249  eV     1   --> A              
     e( 18 - 18) =     -9.04098  eV     1   --> A              
     e( 19 - 19) =     -8.30506  eV     1   --> A              
     e( 20 - 20) =     -7.90784  eV     1   --> A              
     e( 21 - 21) =     -6.87724  eV     1   --> A              
     e( 22 - 22) =     -4.00738  eV     1   --> A              
     e( 23 - 23) =     -3.93031  eV     1   --> A              
     e( 24 - 24) =     -2.95537  eV     1   --> A              
     e( 25 - 25) =     -2.20160  eV     1   --> A              
     e( 26 - 26) =     -1.36341  eV     1   --> A              
     e( 27 - 27) =     -1.05668  eV     1   --> A              
     e( 28 - 28) =      2.30719  eV     1   --> A              
     e( 29 - 29) =      2.88932  eV     1   --> A              
     e( 30 - 30) =      3.47326  eV     1   --> A              
     e( 31 - 31) =      3.76355  eV     1   --> A              
     e( 32 - 32) =      5.10266  eV     1   --> A              
     e( 33 - 33) =      5.73920  eV     1   --> A              
     e( 34 - 34) =      6.15544  eV     1   --> A              
     e( 35 - 35) =      6.48888  eV     1   --> A              

 **************************************************************************

 **************************************************************************

                    xk=(   0.33000,   0.19053,   0.00000  )

     Band symmetry, C_1 (1)     point group:

     e(  1 -  1) =    -77.96760  eV     1   --> A              
     e(  2 -  2) =    -49.48812  eV     1   --> A              
     e(  3 -  3) =    -49.22889  eV     1   --> A              
     e(  4 -  4) =    -49.20524  eV     1   --> A              
     e(  5 -  5) =    -23.61463  eV     1   --> A              
     e(  6 -  6) =    -23.56730  eV     1   --> A              
     e(  7 -  7) =    -21.24262  eV     1   --> A              
     e(  8 -  8) =    -20.49628  eV     1   --> A              
     e(  9 -  9) =    -14.59667  eV     1   --> A              
     e( 10 - 10) =    -14.30803  eV     1   --> A              
     e( 11 - 11) =    -13.16624  eV     1   --> A              
     e( 12 - 12) =    -11.85816  eV     1   --> A              
     e( 13 - 13) =    -11.30756  eV     1   --> A              
     e( 14 - 14) =    -10.32342  eV     1   --> A              
     e( 15 - 15) =    -10.27293  eV     1   --> A              
     e( 16 - 16) =     -9.79327  eV     1   --> A              
     e( 17 - 17) =     -9.14081  eV     1   --> A              
     e( 18 - 18) =     -9.02170  eV     1   --> A              
     e( 19 - 19) =     -8.30244  eV     1   --> A              
     e( 20 - 20) =     -7.92958  eV     1   --> A              
     e( 21 - 21) =     -6.87300  eV     1   --> A              
     e( 22 - 22) =     -3.99460  eV     1   --> A              
     e( 23 - 23) =     -3.92592  eV     1   --> A              
     e( 24 - 24) =     -2.96184  eV     1   --> A              
     e( 25 - 25) =     -2.21370  eV     1   --> A              
     e( 26 - 26) =     -1.30348  eV     1   --> A              
     e( 27 - 27) =     -1.01082  eV     1   --> A              
     e( 28 - 28) =      2.33185  eV     1   --> A              
     e( 29 - 29) =      2.90209  eV     1   --> A              
     e( 30 - 30) =      3.46879  eV     1   --> A              
     e( 31 - 31) =      3.72463  eV     1   --> A              
     e( 32 - 32) =      5.10316  eV     1   --> A              
     e( 33 - 33) =      5.74734  eV     1   --> A              
     e( 34 - 34) =      6.16490  eV     1   --> A              
     e( 35 - 35) =      6.48605  eV     1   --> A              

 **************************************************************************

 **************************************************************************

                    xk=(   0.32500,   0.18764,   0.00000  )

     Band symmetry, C_1 (1)     point group:

     e(  1 -  1) =    -77.96854  eV     1   --> A              
     e(  2 -  2) =    -49.48197  eV     1   --> A              
     e(  3 -  3) =    -49.22750  eV     1   --> A              
     e(  4 -  4) =    -49.20646  eV     1   --> A              
     e(  5 -  5) =    -23.66531  eV     1   --> A              
     e(  6 -  6) =    -23.61724  eV     1   --> A              
     e(  7 -  7) =    -21.27013  eV     1   --> A              
     e(  8 -  8) =    -20.50963  eV     1   --> A              
     e(  9 -  9) =    -14.52767  eV     1   --> A              
     e( 10 - 10) =    -14.21976  eV     1   --> A              
     e( 11 - 11) =    -13.16839  eV     1   --> A              
     e( 12 - 12) =    -11.85482  eV     1   --> A              
     e( 13 - 13) =    -11.27099  eV     1   --> A              
     e( 14 - 14) =    -10.30356  eV     1   --> A              
     e( 15 - 15) =    -10.25367  eV     1   --> A              
     e( 16 - 16) =     -9.76316  eV     1   --> A              
     e( 17 - 17) =     -9.15891  eV     1   --> A              
     e( 18 - 18) =     -9.00197  eV     1   --> A              
     e( 19 - 19) =     -8.29933  eV     1   --> A              
     e( 20 - 20) =     -7.95169  eV     1   --> A              
     e( 21 - 21) =     -6.86778  eV     1   --> A              
     e( 22 - 22) =     -3.98145  eV     1   --> A              
     e( 23 - 23) =     -3.92143  eV     1   --> A              
     e( 24 - 24) =     -2.96951  eV     1   --> A              
     e( 25 - 25) =     -2.22619  eV     1   --> A              
     e( 26 - 26) =     -1.24292  eV     1   --> A              
     e( 27 - 27) =     -0.96327  eV     1   --> A              
     e( 28 - 28) =      2.35556  eV     1   --> A              
     e( 29 - 29) =      2.91167  eV     1   --> A              
     e( 30 - 30) =      3.46650  eV     1   --> A              
     e( 31 - 31) =      3.68623  eV     1   --> A              
     e( 32 - 32) =      5.10553  eV     1   --> A              
     e( 33 - 33) =      5.75690  eV     1   --> A              
     e( 34 - 34) =      6.17342  eV     1   --> A              
     e( 35 - 35) =      6.48220  eV     1   --> A              

 **************************************************************************

 **************************************************************************

                    xk=(   0.32000,   0.18475,   0.00000  )

     Band symmetry, C_1 (1)     point group:

     e(  1 -  1) =    -77.96949  eV     1   --> A              
     e(  2 -  2) =    -49.47572  eV     1   --> A              
     e(  3 -  3) =    -49.22607  eV     1   --> A              
     e(  4 -  4) =    -49.20771  eV     1   --> A              
     e(  5 -  5) =    -23.71584  eV     1   --> A              
     e(  6 -  6) =    -23.66704  eV     1   --> A              
     e(  7 -  7) =    -21.29815  eV     1   --> A              
     e(  8 -  8) =    -20.52341  eV     1   --> A              
     e(  9 -  9) =    -14.46095  eV     1   --> A              
     e( 10 - 10) =    -14.13032  eV     1   --> A              
     e( 11 - 11) =    -13.16774  eV     1   --> A              
     e( 12 - 12) =    -11.85270  eV     1   --> A              
     e( 13 - 13) =    -11.23340  eV     1   --> A              
     e( 14 - 14) =    -10.28328  eV     1   --> A              
     e( 15 - 15) =    -10.23399  eV     1   --> A              
     e( 16 - 16) =     -9.73232  eV     1   --> A              
     e( 17 - 17) =     -9.17675  eV     1   --> A              
     e( 18 - 18) =     -8.98180  eV     1   --> A              
     e( 19 - 19) =     -8.29569  eV     1   --> A              
     e( 20 - 20) =     -7.97411  eV     1   --> A              
     e( 21 - 21) =     -6.86152  eV     1   --> A              
     e( 22 - 22) =     -3.96796  eV     1   --> A              
     e( 23 - 23) =     -3.91682  eV     1   --> A              
     e( 24 - 24) =     -2.97830  eV     1   --> A              
     e( 25 - 25) =     -2.23906  eV     1   --> A              
     e( 26 - 26) =     -1.18180  eV     1   --> A              
     e( 27 - 27) =     -0.91412  eV     1   --> A              
     e( 28 - 28) =      2.37805  eV     1   --> A              
     e( 29 - 29) =      2.91774  eV     1   --> A              
     e( 30 - 30) =      3.46665  eV     1   --> A              
     e( 31 - 31) =      3.64870  eV     1   --> A              
     e( 32 - 32) =      5.10964  eV     1   --> A              
     e( 33 - 33) =      5.76784  eV     1   --> A              
     e( 34 - 34) =      6.18090  eV     1   --> A              
     e( 35 - 35) =      6.47725  eV     1   --> A              

 **************************************************************************

 **************************************************************************

                    xk=(   0.31500,   0.18187,   0.00000  )

     Band symmetry, C_1 (1)     point group:

     e(  1 -  1) =    -77.97045  eV     1   --> A              
     e(  2 -  2) =    -49.46936  eV     1   --> A              
     e(  3 -  3) =    -49.22463  eV     1   --> A              
     e(  4 -  4) =    -49.20897  eV     1   --> A              
     e(  5 -  5) =    -23.76619  eV     1   --> A              
     e(  6 -  6) =    -23.71667  eV     1   --> A              
     e(  7 -  7) =    -21.32665  eV     1   --> A              
     e(  8 -  8) =    -20.53760  eV     1   --> A              
     e(  9 -  9) =    -14.39721  eV     1   --> A              
     e( 10 - 10) =    -14.03979  eV     1   --> A              
     e( 11 - 11) =    -13.16359  eV     1   --> A              
     e( 12 - 12) =    -11.85172  eV     1   --> A              
     e( 13 - 13) =    -11.19488  eV     1   --> A              
     e( 14 - 14) =    -10.26258  eV     1   --> A              
     e( 15 - 15) =    -10.21390  eV     1   --> A              
     e( 16 - 16) =     -9.70085  eV     1   --> A              
     e( 17 - 17) =     -9.19428  eV     1   --> A              
     e( 18 - 18) =     -8.96121  eV     1   --> A              
     e( 19 - 19) =     -8.29148  eV     1   --> A              
     e( 20 - 20) =     -7.99683  eV     1   --> A              
     e( 21 - 21) =     -6.85419  eV     1   --> A              
     e( 22 - 22) =     -3.95413  eV     1   --> A              
     e( 23 - 23) =     -3.91210  eV     1   --> A              
     e( 24 - 24) =     -2.98813  eV     1   --> A              
     e( 25 - 25) =     -2.25232  eV     1   --> A              
     e( 26 - 26) =     -1.12018  eV     1   --> A              
     e( 27 - 27) =     -0.86351  eV     1   --> A              
     e( 28 - 28) =      2.39906  eV     1   --> A              
     e( 29 - 29) =      2.92007  eV     1   --> A              
     e( 30 - 30) =      3.46932  eV     1   --> A              
     e( 31 - 31) =      3.61248  eV     1   --> A              
     e( 32 - 32) =      5.11531  eV     1   --> A              
     e( 33 - 33) =      5.78011  eV     1   --> A              
     e( 34 - 34) =      6.18719  eV     1   --> A              
     e( 35 - 35) =      6.47109  eV     1   --> A              

 **************************************************************************

 **************************************************************************

                    xk=(   0.31000,   0.17898,   0.00000  )

     Band symmetry, C_1 (1)     point group:

     e(  1 -  1) =    -77.97143  eV     1   --> A              
     e(  2 -  2) =    -49.46292  eV     1   --> A              
     e(  3 -  3) =    -49.22317  eV     1   --> A              
     e(  4 -  4) =    -49.21024  eV     1   --> A              
     e(  5 -  5) =    -23.81630  eV     1   --> A              
     e(  6 -  6) =    -23.76606  eV     1   --> A              
     e(  7 -  7) =    -21.35557  eV     1   --> A              
     e(  8 -  8) =    -20.55217  eV     1   --> A              
     e(  9 -  9) =    -14.33728  eV     1   --> A              
     e( 10 - 10) =    -13.94826  eV     1   --> A              
     e( 11 - 11) =    -13.15522  eV     1   --> A              
     e( 12 - 12) =    -11.85179  eV     1   --> A              
     e( 13 - 13) =    -11.15553  eV     1   --> A              
     e( 14 - 14) =    -10.24149  eV     1   --> A              
     e( 15 - 15) =    -10.19344  eV     1   --> A              
     e( 16 - 16) =     -9.66895  eV     1   --> A              
     e( 17 - 17) =     -9.21143  eV     1   --> A              
     e( 18 - 18) =     -8.94021  eV     1   --> A              
     e( 19 - 19) =     -8.28671  eV     1   --> A              
     e( 20 - 20) =     -8.01982  eV     1   --> A              
     e( 21 - 21) =     -6.84576  eV     1   --> A              
     e( 22 - 22) =     -3.93996  eV     1   --> A              
     e( 23 - 23) =     -3.90726  eV     1   --> A              
     e( 24 - 24) =     -2.99894  eV     1   --> A              
     e( 25 - 25) =     -2.26595  eV     1   --> A              
     e( 26 - 26) =     -1.05813  eV     1   --> A              
     e( 27 - 27) =     -0.81155  eV     1   --> A              
     e( 28 - 28) =      2.41830  eV     1   --> A              
     e( 29 - 29) =      2.91862  eV     1   --> A              
     e( 30 - 30) =      3.47419  eV     1   --> A              
     e( 31 - 31) =      3.57823  eV     1   --> A              
     e( 32 - 32) =      5.12233  eV     1   --> A              
     e( 33 - 33) =      5.79362  eV     1   --> A              
     e( 34 - 34) =      6.19217  eV     1   --> A              
     e( 35 - 35) =      6.46361  eV     1   --> A              

 **************************************************************************

 **************************************************************************

                    xk=(   0.30500,   0.17609,   0.00000  )

     Band symmetry, C_1 (1)     point group:

     e(  1 -  1) =    -77.97242  eV     1   --> A              
     e(  2 -  2) =    -49.45639  eV     1   --> A              
     e(  3 -  3) =    -49.22168  eV     1   --> A              
     e(  4 -  4) =    -49.21154  eV     1   --> A              
     e(  5 -  5) =    -23.86614  eV     1   --> A              
     e(  6 -  6) =    -23.81519  eV     1   --> A              
     e(  7 -  7) =    -21.38487  eV     1   --> A              
     e(  8 -  8) =    -20.56709  eV     1   --> A              
     e(  9 -  9) =    -14.28199  eV     1   --> A              
     e( 10 - 10) =    -13.85580  eV     1   --> A              
     e( 11 - 11) =    -13.14180  eV     1   --> A              
     e( 12 - 12) =    -11.85284  eV     1   --> A              
     e( 13 - 13) =    -11.11541  eV     1   --> A              
     e( 14 - 14) =    -10.22002  eV     1   --> A              
     e( 15 - 15) =    -10.17259  eV     1   --> A              
     e( 16 - 16) =     -9.63682  eV     1   --> A              
     e( 17 - 17) =     -9.22804  eV     1   --> A              
     e( 18 - 18) =     -8.91882  eV     1   --> A              
     e( 19 - 19) =     -8.28133  eV     1   --> A              
     e( 20 - 20) =     -8.04305  eV     1   --> A              
     e( 21 - 21) =     -6.83622  eV     1   --> A              
     e( 22 - 22) =     -3.92548  eV     1   --> A              
     e( 23 - 23) =     -3.90231  eV     1   --> A              
     e( 24 - 24) =     -3.01064  eV     1   --> A              
     e( 25 - 25) =     -2.27996  eV     1   --> A              
     e( 26 - 26) =     -0.99571  eV     1   --> A              
     e( 27 - 27) =     -0.75838  eV     1   --> A              
     e( 28 - 28) =      2.43545  eV     1   --> A              
     e( 29 - 29) =      2.91348  eV     1   --> A              
     e( 30 - 30) =      3.47990  eV     1   --> A              
     e( 31 - 31) =      3.54754  eV     1   --> A              
     e( 32 - 32) =      5.13046  eV     1   --> A              
     e( 33 - 33) =      5.80827  eV     1   --> A              
     e( 34 - 34) =      6.19570  eV     1   --> A              
     e( 35 - 35) =      6.45471  eV     1   --> A              

 **************************************************************************

 **************************************************************************

                    xk=(   0.30000,   0.17321,   0.00000  )

     Band symmetry, C_1 (1)     point group:

     e(  1 -  1) =    -77.97342  eV     1   --> A              
     e(  2 -  2) =    -49.44978  eV     1   --> A              
     e(  3 -  3) =    -49.22018  eV     1   --> A              
     e(  4 -  4) =    -49.21285  eV     1   --> A              
     e(  5 -  5) =    -23.91566  eV     1   --> A              
     e(  6 -  6) =    -23.86402  eV     1   --> A              
     e(  7 -  7) =    -21.41450  eV     1   --> A              
     e(  8 -  8) =    -20.58232  eV     1   --> A              
     e(  9 -  9) =    -14.23218  eV     1   --> A              
     e( 10 - 10) =    -13.76251  eV     1   --> A              
     e( 11 - 11) =    -13.12254  eV     1   --> A              
     e( 12 - 12) =    -11.85477  eV     1   --> A              
     e( 13 - 13) =    -11.07460  eV     1   --> A              
     e( 14 - 14) =    -10.19819  eV     1   --> A              
     e( 15 - 15) =    -10.15139  eV     1   --> A              
     e( 16 - 16) =     -9.60476  eV     1   --> A              
     e( 17 - 17) =     -9.24393  eV     1   --> A              
     e( 18 - 18) =     -8.89705  eV     1   --> A              
     e( 19 - 19) =     -8.27533  eV     1   --> A              
     e( 20 - 20) =     -8.06649  eV     1   --> A              
     e( 21 - 21) =     -6.82554  eV     1   --> A              
     e( 22 - 22) =     -3.91069  eV     1   --> A              
     e( 23 - 23) =     -3.89722  eV     1   --> A              
     e( 24 - 24) =     -3.02314  eV     1   --> A              
     e( 25 - 25) =     -2.29435  eV     1   --> A              
     e( 26 - 26) =     -0.93299  eV     1   --> A              
     e( 27 - 27) =     -0.70412  eV     1   --> A              
     e( 28 - 28) =      2.45024  eV     1   --> A              
     e( 29 - 29) =      2.90488  eV     1   --> A              
     e( 30 - 30) =      3.48086  eV     1   --> A              
     e( 31 - 31) =      3.52605  eV     1   --> A              
     e( 32 - 32) =      5.13942  eV     1   --> A              
     e( 33 - 33) =      5.82392  eV     1   --> A              
     e( 34 - 34) =      6.19765  eV     1   --> A              
     e( 35 - 35) =      6.44429  eV     1   --> A              

 **************************************************************************

 **************************************************************************

                    xk=(   0.29500,   0.17032,   0.00000  )

     Band symmetry, C_1 (1)     point group:

     e(  1 -  1) =    -77.97443  eV     1   --> A              
     e(  2 -  2) =    -49.44310  eV     1   --> A              
     e(  3 -  3) =    -49.21867  eV     1   --> A              
     e(  4 -  4) =    -49.21417  eV     1   --> A              
     e(  5 -  5) =    -23.96483  eV     1   --> A              
     e(  6 -  6) =    -23.91250  eV     1   --> A              
     e(  7 -  7) =    -21.44442  eV     1   --> A              
     e(  8 -  8) =    -20.59784  eV     1   --> A              
     e(  9 -  9) =    -14.18860  eV     1   --> A              
     e( 10 - 10) =    -13.66847  eV     1   --> A              
     e( 11 - 11) =    -13.09673  eV     1   --> A              
     e( 12 - 12) =    -11.85752  eV     1   --> A              
     e( 13 - 13) =    -11.03317  eV     1   --> A              
     e( 14 - 14) =    -10.17600  eV     1   --> A              
     e( 15 - 15) =    -10.12985  eV     1   --> A              
     e( 16 - 16) =     -9.57321  eV     1   --> A              
     e( 17 - 17) =     -9.25874  eV     1   --> A              
     e( 18 - 18) =     -8.87491  eV     1   --> A              
     e( 19 - 19) =     -8.26868  eV     1   --> A              
     e( 20 - 20) =     -8.09013  eV     1   --> A              
     e( 21 - 21) =     -6.81372  eV     1   --> A              
     e( 22 - 22) =     -3.89560  eV     1   --> A              
     e( 23 - 23) =     -3.89199  eV     1   --> A              
     e( 24 - 24) =     -3.03636  eV     1   --> A              
     e( 25 - 25) =     -2.30911  eV     1   --> A              
     e( 26 - 26) =     -0.87004  eV     1   --> A              
     e( 27 - 27) =     -0.64891  eV     1   --> A              
     e( 28 - 28) =      2.46238  eV     1   --> A              
     e( 29 - 29) =      2.89312  eV     1   --> A              
     e( 30 - 30) =      3.46667  eV     1   --> A              
     e( 31 - 31) =      3.52414  eV     1   --> A              
     e( 32 - 32) =      5.14890  eV     1   --> A              
     e( 33 - 33) =      5.84039  eV     1   --> A              
     e( 34 - 34) =      6.19789  eV     1   --> A              
     e( 35 - 35) =      6.43224  eV     1   --> A              

 **************************************************************************

 **************************************************************************

                    xk=(   0.29000,   0.16743,   0.00000  )

     Band symmetry, C_1 (1)     point group:

     e(  1 -  1) =    -77.97545  eV     1   --> A              
     e(  2 -  2) =    -49.43635  eV     1   --> A              
     e(  3 -  3) =    -49.21714  eV     1   --> A              
     e(  4 -  4) =    -49.21550  eV     1   --> A              
     e(  5 -  5) =    -24.01362  eV     1   --> A              
     e(  6 -  6) =    -23.96061  eV     1   --> A              
     e(  7 -  7) =    -21.47458  eV     1   --> A              
     e(  8 -  8) =    -20.61362  eV     1   --> A              
     e(  9 -  9) =    -14.15181  eV     1   --> A              
     e( 10 - 10) =    -13.57378  eV     1   --> A              
     e( 11 - 11) =    -13.06385  eV     1   --> A              
     e( 12 - 12) =    -11.86099  eV     1   --> A              
     e( 13 - 13) =    -10.99119  eV     1   --> A              
     e( 14 - 14) =    -10.15349  eV     1   --> A              
     e( 15 - 15) =    -10.10797  eV     1   --> A              
     e( 16 - 16) =     -9.54284  eV     1   --> A              
     e( 17 - 17) =     -9.27190  eV     1   --> A              
     e( 18 - 18) =     -8.85243  eV     1   --> A              
     e( 19 - 19) =     -8.26138  eV     1   --> A              
     e( 20 - 20) =     -8.11393  eV     1   --> A              
     e( 21 - 21) =     -6.80076  eV     1   --> A              
     e( 22 - 22) =     -3.88662  eV     1   --> A              
     e( 23 - 23) =     -3.88022  eV     1   --> A              
     e( 24 - 24) =     -3.05022  eV     1   --> A              
     e( 25 - 25) =     -2.32424  eV     1   --> A              
     e( 26 - 26) =     -0.80694  eV     1   --> A              
     e( 27 - 27) =     -0.59290  eV     1   --> A              
     e( 28 - 28) =      2.47162  eV     1   --> A              
     e( 29 - 29) =      2.87856  eV     1   --> A              
     e( 30 - 30) =      3.44426  eV     1   --> A              
     e( 31 - 31) =      3.53477  eV     1   --> A              
     e( 32 - 32) =      5.15853  eV     1   --> A              
     e( 33 - 33) =      5.85747  eV     1   --> A              
     e( 34 - 34) =      6.19627  eV     1   --> A              
     e( 35 - 35) =      6.41845  eV     1   --> A              

 **************************************************************************

 **************************************************************************

                    xk=(   0.28500,   0.16454,   0.00000  )

     Band symmetry, C_1 (1)     point group:

     e(  1 -  1) =    -77.97647  eV     1   --> A              
     e(  2 -  2) =    -49.42954  eV     1   --> A              
     e(  3 -  3) =    -49.21684  eV     1   --> A              
     e(  4 -  4) =    -49.21560  eV     1   --> A              
     e(  5 -  5) =    -24.06200  eV     1   --> A              
     e(  6 -  6) =    -24.00831  eV     1   --> A              
     e(  7 -  7) =    -21.50495  eV     1   --> A              
     e(  8 -  8) =    -20.62963  eV     1   --> A              
     e(  9 -  9) =    -14.12212  eV     1   --> A              
     e( 10 - 10) =    -13.47852  eV     1   --> A              
     e( 11 - 11) =    -13.02363  eV     1   --> A              
     e( 12 - 12) =    -11.86509  eV     1   --> A              
     e( 13 - 13) =    -10.94869  eV     1   --> A              
     e( 14 - 14) =    -10.13066  eV     1   --> A              
     e( 15 - 15) =    -10.08579  eV     1   --> A              
     e( 16 - 16) =     -9.51471  eV     1   --> A              
     e( 17 - 17) =     -9.28245  eV     1   --> A              
     e( 18 - 18) =     -8.82962  eV     1   --> A              
     e( 19 - 19) =     -8.25340  eV     1   --> A              
     e( 20 - 20) =     -8.13785  eV     1   --> A              
     e( 21 - 21) =     -6.78667  eV     1   --> A              
     e( 22 - 22) =     -3.88109  eV     1   --> A              
     e( 23 - 23) =     -3.86458  eV     1   --> A              
     e( 24 - 24) =     -3.06463  eV     1   --> A              
     e( 25 - 25) =     -2.33973  eV     1   --> A              
     e( 26 - 26) =     -0.74377  eV     1   --> A              
     e( 27 - 27) =     -0.53623  eV     1   --> A              
     e( 28 - 28) =      2.47779  eV     1   --> A              
     e( 29 - 29) =      2.86154  eV     1   --> A              
     e( 30 - 30) =      3.42190  eV     1   --> A              
     e( 31 - 31) =      3.54952  eV     1   --> A              
     e( 32 - 32) =      5.16791  eV     1   --> A              
     e( 33 - 33) =      5.87486  eV     1   --> A              
     e( 34 - 34) =      6.19266  eV     1   --> A              
     e( 35 - 35) =      6.40283  eV     1   --> A              

 **************************************************************************

 **************************************************************************

                    xk=(   0.28000,   0.16166,   0.00000  )

     Band symmetry, C_1 (1)     point group:

     e(  1 -  1) =    -77.97751  eV     1   --> A              
     e(  2 -  2) =    -49.42268  eV     1   --> A              
     e(  3 -  3) =    -49.21820  eV     1   --> A              
     e(  4 -  4) =    -49.21404  eV     1   --> A              
     e(  5 -  5) =    -24.10992  eV     1   --> A              
     e(  6 -  6) =    -24.05558  eV     1   --> A              
     e(  7 -  7) =    -21.53548  eV     1   --> A              
     e(  8 -  8) =    -20.64583  eV     1   --> A              
     e(  9 -  9) =    -14.09952  eV     1   --> A              
     e( 10 - 10) =    -13.38279  eV     1   --> A              
     e( 11 - 11) =    -12.97610  eV     1   --> A              
     e( 12 - 12) =    -11.86974  eV     1   --> A              
     e( 13 - 13) =    -10.90575  eV     1   --> A              
     e( 14 - 14) =    -10.10754  eV     1   --> A              
     e( 15 - 15) =    -10.06331  eV     1   --> A              
     e( 16 - 16) =     -9.49048  eV     1   --> A              
     e( 17 - 17) =     -9.28882  eV     1   --> A              
     e( 18 - 18) =     -8.80651  eV     1   --> A              
     e( 19 - 19) =     -8.24471  eV     1   --> A              
     e( 20 - 20) =     -8.16188  eV     1   --> A              
     e( 21 - 21) =     -6.77146  eV     1   --> A              
     e( 22 - 22) =     -3.87539  eV     1   --> A              
     e( 23 - 23) =     -3.84868  eV     1   --> A              
     e( 24 - 24) =     -3.07951  eV     1   --> A              
     e( 25 - 25) =     -2.35558  eV     1   --> A              
     e( 26 - 26) =     -0.68061  eV     1   --> A              
     e( 27 - 27) =     -0.47904  eV     1   --> A              
     e( 28 - 28) =      2.48080  eV     1   --> A              
     e( 29 - 29) =      2.84235  eV     1   --> A              
     e( 30 - 30) =      3.40176  eV     1   --> A              
     e( 31 - 31) =      3.56600  eV     1   --> A              
     e( 32 - 32) =      5.17657  eV     1   --> A              
     e( 33 - 33) =      5.89222  eV     1   --> A              
     e( 34 - 34) =      6.18694  eV     1   --> A              
     e( 35 - 35) =      6.38529  eV     1   --> A              

 **************************************************************************

 **************************************************************************

                    xk=(   0.27500,   0.15877,   0.00000  )

     Band symmetry, C_1 (1)     point group:

     e(  1 -  1) =    -77.97855  eV     1   --> A              
     e(  2 -  2) =    -49.41578  eV     1   --> A              
     e(  3 -  3) =    -49.21956  eV     1   --> A              
     e(  4 -  4) =    -49.21248  eV     1   --> A              
     e(  5 -  5) =    -24.15737  eV     1   --> A              
     e(  6 -  6) =    -24.10237  eV     1   --> A              
     e(  7 -  7) =    -21.56613  eV     1   --> A              
     e(  8 -  8) =    -20.66221  eV     1   --> A              
     e(  9 -  9) =    -14.08371  eV     1   --> A              
     e( 10 - 10) =    -13.28672  eV     1   --> A              
     e( 11 - 11) =    -12.92158  eV     1   --> A              
     e( 12 - 12) =    -11.87484  eV     1   --> A              
     e( 13 - 13) =    -10.86240  eV     1   --> A              
     e( 14 - 14) =    -10.08414  eV     1   --> A              
     e( 15 - 15) =    -10.04055  eV     1   --> A              
     e( 16 - 16) =     -9.47240  eV     1   --> A              
     e( 17 - 17) =     -9.28885  eV     1   --> A              
     e( 18 - 18) =     -8.78311  eV     1   --> A              
     e( 19 - 19) =     -8.23532  eV     1   --> A              
     e( 20 - 20) =     -8.18596  eV     1   --> A              
     e( 21 - 21) =     -6.75515  eV     1   --> A              
     e( 22 - 22) =     -3.86951  eV     1   --> A              
     e( 23 - 23) =     -3.83254  eV     1   --> A              
     e( 24 - 24) =     -3.09477  eV     1   --> A              
     e( 25 - 25) =     -2.37178  eV     1   --> A              
     e( 26 - 26) =     -0.61756  eV     1   --> A              
     e( 27 - 27) =     -0.42148  eV     1   --> A              
     e( 28 - 28) =      2.48065  eV     1   --> A              
     e( 29 - 29) =      2.82130  eV     1   --> A              
     e( 30 - 30) =      3.38451  eV     1   --> A              
     e( 31 - 31) =      3.58329  eV     1   --> A              
     e( 32 - 32) =      5.18400  eV     1   --> A              
     e( 33 - 33) =      5.90908  eV     1   --> A              
     e( 34 - 34) =      6.17900  eV     1   --> A              
     e( 35 - 35) =      6.36575  eV     1   --> A              

 **************************************************************************

 **************************************************************************

                    xk=(   0.27000,   0.15588,   0.00000  )

     Band symmetry, C_1 (1)     point group:

     e(  1 -  1) =    -77.97959  eV     1   --> A              
     e(  2 -  2) =    -49.40883  eV     1   --> A              
     e(  3 -  3) =    -49.22092  eV     1   --> A              
     e(  4 -  4) =    -49.21091  eV     1   --> A              
     e(  5 -  5) =    -24.20432  eV     1   --> A              
     e(  6 -  6) =    -24.14867  eV     1   --> A              
     e(  7 -  7) =    -21.59685  eV     1   --> A              
     e(  8 -  8) =    -20.67872  eV     1   --> A              
     e(  9 -  9) =    -14.07418  eV     1   --> A              
     e( 10 - 10) =    -13.19042  eV     1   --> A              
     e( 11 - 11) =    -12.86063  eV     1   --> A              
     e( 12 - 12) =    -11.88027  eV     1   --> A              
     e( 13 - 13) =    -10.81870  eV     1   --> A              
     e( 14 - 14) =    -10.06049  eV     1   --> A              
     e( 15 - 15) =    -10.01753  eV     1   --> A              
     e( 16 - 16) =     -9.46253  eV     1   --> A              
     e( 17 - 17) =     -9.28056  eV     1   --> A              
     e( 18 - 18) =     -8.75944  eV     1   --> A              
     e( 19 - 19) =     -8.22521  eV     1   --> A              
     e( 20 - 20) =     -8.21008  eV     1   --> A              
     e( 21 - 21) =     -6.73779  eV     1   --> A              
     e( 22 - 22) =     -3.86342  eV     1   --> A              
     e( 23 - 23) =     -3.81617  eV     1   --> A              
     e( 24 - 24) =     -3.11034  eV     1   --> A              
     e( 25 - 25) =     -2.38832  eV     1   --> A              
     e( 26 - 26) =     -0.55471  eV     1   --> A              
     e( 27 - 27) =     -0.36373  eV     1   --> A              
     e( 28 - 28) =      2.47746  eV     1   --> A              
     e( 29 - 29) =      2.79862  eV     1   --> A              
     e( 30 - 30) =      3.37034  eV     1   --> A              
     e( 31 - 31) =      3.60084  eV     1   --> A              
     e( 32 - 32) =      5.18965  eV     1   --> A              
     e( 33 - 33) =      5.92487  eV     1   --> A              
     e( 34 - 34) =      6.16873  eV     1   --> A              
     e( 35 - 35) =      6.34413  eV     1   --> A              

 **************************************************************************

 **************************************************************************

                    xk=(   0.26500,   0.15300,   0.00000  )

     Band symmetry, C_1 (1)     point group:

     e(  1 -  1) =    -77.98064  eV     1   --> A              
     e(  2 -  2) =    -49.40185  eV     1   --> A              
     e(  3 -  3) =    -49.22230  eV     1   --> A              
     e(  4 -  4) =    -49.20933  eV     1   --> A              
     e(  5 -  5) =    -24.25073  eV     1   --> A              
     e(  6 -  6) =    -24.19444  eV     1   --> A              
     e(  7 -  7) =    -21.62762  eV     1   --> A              
     e(  8 -  8) =    -20.69535  eV     1   --> A              
     e(  9 -  9) =    -14.07027  eV     1   --> A              
     e( 10 - 10) =    -13.09405  eV     1   --> A              
     e( 11 - 11) =    -12.79393  eV     1   --> A              
     e( 12 - 12) =    -11.88591  eV     1   --> A              
     e( 13 - 13) =    -10.77468  eV     1   --> A              
     e( 14 - 14) =    -10.03660  eV     1   --> A              
     e( 15 - 15) =     -9.99426  eV     1   --> A              
     e( 16 - 16) =     -9.46116  eV     1   --> A              
     e( 17 - 17) =     -9.26376  eV     1   --> A              
     e( 18 - 18) =     -8.73555  eV     1   --> A              
     e( 19 - 19) =     -8.23420  eV     1   --> A              
     e( 20 - 20) =     -8.21437  eV     1   --> A              
     e( 21 - 21) =     -6.71939  eV     1   --> A              
     e( 22 - 22) =     -3.85711  eV     1   --> A              
     e( 23 - 23) =     -3.79959  eV     1   --> A              
     e( 24 - 24) =     -3.12612  eV     1   --> A              
     e( 25 - 25) =     -2.40519  eV     1   --> A              
     e( 26 - 26) =     -0.49219  eV     1   --> A              
     e( 27 - 27) =     -0.30593  eV     1   --> A              
     e( 28 - 28) =      2.47144  eV     1   --> A              
     e( 29 - 29) =      2.77456  eV     1   --> A              
     e( 30 - 30) =      3.35924  eV     1   --> A              
     e( 31 - 31) =      3.61824  eV     1   --> A              
     e( 32 - 32) =      5.19291  eV     1   --> A              
     e( 33 - 33) =      5.93883  eV     1   --> A              
     e( 34 - 34) =      6.15602  eV     1   --> A              
     e( 35 - 35) =      6.32037  eV     1   --> A              

 **************************************************************************

 **************************************************************************

                    xk=(   0.26000,   0.15011,   0.00000  )

     Band symmetry, C_1 (1)     point group:

     e(  1 -  1) =    -77.98170  eV     1   --> A              
     e(  2 -  2) =    -49.39484  eV     1   --> A              
     e(  3 -  3) =    -49.22367  eV     1   --> A              
     e(  4 -  4) =    -49.20775  eV     1   --> A              
     e(  5 -  5) =    -24.29659  eV     1   --> A              
     e(  6 -  6) =    -24.23967  eV     1   --> A              
     e(  7 -  7) =    -21.65840  eV     1   --> A              
     e(  8 -  8) =    -20.71207  eV     1   --> A              
     e(  9 -  9) =    -14.07127  eV     1   --> A              
     e( 10 - 10) =    -12.99776  eV     1   --> A              
     e( 11 - 11) =    -12.72221  eV     1   --> A              
     e( 12 - 12) =    -11.89159  eV     1   --> A              
     e( 13 - 13) =    -10.73040  eV     1   --> A              
     e( 14 - 14) =    -10.01250  eV     1   --> A              
     e( 15 - 15) =     -9.97077  eV     1   --> A              
     e( 16 - 16) =     -9.46661  eV     1   --> A              
     e( 17 - 17) =     -9.24021  eV     1   --> A              
     e( 18 - 18) =     -8.71145  eV     1   --> A              
     e( 19 - 19) =     -8.25826  eV     1   --> A              
     e( 20 - 20) =     -8.20279  eV     1   --> A              
     e( 21 - 21) =     -6.70002  eV     1   --> A              
     e( 22 - 22) =     -3.85058  eV     1   --> A              
     e( 23 - 23) =     -3.78281  eV     1   --> A              
     e( 24 - 24) =     -3.14204  eV     1   --> A              
     e( 25 - 25) =     -2.42240  eV     1   --> A              
     e( 26 - 26) =     -0.43011  eV     1   --> A              
     e( 27 - 27) =     -0.24825  eV     1   --> A              
     e( 28 - 28) =      2.46293  eV     1   --> A              
     e( 29 - 29) =      2.74937  eV     1   --> A              
     e( 30 - 30) =      3.35103  eV     1   --> A              
     e( 31 - 31) =      3.63516  eV     1   --> A              
     e( 32 - 32) =      5.19319  eV     1   --> A              
     e( 33 - 33) =      5.95009  eV     1   --> A              
     e( 34 - 34) =      6.14080  eV     1   --> A              
     e( 35 - 35) =      6.29443  eV     1   --> A              

 **************************************************************************

 **************************************************************************

                    xk=(   0.25500,   0.14722,   0.00000  )

     Band symmetry, C_1 (1)     point group:

     e(  1 -  1) =    -77.98275  eV     1   --> A              
     e(  2 -  2) =    -49.38782  eV     1   --> A              
     e(  3 -  3) =    -49.22505  eV     1   --> A              
     e(  4 -  4) =    -49.20616  eV     1   --> A              
     e(  5 -  5) =    -24.34187  eV     1   --> A              
     e(  6 -  6) =    -24.28433  eV     1   --> A              
     e(  7 -  7) =    -21.68914  eV     1   --> A              
     e(  8 -  8) =    -20.72885  eV     1   --> A              
     e(  9 -  9) =    -14.07648  eV     1   --> A              
     e( 10 - 10) =    -12.90179  eV     1   --> A              
     e( 11 - 11) =    -12.64619  eV     1   --> A              
     e( 12 - 12) =    -11.89714  eV     1   --> A              
     e( 13 - 13) =    -10.68588  eV     1   --> A              
     e( 14 - 14) =     -9.98820  eV     1   --> A              
     e( 15 - 15) =     -9.94707  eV     1   --> A              
     e( 16 - 16) =     -9.47665  eV     1   --> A              
     e( 17 - 17) =     -9.21221  eV     1   --> A              
     e( 18 - 18) =     -8.68720  eV     1   --> A              
     e( 19 - 19) =     -8.28221  eV     1   --> A              
     e( 20 - 20) =     -8.19048  eV     1   --> A              
     e( 21 - 21) =     -6.67972  eV     1   --> A              
     e( 22 - 22) =     -3.84379  eV     1   --> A              
     e( 23 - 23) =     -3.76586  eV     1   --> A              
     e( 24 - 24) =     -3.15802  eV     1   --> A              
     e( 25 - 25) =     -2.43992  eV     1   --> A              
     e( 26 - 26) =     -0.36860  eV     1   --> A              
     e( 27 - 27) =     -0.19087  eV     1   --> A              
     e( 28 - 28) =      2.45231  eV     1   --> A              
     e( 29 - 29) =      2.72331  eV     1   --> A              
     e( 30 - 30) =      3.34542  eV     1   --> A              
     e( 31 - 31) =      3.65135  eV     1   --> A              
     e( 32 - 32) =      5.18990  eV     1   --> A              
     e( 33 - 33) =      5.95756  eV     1   --> A              
     e( 34 - 34) =      6.12302  eV     1   --> A              
     e( 35 - 35) =      6.26627  eV     1   --> A              

 **************************************************************************

 **************************************************************************

                    xk=(   0.25000,   0.14434,   0.00000  )

     Band symmetry, C_1 (1)     point group:

     e(  1 -  1) =    -77.98380  eV     1   --> A              
     e(  2 -  2) =    -49.38078  eV     1   --> A              
     e(  3 -  3) =    -49.22643  eV     1   --> A              
     e(  4 -  4) =    -49.20457  eV     1   --> A              
     e(  5 -  5) =    -24.38655  eV     1   --> A              
     e(  6 -  6) =    -24.32839  eV     1   --> A              
     e(  7 -  7) =    -21.71981  eV     1   --> A              
     e(  8 -  8) =    -20.74567  eV     1   --> A              
     e(  9 -  9) =    -14.08528  eV     1   --> A              
     e( 10 - 10) =    -12.80642  eV     1   --> A              
     e( 11 - 11) =    -12.56655  eV     1   --> A              
     e( 12 - 12) =    -11.90228  eV     1   --> A              
     e( 13 - 13) =    -10.64119  eV     1   --> A              
     e( 14 - 14) =     -9.96374  eV     1   --> A              
     e( 15 - 15) =     -9.92318  eV     1   --> A              
     e( 16 - 16) =     -9.48958  eV     1   --> A              
     e( 17 - 17) =     -9.18154  eV     1   --> A              
     e( 18 - 18) =     -8.66285  eV     1   --> A              
     e( 19 - 19) =     -8.30601  eV     1   --> A              
     e( 20 - 20) =     -8.17745  eV     1   --> A              
     e( 21 - 21) =     -6.65855  eV     1   --> A              
     e( 22 - 22) =     -3.83673  eV     1   --> A              
     e( 23 - 23) =     -3.74874  eV     1   --> A              
     e( 24 - 24) =     -3.17398  eV     1   --> A              
     e( 25 - 25) =     -2.45774  eV     1   --> A              
     e( 26 - 26) =     -0.30783  eV     1   --> A              
     e( 27 - 27) =     -0.13398  eV     1   --> A              
     e( 28 - 28) =      2.44002  eV     1   --> A              
     e( 29 - 29) =      2.69663  eV     1   --> A              
     e( 30 - 30) =      3.34205  eV     1   --> A              
     e( 31 - 31) =      3.66657  eV     1   --> A              
     e( 32 - 32) =      5.18248  eV     1   --> A              
     e( 33 - 33) =      5.96003  eV     1   --> A              
     e( 34 - 34) =      6.10263  eV     1   --> A              
     e( 35 - 35) =      6.23589  eV     1   --> A              

 **************************************************************************

 **************************************************************************

                    xk=(   0.24500,   0.14145,   0.00000  )

     Band symmetry, C_1 (1)     point group:

     e(  1 -  1) =    -77.98486  eV     1   --> A              
     e(  2 -  2) =    -49.37374  eV     1   --> A              
     e(  3 -  3) =    -49.22781  eV     1   --> A              
     e(  4 -  4) =    -49.20298  eV     1   --> A              
     e(  5 -  5) =    -24.43061  eV     1   --> A              
     e(  6 -  6) =    -24.37184  eV     1   --> A              
     e(  7 -  7) =    -21.75038  eV     1   --> A              
     e(  8 -  8) =    -20.76250  eV     1   --> A              
     e(  9 -  9) =    -14.09707  eV     1   --> A              
     e( 10 - 10) =    -12.71202  eV     1   --> A              
     e( 11 - 11) =    -12.48387  eV     1   --> A              
     e( 12 - 12) =    -11.90666  eV     1   --> A              
     e( 13 - 13) =    -10.59634  eV     1   --> A              
     e( 14 - 14) =     -9.93913  eV     1   --> A              
     e( 15 - 15) =     -9.89913  eV     1   --> A              
     e( 16 - 16) =     -9.50431  eV     1   --> A              
     e( 17 - 17) =     -9.14934  eV     1   --> A              
     e( 18 - 18) =     -8.63848  eV     1   --> A              
     e( 19 - 19) =     -8.32956  eV     1   --> A              
     e( 20 - 20) =     -8.16369  eV     1   --> A              
     e( 21 - 21) =     -6.63657  eV     1   --> A              
     e( 22 - 22) =     -3.82938  eV     1   --> A              
     e( 23 - 23) =     -3.73149  eV     1   --> A              
     e( 24 - 24) =     -3.18985  eV     1   --> A              
     e( 25 - 25) =     -2.47587  eV     1   --> A              
     e( 26 - 26) =     -0.24795  eV     1   --> A              
     e( 27 - 27) =     -0.07775  eV     1   --> A              
     e( 28 - 28) =      2.42650  eV     1   --> A              
     e( 29 - 29) =      2.66963  eV     1   --> A              
     e( 30 - 30) =      3.34052  eV     1   --> A              
     e( 31 - 31) =      3.68063  eV     1   --> A              
     e( 32 - 32) =      5.17047  eV     1   --> A              
     e( 33 - 33) =      5.95625  eV     1   --> A              
     e( 34 - 34) =      6.07960  eV     1   --> A              
     e( 35 - 35) =      6.20328  eV     1   --> A              

 **************************************************************************

 **************************************************************************

                    xk=(   0.24000,   0.13856,   0.00000  )

     Band symmetry, C_1 (1)     point group:

     e(  1 -  1) =    -77.98591  eV     1   --> A              
     e(  2 -  2) =    -49.36670  eV     1   --> A              
     e(  3 -  3) =    -49.22919  eV     1   --> A              
     e(  4 -  4) =    -49.20139  eV     1   --> A              
     e(  5 -  5) =    -24.47402  eV     1   --> A              
     e(  6 -  6) =    -24.41466  eV     1   --> A              
     e(  7 -  7) =    -21.78081  eV     1   --> A              
     e(  8 -  8) =    -20.77932  eV     1   --> A              
     e(  9 -  9) =    -14.11137  eV     1   --> A              
     e( 10 - 10) =    -12.61917  eV     1   --> A              
     e( 11 - 11) =    -12.39869  eV     1   --> A              
     e( 12 - 12) =    -11.90975  eV     1   --> A              
     e( 13 - 13) =    -10.55138  eV     1   --> A              
     e( 14 - 14) =     -9.91440  eV     1   --> A              
     e( 15 - 15) =     -9.87493  eV     1   --> A              
     e( 16 - 16) =     -9.52016  eV     1   --> A              
     e( 17 - 17) =     -9.11635  eV     1   --> A              
     e( 18 - 18) =     -8.61421  eV     1   --> A              
     e( 19 - 19) =     -8.35273  eV     1   --> A              
     e( 20 - 20) =     -8.14923  eV     1   --> A              
     e( 21 - 21) =     -6.61386  eV     1   --> A              
     e( 22 - 22) =     -3.82172  eV     1   --> A              
     e( 23 - 23) =     -3.71411  eV     1   --> A              
     e( 24 - 24) =     -3.20554  eV     1   --> A              
     e( 25 - 25) =     -2.49427  eV     1   --> A              
     e( 26 - 26) =     -0.18916  eV     1   --> A              
     e( 27 - 27) =     -0.02240  eV     1   --> A              
     e( 28 - 28) =      2.41223  eV     1   --> A              
     e( 29 - 29) =      2.64258  eV     1   --> A              
     e( 30 - 30) =      3.34042  eV     1   --> A              
     e( 31 - 31) =      3.69337  eV     1   --> A              
     e( 32 - 32) =      5.15354  eV     1   --> A              
     e( 33 - 33) =      5.94515  eV     1   --> A              
     e( 34 - 34) =      6.05395  eV     1   --> A              
     e( 35 - 35) =      6.16848  eV     1   --> A              

 **************************************************************************

 **************************************************************************

                    xk=(   0.23500,   0.13568,   0.00000  )

     Band symmetry, C_1 (1)     point group:

     e(  1 -  1) =    -77.98696  eV     1   --> A              
     e(  2 -  2) =    -49.35966  eV     1   --> A              
     e(  3 -  3) =    -49.23056  eV     1   --> A              
     e(  4 -  4) =    -49.19981  eV     1   --> A              
     e(  5 -  5) =    -24.51677  eV     1   --> A              
     e(  6 -  6) =    -24.45682  eV     1   --> A              
     e(  7 -  7) =    -21.81107  eV     1   --> A              
     e(  8 -  8) =    -20.79611  eV     1   --> A              
     e(  9 -  9) =    -14.12776  eV     1   --> A              
     e( 10 - 10) =    -12.52870  eV     1   --> A              
     e( 11 - 11) =    -12.31145  eV     1   --> A              
     e( 12 - 12) =    -11.91075  eV     1   --> A              
     e( 13 - 13) =    -10.50635  eV     1   --> A              
     e( 14 - 14) =     -9.88958  eV     1   --> A              
     e( 15 - 15) =     -9.85060  eV     1   --> A              
     e( 16 - 16) =     -9.53674  eV     1   --> A              
     e( 17 - 17) =     -9.08303  eV     1   --> A              
     e( 18 - 18) =     -8.59025  eV     1   --> A              
     e( 19 - 19) =     -8.37530  eV     1   --> A              
     e( 20 - 20) =     -8.13410  eV     1   --> A              
     e( 21 - 21) =     -6.59047  eV     1   --> A              
     e( 22 - 22) =     -3.81371  eV     1   --> A              
     e( 23 - 23) =     -3.69662  eV     1   --> A              
     e( 24 - 24) =     -3.22099  eV     1   --> A              
     e( 25 - 25) =     -2.51295  eV     1   --> A              
     e( 26 - 26) =     -0.13165  eV     1   --> A              
     e( 27 - 27) =      0.03188  eV     1   --> A              
     e( 28 - 28) =      2.39767  eV     1   --> A              
     e( 29 - 29) =      2.61580  eV     1   --> A              
     e( 30 - 30) =      3.34135  eV     1   --> A              
     e( 31 - 31) =      3.70466  eV     1   --> A              
     e( 32 - 32) =      5.13146  eV     1   --> A              
     e( 33 - 33) =      5.92610  eV     1   --> A              
     e( 34 - 34) =      6.02569  eV     1   --> A              
     e( 35 - 35) =      6.13152  eV     1   --> A              

 **************************************************************************

 **************************************************************************

                    xk=(   0.23000,   0.13279,   0.00000  )

     Band symmetry, C_1 (1)     point group:

     e(  1 -  1) =    -77.98801  eV     1   --> A              
     e(  2 -  2) =    -49.35264  eV     1   --> A              
     e(  3 -  3) =    -49.23193  eV     1   --> A              
     e(  4 -  4) =    -49.19823  eV     1   --> A              
     e(  5 -  5) =    -24.55884  eV     1   --> A              
     e(  6 -  6) =    -24.49831  eV     1   --> A              
     e(  7 -  7) =    -21.84113  eV     1   --> A              
     e(  8 -  8) =    -20.81285  eV     1   --> A              
     e(  9 -  9) =    -14.14586  eV     1   --> A              
     e( 10 - 10) =    -12.44193  eV     1   --> A              
     e( 11 - 11) =    -12.22254  eV     1   --> A              
     e( 12 - 12) =    -11.90837  eV     1   --> A              
     e( 13 - 13) =    -10.46129  eV     1   --> A              
     e( 14 - 14) =     -9.86469  eV     1   --> A              
     e( 15 - 15) =     -9.82617  eV     1   --> A              
     e( 16 - 16) =     -9.55375  eV     1   --> A              
     e( 17 - 17) =     -9.04966  eV     1   --> A              
     e( 18 - 18) =     -8.56702  eV     1   --> A              
     e( 19 - 19) =     -8.39685  eV     1   --> A              
     e( 20 - 20) =     -8.11831  eV     1   --> A              
     e( 21 - 21) =     -6.56649  eV     1   --> A              
     e( 22 - 22) =     -3.80535  eV     1   --> A              
     e( 23 - 23) =     -3.67906  eV     1   --> A              
     e( 24 - 24) =     -3.23612  eV     1   --> A              
     e( 25 - 25) =     -2.53188  eV     1   --> A              
     e( 26 - 26) =     -0.07566  eV     1   --> A              
     e( 27 - 27) =      0.08487  eV     1   --> A              
     e( 28 - 28) =      2.38325  eV     1   --> A              
     e( 29 - 29) =      2.58955  eV     1   --> A              
     e( 30 - 30) =      3.34297  eV     1   --> A              
     e( 31 - 31) =      3.71437  eV     1   --> A              
     e( 32 - 32) =      5.10418  eV     1   --> A              
     e( 33 - 33) =      5.89905  eV     1   --> A              
     e( 34 - 34) =      5.99489  eV     1   --> A              
     e( 35 - 35) =      6.09248  eV     1   --> A              

 **************************************************************************

 **************************************************************************

                    xk=(   0.22500,   0.12990,   0.00000  )

     Band symmetry, C_1 (1)     point group:

     e(  1 -  1) =    -77.98905  eV     1   --> A              
     e(  2 -  2) =    -49.34565  eV     1   --> A              
     e(  3 -  3) =    -49.23330  eV     1   --> A              
     e(  4 -  4) =    -49.19665  eV     1   --> A              
     e(  5 -  5) =    -24.60021  eV     1   --> A              
     e(  6 -  6) =    -24.53911  eV     1   --> A              
     e(  7 -  7) =    -21.87096  eV     1   --> A              
     e(  8 -  8) =    -20.82950  eV     1   --> A              
     e(  9 -  9) =    -14.16539  eV     1   --> A              
     e( 10 - 10) =    -12.36093  eV     1   --> A              
     e( 11 - 11) =    -12.13230  eV     1   --> A              
     e( 12 - 12) =    -11.90057  eV     1   --> A              
     e( 13 - 13) =    -10.41624  eV     1   --> A              
     e( 14 - 14) =     -9.83976  eV     1   --> A              
     e( 15 - 15) =     -9.80166  eV     1   --> A              
     e( 16 - 16) =     -9.57101  eV     1   --> A              
     e( 17 - 17) =     -9.01649  eV     1   --> A              
     e( 18 - 18) =     -8.54545  eV     1   --> A              
     e( 19 - 19) =     -8.41646  eV     1   --> A              
     e( 20 - 20) =     -8.10190  eV     1   --> A              
     e( 21 - 21) =     -6.54200  eV     1   --> A              
     e( 22 - 22) =     -3.79660  eV     1   --> A              
     e( 23 - 23) =     -3.66143  eV     1   --> A              
     e( 24 - 24) =     -3.25085  eV     1   --> A              
     e( 25 - 25) =     -2.55106  eV     1   --> A              
     e( 26 - 26) =     -0.02142  eV     1   --> A              
     e( 27 - 27) =      0.13637  eV     1   --> A              
     e( 28 - 28) =      2.36941  eV     1   --> A              
     e( 29 - 29) =      2.56415  eV     1   --> A              
     e( 30 - 30) =      3.34497  eV     1   --> A              
     e( 31 - 31) =      3.72244  eV     1   --> A              
     e( 32 - 32) =      5.07178  eV     1   --> A              
     e( 33 - 33) =      5.86462  eV     1   --> A              
     e( 34 - 34) =      5.96161  eV     1   --> A              
     e( 35 - 35) =      6.05145  eV     1   --> A              

 **************************************************************************

 **************************************************************************

                    xk=(   0.22000,   0.12702,   0.00000  )

     Band symmetry, C_1 (1)     point group:

     e(  1 -  1) =    -77.99009  eV     1   --> A              
     e(  2 -  2) =    -49.33868  eV     1   --> A              
     e(  3 -  3) =    -49.23465  eV     1   --> A              
     e(  4 -  4) =    -49.19508  eV     1   --> A              
     e(  5 -  5) =    -24.64087  eV     1   --> A              
     e(  6 -  6) =    -24.57920  eV     1   --> A              
     e(  7 -  7) =    -21.90053  eV     1   --> A              
     e(  8 -  8) =    -20.84606  eV     1   --> A              
     e(  9 -  9) =    -14.18607  eV     1   --> A              
     e( 10 - 10) =    -12.28887  eV     1   --> A              
     e( 11 - 11) =    -12.04103  eV     1   --> A              
     e( 12 - 12) =    -11.88425  eV     1   --> A              
     e( 13 - 13) =    -10.37122  eV     1   --> A              
     e( 14 - 14) =     -9.81481  eV     1   --> A              
     e( 15 - 15) =     -9.77708  eV     1   --> A              
     e( 16 - 16) =     -9.58838  eV     1   --> A              
     e( 17 - 17) =     -8.98366  eV     1   --> A              
     e( 18 - 18) =     -8.52790  eV     1   --> A              
     e( 19 - 19) =     -8.43175  eV     1   --> A              
     e( 20 - 20) =     -8.08493  eV     1   --> A              
     e( 21 - 21) =     -6.51709  eV     1   --> A              
     e( 22 - 22) =     -3.78744  eV     1   --> A              
     e( 23 - 23) =     -3.64375  eV     1   --> A              
     e( 24 - 24) =     -3.26512  eV     1   --> A              
     e( 25 - 25) =     -2.57045  eV     1   --> A              
     e( 26 - 26) =      0.03079  eV     1   --> A              
     e( 27 - 27) =      0.18613  eV     1   --> A              
     e( 28 - 28) =      2.35653  eV     1   --> A              
     e( 29 - 29) =      2.53985  eV     1   --> A              
     e( 30 - 30) =      3.34706  eV     1   --> A              
     e( 31 - 31) =      3.72878  eV     1   --> A              
     e( 32 - 32) =      5.03446  eV     1   --> A              
     e( 33 - 33) =      5.82388  eV     1   --> A              
     e( 34 - 34) =      5.92596  eV     1   --> A              
     e( 35 - 35) =      6.00851  eV     1   --> A              

 **************************************************************************

 **************************************************************************

                    xk=(   0.21500,   0.12413,   0.00000  )

     Band symmetry, C_1 (1)     point group:

     e(  1 -  1) =    -77.99112  eV     1   --> A              
     e(  2 -  2) =    -49.33175  eV     1   --> A              
     e(  3 -  3) =    -49.23600  eV     1   --> A              
     e(  4 -  4) =    -49.19352  eV     1   --> A              
     e(  5 -  5) =    -24.68080  eV     1   --> A              
     e(  6 -  6) =    -24.61858  eV     1   --> A              
     e(  7 -  7) =    -21.92981  eV     1   --> A              
     e(  8 -  8) =    -20.86249  eV     1   --> A              
     e(  9 -  9) =    -14.20769  eV     1   --> A              
     e( 10 - 10) =    -12.22969  eV     1   --> A              
     e( 11 - 11) =    -11.94899  eV     1   --> A              
     e( 12 - 12) =    -11.85547  eV     1   --> A              
     e( 13 - 13) =    -10.32630  eV     1   --> A              
     e( 14 - 14) =     -9.78988  eV     1   --> A              
     e( 15 - 15) =     -9.75246  eV     1   --> A              
     e( 16 - 16) =     -9.60573  eV     1   --> A              
     e( 17 - 17) =     -8.95129  eV     1   --> A              
     e( 18 - 18) =     -8.51961  eV     1   --> A              
     e( 19 - 19) =     -8.43748  eV     1   --> A              
     e( 20 - 20) =     -8.06745  eV     1   --> A              
     e( 21 - 21) =     -6.49183  eV     1   --> A              
     e( 22 - 22) =     -3.77785  eV     1   --> A              
     e( 23 - 23) =     -3.62605  eV     1   --> A              
     e( 24 - 24) =     -3.27886  eV     1   --> A              
     e( 25 - 25) =     -2.59006  eV     1   --> A              
     e( 26 - 26) =      0.08067  eV     1   --> A              
     e( 27 - 27) =      0.23395  eV     1   --> A              
     e( 28 - 28) =      2.34498  eV     1   --> A              
     e( 29 - 29) =      2.51696  eV     1   --> A              
     e( 30 - 30) =      3.34904  eV     1   --> A              
     e( 31 - 31) =      3.73336  eV     1   --> A              
     e( 32 - 32) =      4.99253  eV     1   --> A              
     e( 33 - 33) =      5.77816  eV     1   --> A              
     e( 34 - 34) =      5.88805  eV     1   --> A              
     e( 35 - 35) =      5.96379  eV     1   --> A              

 **************************************************************************

 **************************************************************************

                    xk=(   0.21000,   0.12124,   0.00000  )

     Band symmetry, C_1 (1)     point group:

     e(  1 -  1) =    -77.99215  eV     1   --> A              
     e(  2 -  2) =    -49.32486  eV     1   --> A              
     e(  3 -  3) =    -49.23734  eV     1   --> A              
     e(  4 -  4) =    -49.19197  eV     1   --> A              
     e(  5 -  5) =    -24.71998  eV     1   --> A              
     e(  6 -  6) =    -24.65721  eV     1   --> A              
     e(  7 -  7) =    -21.95877  eV     1   --> A              
     e(  8 -  8) =    -20.87880  eV     1   --> A              
     e(  9 -  9) =    -14.23006  eV     1   --> A              
     e( 10 - 10) =    -12.18647  eV     1   --> A              
     e( 11 - 11) =    -11.85651  eV     1   --> A              
     e( 12 - 12) =    -11.81113  eV     1   --> A              
     e( 13 - 13) =    -10.28151  eV     1   --> A              
     e( 14 - 14) =     -9.76499  eV     1   --> A              
     e( 15 - 15) =     -9.72783  eV     1   --> A              
     e( 16 - 16) =     -9.62297  eV     1   --> A              
     e( 17 - 17) =     -8.91947  eV     1   --> A              
     e( 18 - 18) =     -8.52480  eV     1   --> A              
     e( 19 - 19) =     -8.42943  eV     1   --> A              
     e( 20 - 20) =     -8.04951  eV     1   --> A              
     e( 21 - 21) =     -6.46631  eV     1   --> A              
     e( 22 - 22) =     -3.76780  eV     1   --> A              
     e( 23 - 23) =     -3.60835  eV     1   --> A              
     e( 24 - 24) =     -3.29201  eV     1   --> A              
     e( 25 - 25) =     -2.60985  eV     1   --> A              
     e( 26 - 26) =      0.12792  eV     1   --> A              
     e( 27 - 27) =      0.27959  eV     1   --> A              
     e( 28 - 28) =      2.33512  eV     1   --> A              
     e( 29 - 29) =      2.49573  eV     1   --> A              
     e( 30 - 30) =      3.35074  eV     1   --> A              
     e( 31 - 31) =      3.73614  eV     1   --> A              
     e( 32 - 32) =      4.94639  eV     1   --> A              
     e( 33 - 33) =      5.72874  eV     1   --> A              
     e( 34 - 34) =      5.84802  eV     1   --> A              
     e( 35 - 35) =      5.91742  eV     1   --> A              

 **************************************************************************

 **************************************************************************

                    xk=(   0.20500,   0.11836,   0.00000  )

     Band symmetry, C_1 (1)     point group:

     e(  1 -  1) =    -77.99316  eV     1   --> A              
     e(  2 -  2) =    -49.31803  eV     1   --> A              
     e(  3 -  3) =    -49.23867  eV     1   --> A              
     e(  4 -  4) =    -49.19044  eV     1   --> A              
     e(  5 -  5) =    -24.75840  eV     1   --> A              
     e(  6 -  6) =    -24.69510  eV     1   --> A              
     e(  7 -  7) =    -21.98739  eV     1   --> A              
     e(  8 -  8) =    -20.89494  eV     1   --> A              
     e(  9 -  9) =    -14.25301  eV     1   --> A              
     e( 10 - 10) =    -12.15899  eV     1   --> A              
     e( 11 - 11) =    -11.76458  eV     1   --> A              
     e( 12 - 12) =    -11.75071  eV     1   --> A              
     e( 13 - 13) =    -10.23691  eV     1   --> A              
     e( 14 - 14) =     -9.74017  eV     1   --> A              
     e( 15 - 15) =     -9.70321  eV     1   --> A              
     e( 16 - 16) =     -9.63999  eV     1   --> A              
     e( 17 - 17) =     -8.88827  eV     1   --> A              
     e( 18 - 18) =     -8.53924  eV     1   --> A              
     e( 19 - 19) =     -8.41185  eV     1   --> A              
     e( 20 - 20) =     -8.03121  eV     1   --> A              
     e( 21 - 21) =     -6.44062  eV     1   --> A              
     e( 22 - 22) =     -3.75728  eV     1   --> A              
     e( 23 - 23) =     -3.59067  eV     1   --> A              
     e( 24 - 24) =     -3.30450  eV     1   --> A              
     e( 25 - 25) =     -2.62980  eV     1   --> A              
     e( 26 - 26) =      0.17220  eV     1   --> A              
     e( 27 - 27) =      0.32285  eV     1   --> A              
     e( 28 - 28) =      2.32724  eV     1   --> A              
     e( 29 - 29) =      2.47643  eV     1   --> A              
     e( 30 - 30) =      3.35202  eV     1   --> A              
     e( 31 - 31) =      3.73711  eV     1   --> A              
     e( 32 - 32) =      4.89647  eV     1   --> A              
     e( 33 - 33) =      5.67677  eV     1   --> A              
     e( 34 - 34) =      5.80602  eV     1   --> A              
     e( 35 - 35) =      5.86955  eV     1   --> A              

 **************************************************************************

 **************************************************************************

                    xk=(   0.20000,   0.11547,   0.00000  )

     Band symmetry, C_1 (1)     point group:

     e(  1 -  1) =    -77.99417  eV     1   --> A              
     e(  2 -  2) =    -49.31125  eV     1   --> A              
     e(  3 -  3) =    -49.23999  eV     1   --> A              
     e(  4 -  4) =    -49.18892  eV     1   --> A              
     e(  5 -  5) =    -24.79604  eV     1   --> A              
     e(  6 -  6) =    -24.73222  eV     1   --> A              
     e(  7 -  7) =    -22.01564  eV     1   --> A              
     e(  8 -  8) =    -20.91091  eV     1   --> A              
     e(  9 -  9) =    -14.27641  eV     1   --> A              
     e( 10 - 10) =    -12.14393  eV     1   --> A              
     e( 11 - 11) =    -11.68293  eV     1   --> A              
     e( 12 - 12) =    -11.66806  eV     1   --> A              
     e( 13 - 13) =    -10.19253  eV     1   --> A              
     e( 14 - 14) =     -9.71546  eV     1   --> A              
     e( 15 - 15) =     -9.67862  eV     1   --> A              
     e( 16 - 16) =     -9.65669  eV     1   --> A              
     e( 17 - 17) =     -8.85773  eV     1   --> A              
     e( 18 - 18) =     -8.55758  eV     1   --> A              
     e( 19 - 19) =     -8.39006  eV     1   --> A              
     e( 20 - 20) =     -8.01259  eV     1   --> A              
     e( 21 - 21) =     -6.41484  eV     1   --> A              
     e( 22 - 22) =     -3.74626  eV     1   --> A              
     e( 23 - 23) =     -3.57303  eV     1   --> A              
     e( 24 - 24) =     -3.31628  eV     1   --> A              
     e( 25 - 25) =     -2.64991  eV     1   --> A              
     e( 26 - 26) =      0.21320  eV     1   --> A              
     e( 27 - 27) =      0.36352  eV     1   --> A              
     e( 28 - 28) =      2.32161  eV     1   --> A              
     e( 29 - 29) =      2.45932  eV     1   --> A              
     e( 30 - 30) =      3.35282  eV     1   --> A              
     e( 31 - 31) =      3.73631  eV     1   --> A              
     e( 32 - 32) =      4.84322  eV     1   --> A              
     e( 33 - 33) =      5.62321  eV     1   --> A              
     e( 34 - 34) =      5.76222  eV     1   --> A              
     e( 35 - 35) =      5.82033  eV     1   --> A              

 **************************************************************************

 **************************************************************************

                    xk=(   0.19500,   0.11258,   0.00000  )

     Band symmetry, C_1 (1)     point group:

     e(  1 -  1) =    -77.99517  eV     1   --> A              
     e(  2 -  2) =    -49.30453  eV     1   --> A              
     e(  3 -  3) =    -49.24129  eV     1   --> A              
     e(  4 -  4) =    -49.18741  eV     1   --> A              
     e(  5 -  5) =    -24.83290  eV     1   --> A              
     e(  6 -  6) =    -24.76856  eV     1   --> A              
     e(  7 -  7) =    -22.04349  eV     1   --> A              
     e(  8 -  8) =    -20.92669  eV     1   --> A              
     e(  9 -  9) =    -14.30013  eV     1   --> A              
     e( 10 - 10) =    -12.13736  eV     1   --> A              
     e( 11 - 11) =    -11.60352  eV     1   --> A              
     e( 12 - 12) =    -11.57538  eV     1   --> A              
     e( 13 - 13) =    -10.14846  eV     1   --> A              
     e( 14 - 14) =     -9.69089  eV     1   --> A              
     e( 15 - 15) =     -9.67297  eV     1   --> A              
     e( 16 - 16) =     -9.65409  eV     1   --> A              
     e( 17 - 17) =     -8.82789  eV     1   --> A              
     e( 18 - 18) =     -8.57740  eV     1   --> A              
     e( 19 - 19) =     -8.36648  eV     1   --> A              
     e( 20 - 20) =     -7.99377  eV     1   --> A              
     e( 21 - 21) =     -6.38907  eV     1   --> A              
     e( 22 - 22) =     -3.73471  eV     1   --> A              
     e( 23 - 23) =     -3.55545  eV     1   --> A              
     e( 24 - 24) =     -3.32728  eV     1   --> A              
     e( 25 - 25) =     -2.67014  eV     1   --> A              
     e( 26 - 26) =      0.25057  eV     1   --> A              
     e( 27 - 27) =      0.40140  eV     1   --> A              
     e( 28 - 28) =      2.31845  eV     1   --> A              
     e( 29 - 29) =      2.44464  eV     1   --> A              
     e( 30 - 30) =      3.35310  eV     1   --> A              
     e( 31 - 31) =      3.73376  eV     1   --> A              
     e( 32 - 32) =      4.78713  eV     1   --> A              
     e( 33 - 33) =      5.56883  eV     1   --> A              
     e( 34 - 34) =      5.71679  eV     1   --> A              
     e( 35 - 35) =      5.76992  eV     1   --> A              

 **************************************************************************

 **************************************************************************

                    xk=(   0.19000,   0.10970,   0.00000  )

     Band symmetry, C_1 (1)     point group:

     e(  1 -  1) =    -77.99615  eV     1   --> A              
     e(  2 -  2) =    -49.29789  eV     1   --> A              
     e(  3 -  3) =    -49.24258  eV     1   --> A              
     e(  4 -  4) =    -49.18592  eV     1   --> A              
     e(  5 -  5) =    -24.86896  eV     1   --> A              
     e(  6 -  6) =    -24.80412  eV     1   --> A              
     e(  7 -  7) =    -22.07093  eV     1   --> A              
     e(  8 -  8) =    -20.94226  eV     1   --> A              
     e(  9 -  9) =    -14.32405  eV     1   --> A              
     e( 10 - 10) =    -12.13626  eV     1   --> A              
     e( 11 - 11) =    -11.52013  eV     1   --> A              
     e( 12 - 12) =    -11.48216  eV     1   --> A              
     e( 13 - 13) =    -10.10476  eV     1   --> A              
     e( 14 - 14) =     -9.68869  eV     1   --> A              
     e( 15 - 15) =     -9.66649  eV     1   --> A              
     e( 16 - 16) =     -9.62965  eV     1   --> A              
     e( 17 - 17) =     -8.79878  eV     1   --> A              
     e( 18 - 18) =     -8.59777  eV     1   --> A              
     e( 19 - 19) =     -8.34207  eV     1   --> A              
     e( 20 - 20) =     -7.97482  eV     1   --> A              
     e( 21 - 21) =     -6.36339  eV     1   --> A              
     e( 22 - 22) =     -3.72263  eV     1   --> A              
     e( 23 - 23) =     -3.53795  eV     1   --> A              
     e( 24 - 24) =     -3.33746  eV     1   --> A              
     e( 25 - 25) =     -2.69047  eV     1   --> A              
     e( 26 - 26) =      0.28403  eV     1   --> A              
     e( 27 - 27) =      0.43631  eV     1   --> A              
     e( 28 - 28) =      2.31791  eV     1   --> A              
     e( 29 - 29) =      2.43262  eV     1   --> A              
     e( 30 - 30) =      3.35286  eV     1   --> A              
     e( 31 - 31) =      3.72953  eV     1   --> A              
     e( 32 - 32) =      4.72866  eV     1   --> A              
     e( 33 - 33) =      5.51421  eV     1   --> A              
     e( 34 - 34) =      5.66992  eV     1   --> A              
     e( 35 - 35) =      5.71848  eV     1   --> A              

 **************************************************************************

 **************************************************************************

                    xk=(   0.18500,   0.10681,   0.00000  )

     Band symmetry, C_1 (1)     point group:

     e(  1 -  1) =    -77.99712  eV     1   --> A              
     e(  2 -  2) =    -49.29132  eV     1   --> A              
     e(  3 -  3) =    -49.24385  eV     1   --> A              
     e(  4 -  4) =    -49.18444  eV     1   --> A              
     e(  5 -  5) =    -24.90421  eV     1   --> A              
     e(  6 -  6) =    -24.83887  eV     1   --> A              
     e(  7 -  7) =    -22.09792  eV     1   --> A              
     e(  8 -  8) =    -20.95760  eV     1   --> A              
     e(  9 -  9) =    -14.34809  eV     1   --> A              
     e( 10 - 10) =    -12.13865  eV     1   --> A              
     e( 11 - 11) =    -11.43439  eV     1   --> A              
     e( 12 - 12) =    -11.38901  eV     1   --> A              
     e( 13 - 13) =    -10.06154  eV     1   --> A              
     e( 14 - 14) =     -9.70371  eV     1   --> A              
     e( 15 - 15) =     -9.64229  eV     1   --> A              
     e( 16 - 16) =     -9.60531  eV     1   --> A              
     e( 17 - 17) =     -8.77041  eV     1   --> A              
     e( 18 - 18) =     -8.61826  eV     1   --> A              
     e( 19 - 19) =     -8.31725  eV     1   --> A              
     e( 20 - 20) =     -7.95585  eV     1   --> A              
     e( 21 - 21) =     -6.33788  eV     1   --> A              
     e( 22 - 22) =     -3.71000  eV     1   --> A              
     e( 23 - 23) =     -3.52057  eV     1   --> A              
     e( 24 - 24) =     -3.34676  eV     1   --> A              
     e( 25 - 25) =     -2.71088  eV     1   --> A              
     e( 26 - 26) =      0.31330  eV     1   --> A              
     e( 27 - 27) =      0.46808  eV     1   --> A              
     e( 28 - 28) =      2.32006  eV     1   --> A              
     e( 29 - 29) =      2.42346  eV     1   --> A              
     e( 30 - 30) =      3.35212  eV     1   --> A              
     e( 31 - 31) =      3.72371  eV     1   --> A              
     e( 32 - 32) =      4.66827  eV     1   --> A              
     e( 33 - 33) =      5.45983  eV     1   --> A              
     e( 34 - 34) =      5.62179  eV     1   --> A              
     e( 35 - 35) =      5.66620  eV     1   --> A              

 **************************************************************************

 **************************************************************************

                    xk=(   0.18000,   0.10392,   0.00000  )

     Band symmetry, C_1 (1)     point group:

     e(  1 -  1) =    -77.99808  eV     1   --> A              
     e(  2 -  2) =    -49.28483  eV     1   --> A              
     e(  3 -  3) =    -49.24510  eV     1   --> A              
     e(  4 -  4) =    -49.18299  eV     1   --> A              
     e(  5 -  5) =    -24.93864  eV     1   --> A              
     e(  6 -  6) =    -24.87281  eV     1   --> A              
     e(  7 -  7) =    -22.12444  eV     1   --> A              
     e(  8 -  8) =    -20.97270  eV     1   --> A              
     e(  9 -  9) =    -14.37215  eV     1   --> A              
     e( 10 - 10) =    -12.14333  eV     1   --> A              
     e( 11 - 11) =    -11.34757  eV     1   --> A              
     e( 12 - 12) =    -11.29609  eV     1   --> A              
     e( 13 - 13) =    -10.01893  eV     1   --> A              
     e( 14 - 14) =     -9.71782  eV     1   --> A              
     e( 15 - 15) =     -9.61833  eV     1   --> A              
     e( 16 - 16) =     -9.58111  eV     1   --> A              
     e( 17 - 17) =     -8.74279  eV     1   --> A              
     e( 18 - 18) =     -8.63863  eV     1   --> A              
     e( 19 - 19) =     -8.29225  eV     1   --> A              
     e( 20 - 20) =     -7.93696  eV     1   --> A              
     e( 21 - 21) =     -6.31263  eV     1   --> A              
     e( 22 - 22) =     -3.69679  eV     1   --> A              
     e( 23 - 23) =     -3.50331  eV     1   --> A              
     e( 24 - 24) =     -3.35514  eV     1   --> A              
     e( 25 - 25) =     -2.73135  eV     1   --> A              
     e( 26 - 26) =      0.33817  eV     1   --> A              
     e( 27 - 27) =      0.49654  eV     1   --> A              
     e( 28 - 28) =      2.32487  eV     1   --> A              
     e( 29 - 29) =      2.41734  eV     1   --> A              
     e( 30 - 30) =      3.35096  eV     1   --> A              
     e( 31 - 31) =      3.71642  eV     1   --> A              
     e( 32 - 32) =      4.60640  eV     1   --> A              
     e( 33 - 33) =      5.40604  eV     1   --> A              
     e( 34 - 34) =      5.57260  eV     1   --> A              
     e( 35 - 35) =      5.61325  eV     1   --> A              

 **************************************************************************

 **************************************************************************

                    xk=(   0.17500,   0.10104,   0.00000  )

     Band symmetry, C_1 (1)     point group:

     e(  1 -  1) =    -77.99903  eV     1   --> A              
     e(  2 -  2) =    -49.27844  eV     1   --> A              
     e(  3 -  3) =    -49.24634  eV     1   --> A              
     e(  4 -  4) =    -49.18156  eV     1   --> A              
     e(  5 -  5) =    -24.97223  eV     1   --> A              
     e(  6 -  6) =    -24.90593  eV     1   --> A              
     e(  7 -  7) =    -22.15048  eV     1   --> A              
     e(  8 -  8) =    -20.98755  eV     1   --> A              
     e(  9 -  9) =    -14.39616  eV     1   --> A              
     e( 10 - 10) =    -12.14952  eV     1   --> A              
     e( 11 - 11) =    -11.26060  eV     1   --> A              
     e( 12 - 12) =    -11.20354  eV     1   --> A              
     e( 13 - 13) =     -9.97717  eV     1   --> A              
     e( 14 - 14) =     -9.73071  eV     1   --> A              
     e( 15 - 15) =     -9.59465  eV     1   --> A              
     e( 16 - 16) =     -9.55708  eV     1   --> A              
     e( 17 - 17) =     -8.71592  eV     1   --> A              
     e( 18 - 18) =     -8.65878  eV     1   --> A              
     e( 19 - 19) =     -8.26720  eV     1   --> A              
     e( 20 - 20) =     -7.91825  eV     1   --> A              
     e( 21 - 21) =     -6.28772  eV     1   --> A              
     e( 22 - 22) =     -3.68302  eV     1   --> A              
     e( 23 - 23) =     -3.48620  eV     1   --> A              
     e( 24 - 24) =     -3.36256  eV     1   --> A              
     e( 25 - 25) =     -2.75184  eV     1   --> A              
     e( 26 - 26) =      0.35851  eV     1   --> A              
     e( 27 - 27) =      0.52157  eV     1   --> A              
     e( 28 - 28) =      2.33224  eV     1   --> A              
     e( 29 - 29) =      2.41442  eV     1   --> A              
     e( 30 - 30) =      3.34950  eV     1   --> A              
     e( 31 - 31) =      3.70781  eV     1   --> A              
     e( 32 - 32) =      4.54348  eV     1   --> A              
     e( 33 - 33) =      5.35312  eV     1   --> A              
     e( 34 - 34) =      5.52255  eV     1   --> A              
     e( 35 - 35) =      5.55979  eV     1   --> A              

 **************************************************************************

 **************************************************************************

                    xk=(   0.17000,   0.09815,   0.00000  )

     Band symmetry, C_1 (1)     point group:

     e(  1 -  1) =    -77.99996  eV     1   --> A              
     e(  2 -  2) =    -49.27214  eV     1   --> A              
     e(  3 -  3) =    -49.24755  eV     1   --> A              
     e(  4 -  4) =    -49.18015  eV     1   --> A              
     e(  5 -  5) =    -25.00498  eV     1   --> A              
     e(  6 -  6) =    -24.93821  eV     1   --> A              
     e(  7 -  7) =    -22.17602  eV     1   --> A              
     e(  8 -  8) =    -21.00213  eV     1   --> A              
     e(  9 -  9) =    -14.42004  eV     1   --> A              
     e( 10 - 10) =    -12.15674  eV     1   --> A              
     e( 11 - 11) =    -11.17412  eV     1   --> A              
     e( 12 - 12) =    -11.11146  eV     1   --> A              
     e( 13 - 13) =     -9.93667  eV     1   --> A              
     e( 14 - 14) =     -9.74186  eV     1   --> A              
     e( 15 - 15) =     -9.57127  eV     1   --> A              
     e( 16 - 16) =     -9.53324  eV     1   --> A              
     e( 17 - 17) =     -8.68979  eV     1   --> A              
     e( 18 - 18) =     -8.67860  eV     1   --> A              
     e( 19 - 19) =     -8.24217  eV     1   --> A              
     e( 20 - 20) =     -7.89982  eV     1   --> A              
     e( 21 - 21) =     -6.26322  eV     1   --> A              
     e( 22 - 22) =     -3.66866  eV     1   --> A              
     e( 23 - 23) =     -3.46926  eV     1   --> A              
     e( 24 - 24) =     -3.36899  eV     1   --> A              
     e( 25 - 25) =     -2.77233  eV     1   --> A              
     e( 26 - 26) =      0.37425  eV     1   --> A              
     e( 27 - 27) =      0.54305  eV     1   --> A              
     e( 28 - 28) =      2.34192  eV     1   --> A              
     e( 29 - 29) =      2.41478  eV     1   --> A              
     e( 30 - 30) =      3.34785  eV     1   --> A              
     e( 31 - 31) =      3.69806  eV     1   --> A              
     e( 32 - 32) =      4.47992  eV     1   --> A              
     e( 33 - 33) =      5.30130  eV     1   --> A              
     e( 34 - 34) =      5.47182  eV     1   --> A              
     e( 35 - 35) =      5.50601  eV     1   --> A              

 **************************************************************************

 **************************************************************************

                    xk=(   0.16500,   0.09526,   0.00000  )

     Band symmetry, C_1 (1)     point group:

     e(  1 -  1) =    -78.00087  eV     1   --> A              
     e(  2 -  2) =    -49.26595  eV     1   --> A              
     e(  3 -  3) =    -49.24875  eV     1   --> A              
     e(  4 -  4) =    -49.17876  eV     1   --> A              
     e(  5 -  5) =    -25.03687  eV     1   --> A              
     e(  6 -  6) =    -24.96966  eV     1   --> A              
     e(  7 -  7) =    -22.20102  eV     1   --> A              
     e(  8 -  8) =    -21.01643  eV     1   --> A              
     e(  9 -  9) =    -14.44374  eV     1   --> A              
     e( 10 - 10) =    -12.16467  eV     1   --> A              
     e( 11 - 11) =    -11.08867  eV     1   --> A              
     e( 12 - 12) =    -11.01995  eV     1   --> A              
     e( 13 - 13) =     -9.89832  eV     1   --> A              
     e( 14 - 14) =     -9.75027  eV     1   --> A              
     e( 15 - 15) =     -9.54824  eV     1   --> A              
     e( 16 - 16) =     -9.50961  eV     1   --> A              
     e( 17 - 17) =     -8.69804  eV     1   --> A              
     e( 18 - 18) =     -8.66439  eV     1   --> A              
     e( 19 - 19) =     -8.21726  eV     1   --> A              
     e( 20 - 20) =     -7.88178  eV     1   --> A              
     e( 21 - 21) =     -6.23921  eV     1   --> A              
     e( 22 - 22) =     -3.65370  eV     1   --> A              
     e( 23 - 23) =     -3.45252  eV     1   --> A              
     e( 24 - 24) =     -3.37440  eV     1   --> A              
     e( 25 - 25) =     -2.79278  eV     1   --> A              
     e( 26 - 26) =      0.38544  eV     1   --> A              
     e( 27 - 27) =      0.56091  eV     1   --> A              
     e( 28 - 28) =      2.35360  eV     1   --> A              
     e( 29 - 29) =      2.41849  eV     1   --> A              
     e( 30 - 30) =      3.34618  eV     1   --> A              
     e( 31 - 31) =      3.68739  eV     1   --> A              
     e( 32 - 32) =      4.41614  eV     1   --> A              
     e( 33 - 33) =      5.25073  eV     1   --> A              
     e( 34 - 34) =      5.42060  eV     1   --> A              
     e( 35 - 35) =      5.45207  eV     1   --> A              

 **************************************************************************

 **************************************************************************

                    xk=(   0.16000,   0.09238,   0.00000  )

     Band symmetry, C_1 (1)     point group:

     e(  1 -  1) =    -78.00177  eV     1   --> A              
     e(  2 -  2) =    -49.25988  eV     1   --> A              
     e(  3 -  3) =    -49.24991  eV     1   --> A              
     e(  4 -  4) =    -49.17740  eV     1   --> A              
     e(  5 -  5) =    -25.06790  eV     1   --> A              
     e(  6 -  6) =    -25.00025  eV     1   --> A              
     e(  7 -  7) =    -22.22548  eV     1   --> A              
     e(  8 -  8) =    -21.03043  eV     1   --> A              
     e(  9 -  9) =    -14.46718  eV     1   --> A              
     e( 10 - 10) =    -12.17306  eV     1   --> A              
     e( 11 - 11) =    -11.00475  eV     1   --> A              
     e( 12 - 12) =    -10.92911  eV     1   --> A              
     e( 13 - 13) =     -9.86416  eV     1   --> A              
     e( 14 - 14) =     -9.75376  eV     1   --> A              
     e( 15 - 15) =     -9.52560  eV     1   --> A              
     e( 16 - 16) =     -9.48624  eV     1   --> A              
     e( 17 - 17) =     -8.71705  eV     1   --> A              
     e( 18 - 18) =     -8.63974  eV     1   --> A              
     e( 19 - 19) =     -8.19250  eV     1   --> A              
     e( 20 - 20) =     -7.86422  eV     1   --> A              
     e( 21 - 21) =     -6.21577  eV     1   --> A              
     e( 22 - 22) =     -3.63817  eV     1   --> A              
     e( 23 - 23) =     -3.43600  eV     1   --> A              
     e( 24 - 24) =     -3.37876  eV     1   --> A              
     e( 25 - 25) =     -2.81318  eV     1   --> A              
     e( 26 - 26) =      0.39216  eV     1   --> A              
     e( 27 - 27) =      0.57508  eV     1   --> A              
     e( 28 - 28) =      2.36684  eV     1   --> A              
     e( 29 - 29) =      2.42549  eV     1   --> A              
     e( 30 - 30) =      3.34466  eV     1   --> A              
     e( 31 - 31) =      3.67605  eV     1   --> A              
     e( 32 - 32) =      4.35252  eV     1   --> A              
     e( 33 - 33) =      5.20153  eV     1   --> A              
     e( 34 - 34) =      5.36907  eV     1   --> A              
     e( 35 - 35) =      5.39814  eV     1   --> A              

 **************************************************************************

 **************************************************************************

                    xk=(   0.15500,   0.08949,   0.00000  )

     Band symmetry, C_1 (1)     point group:

     e(  1 -  1) =    -78.00265  eV     1   --> A              
     e(  2 -  2) =    -49.25394  eV     1   --> A              
     e(  3 -  3) =    -49.25103  eV     1   --> A              
     e(  4 -  4) =    -49.17607  eV     1   --> A              
     e(  5 -  5) =    -25.09806  eV     1   --> A              
     e(  6 -  6) =    -25.02997  eV     1   --> A              
     e(  7 -  7) =    -22.24936  eV     1   --> A              
     e(  8 -  8) =    -21.04411  eV     1   --> A              
     e(  9 -  9) =    -14.49033  eV     1   --> A              
     e( 10 - 10) =    -12.18176  eV     1   --> A              
     e( 11 - 11) =    -10.92280  eV     1   --> A              
     e( 12 - 12) =    -10.83902  eV     1   --> A              
     e( 13 - 13) =     -9.83851  eV     1   --> A              
     e( 14 - 14) =     -9.74781  eV     1   --> A              
     e( 15 - 15) =     -9.50338  eV     1   --> A              
     e( 16 - 16) =     -9.46315  eV     1   --> A              
     e( 17 - 17) =     -8.73558  eV     1   --> A              
     e( 18 - 18) =     -8.61580  eV     1   --> A              
     e( 19 - 19) =     -8.16795  eV     1   --> A              
     e( 20 - 20) =     -7.84725  eV     1   --> A              
     e( 21 - 21) =     -6.19294  eV     1   --> A              
     e( 22 - 22) =     -3.62206  eV     1   --> A              
     e( 23 - 23) =     -3.41972  eV     1   --> A              
     e( 24 - 24) =     -3.38206  eV     1   --> A              
     e( 25 - 25) =     -2.83349  eV     1   --> A              
     e( 26 - 26) =      0.39460  eV     1   --> A              
     e( 27 - 27) =      0.58559  eV     1   --> A              
     e( 28 - 28) =      2.38120  eV     1   --> A              
     e( 29 - 29) =      2.43561  eV     1   --> A              
     e( 30 - 30) =      3.34345  eV     1   --> A              
     e( 31 - 31) =      3.66432  eV     1   --> A              
     e( 32 - 32) =      4.28950  eV     1   --> A              
     e( 33 - 33) =      5.15378  eV     1   --> A              
     e( 34 - 34) =      5.31742  eV     1   --> A              
     e( 35 - 35) =      5.34437  eV     1   --> A              

 **************************************************************************

 **************************************************************************

                    xk=(   0.15000,   0.08660,   0.00000  )

     Band symmetry, C_1 (1)     point group:

     e(  1 -  1) =    -78.00351  eV     1   --> A              
     e(  2 -  2) =    -49.25223  eV     1   --> A              
     e(  3 -  3) =    -49.24801  eV     1   --> A              
     e(  4 -  4) =    -49.17476  eV     1   --> A              
     e(  5 -  5) =    -25.12734  eV     1   --> A              
     e(  6 -  6) =    -25.05883  eV     1   --> A              
     e(  7 -  7) =    -22.27267  eV     1   --> A              
     e(  8 -  8) =    -21.05748  eV     1   --> A              
     e(  9 -  9) =    -14.51313  eV     1   --> A              
     e( 10 - 10) =    -12.19065  eV     1   --> A              
     e( 11 - 11) =    -10.84327  eV     1   --> A              
     e( 12 - 12) =    -10.74980  eV     1   --> A              
     e( 13 - 13) =     -9.82528  eV     1   --> A              
     e( 14 - 14) =     -9.72827  eV     1   --> A              
     e( 15 - 15) =     -9.48161  eV     1   --> A              
     e( 16 - 16) =     -9.44037  eV     1   --> A              
     e( 17 - 17) =     -8.75360  eV     1   --> A              
     e( 18 - 18) =     -8.59257  eV     1   --> A              
     e( 19 - 19) =     -8.14365  eV     1   --> A              
     e( 20 - 20) =     -7.83095  eV     1   --> A              
     e( 21 - 21) =     -6.17080  eV     1   --> A              
     e( 22 - 22) =     -3.60538  eV     1   --> A              
     e( 23 - 23) =     -3.40370  eV     1   --> A              
     e( 24 - 24) =     -3.38429  eV     1   --> A              
     e( 25 - 25) =     -2.85368  eV     1   --> A              
     e( 26 - 26) =      0.39297  eV     1   --> A              
     e( 27 - 27) =      0.59247  eV     1   --> A              
     e( 28 - 28) =      2.39631  eV     1   --> A              
     e( 29 - 29) =      2.44848  eV     1   --> A              
     e( 30 - 30) =      3.34272  eV     1   --> A              
     e( 31 - 31) =      3.65255  eV     1   --> A              
     e( 32 - 32) =      4.22752  eV     1   --> A              
     e( 33 - 33) =      5.10754  eV     1   --> A              
     e( 34 - 34) =      5.26581  eV     1   --> A              
     e( 35 - 35) =      5.29093  eV     1   --> A              

 **************************************************************************

 **************************************************************************

                    xk=(   0.14500,   0.08372,   0.00000  )

     Band symmetry, C_1 (1)     point group:

     e(  1 -  1) =    -78.00435  eV     1   --> A              
     e(  2 -  2) =    -49.25331  eV     1   --> A              
     e(  3 -  3) =    -49.24232  eV     1   --> A              
     e(  4 -  4) =    -49.17348  eV     1   --> A              
     e(  5 -  5) =    -25.15573  eV     1   --> A              
     e(  6 -  6) =    -25.08682  eV     1   --> A              
     e(  7 -  7) =    -22.29537  eV     1   --> A              
     e(  8 -  8) =    -21.07052  eV     1   --> A              
     e(  9 -  9) =    -14.53552  eV     1   --> A              
     e( 10 - 10) =    -12.19964  eV     1   --> A              
     e( 11 - 11) =    -10.76668  eV     1   --> A              
     e( 12 - 12) =    -10.66153  eV     1   --> A              
     e( 13 - 13) =     -9.82090  eV     1   --> A              
     e( 14 - 14) =     -9.69840  eV     1   --> A              
     e( 15 - 15) =     -9.46035  eV     1   --> A              
     e( 16 - 16) =     -9.41793  eV     1   --> A              
     e( 17 - 17) =     -8.77106  eV     1   --> A              
     e( 18 - 18) =     -8.57006  eV     1   --> A              
     e( 19 - 19) =     -8.11965  eV     1   --> A              
     e( 20 - 20) =     -7.81541  eV     1   --> A              
     e( 21 - 21) =     -6.14940  eV     1   --> A              
     e( 22 - 22) =     -3.58816  eV     1   --> A              
     e( 23 - 23) =     -3.38798  eV     1   --> A              
     e( 24 - 24) =     -3.38543  eV     1   --> A              
     e( 25 - 25) =     -2.87370  eV     1   --> A              
     e( 26 - 26) =      0.38757  eV     1   --> A              
     e( 27 - 27) =      0.59585  eV     1   --> A              
     e( 28 - 28) =      2.41185  eV     1   --> A              
     e( 29 - 29) =      2.46347  eV     1   --> A              
     e( 30 - 30) =      3.34259  eV     1   --> A              
     e( 31 - 31) =      3.64109  eV     1   --> A              
     e( 32 - 32) =      4.16703  eV     1   --> A              
     e( 33 - 33) =      5.06282  eV     1   --> A              
     e( 34 - 34) =      5.21442  eV     1   --> A              
     e( 35 - 35) =      5.23796  eV     1   --> A              

 **************************************************************************

 **************************************************************************

                    xk=(   0.14000,   0.08083,   0.00000  )

     Band symmetry, C_1 (1)     point group:

     e(  1 -  1) =    -78.00517  eV     1   --> A              
     e(  2 -  2) =    -49.25438  eV     1   --> A              
     e(  3 -  3) =    -49.23674  eV     1   --> A              
     e(  4 -  4) =    -49.17224  eV     1   --> A              
     e(  5 -  5) =    -25.18322  eV     1   --> A              
     e(  6 -  6) =    -25.11391  eV     1   --> A              
     e(  7 -  7) =    -22.31746  eV     1   --> A              
     e(  8 -  8) =    -21.08321  eV     1   --> A              
     e(  9 -  9) =    -14.55748  eV     1   --> A              
     e( 10 - 10) =    -12.20864  eV     1   --> A              
     e( 11 - 11) =    -10.69357  eV     1   --> A              
     e( 12 - 12) =    -10.57433  eV     1   --> A              
     e( 13 - 13) =     -9.81930  eV     1   --> A              
     e( 14 - 14) =     -9.66389  eV     1   --> A              
     e( 15 - 15) =     -9.43964  eV     1   --> A              
     e( 16 - 16) =     -9.39587  eV     1   --> A              
     e( 17 - 17) =     -8.78793  eV     1   --> A              
     e( 18 - 18) =     -8.54825  eV     1   --> A              
     e( 19 - 19) =     -8.09597  eV     1   --> A              
     e( 20 - 20) =     -7.80070  eV     1   --> A              
     e( 21 - 21) =     -6.12879  eV     1   --> A              
     e( 22 - 22) =     -3.57042  eV     1   --> A              
     e( 23 - 23) =     -3.38554  eV     1   --> A              
     e( 24 - 24) =     -3.37251  eV     1   --> A              
     e( 25 - 25) =     -2.89353  eV     1   --> A              
     e( 26 - 26) =      0.37868  eV     1   --> A              
     e( 27 - 27) =      0.59586  eV     1   --> A              
     e( 28 - 28) =      2.42760  eV     1   --> A              
     e( 29 - 29) =      2.47983  eV     1   --> A              
     e( 30 - 30) =      3.34307  eV     1   --> A              
     e( 31 - 31) =      3.63037  eV     1   --> A              
     e( 32 - 32) =      4.10858  eV     1   --> A              
     e( 33 - 33) =      5.01962  eV     1   --> A              
     e( 34 - 34) =      5.16340  eV     1   --> A              
     e( 35 - 35) =      5.18561  eV     1   --> A              

 **************************************************************************

 **************************************************************************

                    xk=(   0.13500,   0.07794,   0.00000  )

     Band symmetry, C_1 (1)     point group:

     e(  1 -  1) =    -78.00597  eV     1   --> A              
     e(  2 -  2) =    -49.25542  eV     1   --> A              
     e(  3 -  3) =    -49.23130  eV     1   --> A              
     e(  4 -  4) =    -49.17102  eV     1   --> A              
     e(  5 -  5) =    -25.20981  eV     1   --> A              
     e(  6 -  6) =    -25.14012  eV     1   --> A              
     e(  7 -  7) =    -22.33891  eV     1   --> A              
     e(  8 -  8) =    -21.09554  eV     1   --> A              
     e(  9 -  9) =    -14.57896  eV     1   --> A              
     e( 10 - 10) =    -12.21761  eV     1   --> A              
     e( 11 - 11) =    -10.62459  eV     1   --> A              
     e( 12 - 12) =    -10.48830  eV     1   --> A              
     e( 13 - 13) =     -9.81705  eV     1   --> A              
     e( 14 - 14) =     -9.62769  eV     1   --> A              
     e( 15 - 15) =     -9.41951  eV     1   --> A              
     e( 16 - 16) =     -9.37421  eV     1   --> A              
     e( 17 - 17) =     -8.80418  eV     1   --> A              
     e( 18 - 18) =     -8.52714  eV     1   --> A              
     e( 19 - 19) =     -8.07267  eV     1   --> A              
     e( 20 - 20) =     -7.78689  eV     1   --> A              
     e( 21 - 21) =     -6.10901  eV     1   --> A              
     e( 22 - 22) =     -3.55218  eV     1   --> A              
     e( 23 - 23) =     -3.38457  eV     1   --> A              
     e( 24 - 24) =     -3.35741  eV     1   --> A              
     e( 25 - 25) =     -2.91314  eV     1   --> A              
     e( 26 - 26) =      0.36663  eV     1   --> A              
     e( 27 - 27) =      0.59271  eV     1   --> A              
     e( 28 - 28) =      2.44333  eV     1   --> A              
     e( 29 - 29) =      2.49674  eV     1   --> A              
     e( 30 - 30) =      3.34405  eV     1   --> A              
     e( 31 - 31) =      3.62084  eV     1   --> A              
     e( 32 - 32) =      4.05282  eV     1   --> A              
     e( 33 - 33) =      4.97795  eV     1   --> A              
     e( 34 - 34) =      5.11291  eV     1   --> A              
     e( 35 - 35) =      5.13401  eV     1   --> A              

 **************************************************************************

 **************************************************************************

                    xk=(   0.13000,   0.07506,   0.00000  )

     Band symmetry, C_1 (1)     point group:

     e(  1 -  1) =    -78.00675  eV     1   --> A              
     e(  2 -  2) =    -49.25644  eV     1   --> A              
     e(  3 -  3) =    -49.22600  eV     1   --> A              
     e(  4 -  4) =    -49.16984  eV     1   --> A              
     e(  5 -  5) =    -25.23549  eV     1   --> A              
     e(  6 -  6) =    -25.16543  eV     1   --> A              
     e(  7 -  7) =    -22.35970  eV     1   --> A              
     e(  8 -  8) =    -21.10751  eV     1   --> A              
     e(  9 -  9) =    -14.59993  eV     1   --> A              
     e( 10 - 10) =    -12.22649  eV     1   --> A              
     e( 11 - 11) =    -10.56043  eV     1   --> A              
     e( 12 - 12) =    -10.40356  eV     1   --> A              
     e( 13 - 13) =     -9.81240  eV     1   --> A              
     e( 14 - 14) =     -9.59103  eV     1   --> A              
     e( 15 - 15) =     -9.40003  eV     1   --> A              
     e( 16 - 16) =     -9.35299  eV     1   --> A              
     e( 17 - 17) =     -8.81978  eV     1   --> A              
     e( 18 - 18) =     -8.50674  eV     1   --> A              
     e( 19 - 19) =     -8.04978  eV     1   --> A              
     e( 20 - 20) =     -7.77404  eV     1   --> A              
     e( 21 - 21) =     -6.09009  eV     1   --> A              
     e( 22 - 22) =     -3.53351  eV     1   --> A              
     e( 23 - 23) =     -3.38256  eV     1   --> A              
     e( 24 - 24) =     -3.34265  eV     1   --> A              
     e( 25 - 25) =     -2.93249  eV     1   --> A              
     e( 26 - 26) =      0.35175  eV     1   --> A              
     e( 27 - 27) =      0.58662  eV     1   --> A              
     e( 28 - 28) =      2.45874  eV     1   --> A              
     e( 29 - 29) =      2.51341  eV     1   --> A              
     e( 30 - 30) =      3.34521  eV     1   --> A              
     e( 31 - 31) =      3.61302  eV     1   --> A              
     e( 32 - 32) =      4.00048  eV     1   --> A              
     e( 33 - 33) =      4.93775  eV     1   --> A              
     e( 34 - 34) =      5.06310  eV     1   --> A              
     e( 35 - 35) =      5.08329  eV     1   --> A              

 **************************************************************************

 **************************************************************************

                    xk=(   0.12500,   0.07217,   0.00000  )

     Band symmetry, C_1 (1)     point group:

     e(  1 -  1) =    -78.00750  eV     1   --> A              
     e(  2 -  2) =    -49.25743  eV     1   --> A              
     e(  3 -  3) =    -49.22085  eV     1   --> A              
     e(  4 -  4) =    -49.16869  eV     1   --> A              
     e(  5 -  5) =    -25.26025  eV     1   --> A              
     e(  6 -  6) =    -25.18983  eV     1   --> A              
     e(  7 -  7) =    -22.37984  eV     1   --> A              
     e(  8 -  8) =    -21.11910  eV     1   --> A              
     e(  9 -  9) =    -14.62035  eV     1   --> A              
     e( 10 - 10) =    -12.23524  eV     1   --> A              
     e( 11 - 11) =    -10.50185  eV     1   --> A              
     e( 12 - 12) =    -10.32019  eV     1   --> A              
     e( 13 - 13) =     -9.80419  eV     1   --> A              
     e( 14 - 14) =     -9.55446  eV     1   --> A              
     e( 15 - 15) =     -9.38122  eV     1   --> A              
     e( 16 - 16) =     -9.33224  eV     1   --> A              
     e( 17 - 17) =     -8.83468  eV     1   --> A              
     e( 18 - 18) =     -8.48706  eV     1   --> A              
     e( 19 - 19) =     -8.02733  eV     1   --> A              
     e( 20 - 20) =     -7.76221  eV     1   --> A              
     e( 21 - 21) =     -6.07208  eV     1   --> A              
     e( 22 - 22) =     -3.51445  eV     1   --> A              
     e( 23 - 23) =     -3.37954  eV     1   --> A              
     e( 24 - 24) =     -3.32827  eV     1   --> A              
     e( 25 - 25) =     -2.95154  eV     1   --> A              
     e( 26 - 26) =      0.33435  eV     1   --> A              
     e( 27 - 27) =      0.57786  eV     1   --> A              
     e( 28 - 28) =      2.47348  eV     1   --> A              
     e( 29 - 29) =      2.52917  eV     1   --> A              
     e( 30 - 30) =      3.34592  eV     1   --> A              
     e( 31 - 31) =      3.60748  eV     1   --> A              
     e( 32 - 32) =      3.95250  eV     1   --> A              
     e( 33 - 33) =      4.89899  eV     1   --> A              
     e( 34 - 34) =      5.01410  eV     1   --> A              
     e( 35 - 35) =      5.03356  eV     1   --> A              

 **************************************************************************

 **************************************************************************

                    xk=(   0.12000,   0.06928,   0.00000  )

     Band symmetry, C_1 (1)     point group:

     e(  1 -  1) =    -78.00823  eV     1   --> A              
     e(  2 -  2) =    -49.25838  eV     1   --> A              
     e(  3 -  3) =    -49.21586  eV     1   --> A              
     e(  4 -  4) =    -49.16758  eV     1   --> A              
     e(  5 -  5) =    -25.28409  eV     1   --> A              
     e(  6 -  6) =    -25.21332  eV     1   --> A              
     e(  7 -  7) =    -22.39929  eV     1   --> A              
     e(  8 -  8) =    -21.13031  eV     1   --> A              
     e(  9 -  9) =    -14.64019  eV     1   --> A              
     e( 10 - 10) =    -12.24383  eV     1   --> A              
     e( 11 - 11) =    -10.44957  eV     1   --> A              
     e( 12 - 12) =    -10.23834  eV     1   --> A              
     e( 13 - 13) =     -9.79155  eV     1   --> A              
     e( 14 - 14) =     -9.51825  eV     1   --> A              
     e( 15 - 15) =     -9.36314  eV     1   --> A              
     e( 16 - 16) =     -9.31200  eV     1   --> A              
     e( 17 - 17) =     -8.84885  eV     1   --> A              
     e( 18 - 18) =     -8.46811  eV     1   --> A              
     e( 19 - 19) =     -8.00537  eV     1   --> A              
     e( 20 - 20) =     -7.75141  eV     1   --> A              
     e( 21 - 21) =     -6.05500  eV     1   --> A              
     e( 22 - 22) =     -3.49506  eV     1   --> A              
     e( 23 - 23) =     -3.37553  eV     1   --> A              
     e( 24 - 24) =     -3.31428  eV     1   --> A              
     e( 25 - 25) =     -2.97026  eV     1   --> A              
     e( 26 - 26) =      0.31477  eV     1   --> A              
     e( 27 - 27) =      0.56669  eV     1   --> A              
     e( 28 - 28) =      2.48718  eV     1   --> A              
     e( 29 - 29) =      2.54347  eV     1   --> A              
     e( 30 - 30) =      3.34525  eV     1   --> A              
     e( 31 - 31) =      3.60483  eV     1   --> A              
     e( 32 - 32) =      3.90993  eV     1   --> A              
     e( 33 - 33) =      4.86164  eV     1   --> A              
     e( 34 - 34) =      4.96605  eV     1   --> A              
     e( 35 - 35) =      4.98495  eV     1   --> A              

 **************************************************************************

 **************************************************************************

                    xk=(   0.11500,   0.06640,   0.00000  )

     Band symmetry, C_1 (1)     point group:

     e(  1 -  1) =    -78.00894  eV     1   --> A              
     e(  2 -  2) =    -49.25930  eV     1   --> A              
     e(  3 -  3) =    -49.21104  eV     1   --> A              
     e(  4 -  4) =    -49.16650  eV     1   --> A              
     e(  5 -  5) =    -25.30700  eV     1   --> A              
     e(  6 -  6) =    -25.23589  eV     1   --> A              
     e(  7 -  7) =    -22.41806  eV     1   --> A              
     e(  8 -  8) =    -21.14113  eV     1   --> A              
     e(  9 -  9) =    -14.65941  eV     1   --> A              
     e( 10 - 10) =    -12.25223  eV     1   --> A              
     e( 11 - 11) =    -10.40420  eV     1   --> A              
     e( 12 - 12) =    -10.15812  eV     1   --> A              
     e( 13 - 13) =     -9.77389  eV     1   --> A              
     e( 14 - 14) =     -9.48256  eV     1   --> A              
     e( 15 - 15) =     -9.34585  eV     1   --> A              
     e( 16 - 16) =     -9.29230  eV     1   --> A              
     e( 17 - 17) =     -8.86225  eV     1   --> A              
     e( 18 - 18) =     -8.44989  eV     1   --> A              
     e( 19 - 19) =     -7.98394  eV     1   --> A              
     e( 20 - 20) =     -7.74170  eV     1   --> A              
     e( 21 - 21) =     -6.03885  eV     1   --> A              
     e( 22 - 22) =     -3.47541  eV     1   --> A              
     e( 23 - 23) =     -3.37058  eV     1   --> A              
     e( 24 - 24) =     -3.30069  eV     1   --> A              
     e( 25 - 25) =     -2.98860  eV     1   --> A              
     e( 26 - 26) =      0.29331  eV     1   --> A              
     e( 27 - 27) =      0.55340  eV     1   --> A              
     e( 28 - 28) =      2.49945  eV     1   --> A              
     e( 29 - 29) =      2.55590  eV     1   --> A              
     e( 30 - 30) =      3.34196  eV     1   --> A              
     e( 31 - 31) =      3.60568  eV     1   --> A              
     e( 32 - 32) =      3.87404  eV     1   --> A              
     e( 33 - 33) =      4.82564  eV     1   --> A              
     e( 34 - 34) =      4.91909  eV     1   --> A              
     e( 35 - 35) =      4.93755  eV     1   --> A              

 **************************************************************************

 **************************************************************************

                    xk=(   0.11000,   0.06351,   0.00000  )

     Band symmetry, C_1 (1)     point group:

     e(  1 -  1) =    -78.00962  eV     1   --> A              
     e(  2 -  2) =    -49.26020  eV     1   --> A              
     e(  3 -  3) =    -49.20637  eV     1   --> A              
     e(  4 -  4) =    -49.16546  eV     1   --> A              
     e(  5 -  5) =    -25.32897  eV     1   --> A              
     e(  6 -  6) =    -25.25754  eV     1   --> A              
     e(  7 -  7) =    -22.43611  eV     1   --> A              
     e(  8 -  8) =    -21.15155  eV     1   --> A              
     e(  9 -  9) =    -14.67800  eV     1   --> A              
     e( 10 - 10) =    -12.26041  eV     1   --> A              
     e( 11 - 11) =    -10.36605  eV     1   --> A              
     e( 12 - 12) =    -10.07963  eV     1   --> A              
     e( 13 - 13) =     -9.75092  eV     1   --> A              
     e( 14 - 14) =     -9.44748  eV     1   --> A              
     e( 15 - 15) =     -9.32938  eV     1   --> A              
     e( 16 - 16) =     -9.27315  eV     1   --> A              
     e( 17 - 17) =     -8.87484  eV     1   --> A              
     e( 18 - 18) =     -8.43244  eV     1   --> A              
     e( 19 - 19) =     -7.96306  eV     1   --> A              
     e( 20 - 20) =     -7.73305  eV     1   --> A              
     e( 21 - 21) =     -6.02366  eV     1   --> A              
     e( 22 - 22) =     -3.45561  eV     1   --> A              
     e( 23 - 23) =     -3.36470  eV     1   --> A              
     e( 24 - 24) =     -3.28754  eV     1   --> A              
     e( 25 - 25) =     -3.00653  eV     1   --> A              
     e( 26 - 26) =      0.27029  eV     1   --> A              
     e( 27 - 27) =      0.53828  eV     1   --> A              
     e( 28 - 28) =      2.50996  eV     1   --> A              
     e( 29 - 29) =      2.56621  eV     1   --> A              
     e( 30 - 30) =      3.33475  eV     1   --> A              
     e( 31 - 31) =      3.61047  eV     1   --> A              
     e( 32 - 32) =      3.84608  eV     1   --> A              
     e( 33 - 33) =      4.79094  eV     1   --> A              
     e( 34 - 34) =      4.87332  eV     1   --> A              
     e( 35 - 35) =      4.89148  eV     1   --> A              

 **************************************************************************

 **************************************************************************

                    xk=(   0.10500,   0.06062,   0.00000  )

     Band symmetry, C_1 (1)     point group:

     e(  1 -  1) =    -78.01028  eV     1   --> A              
     e(  2 -  2) =    -49.26106  eV     1   --> A              
     e(  3 -  3) =    -49.20188  eV     1   --> A              
     e(  4 -  4) =    -49.16446  eV     1   --> A              
     e(  5 -  5) =    -25.35000  eV     1   --> A              
     e(  6 -  6) =    -25.27827  eV     1   --> A              
     e(  7 -  7) =    -22.45345  eV     1   --> A              
     e(  8 -  8) =    -21.16155  eV     1   --> A              
     e(  9 -  9) =    -14.69593  eV     1   --> A              
     e( 10 - 10) =    -12.26835  eV     1   --> A              
     e( 11 - 11) =    -10.33508  eV     1   --> A              
     e( 12 - 12) =    -10.00302  eV     1   --> A              
     e( 13 - 13) =     -9.72277  eV     1   --> A              
     e( 14 - 14) =     -9.41307  eV     1   --> A              
     e( 15 - 15) =     -9.31379  eV     1   --> A              
     e( 16 - 16) =     -9.25461  eV     1   --> A              
     e( 17 - 17) =     -8.88659  eV     1   --> A              
     e( 18 - 18) =     -8.41578  eV     1   --> A              
     e( 19 - 19) =     -7.94278  eV     1   --> A              
     e( 20 - 20) =     -7.72550  eV     1   --> A              
     e( 21 - 21) =     -6.00942  eV     1   --> A              
     e( 22 - 22) =     -3.43575  eV     1   --> A              
     e( 23 - 23) =     -3.35794  eV     1   --> A              
     e( 24 - 24) =     -3.27484  eV     1   --> A              
     e( 25 - 25) =     -3.02400  eV     1   --> A              
     e( 26 - 26) =      0.24600  eV     1   --> A              
     e( 27 - 27) =      0.52161  eV     1   --> A              
     e( 28 - 28) =      2.51846  eV     1   --> A              
     e( 29 - 29) =      2.57423  eV     1   --> A              
     e( 30 - 30) =      3.32258  eV     1   --> A              
     e( 31 - 31) =      3.61934  eV     1   --> A              
     e( 32 - 32) =      3.82717  eV     1   --> A              
     e( 33 - 33) =      4.75750  eV     1   --> A              
     e( 34 - 34) =      4.82886  eV     1   --> A              
     e( 35 - 35) =      4.84683  eV     1   --> A              

 **************************************************************************

 **************************************************************************

                    xk=(   0.10000,   0.05774,   0.00000  )

     Band symmetry, C_1 (1)     point group:

     e(  1 -  1) =    -78.01091  eV     1   --> A              
     e(  2 -  2) =    -49.26188  eV     1   --> A              
     e(  3 -  3) =    -49.19757  eV     1   --> A              
     e(  4 -  4) =    -49.16350  eV     1   --> A              
     e(  5 -  5) =    -25.37009  eV     1   --> A              
     e(  6 -  6) =    -25.29806  eV     1   --> A              
     e(  7 -  7) =    -22.47006  eV     1   --> A              
     e(  8 -  8) =    -21.17114  eV     1   --> A              
     e(  9 -  9) =    -14.71316  eV     1   --> A              
     e( 10 - 10) =    -12.27603  eV     1   --> A              
     e( 11 - 11) =    -10.31082  eV     1   --> A              
     e( 12 - 12) =     -9.92841  eV     1   --> A              
     e( 13 - 13) =     -9.69000  eV     1   --> A              
     e( 14 - 14) =     -9.37938  eV     1   --> A              
     e( 15 - 15) =     -9.29914  eV     1   --> A              
     e( 16 - 16) =     -9.23670  eV     1   --> A              
     e( 17 - 17) =     -8.89745  eV     1   --> A              
     e( 18 - 18) =     -8.39992  eV     1   --> A              
     e( 19 - 19) =     -7.92313  eV     1   --> A              
     e( 20 - 20) =     -7.71900  eV     1   --> A              
     e( 21 - 21) =     -5.99614  eV     1   --> A              
     e( 22 - 22) =     -3.41599  eV     1   --> A              
     e( 23 - 23) =     -3.35027  eV     1   --> A              
     e( 24 - 24) =     -3.26261  eV     1   --> A              
     e( 25 - 25) =     -3.04097  eV     1   --> A              
     e( 26 - 26) =      0.22071  eV     1   --> A              
     e( 27 - 27) =      0.50367  eV     1   --> A              
     e( 28 - 28) =      2.52481  eV     1   --> A              
     e( 29 - 29) =      2.57995  eV     1   --> A              
     e( 30 - 30) =      3.30503  eV     1   --> A              
     e( 31 - 31) =      3.63201  eV     1   --> A              
     e( 32 - 32) =      3.81800  eV     1   --> A              
     e( 33 - 33) =      4.72527  eV     1   --> A              
     e( 34 - 34) =      4.78583  eV     1   --> A              
     e( 35 - 35) =      4.80368  eV     1   --> A              

 **************************************************************************

 **************************************************************************

                    xk=(   0.09500,   0.05485,   0.00000  )

     Band symmetry, C_1 (1)     point group:

     e(  1 -  1) =    -78.01151  eV     1   --> A              
     e(  2 -  2) =    -49.26267  eV     1   --> A              
     e(  3 -  3) =    -49.19343  eV     1   --> A              
     e(  4 -  4) =    -49.16258  eV     1   --> A              
     e(  5 -  5) =    -25.38922  eV     1   --> A              
     e(  6 -  6) =    -25.31691  eV     1   --> A              
     e(  7 -  7) =    -22.48593  eV     1   --> A              
     e(  8 -  8) =    -21.18031  eV     1   --> A              
     e(  9 -  9) =    -14.72969  eV     1   --> A              
     e( 10 - 10) =    -12.28343  eV     1   --> A              
     e( 11 - 11) =    -10.29249  eV     1   --> A              
     e( 12 - 12) =     -9.85595  eV     1   --> A              
     e( 13 - 13) =     -9.65351  eV     1   --> A              
     e( 14 - 14) =     -9.34644  eV     1   --> A              
     e( 15 - 15) =     -9.28548  eV     1   --> A              
     e( 16 - 16) =     -9.21945  eV     1   --> A              
     e( 17 - 17) =     -8.90740  eV     1   --> A              
     e( 18 - 18) =     -8.38491  eV     1   --> A              
     e( 19 - 19) =     -7.90416  eV     1   --> A              
     e( 20 - 20) =     -7.71357  eV     1   --> A              
     e( 21 - 21) =     -5.98381  eV     1   --> A              
     e( 22 - 22) =     -3.39654  eV     1   --> A              
     e( 23 - 23) =     -3.34169  eV     1   --> A              
     e( 24 - 24) =     -3.25088  eV     1   --> A              
     e( 25 - 25) =     -3.05742  eV     1   --> A              
     e( 26 - 26) =      0.19470  eV     1   --> A              
     e( 27 - 27) =      0.48473  eV     1   --> A              
     e( 28 - 28) =      2.52896  eV     1   --> A              
     e( 29 - 29) =      2.58341  eV     1   --> A              
     e( 30 - 30) =      3.28242  eV     1   --> A              
     e( 31 - 31) =      3.64785  eV     1   --> A              
     e( 32 - 32) =      3.81868  eV     1   --> A              
     e( 33 - 33) =      4.69420  eV     1   --> A              
     e( 34 - 34) =      4.74431  eV     1   --> A              
     e( 35 - 35) =      4.76211  eV     1   --> A              

 **************************************************************************

 **************************************************************************

                    xk=(   0.09000,   0.05196,   0.00000  )

     Band symmetry, C_1 (1)     point group:

     e(  1 -  1) =    -78.01209  eV     1   --> A              
     e(  2 -  2) =    -49.26342  eV     1   --> A              
     e(  3 -  3) =    -49.18949  eV     1   --> A              
     e(  4 -  4) =    -49.16170  eV     1   --> A              
     e(  5 -  5) =    -25.40740  eV     1   --> A              
     e(  6 -  6) =    -25.33482  eV     1   --> A              
     e(  7 -  7) =    -22.50105  eV     1   --> A              
     e(  8 -  8) =    -21.18904  eV     1   --> A              
     e(  9 -  9) =    -14.74549  eV     1   --> A              
     e( 10 - 10) =    -12.29054  eV     1   --> A              
     e( 11 - 11) =    -10.27916  eV     1   --> A              
     e( 12 - 12) =     -9.78581  eV     1   --> A              
     e( 13 - 13) =     -9.61432  eV     1   --> A              
     e( 14 - 14) =     -9.31425  eV     1   --> A              
     e( 15 - 15) =     -9.27284  eV     1   --> A              
     e( 16 - 16) =     -9.20289  eV     1   --> A              
     e( 17 - 17) =     -8.91639  eV     1   --> A              
     e( 18 - 18) =     -8.37079  eV     1   --> A              
     e( 19 - 19) =     -7.88590  eV     1   --> A              
     e( 20 - 20) =     -7.70914  eV     1   --> A              
     e( 21 - 21) =     -5.97241  eV     1   --> A              
     e( 22 - 22) =     -3.37766  eV     1   --> A              
     e( 23 - 23) =     -3.33210  eV     1   --> A              
     e( 24 - 24) =     -3.23966  eV     1   --> A              
     e( 25 - 25) =     -3.07329  eV     1   --> A              
     e( 26 - 26) =      0.16822  eV     1   --> A              
     e( 27 - 27) =      0.46505  eV     1   --> A              
     e( 28 - 28) =      2.53100  eV     1   --> A              
     e( 29 - 29) =      2.58474  eV     1   --> A              
     e( 30 - 30) =      3.25564  eV     1   --> A              
     e( 31 - 31) =      3.66613  eV     1   --> A              
     e( 32 - 32) =      3.82867  eV     1   --> A              
     e( 33 - 33) =      4.66426  eV     1   --> A              
     e( 34 - 34) =      4.70440  eV     1   --> A              
     e( 35 - 35) =      4.72222  eV     1   --> A              

 **************************************************************************

 **************************************************************************

                    xk=(   0.08500,   0.04907,   0.00000  )

     Band symmetry, C_1 (1)     point group:

     e(  1 -  1) =    -78.01264  eV     1   --> A              
     e(  2 -  2) =    -49.26414  eV     1   --> A              
     e(  3 -  3) =    -49.18573  eV     1   --> A              
     e(  4 -  4) =    -49.16087  eV     1   --> A              
     e(  5 -  5) =    -25.42462  eV     1   --> A              
     e(  6 -  6) =    -25.35179  eV     1   --> A              
     e(  7 -  7) =    -22.51540  eV     1   --> A              
     e(  8 -  8) =    -21.19734  eV     1   --> A              
     e(  9 -  9) =    -14.76054  eV     1   --> A              
     e( 10 - 10) =    -12.29733  eV     1   --> A              
     e( 11 - 11) =    -10.26987  eV     1   --> A              
     e( 12 - 12) =     -9.71817  eV     1   --> A              
     e( 13 - 13) =     -9.57347  eV     1   --> A              
     e( 14 - 14) =     -9.28284  eV     1   --> A              
     e( 15 - 15) =     -9.26128  eV     1   --> A              
     e( 16 - 16) =     -9.18704  eV     1   --> A              
     e( 17 - 17) =     -8.92440  eV     1   --> A              
     e( 18 - 18) =     -8.35757  eV     1   --> A              
     e( 19 - 19) =     -7.86838  eV     1   --> A              
     e( 20 - 20) =     -7.70568  eV     1   --> A              
     e( 21 - 21) =     -5.96192  eV     1   --> A              
     e( 22 - 22) =     -3.35976  eV     1   --> A              
     e( 23 - 23) =     -3.32127  eV     1   --> A              
     e( 24 - 24) =     -3.22898  eV     1   --> A              
     e( 25 - 25) =     -3.08853  eV     1   --> A              
     e( 26 - 26) =      0.14152  eV     1   --> A              
     e( 27 - 27) =      0.44489  eV     1   --> A              
     e( 28 - 28) =      2.53107  eV     1   --> A              
     e( 29 - 29) =      2.58413  eV     1   --> A              
     e( 30 - 30) =      3.22584  eV     1   --> A              
     e( 31 - 31) =      3.68624  eV     1   --> A              
     e( 32 - 32) =      3.84689  eV     1   --> A              
     e( 33 - 33) =      4.63542  eV     1   --> A              
     e( 34 - 34) =      4.66620  eV     1   --> A              
     e( 35 - 35) =      4.68407  eV     1   --> A              

 **************************************************************************

 **************************************************************************

                    xk=(   0.08000,   0.04619,   0.00000  )

     Band symmetry, C_1 (1)     point group:

     e(  1 -  1) =    -78.01316  eV     1   --> A              
     e(  2 -  2) =    -49.26482  eV     1   --> A              
     e(  3 -  3) =    -49.18216  eV     1   --> A              
     e(  4 -  4) =    -49.16007  eV     1   --> A              
     e(  5 -  5) =    -25.44088  eV     1   --> A              
     e(  6 -  6) =    -25.36780  eV     1   --> A              
     e(  7 -  7) =    -22.52899  eV     1   --> A              
     e(  8 -  8) =    -21.20519  eV     1   --> A              
     e(  9 -  9) =    -14.77481  eV     1   --> A              
     e( 10 - 10) =    -12.30380  eV     1   --> A              
     e( 11 - 11) =    -10.26375  eV     1   --> A              
     e( 12 - 12) =     -9.65325  eV     1   --> A              
     e( 13 - 13) =     -9.53188  eV     1   --> A              
     e( 14 - 14) =     -9.25221  eV     1   --> A              
     e( 15 - 15) =     -9.25082  eV     1   --> A              
     e( 16 - 16) =     -9.17194  eV     1   --> A              
     e( 17 - 17) =     -8.93140  eV     1   --> A              
     e( 18 - 18) =     -8.34531  eV     1   --> A              
     e( 19 - 19) =     -7.85163  eV     1   --> A              
     e( 20 - 20) =     -7.70312  eV     1   --> A              
     e( 21 - 21) =     -5.95232  eV     1   --> A              
     e( 22 - 22) =     -3.34332  eV     1   --> A              
     e( 23 - 23) =     -3.30894  eV     1   --> A              
     e( 24 - 24) =     -3.21886  eV     1   --> A              
     e( 25 - 25) =     -3.10309  eV     1   --> A              
     e( 26 - 26) =      0.11485  eV     1   --> A              
     e( 27 - 27) =      0.42448  eV     1   --> A              
     e( 28 - 28) =      2.52941  eV     1   --> A              
     e( 29 - 29) =      2.58180  eV     1   --> A              
     e( 30 - 30) =      3.19419  eV     1   --> A              
     e( 31 - 31) =      3.70783  eV     1   --> A              
     e( 32 - 32) =      3.87193  eV     1   --> A              
     e( 33 - 33) =      4.60765  eV     1   --> A              
     e( 34 - 34) =      4.62977  eV     1   --> A              
     e( 35 - 35) =      4.64774  eV     1   --> A              

 **************************************************************************

 **************************************************************************

                    xk=(   0.07500,   0.04330,   0.00000  )

     Band symmetry, C_1 (1)     point group:

     e(  1 -  1) =    -78.01365  eV     1   --> A              
     e(  2 -  2) =    -49.26546  eV     1   --> A              
     e(  3 -  3) =    -49.17879  eV     1   --> A              
     e(  4 -  4) =    -49.15933  eV     1   --> A              
     e(  5 -  5) =    -25.45617  eV     1   --> A              
     e(  6 -  6) =    -25.38286  eV     1   --> A              
     e(  7 -  7) =    -22.54179  eV     1   --> A              
     e(  8 -  8) =    -21.21260  eV     1   --> A              
     e(  9 -  9) =    -14.78830  eV     1   --> A              
     e( 10 - 10) =    -12.30993  eV     1   --> A              
     e( 11 - 11) =    -10.26005  eV     1   --> A              
     e( 12 - 12) =     -9.59138  eV     1   --> A              
     e( 13 - 13) =     -9.49026  eV     1   --> A              
     e( 14 - 14) =     -9.24149  eV     1   --> A              
     e( 15 - 15) =     -9.22238  eV     1   --> A              
     e( 16 - 16) =     -9.15762  eV     1   --> A              
     e( 17 - 17) =     -8.93742  eV     1   --> A              
     e( 18 - 18) =     -8.33403  eV     1   --> A              
     e( 19 - 19) =     -7.83570  eV     1   --> A              
     e( 20 - 20) =     -7.70140  eV     1   --> A              
     e( 21 - 21) =     -5.94359  eV     1   --> A              
     e( 22 - 22) =     -3.32870  eV     1   --> A              
     e( 23 - 23) =     -3.29497  eV     1   --> A              
     e( 24 - 24) =     -3.20936  eV     1   --> A              
     e( 25 - 25) =     -3.11692  eV     1   --> A              
     e( 26 - 26) =      0.08844  eV     1   --> A              
     e( 27 - 27) =      0.40405  eV     1   --> A              
     e( 28 - 28) =      2.52627  eV     1   --> A              
     e( 29 - 29) =      2.57799  eV     1   --> A              
     e( 30 - 30) =      3.16169  eV     1   --> A              
     e( 31 - 31) =      3.73067  eV     1   --> A              
     e( 32 - 32) =      3.90230  eV     1   --> A              
     e( 33 - 33) =      4.58093  eV     1   --> A              
     e( 34 - 34) =      4.59521  eV     1   --> A              
     e( 35 - 35) =      4.61328  eV     1   --> A              

 **************************************************************************

 **************************************************************************

                    xk=(   0.07000,   0.04041,   0.00000  )

     Band symmetry, C_1 (1)     point group:

     e(  1 -  1) =    -78.01411  eV     1   --> A              
     e(  2 -  2) =    -49.26607  eV     1   --> A              
     e(  3 -  3) =    -49.17562  eV     1   --> A              
     e(  4 -  4) =    -49.15862  eV     1   --> A              
     e(  5 -  5) =    -25.47049  eV     1   --> A              
     e(  6 -  6) =    -25.39697  eV     1   --> A              
     e(  7 -  7) =    -22.55381  eV     1   --> A              
     e(  8 -  8) =    -21.21955  eV     1   --> A              
     e(  9 -  9) =    -14.80099  eV     1   --> A              
     e( 10 - 10) =    -12.31571  eV     1   --> A              
     e( 11 - 11) =    -10.25817  eV     1   --> A              
     e( 12 - 12) =     -9.53299  eV     1   --> A              
     e( 13 - 13) =     -9.44906  eV     1   --> A              
     e( 14 - 14) =     -9.23327  eV     1   --> A              
     e( 15 - 15) =     -9.19338  eV     1   --> A              
     e( 16 - 16) =     -9.14410  eV     1   --> A              
     e( 17 - 17) =     -8.94244  eV     1   --> A              
     e( 18 - 18) =     -8.32376  eV     1   --> A              
     e( 19 - 19) =     -7.82062  eV     1   --> A              
     e( 20 - 20) =     -7.70044  eV     1   --> A              
     e( 21 - 21) =     -5.93569  eV     1   --> A              
     e( 22 - 22) =     -3.31583  eV     1   --> A              
     e( 23 - 23) =     -3.27964  eV     1   --> A              
     e( 24 - 24) =     -3.20054  eV     1   --> A              
     e( 25 - 25) =     -3.12991  eV     1   --> A              
     e( 26 - 26) =      0.06250  eV     1   --> A              
     e( 27 - 27) =      0.38383  eV     1   --> A              
     e( 28 - 28) =      2.52193  eV     1   --> A              
     e( 29 - 29) =      2.57299  eV     1   --> A              
     e( 30 - 30) =      3.12917  eV     1   --> A              
     e( 31 - 31) =      3.75458  eV     1   --> A              
     e( 32 - 32) =      3.93661  eV     1   --> A              
     e( 33 - 33) =      4.55524  eV     1   --> A              
     e( 34 - 34) =      4.56256  eV     1   --> A              
     e( 35 - 35) =      4.58076  eV     1   --> A              

 **************************************************************************

 **************************************************************************

                    xk=(   0.06500,   0.03753,   0.00000  )

     Band symmetry, C_1 (1)     point group:

     e(  1 -  1) =    -78.01454  eV     1   --> A              
     e(  2 -  2) =    -49.26663  eV     1   --> A              
     e(  3 -  3) =    -49.17265  eV     1   --> A              
     e(  4 -  4) =    -49.15796  eV     1   --> A              
     e(  5 -  5) =    -25.48384  eV     1   --> A              
     e(  6 -  6) =    -25.41012  eV     1   --> A              
     e(  7 -  7) =    -22.56503  eV     1   --> A              
     e(  8 -  8) =    -21.22604  eV     1   --> A              
     e(  9 -  9) =    -14.81287  eV     1   --> A              
     e( 10 - 10) =    -12.32114  eV     1   --> A              
     e( 11 - 11) =    -10.25764  eV     1   --> A              
     e( 12 - 12) =     -9.47871  eV     1   --> A              
     e( 13 - 13) =     -9.40837  eV     1   --> A              
     e( 14 - 14) =     -9.22616  eV     1   --> A              
     e( 15 - 15) =     -9.16527  eV     1   --> A              
     e( 16 - 16) =     -9.13140  eV     1   --> A              
     e( 17 - 17) =     -8.94651  eV     1   --> A              
     e( 18 - 18) =     -8.31454  eV     1   --> A              
     e( 19 - 19) =     -7.80642  eV     1   --> A              
     e( 20 - 20) =     -7.70015  eV     1   --> A              
     e( 21 - 21) =     -5.92858  eV     1   --> A              
     e( 22 - 22) =     -3.30432  eV     1   --> A              
     e( 23 - 23) =     -3.26357  eV     1   --> A              
     e( 24 - 24) =     -3.19252  eV     1   --> A              
     e( 25 - 25) =     -3.14192  eV     1   --> A              
     e( 26 - 26) =      0.03726  eV     1   --> A              
     e( 27 - 27) =      0.36402  eV     1   --> A              
     e( 28 - 28) =      2.51666  eV     1   --> A              
     e( 29 - 29) =      2.56706  eV     1   --> A              
     e( 30 - 30) =      3.09729  eV     1   --> A              
     e( 31 - 31) =      3.77934  eV     1   --> A              
     e( 32 - 32) =      3.97366  eV     1   --> A              
     e( 33 - 33) =      4.53053  eV     1   --> A              
     e( 34 - 34) =      4.53194  eV     1   --> A              
     e( 35 - 35) =      4.55025  eV     1   --> A              

 **************************************************************************

 **************************************************************************

                    xk=(   0.06000,   0.03464,   0.00000  )

     Band symmetry, C_1 (1)     point group:

     e(  1 -  1) =    -78.01494  eV     1   --> A              
     e(  2 -  2) =    -49.26716  eV     1   --> A              
     e(  3 -  3) =    -49.16989  eV     1   --> A              
     e(  4 -  4) =    -49.15735  eV     1   --> A              
     e(  5 -  5) =    -25.49620  eV     1   --> A              
     e(  6 -  6) =    -25.42230  eV     1   --> A              
     e(  7 -  7) =    -22.57545  eV     1   --> A              
     e(  8 -  8) =    -21.23207  eV     1   --> A              
     e(  9 -  9) =    -14.82392  eV     1   --> A              
     e( 10 - 10) =    -12.32620  eV     1   --> A              
     e( 11 - 11) =    -10.25806  eV     1   --> A              
     e( 12 - 12) =     -9.42945  eV     1   --> A              
     e( 13 - 13) =     -9.36791  eV     1   --> A              
     e( 14 - 14) =     -9.22012  eV     1   --> A              
     e( 15 - 15) =     -9.13812  eV     1   --> A              
     e( 16 - 16) =     -9.11955  eV     1   --> A              
     e( 17 - 17) =     -8.94968  eV     1   --> A              
     e( 18 - 18) =     -8.30637  eV     1   --> A              
     e( 19 - 19) =     -7.79314  eV     1   --> A              
     e( 20 - 20) =     -7.70044  eV     1   --> A              
     e( 21 - 21) =     -5.92223  eV     1   --> A              
     e( 22 - 22) =     -3.29380  eV     1   --> A              
     e( 23 - 23) =     -3.24737  eV     1   --> A              
     e( 24 - 24) =     -3.18571  eV     1   --> A              
     e( 25 - 25) =     -3.15253  eV     1   --> A              
     e( 26 - 26) =      0.01292  eV     1   --> A              
     e( 27 - 27) =      0.34482  eV     1   --> A              
     e( 28 - 28) =      2.51072  eV     1   --> A              
     e( 29 - 29) =      2.56048  eV     1   --> A              
     e( 30 - 30) =      3.06656  eV     1   --> A              
     e( 31 - 31) =      3.80467  eV     1   --> A              
     e( 32 - 32) =      4.01245  eV     1   --> A              
     e( 33 - 33) =      4.50327  eV     1   --> A              
     e( 34 - 34) =      4.50694  eV     1   --> A              
     e( 35 - 35) =      4.52178  eV     1   --> A              

 **************************************************************************

 **************************************************************************

                    xk=(   0.05500,   0.03175,   0.00000  )

     Band symmetry, C_1 (1)     point group:

     e(  1 -  1) =    -78.01531  eV     1   --> A              
     e(  2 -  2) =    -49.26764  eV     1   --> A              
     e(  3 -  3) =    -49.16734  eV     1   --> A              
     e(  4 -  4) =    -49.15678  eV     1   --> A              
     e(  5 -  5) =    -25.50759  eV     1   --> A              
     e(  6 -  6) =    -25.43352  eV     1   --> A              
     e(  7 -  7) =    -22.58506  eV     1   --> A              
     e(  8 -  8) =    -21.23763  eV     1   --> A              
     e(  9 -  9) =    -14.83412  eV     1   --> A              
     e( 10 - 10) =    -12.33088  eV     1   --> A              
     e( 11 - 11) =    -10.25914  eV     1   --> A              
     e( 12 - 12) =     -9.38612  eV     1   --> A              
     e( 13 - 13) =     -9.32725  eV     1   --> A              
     e( 14 - 14) =     -9.21508  eV     1   --> A              
     e( 15 - 15) =     -9.11204  eV     1   --> A              
     e( 16 - 16) =     -9.10856  eV     1   --> A              
     e( 17 - 17) =     -8.95201  eV     1   --> A              
     e( 18 - 18) =     -8.29925  eV     1   --> A              
     e( 19 - 19) =     -7.78079  eV     1   --> A              
     e( 20 - 20) =     -7.70120  eV     1   --> A              
     e( 21 - 21) =     -5.91659  eV     1   --> A              
     e( 22 - 22) =     -3.28402  eV     1   --> A              
     e( 23 - 23) =     -3.23147  eV     1   --> A              
     e( 24 - 24) =     -3.18148  eV     1   --> A              
     e( 25 - 25) =     -3.16035  eV     1   --> A              
     e( 26 - 26) =     -0.01031  eV     1   --> A              
     e( 27 - 27) =      0.32641  eV     1   --> A              
     e( 28 - 28) =      2.50437  eV     1   --> A              
     e( 29 - 29) =      2.55349  eV     1   --> A              
     e( 30 - 30) =      3.03738  eV     1   --> A              
     e( 31 - 31) =      3.83027  eV     1   --> A              
     e( 32 - 32) =      4.05215  eV     1   --> A              
     e( 33 - 33) =      4.47676  eV     1   --> A              
     e( 34 - 34) =      4.48432  eV     1   --> A              
     e( 35 - 35) =      4.49541  eV     1   --> A              

 **************************************************************************

 **************************************************************************

                    xk=(   0.05000,   0.02887,   0.00000  )

     Band symmetry, C_1 (1)     point group:

     e(  1 -  1) =    -78.01565  eV     1   --> A              
     e(  2 -  2) =    -49.26808  eV     1   --> A              
     e(  3 -  3) =    -49.16501  eV     1   --> A              
     e(  4 -  4) =    -49.15626  eV     1   --> A              
     e(  5 -  5) =    -25.51800  eV     1   --> A              
     e(  6 -  6) =    -25.44377  eV     1   --> A              
     e(  7 -  7) =    -22.59386  eV     1   --> A              
     e(  8 -  8) =    -21.24272  eV     1   --> A              
     e(  9 -  9) =    -14.84348  eV     1   --> A              
     e( 10 - 10) =    -12.33518  eV     1   --> A              
     e( 11 - 11) =    -10.26065  eV     1   --> A              
     e( 12 - 12) =     -9.34901  eV     1   --> A              
     e( 13 - 13) =     -9.28652  eV     1   --> A              
     e( 14 - 14) =     -9.21097  eV     1   --> A              
     e( 15 - 15) =     -9.09847  eV     1   --> A              
     e( 16 - 16) =     -9.08722  eV     1   --> A              
     e( 17 - 17) =     -8.95362  eV     1   --> A              
     e( 18 - 18) =     -8.29318  eV     1   --> A              
     e( 19 - 19) =     -7.76942  eV     1   --> A              
     e( 20 - 20) =     -7.70233  eV     1   --> A              
     e( 21 - 21) =     -5.91163  eV     1   --> A              
     e( 22 - 22) =     -3.27490  eV     1   --> A              
     e( 23 - 23) =     -3.21624  eV     1   --> A              
     e( 24 - 24) =     -3.18309  eV     1   --> A              
     e( 25 - 25) =     -3.16209  eV     1   --> A              
     e( 26 - 26) =     -0.03226  eV     1   --> A              
     e( 27 - 27) =      0.30898  eV     1   --> A              
     e( 28 - 28) =      2.49782  eV     1   --> A              
     e( 29 - 29) =      2.54635  eV     1   --> A              
     e( 30 - 30) =      3.01005  eV     1   --> A              
     e( 31 - 31) =      3.85578  eV     1   --> A              
     e( 32 - 32) =      4.09205  eV     1   --> A              
     e( 33 - 33) =      4.45240  eV     1   --> A              
     e( 34 - 34) =      4.46276  eV     1   --> A              
     e( 35 - 35) =      4.47119  eV     1   --> A              

 **************************************************************************

 **************************************************************************

                    xk=(   0.04500,   0.02598,   0.00000  )

     Band symmetry, C_1 (1)     point group:

     e(  1 -  1) =    -78.01596  eV     1   --> A              
     e(  2 -  2) =    -49.26849  eV     1   --> A              
     e(  3 -  3) =    -49.16289  eV     1   --> A              
     e(  4 -  4) =    -49.15579  eV     1   --> A              
     e(  5 -  5) =    -25.52742  eV     1   --> A              
     e(  6 -  6) =    -25.45305  eV     1   --> A              
     e(  7 -  7) =    -22.60183  eV     1   --> A              
     e(  8 -  8) =    -21.24734  eV     1   --> A              
     e(  9 -  9) =    -14.85197  eV     1   --> A              
     e( 10 - 10) =    -12.33909  eV     1   --> A              
     e( 11 - 11) =    -10.26241  eV     1   --> A              
     e( 12 - 12) =     -9.31756  eV     1   --> A              
     e( 13 - 13) =     -9.24662  eV     1   --> A              
     e( 14 - 14) =     -9.20768  eV     1   --> A              
     e( 15 - 15) =     -9.08929  eV     1   --> A              
     e( 16 - 16) =     -9.06382  eV     1   --> A              
     e( 17 - 17) =     -8.95459  eV     1   --> A              
     e( 18 - 18) =     -8.28812  eV     1   --> A              
     e( 19 - 19) =     -7.75904  eV     1   --> A              
     e( 20 - 20) =     -7.70374  eV     1   --> A              
     e( 21 - 21) =     -5.90729  eV     1   --> A              
     e( 22 - 22) =     -3.26644  eV     1   --> A              
     e( 23 - 23) =     -3.20187  eV     1   --> A              
     e( 24 - 24) =     -3.18944  eV     1   --> A              
     e( 25 - 25) =     -3.15884  eV     1   --> A              
     e( 26 - 26) =     -0.05272  eV     1   --> A              
     e( 27 - 27) =      0.29269  eV     1   --> A              
     e( 28 - 28) =      2.49128  eV     1   --> A              
     e( 29 - 29) =      2.53927  eV     1   --> A              
     e( 30 - 30) =      2.98482  eV     1   --> A              
     e( 31 - 31) =      3.88084  eV     1   --> A              
     e( 32 - 32) =      4.13148  eV     1   --> A              
     e( 33 - 33) =      4.43022  eV     1   --> A              
     e( 34 - 34) =      4.44229  eV     1   --> A              
     e( 35 - 35) =      4.44915  eV     1   --> A              

 **************************************************************************

 **************************************************************************

                    xk=(   0.04000,   0.02309,   0.00000  )

     Band symmetry, C_1 (1)     point group:

     e(  1 -  1) =    -78.01624  eV     1   --> A              
     e(  2 -  2) =    -49.26885  eV     1   --> A              
     e(  3 -  3) =    -49.16098  eV     1   --> A              
     e(  4 -  4) =    -49.15537  eV     1   --> A              
     e(  5 -  5) =    -25.53586  eV     1   --> A              
     e(  6 -  6) =    -25.46136  eV     1   --> A              
     e(  7 -  7) =    -22.60898  eV     1   --> A              
     e(  8 -  8) =    -21.25148  eV     1   --> A              
     e(  9 -  9) =    -14.85960  eV     1   --> A              
     e( 10 - 10) =    -12.34260  eV     1   --> A              
     e( 11 - 11) =    -10.26428  eV     1   --> A              
     e( 12 - 12) =     -9.29087  eV     1   --> A              
     e( 13 - 13) =     -9.20870  eV     1   --> A              
     e( 14 - 14) =     -9.20510  eV     1   --> A              
     e( 15 - 15) =     -9.08102  eV     1   --> A              
     e( 16 - 16) =     -9.04208  eV     1   --> A              
     e( 17 - 17) =     -8.95506  eV     1   --> A              
     e( 18 - 18) =     -8.28402  eV     1   --> A              
     e( 19 - 19) =     -7.74969  eV     1   --> A              
     e( 20 - 20) =     -7.70532  eV     1   --> A              
     e( 21 - 21) =     -5.90355  eV     1   --> A              
     e( 22 - 22) =     -3.25866  eV     1   --> A              
     e( 23 - 23) =     -3.19672  eV     1   --> A              
     e( 24 - 24) =     -3.18857  eV     1   --> A              
     e( 25 - 25) =     -3.15439  eV     1   --> A              
     e( 26 - 26) =     -0.07154  eV     1   --> A              
     e( 27 - 27) =      0.27768  eV     1   --> A              
     e( 28 - 28) =      2.48494  eV     1   --> A              
     e( 29 - 29) =      2.53244  eV     1   --> A              
     e( 30 - 30) =      2.96188  eV     1   --> A              
     e( 31 - 31) =      3.90509  eV     1   --> A              
     e( 32 - 32) =      4.16983  eV     1   --> A              
     e( 33 - 33) =      4.41028  eV     1   --> A              
     e( 34 - 34) =      4.42300  eV     1   --> A              
     e( 35 - 35) =      4.42934  eV     1   --> A              

 **************************************************************************

 **************************************************************************

                    xk=(   0.03500,   0.02021,   0.00000  )

     Band symmetry, C_1 (1)     point group:

     e(  1 -  1) =    -78.01648  eV     1   --> A              
     e(  2 -  2) =    -49.26917  eV     1   --> A              
     e(  3 -  3) =    -49.15930  eV     1   --> A              
     e(  4 -  4) =    -49.15500  eV     1   --> A              
     e(  5 -  5) =    -25.54331  eV     1   --> A              
     e(  6 -  6) =    -25.46870  eV     1   --> A              
     e(  7 -  7) =    -22.61530  eV     1   --> A              
     e(  8 -  8) =    -21.25513  eV     1   --> A              
     e(  9 -  9) =    -14.86634  eV     1   --> A              
     e( 10 - 10) =    -12.34572  eV     1   --> A              
     e( 11 - 11) =    -10.26614  eV     1   --> A              
     e( 12 - 12) =     -9.26823  eV     1   --> A              
     e( 13 - 13) =     -9.20314  eV     1   --> A              
     e( 14 - 14) =     -9.17366  eV     1   --> A              
     e( 15 - 15) =     -9.07370  eV     1   --> A              
     e( 16 - 16) =     -9.02224  eV     1   --> A              
     e( 17 - 17) =     -8.95514  eV     1   --> A              
     e( 18 - 18) =     -8.28081  eV     1   --> A              
     e( 19 - 19) =     -7.74138  eV     1   --> A              
     e( 20 - 20) =     -7.70697  eV     1   --> A              
     e( 21 - 21) =     -5.90036  eV     1   --> A              
     e( 22 - 22) =     -3.25160  eV     1   --> A              
     e( 23 - 23) =     -3.20363  eV     1   --> A              
     e( 24 - 24) =     -3.17649  eV     1   --> A              
     e( 25 - 25) =     -3.15000  eV     1   --> A              
     e( 26 - 26) =     -0.08855  eV     1   --> A              
     e( 27 - 27) =      0.26409  eV     1   --> A              
     e( 28 - 28) =      2.47897  eV     1   --> A              
     e( 29 - 29) =      2.52603  eV     1   --> A              
     e( 30 - 30) =      2.94136  eV     1   --> A              
     e( 31 - 31) =      3.92814  eV     1   --> A              
     e( 32 - 32) =      4.20649  eV     1   --> A              
     e( 33 - 33) =      4.39260  eV     1   --> A              
     e( 34 - 34) =      4.40496  eV     1   --> A              
     e( 35 - 35) =      4.41178  eV     1   --> A              

 **************************************************************************

 **************************************************************************

                    xk=(   0.03000,   0.01732,   0.00000  )

     Band symmetry, C_1 (1)     point group:

     e(  1 -  1) =    -78.01670  eV     1   --> A              
     e(  2 -  2) =    -49.26945  eV     1   --> A              
     e(  3 -  3) =    -49.15783  eV     1   --> A              
     e(  4 -  4) =    -49.15467  eV     1   --> A              
     e(  5 -  5) =    -25.54977  eV     1   --> A              
     e(  6 -  6) =    -25.47506  eV     1   --> A              
     e(  7 -  7) =    -22.62078  eV     1   --> A              
     e(  8 -  8) =    -21.25831  eV     1   --> A              
     e(  9 -  9) =    -14.87220  eV     1   --> A              
     e( 10 - 10) =    -12.34842  eV     1   --> A              
     e( 11 - 11) =    -10.26790  eV     1   --> A              
     e( 12 - 12) =     -9.24921  eV     1   --> A              
     e( 13 - 13) =     -9.20168  eV     1   --> A              
     e( 14 - 14) =     -9.14220  eV     1   --> A              
     e( 15 - 15) =     -9.06732  eV     1   --> A              
     e( 16 - 16) =     -9.00451  eV     1   --> A              
     e( 17 - 17) =     -8.95495  eV     1   --> A              
     e( 18 - 18) =     -8.27839  eV     1   --> A              
     e( 19 - 19) =     -7.73413  eV     1   --> A              
     e( 20 - 20) =     -7.70860  eV     1   --> A              
     e( 21 - 21) =     -5.89768  eV     1   --> A              
     e( 22 - 22) =     -3.24534  eV     1   --> A              
     e( 23 - 23) =     -3.20983  eV     1   --> A              
     e( 24 - 24) =     -3.16574  eV     1   --> A              
     e( 25 - 25) =     -3.14603  eV     1   --> A              
     e( 26 - 26) =     -0.10361  eV     1   --> A              
     e( 27 - 27) =      0.25206  eV     1   --> A              
     e( 28 - 28) =      2.47350  eV     1   --> A              
     e( 29 - 29) =      2.52020  eV     1   --> A              
     e( 30 - 30) =      2.92340  eV     1   --> A              
     e( 31 - 31) =      3.94961  eV     1   --> A              
     e( 32 - 32) =      4.24082  eV     1   --> A              
     e( 33 - 33) =      4.37722  eV     1   --> A              
     e( 34 - 34) =      4.38836  eV     1   --> A              
     e( 35 - 35) =      4.39650  eV     1   --> A              

 **************************************************************************

 **************************************************************************

                    xk=(   0.02500,   0.01443,   0.00000  )

     Band symmetry, C_1 (1)     point group:

     e(  1 -  1) =    -78.01688  eV     1   --> A              
     e(  2 -  2) =    -49.26968  eV     1   --> A              
     e(  3 -  3) =    -49.15659  eV     1   --> A              
     e(  4 -  4) =    -49.15440  eV     1   --> A              
     e(  5 -  5) =    -25.55523  eV     1   --> A              
     e(  6 -  6) =    -25.48044  eV     1   --> A              
     e(  7 -  7) =    -22.62543  eV     1   --> A              
     e(  8 -  8) =    -21.26100  eV     1   --> A              
     e(  9 -  9) =    -14.87717  eV     1   --> A              
     e( 10 - 10) =    -12.35072  eV     1   --> A              
     e( 11 - 11) =    -10.26949  eV     1   --> A              
     e( 12 - 12) =     -9.23347  eV     1   --> A              
     e( 13 - 13) =     -9.20063  eV     1   --> A              
     e( 14 - 14) =     -9.11477  eV     1   --> A              
     e( 15 - 15) =     -9.06191  eV     1   --> A              
     e( 16 - 16) =     -8.98915  eV     1   --> A              
     e( 17 - 17) =     -8.95458  eV     1   --> A              
     e( 18 - 18) =     -8.27666  eV     1   --> A              
     e( 19 - 19) =     -7.72797  eV     1   --> A              
     e( 20 - 20) =     -7.71012  eV     1   --> A              
     e( 21 - 21) =     -5.89548  eV     1   --> A              
     e( 22 - 22) =     -3.23992  eV     1   --> A              
     e( 23 - 23) =     -3.21518  eV     1   --> A              
     e( 24 - 24) =     -3.15647  eV     1   --> A              
     e( 25 - 25) =     -3.14259  eV     1   --> A              
     e( 26 - 26) =     -0.11659  eV     1   --> A              
     e( 27 - 27) =      0.24168  eV     1   --> A              
     e( 28 - 28) =      2.46866  eV     1   --> A              
     e( 29 - 29) =      2.51505  eV     1   --> A              
     e( 30 - 30) =      2.90808  eV     1   --> A              
     e( 31 - 31) =      3.96907  eV     1   --> A              
     e( 32 - 32) =      4.27208  eV     1   --> A              
     e( 33 - 33) =      4.36416  eV     1   --> A              
     e( 34 - 34) =      4.37338  eV     1   --> A              
     e( 35 - 35) =      4.38353  eV     1   --> A              

 **************************************************************************

 **************************************************************************

                    xk=(   0.02000,   0.01155,   0.00000  )

     Band symmetry, C_1 (1)     point group:

     e(  1 -  1) =    -78.01702  eV     1   --> A              
     e(  2 -  2) =    -49.26988  eV     1   --> A              
     e(  3 -  3) =    -49.15557  eV     1   --> A              
     e(  4 -  4) =    -49.15417  eV     1   --> A              
     e(  5 -  5) =    -25.55971  eV     1   --> A              
     e(  6 -  6) =    -25.48485  eV     1   --> A              
     e(  7 -  7) =    -22.62923  eV     1   --> A              
     e(  8 -  8) =    -21.26320  eV     1   --> A              
     e(  9 -  9) =    -14.88124  eV     1   --> A              
     e( 10 - 10) =    -12.35260  eV     1   --> A              
     e( 11 - 11) =    -10.27085  eV     1   --> A              
     e( 12 - 12) =     -9.22083  eV     1   --> A              
     e( 13 - 13) =     -9.19989  eV     1   --> A              
     e( 14 - 14) =     -9.09176  eV     1   --> A              
     e( 15 - 15) =     -9.05746  eV     1   --> A              
     e( 16 - 16) =     -8.97632  eV     1   --> A              
     e( 17 - 17) =     -8.95415  eV     1   --> A              
     e( 18 - 18) =     -8.27548  eV     1   --> A              
     e( 19 - 19) =     -7.72291  eV     1   --> A              
     e( 20 - 20) =     -7.71146  eV     1   --> A              
     e( 21 - 21) =     -5.89372  eV     1   --> A              
     e( 22 - 22) =     -3.23539  eV     1   --> A              
     e( 23 - 23) =     -3.21960  eV     1   --> A              
     e( 24 - 24) =     -3.14873  eV     1   --> A              
     e( 25 - 25) =     -3.13973  eV     1   --> A              
     e( 26 - 26) =     -0.12737  eV     1   --> A              
     e( 27 - 27) =      0.23307  eV     1   --> A              
     e( 28 - 28) =      2.46455  eV     1   --> A              
     e( 29 - 29) =      2.51071  eV     1   --> A              
     e( 30 - 30) =      2.89547  eV     1   --> A              
     e( 31 - 31) =      3.98605  eV     1   --> A              
     e( 32 - 32) =      4.29951  eV     1   --> A              
     e( 33 - 33) =      4.35344  eV     1   --> A              
     e( 34 - 34) =      4.36032  eV     1   --> A              
     e( 35 - 35) =      4.37289  eV     1   --> A              

 **************************************************************************

 **************************************************************************

                    xk=(   0.01500,   0.00866,   0.00000  )

     Band symmetry, C_1 (1)     point group:

     e(  1 -  1) =    -78.01714  eV     1   --> A              
     e(  2 -  2) =    -49.27003  eV     1   --> A              
     e(  3 -  3) =    -49.15478  eV     1   --> A              
     e(  4 -  4) =    -49.15399  eV     1   --> A              
     e(  5 -  5) =    -25.56319  eV     1   --> A              
     e(  6 -  6) =    -25.48828  eV     1   --> A              
     e(  7 -  7) =    -22.63219  eV     1   --> A              
     e(  8 -  8) =    -21.26492  eV     1   --> A              
     e(  9 -  9) =    -14.88441  eV     1   --> A              
     e( 10 - 10) =    -12.35407  eV     1   --> A              
     e( 11 - 11) =    -10.27196  eV     1   --> A              
     e( 12 - 12) =     -9.21113  eV     1   --> A              
     e( 13 - 13) =     -9.19940  eV     1   --> A              
     e( 14 - 14) =     -9.07350  eV     1   --> A              
     e( 15 - 15) =     -9.05400  eV     1   --> A              
     e( 16 - 16) =     -8.96619  eV     1   --> A              
     e( 17 - 17) =     -8.95373  eV     1   --> A              
     e( 18 - 18) =     -8.27473  eV     1   --> A              
     e( 19 - 19) =     -7.71896  eV     1   --> A              
     e( 20 - 20) =     -7.71258  eV     1   --> A              
     e( 21 - 21) =     -5.89238  eV     1   --> A              
     e( 22 - 22) =     -3.23183  eV     1   --> A              
     e( 23 - 23) =     -3.22307  eV     1   --> A              
     e( 24 - 24) =     -3.14263  eV     1   --> A              
     e( 25 - 25) =     -3.13749  eV     1   --> A              
     e( 26 - 26) =     -0.13586  eV     1   --> A              
     e( 27 - 27) =      0.22628  eV     1   --> A              
     e( 28 - 28) =      2.46127  eV     1   --> A              
     e( 29 - 29) =      2.50724  eV     1   --> A              
     e( 30 - 30) =      2.88561  eV     1   --> A              
     e( 31 - 31) =      4.00006  eV     1   --> A              
     e( 32 - 32) =      4.32218  eV     1   --> A              
     e( 33 - 33) =      4.34509  eV     1   --> A              
     e( 34 - 34) =      4.34957  eV     1   --> A              
     e( 35 - 35) =      4.36460  eV     1   --> A              

 **************************************************************************

 **************************************************************************

                    xk=(   0.01000,   0.00577,   0.00000  )

     Band symmetry, C_1 (1)     point group:

     e(  1 -  1) =    -78.01722  eV     1   --> A              
     e(  2 -  2) =    -49.27014  eV     1   --> A              
     e(  3 -  3) =    -49.15421  eV     1   --> A              
     e(  4 -  4) =    -49.15387  eV     1   --> A              
     e(  5 -  5) =    -25.56568  eV     1   --> A              
     e(  6 -  6) =    -25.49073  eV     1   --> A              
     e(  7 -  7) =    -22.63431  eV     1   --> A              
     e(  8 -  8) =    -21.26614  eV     1   --> A              
     e(  9 -  9) =    -14.88668  eV     1   --> A              
     e( 10 - 10) =    -12.35512  eV     1   --> A              
     e( 11 - 11) =    -10.27276  eV     1   --> A              
     e( 12 - 12) =     -9.20427  eV     1   --> A              
     e( 13 - 13) =     -9.19909  eV     1   --> A              
     e( 14 - 14) =     -9.06026  eV     1   --> A              
     e( 15 - 15) =     -9.05152  eV     1   --> A              
     e( 16 - 16) =     -8.95890  eV     1   --> A              
     e( 17 - 17) =     -8.95338  eV     1   --> A              
     e( 18 - 18) =     -8.27429  eV     1   --> A              
     e( 19 - 19) =     -7.71614  eV     1   --> A              
     e( 20 - 20) =     -7.71340  eV     1   --> A              
     e( 21 - 21) =     -5.89144  eV     1   --> A              
     e( 22 - 22) =     -3.22929  eV     1   --> A              
     e( 23 - 23) =     -3.22555  eV     1   --> A              
     e( 24 - 24) =     -3.13824  eV     1   --> A              
     e( 25 - 25) =     -3.13588  eV     1   --> A              
     e( 26 - 26) =     -0.14198  eV     1   --> A              
     e( 27 - 27) =      0.22139  eV     1   --> A              
     e( 28 - 28) =      2.45888  eV     1   --> A              
     e( 29 - 29) =      2.50473  eV     1   --> A              
     e( 30 - 30) =      2.87854  eV     1   --> A              
     e( 31 - 31) =      4.01057  eV     1   --> A              
     e( 32 - 32) =      4.33836  eV     1   --> A              
     e( 33 - 33) =      4.33914  eV     1   --> A              
     e( 34 - 34) =      4.34235  eV     1   --> A              
     e( 35 - 35) =      4.35867  eV     1   --> A              

 **************************************************************************

 **************************************************************************

                    xk=(   0.00500,   0.00289,   0.00000  )

     Band symmetry, C_1 (1)     point group:

     e(  1 -  1) =    -78.01727  eV     1   --> A              
     e(  2 -  2) =    -49.27020  eV     1   --> A              
     e(  3 -  4) =    -49.15387  eV     2   -->   2 A              
     e(  5 -  5) =    -25.56717  eV     1   --> A              
     e(  6 -  6) =    -25.49220  eV     1   --> A              
     e(  7 -  7) =    -22.63558  eV     1   --> A              
     e(  8 -  8) =    -21.26688  eV     1   --> A              
     e(  9 -  9) =    -14.88804  eV     1   --> A              
     e( 10 - 10) =    -12.35575  eV     1   --> A              
     e( 11 - 11) =    -10.27326  eV     1   --> A              
     e( 12 - 12) =     -9.20018  eV     1   --> A              
     e( 13 - 13) =     -9.19892  eV     1   --> A              
     e( 14 - 14) =     -9.05223  eV     1   --> A              
     e( 15 - 15) =     -9.05004  eV     1   --> A              
     e( 16 - 16) =     -8.95449  eV     1   --> A              
     e( 17 - 17) =     -8.95315  eV     1   --> A              
     e( 18 - 18) =     -8.27407  eV     1   --> A              
     e( 19 - 19) =     -7.71450  eV     1   --> A              
     e( 20 - 20) =     -7.71385  eV     1   --> A              
     e( 21 - 21) =     -5.89089  eV     1   --> A              
     e( 22 - 22) =     -3.22786  eV     1   --> A              
     e( 23 - 23) =     -3.22691  eV     1   --> A              
     e( 24 - 24) =     -3.13559  eV     1   --> A              
     e( 25 - 25) =     -3.13491  eV     1   --> A              
     e( 26 - 26) =     -0.14567  eV     1   --> A              
     e( 27 - 27) =      0.21844  eV     1   --> A              
     e( 28 - 28) =      2.45743  eV     1   --> A              
     e( 29 - 29) =      2.50320  eV     1   --> A              
     e( 30 - 30) =      2.87430  eV     1   --> A              
     e( 31 - 31) =      4.01711  eV     1   --> A              
     e( 32 - 32) =      4.33552  eV     1   --> A              
     e( 33 - 33) =      4.33601  eV     1   --> A              
     e( 34 - 34) =      4.35032  eV     1   --> A              
     e( 35 - 35) =      4.35510  eV     1   --> A              

 **************************************************************************

 **************************************************************************

                    xk=(   0.00000,   0.00000,   0.00000  )

     Band symmetry, C_1 (1)     point group:

     e(  1 -  1) =    -78.01729  eV     1   --> A              
     e(  2 -  2) =    -49.27022  eV     1   --> A              
     e(  3 -  4) =    -49.15377  eV     2   -->   2 A              
     e(  5 -  5) =    -25.56767  eV     1   --> A              
     e(  6 -  6) =    -25.49269  eV     1   --> A              
     e(  7 -  7) =    -22.63600  eV     1   --> A              
     e(  8 -  8) =    -21.26713  eV     1   --> A              
     e(  9 -  9) =    -14.88849  eV     1   --> A              
     e( 10 - 10) =    -12.35596  eV     1   --> A              
     e( 11 - 11) =    -10.27342  eV     1   --> A              
     e( 12 - 13) =     -9.19888  eV     2   -->   2 A              
     e( 14 - 15) =     -9.04953  eV     2   -->   2 A              
     e( 16 - 16) =     -8.95311  eV     1   --> A              
     e( 17 - 17) =     -8.95297  eV     1   --> A              
     e( 18 - 18) =     -8.27400  eV     1   --> A              
     e( 19 - 19) =     -7.71422  eV     1   --> A              
     e( 20 - 20) =     -7.71373  eV     1   --> A              
     e( 21 - 21) =     -5.89070  eV     1   --> A              
     e( 22 - 22) =     -3.22780  eV     1   --> A              
     e( 23 - 23) =     -3.22695  eV     1   --> A              
     e( 24 - 24) =     -3.13473  eV     1   --> A              
     e( 25 - 25) =     -3.13455  eV     1   --> A              
     e( 26 - 26) =     -0.14691  eV     1   --> A              
     e( 27 - 27) =      0.21745  eV     1   --> A              
     e( 28 - 28) =      2.45694  eV     1   --> A              
     e( 29 - 29) =      2.50268  eV     1   --> A              
     e( 30 - 30) =      2.87288  eV     1   --> A              
     e( 31 - 31) =      4.01933  eV     1   --> A              
     e( 32 - 33) =      4.33433  eV     2   -->   2 A              
     e( 34 - 35) =      4.35388  eV     2   -->   2 A              

 **************************************************************************
 
     BANDS        :   1m 3.77s CPU   1m26.86s WALL

 
   This run was terminated on:   3: 8:25  13Mar2026            

=------------------------------------------------------------------------------=
   JOB DONE.
=------------------------------------------------------------------------------=
