
     Program BANDS v.7.4.1 starts on 13Mar2026 at  2:33:24 

     This program is part of the open-source Quantum ESPRESSO suite
     for quantum simulation of materials; please cite
         "P. Giannozzi et al., J. Phys.:Condens. Matter 21 395502 (2009);
         "P. Giannozzi et al., J. Phys.:Condens. Matter 29 465901 (2017);
         "P. Giannozzi et al., J. Chem. Phys. 152 154105 (2020);
          URL http://www.quantum-espresso.org", 
     in publications or presentations arising from this work. More details at
     http://www.quantum-espresso.org/quote

     Parallel version (MPI), running on     1 processors

     MPI processes distributed on     1 nodes
     2681 MiB available memory on the printing compute node when the environment starts
 

     Reading xml data from directory:

     ./tmp/crsi2n4.save/

     IMPORTANT: XC functional enforced from input :
     Exchange-correlation= PBE
                           (   1   4   3   4   0   0   0)
     Any further DFT definition will be discarded
     Please, verify this is what you really want

 
     G-vector sticks info
     --------------------
     sticks:   dense  smooth     PW     G-vecs:    dense   smooth      PW
     Sum         745     595    187               124953    89281   14311
 
     Using Slab Decomposition
 
 ----2D----2D----2D----2D----2D----2D----2D----2D----2D----2D----2D----2D
  The code is running with the 2D cutoff
  Please refer to:
  Sohier, T., Calandra, M., & Mauri, F. (2017), 
  Density functional perturbation theory for gated two-dimensional heterostructures:
  Theoretical developments and application to flexural phonons in graphene.
  Physical Review B, 96(7), 75448. https://doi.org/10.1103/PhysRevB.96.075448
 ----2D----2D----2D----2D----2D----2D----2D----2D----2D----2D----2D----2D
     Reading collected, re-writing distributed wavefunctions
     high-symmetry point:  0.0000 0.0000 0.0000   x coordinate   0.0000
     high-symmetry point:  0.3333 0.5774 0.0000   x coordinate   0.6667
     high-symmetry point:  0.5000 0.2887 0.0000   x coordinate   1.0000
     high-symmetry point:  0.0000 0.0000 0.0000   x coordinate   1.5774

     Plottable bands (eV) written to file bands.dat.gnu
     Bands written to file bands.dat

 **************************************************************************

                    xk=(   0.00000,   0.00000,   0.00000  )

     point group C_1 (1)    
     there are  1 classes
     the character table:

       E    
A      1.00

     the symmetry operations in each class and the name of the first element:

     E        1
                                                                 

     Band symmetry, C_1 (1)     point group:

     e(  1 -  1) =    -77.90295  eV     1   --> A              
     e(  2 -  2) =    -49.11549  eV     1   --> A              
     e(  3 -  4) =    -49.07355  eV     2   -->   2 A              
     e(  5 -  5) =    -25.11076  eV     1   --> A              
     e(  6 -  6) =    -25.03943  eV     1   --> A              
     e(  7 -  7) =    -22.23789  eV     1   --> A              
     e(  8 -  8) =    -20.85103  eV     1   --> A              
     e(  9 -  9) =    -14.48048  eV     1   --> A              
     e( 10 - 10) =    -11.90823  eV     1   --> A              
     e( 11 - 11) =     -9.88768  eV     1   --> A              
     e( 12 - 12) =     -9.20028  eV     1   --> A              
     e( 13 - 13) =     -9.20013  eV     1   --> A              
     e( 14 - 14) =     -9.12535  eV     1   --> A              
     e( 15 - 15) =     -9.12512  eV     1   --> A              
     e( 16 - 16) =     -8.90893  eV     1   --> A              
     e( 17 - 17) =     -8.90869  eV     1   --> A              
     e( 18 - 18) =     -7.90567  eV     1   --> A              
     e( 19 - 19) =     -7.61718  eV     1   --> A              
     e( 20 - 20) =     -7.61652  eV     1   --> A              
     e( 21 - 21) =     -5.61586  eV     1   --> A              
     e( 22 - 22) =     -3.22432  eV     1   --> A              
     e( 23 - 23) =     -3.22328  eV     1   --> A              
     e( 24 - 24) =     -3.09263  eV     1   --> A              
     e( 25 - 25) =     -3.09242  eV     1   --> A              
     e( 26 - 26) =     -0.34909  eV     1   --> A              
     e( 27 - 27) =     -0.01010  eV     1   --> A              
     e( 28 - 28) =      2.25750  eV     1   --> A              
     e( 29 - 29) =      2.28317  eV     1   --> A              
     e( 30 - 30) =      2.46692  eV     1   --> A              
     e( 31 - 31) =      3.78372  eV     1   --> A              
     e( 32 - 32) =      3.85500  eV     1   --> A              
     e( 33 - 33) =      3.85527  eV     1   --> A              
     e( 34 - 34) =      3.89179  eV     1   --> A              
     e( 35 - 35) =      3.89190  eV     1   --> A              

 **************************************************************************

 **************************************************************************

                    xk=(   0.00333,   0.00577,   0.00000  )

     Band symmetry, C_1 (1)     point group:

     e(  1 -  1) =    -77.90293  eV     1   --> A              
     e(  2 -  2) =    -49.11547  eV     1   --> A              
     e(  3 -  4) =    -49.07365  eV     2   -->   2 A              
     e(  5 -  5) =    -25.11013  eV     1   --> A              
     e(  6 -  6) =    -25.03881  eV     1   --> A              
     e(  7 -  7) =    -22.23737  eV     1   --> A              
     e(  8 -  8) =    -20.85074  eV     1   --> A              
     e(  9 -  9) =    -14.47993  eV     1   --> A              
     e( 10 - 10) =    -11.90797  eV     1   --> A              
     e( 11 - 11) =     -9.88769  eV     1   --> A              
     e( 12 - 12) =     -9.20209  eV     1   --> A              
     e( 13 - 13) =     -9.20070  eV     1   --> A              
     e( 14 - 14) =     -9.12833  eV     1   --> A              
     e( 15 - 15) =     -9.12600  eV     1   --> A              
     e( 16 - 16) =     -8.91009  eV     1   --> A              
     e( 17 - 17) =     -8.90867  eV     1   --> A              
     e( 18 - 18) =     -7.90656  eV     1   --> A              
     e( 19 - 19) =     -7.61722  eV     1   --> A              
     e( 20 - 20) =     -7.61636  eV     1   --> A              
     e( 21 - 21) =     -5.61617  eV     1   --> A              
     e( 22 - 22) =     -3.22393  eV     1   --> A              
     e( 23 - 23) =     -3.22367  eV     1   --> A              
     e( 24 - 24) =     -3.09365  eV     1   --> A              
     e( 25 - 25) =     -3.09282  eV     1   --> A              
     e( 26 - 26) =     -0.34723  eV     1   --> A              
     e( 27 - 27) =     -0.00853  eV     1   --> A              
     e( 28 - 28) =      2.25832  eV     1   --> A              
     e( 29 - 29) =      2.28399  eV     1   --> A              
     e( 30 - 30) =      2.46849  eV     1   --> A              
     e( 31 - 31) =      3.76666  eV     1   --> A              
     e( 32 - 32) =      3.85683  eV     1   --> A              
     e( 33 - 33) =      3.86494  eV     1   --> A              
     e( 34 - 34) =      3.89328  eV     1   --> A              
     e( 35 - 35) =      3.89438  eV     1   --> A              

 **************************************************************************

 **************************************************************************

                    xk=(   0.00667,   0.01155,   0.00000  )

     Band symmetry, C_1 (1)     point group:

     e(  1 -  1) =    -77.90288  eV     1   --> A              
     e(  2 -  2) =    -49.11540  eV     1   --> A              
     e(  3 -  3) =    -49.07402  eV     1   --> A              
     e(  4 -  4) =    -49.07366  eV     1   --> A              
     e(  5 -  5) =    -25.10825  eV     1   --> A              
     e(  6 -  6) =    -25.03696  eV     1   --> A              
     e(  7 -  7) =    -22.23582  eV     1   --> A              
     e(  8 -  8) =    -20.84987  eV     1   --> A              
     e(  9 -  9) =    -14.47827  eV     1   --> A              
     e( 10 - 10) =    -11.90720  eV     1   --> A              
     e( 11 - 11) =     -9.88775  eV     1   --> A              
     e( 12 - 12) =     -9.20796  eV     1   --> A              
     e( 13 - 13) =     -9.20202  eV     1   --> A              
     e( 14 - 14) =     -9.13793  eV     1   --> A              
     e( 15 - 15) =     -9.12798  eV     1   --> A              
     e( 16 - 16) =     -8.91427  eV     1   --> A              
     e( 17 - 17) =     -8.90792  eV     1   --> A              
     e( 18 - 18) =     -7.90922  eV     1   --> A              
     e( 19 - 19) =     -7.61932  eV     1   --> A              
     e( 20 - 20) =     -7.61393  eV     1   --> A              
     e( 21 - 21) =     -5.61713  eV     1   --> A              
     e( 22 - 22) =     -3.22587  eV     1   --> A              
     e( 23 - 23) =     -3.22175  eV     1   --> A              
     e( 24 - 24) =     -3.09673  eV     1   --> A              
     e( 25 - 25) =     -3.09405  eV     1   --> A              
     e( 26 - 26) =     -0.34168  eV     1   --> A              
     e( 27 - 27) =     -0.00384  eV     1   --> A              
     e( 28 - 28) =      2.26076  eV     1   --> A              
     e( 29 - 29) =      2.28643  eV     1   --> A              
     e( 30 - 30) =      2.47320  eV     1   --> A              
     e( 31 - 31) =      3.73274  eV     1   --> A              
     e( 32 - 32) =      3.86115  eV     1   --> A              
     e( 33 - 33) =      3.86422  eV     1   --> A              
     e( 34 - 34) =      3.89786  eV     1   --> A              
     e( 35 - 35) =      3.91550  eV     1   --> A              

 **************************************************************************

 **************************************************************************

                    xk=(   0.01000,   0.01732,   0.00000  )

     Band symmetry, C_1 (1)     point group:

     e(  1 -  1) =    -77.90280  eV     1   --> A              
     e(  2 -  2) =    -49.11528  eV     1   --> A              
     e(  3 -  3) =    -49.07463  eV     1   --> A              
     e(  4 -  4) =    -49.07379  eV     1   --> A              
     e(  5 -  5) =    -25.10512  eV     1   --> A              
     e(  6 -  6) =    -25.03387  eV     1   --> A              
     e(  7 -  7) =    -22.23325  eV     1   --> A              
     e(  8 -  8) =    -20.84841  eV     1   --> A              
     e(  9 -  9) =    -14.47552  eV     1   --> A              
     e( 10 - 10) =    -11.90591  eV     1   --> A              
     e( 11 - 11) =     -9.88792  eV     1   --> A              
     e( 12 - 12) =     -9.21764  eV     1   --> A              
     e( 13 - 13) =     -9.20443  eV     1   --> A              
     e( 14 - 14) =     -9.15359  eV     1   --> A              
     e( 15 - 15) =     -9.13139  eV     1   --> A              
     e( 16 - 16) =     -8.92114  eV     1   --> A              
     e( 17 - 17) =     -8.90668  eV     1   --> A              
     e( 18 - 18) =     -7.91358  eV     1   --> A              
     e( 19 - 19) =     -7.62284  eV     1   --> A              
     e( 20 - 20) =     -7.61004  eV     1   --> A              
     e( 21 - 21) =     -5.61873  eV     1   --> A              
     e( 22 - 22) =     -3.22908  eV     1   --> A              
     e( 23 - 23) =     -3.21856  eV     1   --> A              
     e( 24 - 24) =     -3.10179  eV     1   --> A              
     e( 25 - 25) =     -3.09609  eV     1   --> A              
     e( 26 - 26) =     -0.33250  eV     1   --> A              
     e( 27 - 27) =      0.00391  eV     1   --> A              
     e( 28 - 28) =      2.26475  eV     1   --> A              
     e( 29 - 29) =      2.29042  eV     1   --> A              
     e( 30 - 30) =      2.48107  eV     1   --> A              
     e( 31 - 31) =      3.69396  eV     1   --> A              
     e( 32 - 32) =      3.84684  eV     1   --> A              
     e( 33 - 33) =      3.86957  eV     1   --> A              
     e( 34 - 34) =      3.90546  eV     1   --> A              
     e( 35 - 35) =      3.94853  eV     1   --> A              

 **************************************************************************

 **************************************************************************

                    xk=(   0.01333,   0.02309,   0.00000  )

     Band symmetry, C_1 (1)     point group:

     e(  1 -  1) =    -77.90268  eV     1   --> A              
     e(  2 -  2) =    -49.11512  eV     1   --> A              
     e(  3 -  3) =    -49.07549  eV     1   --> A              
     e(  4 -  4) =    -49.07399  eV     1   --> A              
     e(  5 -  5) =    -25.10073  eV     1   --> A              
     e(  6 -  6) =    -25.02956  eV     1   --> A              
     e(  7 -  7) =    -22.22964  eV     1   --> A              
     e(  8 -  8) =    -20.84637  eV     1   --> A              
     e(  9 -  9) =    -14.47168  eV     1   --> A              
     e( 10 - 10) =    -11.90411  eV     1   --> A              
     e( 11 - 11) =     -9.88829  eV     1   --> A              
     e( 12 - 12) =     -9.23102  eV     1   --> A              
     e( 13 - 13) =     -9.20864  eV     1   --> A              
     e( 14 - 14) =     -9.17441  eV     1   --> A              
     e( 15 - 15) =     -9.13635  eV     1   --> A              
     e( 16 - 16) =     -8.93053  eV     1   --> A              
     e( 17 - 17) =     -8.90498  eV     1   --> A              
     e( 18 - 18) =     -7.91954  eV     1   --> A              
     e( 19 - 19) =     -7.62780  eV     1   --> A              
     e( 20 - 20) =     -7.60486  eV     1   --> A              
     e( 21 - 21) =     -5.62102  eV     1   --> A              
     e( 22 - 22) =     -3.23350  eV     1   --> A              
     e( 23 - 23) =     -3.21412  eV     1   --> A              
     e( 24 - 24) =     -3.10877  eV     1   --> A              
     e( 25 - 25) =     -3.09893  eV     1   --> A              
     e( 26 - 26) =     -0.31979  eV     1   --> A              
     e( 27 - 27) =      0.01465  eV     1   --> A              
     e( 28 - 28) =      2.27017  eV     1   --> A              
     e( 29 - 29) =      2.29587  eV     1   --> A              
     e( 30 - 30) =      2.49214  eV     1   --> A              
     e( 31 - 31) =      3.65305  eV     1   --> A              
     e( 32 - 32) =      3.82192  eV     1   --> A              
     e( 33 - 33) =      3.88052  eV     1   --> A              
     e( 34 - 34) =      3.91608  eV     1   --> A              
     e( 35 - 35) =      3.98400  eV     1   --> A              

 **************************************************************************

 **************************************************************************

                    xk=(   0.01667,   0.02887,   0.00000  )

     Band symmetry, C_1 (1)     point group:

     e(  1 -  1) =    -77.90253  eV     1   --> A              
     e(  2 -  2) =    -49.11492  eV     1   --> A              
     e(  3 -  3) =    -49.07659  eV     1   --> A              
     e(  4 -  4) =    -49.07423  eV     1   --> A              
     e(  5 -  5) =    -25.09509  eV     1   --> A              
     e(  6 -  6) =    -25.02401  eV     1   --> A              
     e(  7 -  7) =    -22.22502  eV     1   --> A              
     e(  8 -  8) =    -20.84376  eV     1   --> A              
     e(  9 -  9) =    -14.46674  eV     1   --> A              
     e( 10 - 10) =    -11.90180  eV     1   --> A              
     e( 11 - 11) =     -9.88900  eV     1   --> A              
     e( 12 - 12) =     -9.24798  eV     1   --> A              
     e( 13 - 13) =     -9.21862  eV     1   --> A              
     e( 14 - 14) =     -9.19618  eV     1   --> A              
     e( 15 - 15) =     -9.14298  eV     1   --> A              
     e( 16 - 16) =     -8.94225  eV     1   --> A              
     e( 17 - 17) =     -8.90283  eV     1   --> A              
     e( 18 - 18) =     -7.92697  eV     1   --> A              
     e( 19 - 19) =     -7.63422  eV     1   --> A              
     e( 20 - 20) =     -7.59861  eV     1   --> A              
     e( 21 - 21) =     -5.62402  eV     1   --> A              
     e( 22 - 22) =     -3.23909  eV     1   --> A              
     e( 23 - 23) =     -3.20846  eV     1   --> A              
     e( 24 - 24) =     -3.11756  eV     1   --> A              
     e( 25 - 25) =     -3.10256  eV     1   --> A              
     e( 26 - 26) =     -0.30369  eV     1   --> A              
     e( 27 - 27) =      0.02827  eV     1   --> A              
     e( 28 - 28) =      2.27688  eV     1   --> A              
     e( 29 - 29) =      2.30264  eV     1   --> A              
     e( 30 - 30) =      2.50645  eV     1   --> A              
     e( 31 - 31) =      3.61081  eV     1   --> A              
     e( 32 - 32) =      3.79081  eV     1   --> A              
     e( 33 - 33) =      3.89460  eV     1   --> A              
     e( 34 - 34) =      3.92969  eV     1   --> A              
     e( 35 - 35) =      4.02018  eV     1   --> A              

 **************************************************************************

 **************************************************************************

                    xk=(   0.02000,   0.03464,   0.00000  )

     Band symmetry, C_1 (1)     point group:

     e(  1 -  1) =    -77.90234  eV     1   --> A              
     e(  2 -  2) =    -49.11467  eV     1   --> A              
     e(  3 -  3) =    -49.07792  eV     1   --> A              
     e(  4 -  4) =    -49.07453  eV     1   --> A              
     e(  5 -  5) =    -25.08820  eV     1   --> A              
     e(  6 -  6) =    -25.01723  eV     1   --> A              
     e(  7 -  7) =    -22.21937  eV     1   --> A              
     e(  8 -  8) =    -20.84057  eV     1   --> A              
     e(  9 -  9) =    -14.46073  eV     1   --> A              
     e( 10 - 10) =    -11.89900  eV     1   --> A              
     e( 11 - 11) =     -9.89026  eV     1   --> A              
     e( 12 - 12) =     -9.26855  eV     1   --> A              
     e( 13 - 13) =     -9.24431  eV     1   --> A              
     e( 14 - 14) =     -9.20849  eV     1   --> A              
     e( 15 - 15) =     -9.15140  eV     1   --> A              
     e( 16 - 16) =     -8.95605  eV     1   --> A              
     e( 17 - 17) =     -8.90018  eV     1   --> A              
     e( 18 - 18) =     -7.93575  eV     1   --> A              
     e( 19 - 19) =     -7.64215  eV     1   --> A              
     e( 20 - 20) =     -7.59154  eV     1   --> A              
     e( 21 - 21) =     -5.62777  eV     1   --> A              
     e( 22 - 22) =     -3.24573  eV     1   --> A              
     e( 23 - 23) =     -3.20162  eV     1   --> A              
     e( 24 - 24) =     -3.12802  eV     1   --> A              
     e( 25 - 25) =     -3.10694  eV     1   --> A              
     e( 26 - 26) =     -0.28436  eV     1   --> A              
     e( 27 - 27) =      0.04462  eV     1   --> A              
     e( 28 - 28) =      2.28469  eV     1   --> A              
     e( 29 - 29) =      2.31056  eV     1   --> A              
     e( 30 - 30) =      2.52402  eV     1   --> A              
     e( 31 - 31) =      3.56765  eV     1   --> A              
     e( 32 - 32) =      3.75465  eV     1   --> A              
     e( 33 - 33) =      3.91171  eV     1   --> A              
     e( 34 - 34) =      3.94626  eV     1   --> A              
     e( 35 - 35) =      4.05670  eV     1   --> A              

 **************************************************************************

 **************************************************************************

                    xk=(   0.02333,   0.04041,   0.00000  )

     Band symmetry, C_1 (1)     point group:

     e(  1 -  1) =    -77.90213  eV     1   --> A              
     e(  2 -  2) =    -49.11438  eV     1   --> A              
     e(  3 -  3) =    -49.07950  eV     1   --> A              
     e(  4 -  4) =    -49.07489  eV     1   --> A              
     e(  5 -  5) =    -25.08006  eV     1   --> A              
     e(  6 -  6) =    -25.00922  eV     1   --> A              
     e(  7 -  7) =    -22.21270  eV     1   --> A              
     e(  8 -  8) =    -20.83680  eV     1   --> A              
     e(  9 -  9) =    -14.45364  eV     1   --> A              
     e( 10 - 10) =    -11.89569  eV     1   --> A              
     e( 11 - 11) =     -9.89234  eV     1   --> A              
     e( 12 - 12) =     -9.29384  eV     1   --> A              
     e( 13 - 13) =     -9.27956  eV     1   --> A              
     e( 14 - 14) =     -9.21592  eV     1   --> A              
     e( 15 - 15) =     -9.16171  eV     1   --> A              
     e( 16 - 16) =     -8.97165  eV     1   --> A              
     e( 17 - 17) =     -8.89699  eV     1   --> A              
     e( 18 - 18) =     -7.94574  eV     1   --> A              
     e( 19 - 19) =     -7.65163  eV     1   --> A              
     e( 20 - 20) =     -7.58391  eV     1   --> A              
     e( 21 - 21) =     -5.63233  eV     1   --> A              
     e( 22 - 22) =     -3.25335  eV     1   --> A              
     e( 23 - 23) =     -3.19371  eV     1   --> A              
     e( 24 - 24) =     -3.13998  eV     1   --> A              
     e( 25 - 25) =     -3.11202  eV     1   --> A              
     e( 26 - 26) =     -0.26200  eV     1   --> A              
     e( 27 - 27) =      0.06356  eV     1   --> A              
     e( 28 - 28) =      2.29338  eV     1   --> A              
     e( 29 - 29) =      2.31943  eV     1   --> A              
     e( 30 - 30) =      2.54483  eV     1   --> A              
     e( 31 - 31) =      3.52386  eV     1   --> A              
     e( 32 - 32) =      3.71439  eV     1   --> A              
     e( 33 - 33) =      3.93178  eV     1   --> A              
     e( 34 - 34) =      3.96576  eV     1   --> A              
     e( 35 - 35) =      4.09357  eV     1   --> A              

 **************************************************************************

 **************************************************************************

                    xk=(   0.02667,   0.04619,   0.00000  )

     Band symmetry, C_1 (1)     point group:

     e(  1 -  1) =    -77.90188  eV     1   --> A              
     e(  2 -  2) =    -49.11404  eV     1   --> A              
     e(  3 -  3) =    -49.08131  eV     1   --> A              
     e(  4 -  4) =    -49.07531  eV     1   --> A              
     e(  5 -  5) =    -25.07068  eV     1   --> A              
     e(  6 -  6) =    -24.99999  eV     1   --> A              
     e(  7 -  7) =    -22.20503  eV     1   --> A              
     e(  8 -  8) =    -20.83247  eV     1   --> A              
     e(  9 -  9) =    -14.44549  eV     1   --> A              
     e( 10 - 10) =    -11.89189  eV     1   --> A              
     e( 11 - 11) =     -9.89561  eV     1   --> A              
     e( 12 - 12) =     -9.33054  eV     1   --> A              
     e( 13 - 13) =     -9.31228  eV     1   --> A              
     e( 14 - 14) =     -9.22327  eV     1   --> A              
     e( 15 - 15) =     -9.17402  eV     1   --> A              
     e( 16 - 16) =     -8.98878  eV     1   --> A              
     e( 17 - 17) =     -8.89321  eV     1   --> A              
     e( 18 - 18) =     -7.95683  eV     1   --> A              
     e( 19 - 19) =     -7.66268  eV     1   --> A              
     e( 20 - 20) =     -7.57593  eV     1   --> A              
     e( 21 - 21) =     -5.63774  eV     1   --> A              
     e( 22 - 22) =     -3.26185  eV     1   --> A              
     e( 23 - 23) =     -3.18489  eV     1   --> A              
     e( 24 - 24) =     -3.15324  eV     1   --> A              
     e( 25 - 25) =     -3.11767  eV     1   --> A              
     e( 26 - 26) =     -0.23682  eV     1   --> A              
     e( 27 - 27) =      0.08488  eV     1   --> A              
     e( 28 - 28) =      2.30272  eV     1   --> A              
     e( 29 - 29) =      2.32903  eV     1   --> A              
     e( 30 - 30) =      2.56886  eV     1   --> A              
     e( 31 - 31) =      3.47972  eV     1   --> A              
     e( 32 - 32) =      3.67093  eV     1   --> A              
     e( 33 - 33) =      3.95466  eV     1   --> A              
     e( 34 - 34) =      3.98818  eV     1   --> A              
     e( 35 - 35) =      4.13092  eV     1   --> A              

 **************************************************************************

 **************************************************************************

                    xk=(   0.03000,   0.05196,   0.00000  )

     Band symmetry, C_1 (1)     point group:

     e(  1 -  1) =    -77.90159  eV     1   --> A              
     e(  2 -  2) =    -49.11366  eV     1   --> A              
     e(  3 -  3) =    -49.08336  eV     1   --> A              
     e(  4 -  4) =    -49.07577  eV     1   --> A              
     e(  5 -  5) =    -25.06005  eV     1   --> A              
     e(  6 -  6) =    -24.98953  eV     1   --> A              
     e(  7 -  7) =    -22.19636  eV     1   --> A              
     e(  8 -  8) =    -20.82757  eV     1   --> A              
     e(  9 -  9) =    -14.43628  eV     1   --> A              
     e( 10 - 10) =    -11.88762  eV     1   --> A              
     e( 11 - 11) =     -9.90057  eV     1   --> A              
     e( 12 - 12) =     -9.37810  eV     1   --> A              
     e( 13 - 13) =     -9.34135  eV     1   --> A              
     e( 14 - 14) =     -9.23152  eV     1   --> A              
     e( 15 - 15) =     -9.18839  eV     1   --> A              
     e( 16 - 16) =     -9.00714  eV     1   --> A              
     e( 17 - 17) =     -8.88877  eV     1   --> A              
     e( 18 - 18) =     -7.96891  eV     1   --> A              
     e( 19 - 19) =     -7.67537  eV     1   --> A              
     e( 20 - 20) =     -7.56785  eV     1   --> A              
     e( 21 - 21) =     -5.64405  eV     1   --> A              
     e( 22 - 22) =     -3.27111  eV     1   --> A              
     e( 23 - 23) =     -3.17610  eV     1   --> A              
     e( 24 - 24) =     -3.16705  eV     1   --> A              
     e( 25 - 25) =     -3.12355  eV     1   --> A              
     e( 26 - 26) =     -0.20908  eV     1   --> A              
     e( 27 - 27) =      0.10838  eV     1   --> A              
     e( 28 - 28) =      2.31241  eV     1   --> A              
     e( 29 - 29) =      2.33911  eV     1   --> A              
     e( 30 - 30) =      2.59600  eV     1   --> A              
     e( 31 - 31) =      3.43556  eV     1   --> A              
     e( 32 - 32) =      3.62508  eV     1   --> A              
     e( 33 - 33) =      3.98013  eV     1   --> A              
     e( 34 - 34) =      4.01351  eV     1   --> A              
     e( 35 - 35) =      4.16894  eV     1   --> A              

 **************************************************************************

 **************************************************************************

                    xk=(   0.03333,   0.05774,   0.00000  )

     Band symmetry, C_1 (1)     point group:

     e(  1 -  1) =    -77.90128  eV     1   --> A              
     e(  2 -  2) =    -49.11323  eV     1   --> A              
     e(  3 -  3) =    -49.08563  eV     1   --> A              
     e(  4 -  4) =    -49.07630  eV     1   --> A              
     e(  5 -  5) =    -25.04819  eV     1   --> A              
     e(  6 -  6) =    -24.97786  eV     1   --> A              
     e(  7 -  7) =    -22.18669  eV     1   --> A              
     e(  8 -  8) =    -20.82211  eV     1   --> A              
     e(  9 -  9) =    -14.42605  eV     1   --> A              
     e( 10 - 10) =    -11.88287  eV     1   --> A              
     e( 11 - 11) =     -9.90783  eV     1   --> A              
     e( 12 - 12) =     -9.43139  eV     1   --> A              
     e( 13 - 13) =     -9.37072  eV     1   --> A              
     e( 14 - 14) =     -9.24101  eV     1   --> A              
     e( 15 - 15) =     -9.20488  eV     1   --> A              
     e( 16 - 16) =     -9.02649  eV     1   --> A              
     e( 17 - 17) =     -8.88359  eV     1   --> A              
     e( 18 - 18) =     -7.98186  eV     1   --> A              
     e( 19 - 19) =     -7.68975  eV     1   --> A              
     e( 20 - 20) =     -7.55985  eV     1   --> A              
     e( 21 - 21) =     -5.65133  eV     1   --> A              
     e( 22 - 22) =     -3.28102  eV     1   --> A              
     e( 23 - 23) =     -3.18400  eV     1   --> A              
     e( 24 - 24) =     -3.16555  eV     1   --> A              
     e( 25 - 25) =     -3.12867  eV     1   --> A              
     e( 26 - 26) =     -0.17903  eV     1   --> A              
     e( 27 - 27) =      0.13385  eV     1   --> A              
     e( 28 - 28) =      2.32215  eV     1   --> A              
     e( 29 - 29) =      2.34940  eV     1   --> A              
     e( 30 - 30) =      2.62614  eV     1   --> A              
     e( 31 - 31) =      3.39176  eV     1   --> A              
     e( 32 - 32) =      3.57764  eV     1   --> A              
     e( 33 - 33) =      4.00784  eV     1   --> A              
     e( 34 - 34) =      4.04184  eV     1   --> A              
     e( 35 - 35) =      4.20792  eV     1   --> A              

 **************************************************************************

 **************************************************************************

                    xk=(   0.03667,   0.06351,   0.00000  )

     Band symmetry, C_1 (1)     point group:

     e(  1 -  1) =    -77.90093  eV     1   --> A              
     e(  2 -  2) =    -49.11276  eV     1   --> A              
     e(  3 -  3) =    -49.08812  eV     1   --> A              
     e(  4 -  4) =    -49.07687  eV     1   --> A              
     e(  5 -  5) =    -25.03509  eV     1   --> A              
     e(  6 -  6) =    -24.96497  eV     1   --> A              
     e(  7 -  7) =    -22.17603  eV     1   --> A              
     e(  8 -  8) =    -20.81610  eV     1   --> A              
     e(  9 -  9) =    -14.41479  eV     1   --> A              
     e( 10 - 10) =    -11.87766  eV     1   --> A              
     e( 11 - 11) =     -9.91821  eV     1   --> A              
     e( 12 - 12) =     -9.48923  eV     1   --> A              
     e( 13 - 13) =     -9.40034  eV     1   --> A              
     e( 14 - 14) =     -9.25199  eV     1   --> A              
     e( 15 - 15) =     -9.22343  eV     1   --> A              
     e( 16 - 16) =     -9.04661  eV     1   --> A              
     e( 17 - 17) =     -8.87763  eV     1   --> A              
     e( 18 - 18) =     -7.99559  eV     1   --> A              
     e( 19 - 19) =     -7.70585  eV     1   --> A              
     e( 20 - 20) =     -7.55211  eV     1   --> A              
     e( 21 - 21) =     -5.65962  eV     1   --> A              
     e( 22 - 22) =     -3.29148  eV     1   --> A              
     e( 23 - 23) =     -3.20004  eV     1   --> A              
     e( 24 - 24) =     -3.16024  eV     1   --> A              
     e( 25 - 25) =     -3.12991  eV     1   --> A              
     e( 26 - 26) =     -0.14692  eV     1   --> A              
     e( 27 - 27) =      0.16104  eV     1   --> A              
     e( 28 - 28) =      2.33157  eV     1   --> A              
     e( 29 - 29) =      2.35956  eV     1   --> A              
     e( 30 - 30) =      2.65910  eV     1   --> A              
     e( 31 - 31) =      3.34875  eV     1   --> A              
     e( 32 - 32) =      3.52940  eV     1   --> A              
     e( 33 - 33) =      4.03730  eV     1   --> A              
     e( 34 - 34) =      4.07328  eV     1   --> A              
     e( 35 - 35) =      4.24819  eV     1   --> A              

 **************************************************************************

 **************************************************************************

                    xk=(   0.04000,   0.06928,   0.00000  )

     Band symmetry, C_1 (1)     point group:

     e(  1 -  1) =    -77.90055  eV     1   --> A              
     e(  2 -  2) =    -49.11225  eV     1   --> A              
     e(  3 -  3) =    -49.09084  eV     1   --> A              
     e(  4 -  4) =    -49.07751  eV     1   --> A              
     e(  5 -  5) =    -25.02076  eV     1   --> A              
     e(  6 -  6) =    -24.95086  eV     1   --> A              
     e(  7 -  7) =    -22.16440  eV     1   --> A              
     e(  8 -  8) =    -20.80954  eV     1   --> A              
     e(  9 -  9) =    -14.40253  eV     1   --> A              
     e( 10 - 10) =    -11.87200  eV     1   --> A              
     e( 11 - 11) =     -9.93262  eV     1   --> A              
     e( 12 - 12) =     -9.55113  eV     1   --> A              
     e( 13 - 13) =     -9.42934  eV     1   --> A              
     e( 14 - 14) =     -9.26484  eV     1   --> A              
     e( 15 - 15) =     -9.24382  eV     1   --> A              
     e( 16 - 16) =     -9.06730  eV     1   --> A              
     e( 17 - 17) =     -8.87085  eV     1   --> A              
     e( 18 - 18) =     -8.00999  eV     1   --> A              
     e( 19 - 19) =     -7.72372  eV     1   --> A              
     e( 20 - 20) =     -7.54478  eV     1   --> A              
     e( 21 - 21) =     -5.66898  eV     1   --> A              
     e( 22 - 22) =     -3.30239  eV     1   --> A              
     e( 23 - 23) =     -3.21685  eV     1   --> A              
     e( 24 - 24) =     -3.16234  eV     1   --> A              
     e( 25 - 25) =     -3.12325  eV     1   --> A              
     e( 26 - 26) =     -0.11305  eV     1   --> A              
     e( 27 - 27) =      0.18971  eV     1   --> A              
     e( 28 - 28) =      2.34028  eV     1   --> A              
     e( 29 - 29) =      2.36919  eV     1   --> A              
     e( 30 - 30) =      2.69465  eV     1   --> A              
     e( 31 - 31) =      3.30708  eV     1   --> A              
     e( 32 - 32) =      3.48112  eV     1   --> A              
     e( 33 - 33) =      4.06792  eV     1   --> A              
     e( 34 - 34) =      4.10802  eV     1   --> A              
     e( 35 - 35) =      4.29010  eV     1   --> A              

 **************************************************************************

 **************************************************************************

                    xk=(   0.04333,   0.07506,   0.00000  )

     Band symmetry, C_1 (1)     point group:

     e(  1 -  1) =    -77.90014  eV     1   --> A              
     e(  2 -  2) =    -49.11170  eV     1   --> A              
     e(  3 -  3) =    -49.09377  eV     1   --> A              
     e(  4 -  4) =    -49.07820  eV     1   --> A              
     e(  5 -  5) =    -25.00520  eV     1   --> A              
     e(  6 -  6) =    -24.93555  eV     1   --> A              
     e(  7 -  7) =    -22.15180  eV     1   --> A              
     e(  8 -  8) =    -20.80244  eV     1   --> A              
     e(  9 -  9) =    -14.38928  eV     1   --> A              
     e( 10 - 10) =    -11.86591  eV     1   --> A              
     e( 11 - 11) =     -9.95210  eV     1   --> A              
     e( 12 - 12) =     -9.61676  eV     1   --> A              
     e( 13 - 13) =     -9.45665  eV     1   --> A              
     e( 14 - 14) =     -9.28051  eV     1   --> A              
     e( 15 - 15) =     -9.26512  eV     1   --> A              
     e( 16 - 16) =     -9.08845  eV     1   --> A              
     e( 17 - 17) =     -8.86319  eV     1   --> A              
     e( 18 - 18) =     -8.02498  eV     1   --> A              
     e( 19 - 19) =     -7.74342  eV     1   --> A              
     e( 20 - 20) =     -7.53797  eV     1   --> A              
     e( 21 - 21) =     -5.67945  eV     1   --> A              
     e( 22 - 22) =     -3.31365  eV     1   --> A              
     e( 23 - 23) =     -3.23403  eV     1   --> A              
     e( 24 - 24) =     -3.16983  eV     1   --> A              
     e( 25 - 25) =     -3.11087  eV     1   --> A              
     e( 26 - 26) =     -0.07769  eV     1   --> A              
     e( 27 - 27) =      0.21961  eV     1   --> A              
     e( 28 - 28) =      2.34785  eV     1   --> A              
     e( 29 - 29) =      2.37782  eV     1   --> A              
     e( 30 - 30) =      2.73256  eV     1   --> A              
     e( 31 - 31) =      3.26736  eV     1   --> A              
     e( 32 - 32) =      3.43361  eV     1   --> A              
     e( 33 - 33) =      4.09909  eV     1   --> A              
     e( 34 - 34) =      4.14615  eV     1   --> A              
     e( 35 - 35) =      4.33407  eV     1   --> A              

 **************************************************************************

 **************************************************************************

                    xk=(   0.04667,   0.08083,   0.00000  )

     Band symmetry, C_1 (1)     point group:

     e(  1 -  1) =    -77.89970  eV     1   --> A              
     e(  2 -  2) =    -49.11111  eV     1   --> A              
     e(  3 -  3) =    -49.09692  eV     1   --> A              
     e(  4 -  4) =    -49.07894  eV     1   --> A              
     e(  5 -  5) =    -24.98842  eV     1   --> A              
     e(  6 -  6) =    -24.91903  eV     1   --> A              
     e(  7 -  7) =    -22.13825  eV     1   --> A              
     e(  8 -  8) =    -20.79480  eV     1   --> A              
     e(  9 -  9) =    -14.37508  eV     1   --> A              
     e( 10 - 10) =    -11.85940  eV     1   --> A              
     e( 11 - 11) =     -9.97763  eV     1   --> A              
     e( 12 - 12) =     -9.68581  eV     1   --> A              
     e( 13 - 13) =     -9.48121  eV     1   --> A              
     e( 14 - 14) =     -9.30099  eV     1   --> A              
     e( 15 - 15) =     -9.28530  eV     1   --> A              
     e( 16 - 16) =     -9.10998  eV     1   --> A              
     e( 17 - 17) =     -8.85466  eV     1   --> A              
     e( 18 - 18) =     -8.04047  eV     1   --> A              
     e( 19 - 19) =     -7.76497  eV     1   --> A              
     e( 20 - 20) =     -7.53179  eV     1   --> A              
     e( 21 - 21) =     -5.69107  eV     1   --> A              
     e( 22 - 22) =     -3.32522  eV     1   --> A              
     e( 23 - 23) =     -3.25135  eV     1   --> A              
     e( 24 - 24) =     -3.17978  eV     1   --> A              
     e( 25 - 25) =     -3.09577  eV     1   --> A              
     e( 26 - 26) =     -0.04112  eV     1   --> A              
     e( 27 - 27) =      0.25048  eV     1   --> A              
     e( 28 - 28) =      2.35381  eV     1   --> A              
     e( 29 - 29) =      2.38488  eV     1   --> A              
     e( 30 - 30) =      2.77253  eV     1   --> A              
     e( 31 - 31) =      3.23029  eV     1   --> A              
     e( 32 - 32) =      3.38770  eV     1   --> A              
     e( 33 - 33) =      4.13027  eV     1   --> A              
     e( 34 - 34) =      4.18767  eV     1   --> A              
     e( 35 - 35) =      4.38048  eV     1   --> A              

 **************************************************************************

 **************************************************************************

                    xk=(   0.05000,   0.08660,   0.00000  )

     Band symmetry, C_1 (1)     point group:

     e(  1 -  1) =    -77.89924  eV     1   --> A              
     e(  2 -  2) =    -49.11048  eV     1   --> A              
     e(  3 -  3) =    -49.10026  eV     1   --> A              
     e(  4 -  4) =    -49.07974  eV     1   --> A              
     e(  5 -  5) =    -24.97042  eV     1   --> A              
     e(  6 -  6) =    -24.90132  eV     1   --> A              
     e(  7 -  7) =    -22.12376  eV     1   --> A              
     e(  8 -  8) =    -20.78663  eV     1   --> A              
     e(  9 -  9) =    -14.35994  eV     1   --> A              
     e( 10 - 10) =    -11.85249  eV     1   --> A              
     e( 11 - 11) =    -10.00996  eV     1   --> A              
     e( 12 - 12) =     -9.75802  eV     1   --> A              
     e( 13 - 13) =     -9.50222  eV     1   --> A              
     e( 14 - 14) =     -9.32647  eV     1   --> A              
     e( 15 - 15) =     -9.30404  eV     1   --> A              
     e( 16 - 16) =     -9.13190  eV     1   --> A              
     e( 17 - 17) =     -8.84523  eV     1   --> A              
     e( 18 - 18) =     -8.05636  eV     1   --> A              
     e( 19 - 19) =     -7.78841  eV     1   --> A              
     e( 20 - 20) =     -7.52632  eV     1   --> A              
     e( 21 - 21) =     -5.70387  eV     1   --> A              
     e( 22 - 22) =     -3.33706  eV     1   --> A              
     e( 23 - 23) =     -3.26856  eV     1   --> A              
     e( 24 - 24) =     -3.19114  eV     1   --> A              
     e( 25 - 25) =     -3.07902  eV     1   --> A              
     e( 26 - 26) =     -0.00363  eV     1   --> A              
     e( 27 - 27) =      0.28205  eV     1   --> A              
     e( 28 - 28) =      2.35765  eV     1   --> A              
     e( 29 - 29) =      2.38974  eV     1   --> A              
     e( 30 - 30) =      2.81423  eV     1   --> A              
     e( 31 - 31) =      3.19667  eV     1   --> A              
     e( 32 - 32) =      3.34429  eV     1   --> A              
     e( 33 - 33) =      4.16103  eV     1   --> A              
     e( 34 - 34) =      4.23242  eV     1   --> A              
     e( 35 - 35) =      4.42973  eV     1   --> A              

 **************************************************************************

 **************************************************************************

                    xk=(   0.05333,   0.09238,   0.00000  )

     Band symmetry, C_1 (1)     point group:

     e(  1 -  1) =    -77.89874  eV     1   --> A              
     e(  2 -  2) =    -49.10981  eV     1   --> A              
     e(  3 -  3) =    -49.10381  eV     1   --> A              
     e(  4 -  4) =    -49.08060  eV     1   --> A              
     e(  5 -  5) =    -24.95120  eV     1   --> A              
     e(  6 -  6) =    -24.88241  eV     1   --> A              
     e(  7 -  7) =    -22.10833  eV     1   --> A              
     e(  8 -  8) =    -20.77795  eV     1   --> A              
     e(  9 -  9) =    -14.34388  eV     1   --> A              
     e( 10 - 10) =    -11.84520  eV     1   --> A              
     e( 11 - 11) =    -10.04947  eV     1   --> A              
     e( 12 - 12) =     -9.83314  eV     1   --> A              
     e( 13 - 13) =     -9.51934  eV     1   --> A              
     e( 14 - 14) =     -9.35493  eV     1   --> A              
     e( 15 - 15) =     -9.32309  eV     1   --> A              
     e( 16 - 16) =     -9.15420  eV     1   --> A              
     e( 17 - 17) =     -8.83493  eV     1   --> A              
     e( 18 - 18) =     -8.07257  eV     1   --> A              
     e( 19 - 19) =     -7.81375  eV     1   --> A              
     e( 20 - 20) =     -7.52162  eV     1   --> A              
     e( 21 - 21) =     -5.71787  eV     1   --> A              
     e( 22 - 22) =     -3.34916  eV     1   --> A              
     e( 23 - 23) =     -3.28538  eV     1   --> A              
     e( 24 - 24) =     -3.20357  eV     1   --> A              
     e( 25 - 25) =     -3.06099  eV     1   --> A              
     e( 26 - 26) =      0.03449  eV     1   --> A              
     e( 27 - 27) =      0.31406  eV     1   --> A              
     e( 28 - 28) =      2.35883  eV     1   --> A              
     e( 29 - 29) =      2.39173  eV     1   --> A              
     e( 30 - 30) =      2.85728  eV     1   --> A              
     e( 31 - 31) =      3.16731  eV     1   --> A              
     e( 32 - 32) =      3.30432  eV     1   --> A              
     e( 33 - 33) =      4.19102  eV     1   --> A              
     e( 34 - 34) =      4.28015  eV     1   --> A              
     e( 35 - 35) =      4.48212  eV     1   --> A              

 **************************************************************************

 **************************************************************************

                    xk=(   0.05667,   0.09815,   0.00000  )

     Band symmetry, C_1 (1)     point group:

     e(  1 -  1) =    -77.89821  eV     1   --> A              
     e(  2 -  2) =    -49.10912  eV     1   --> A              
     e(  3 -  3) =    -49.10752  eV     1   --> A              
     e(  4 -  4) =    -49.08151  eV     1   --> A              
     e(  5 -  5) =    -24.93079  eV     1   --> A              
     e(  6 -  6) =    -24.86231  eV     1   --> A              
     e(  7 -  7) =    -22.09199  eV     1   --> A              
     e(  8 -  8) =    -20.76875  eV     1   --> A              
     e(  9 -  9) =    -14.32695  eV     1   --> A              
     e( 10 - 10) =    -11.83754  eV     1   --> A              
     e( 11 - 11) =    -10.09607  eV     1   --> A              
     e( 12 - 12) =     -9.91091  eV     1   --> A              
     e( 13 - 13) =     -9.53286  eV     1   --> A              
     e( 14 - 14) =     -9.38499  eV     1   --> A              
     e( 15 - 15) =     -9.34331  eV     1   --> A              
     e( 16 - 16) =     -9.17693  eV     1   --> A              
     e( 17 - 17) =     -8.82375  eV     1   --> A              
     e( 18 - 18) =     -8.08901  eV     1   --> A              
     e( 19 - 19) =     -7.84103  eV     1   --> A              
     e( 20 - 20) =     -7.51773  eV     1   --> A              
     e( 21 - 21) =     -5.73310  eV     1   --> A              
     e( 22 - 22) =     -3.36157  eV     1   --> A              
     e( 23 - 23) =     -3.30153  eV     1   --> A              
     e( 24 - 24) =     -3.21689  eV     1   --> A              
     e( 25 - 25) =     -3.04186  eV     1   --> A              
     e( 26 - 26) =      0.07295  eV     1   --> A              
     e( 27 - 27) =      0.34623  eV     1   --> A              
     e( 28 - 28) =      2.35683  eV     1   --> A              
     e( 29 - 29) =      2.39021  eV     1   --> A              
     e( 30 - 30) =      2.90119  eV     1   --> A              
     e( 31 - 31) =      3.14300  eV     1   --> A              
     e( 32 - 32) =      3.26882  eV     1   --> A              
     e( 33 - 33) =      4.21995  eV     1   --> A              
     e( 34 - 34) =      4.33057  eV     1   --> A              
     e( 35 - 35) =      4.53790  eV     1   --> A              

 **************************************************************************

 **************************************************************************

                    xk=(   0.06000,   0.10392,   0.00000  )

     Band symmetry, C_1 (1)     point group:

     e(  1 -  1) =    -77.89766  eV     1   --> A              
     e(  2 -  2) =    -49.11150  eV     1   --> A              
     e(  3 -  3) =    -49.10832  eV     1   --> A              
     e(  4 -  4) =    -49.08248  eV     1   --> A              
     e(  5 -  5) =    -24.90917  eV     1   --> A              
     e(  6 -  6) =    -24.84104  eV     1   --> A              
     e(  7 -  7) =    -22.07475  eV     1   --> A              
     e(  8 -  8) =    -20.75905  eV     1   --> A              
     e(  9 -  9) =    -14.30916  eV     1   --> A              
     e( 10 - 10) =    -11.82956  eV     1   --> A              
     e( 11 - 11) =    -10.14932  eV     1   --> A              
     e( 12 - 12) =     -9.99111  eV     1   --> A              
     e( 13 - 13) =     -9.54387  eV     1   --> A              
     e( 14 - 14) =     -9.41544  eV     1   --> A              
     e( 15 - 15) =     -9.36500  eV     1   --> A              
     e( 16 - 16) =     -9.20014  eV     1   --> A              
     e( 17 - 17) =     -8.81173  eV     1   --> A              
     e( 18 - 18) =     -8.10559  eV     1   --> A              
     e( 19 - 19) =     -7.87024  eV     1   --> A              
     e( 20 - 20) =     -7.51469  eV     1   --> A              
     e( 21 - 21) =     -5.74955  eV     1   --> A              
     e( 22 - 22) =     -3.37438  eV     1   --> A              
     e( 23 - 23) =     -3.31671  eV     1   --> A              
     e( 24 - 24) =     -3.23104  eV     1   --> A              
     e( 25 - 25) =     -3.02176  eV     1   --> A              
     e( 26 - 26) =      0.11148  eV     1   --> A              
     e( 27 - 27) =      0.37831  eV     1   --> A              
     e( 28 - 28) =      2.35118  eV     1   --> A              
     e( 29 - 29) =      2.38465  eV     1   --> A              
     e( 30 - 30) =      2.94528  eV     1   --> A              
     e( 31 - 31) =      3.12446  eV     1   --> A              
     e( 32 - 32) =      3.23895  eV     1   --> A              
     e( 33 - 33) =      4.24759  eV     1   --> A              
     e( 34 - 34) =      4.38334  eV     1   --> A              
     e( 35 - 35) =      4.59719  eV     1   --> A              

 **************************************************************************

 **************************************************************************

                    xk=(   0.06333,   0.10970,   0.00000  )

     Band symmetry, C_1 (1)     point group:

     e(  1 -  1) =    -77.89708  eV     1   --> A              
     e(  2 -  2) =    -49.11560  eV     1   --> A              
     e(  3 -  3) =    -49.10755  eV     1   --> A              
     e(  4 -  4) =    -49.08350  eV     1   --> A              
     e(  5 -  5) =    -24.88636  eV     1   --> A              
     e(  6 -  6) =    -24.81859  eV     1   --> A              
     e(  7 -  7) =    -22.05663  eV     1   --> A              
     e(  8 -  8) =    -20.74887  eV     1   --> A              
     e(  9 -  9) =    -14.29055  eV     1   --> A              
     e( 10 - 10) =    -11.82127  eV     1   --> A              
     e( 11 - 11) =    -10.20855  eV     1   --> A              
     e( 12 - 12) =    -10.07351  eV     1   --> A              
     e( 13 - 13) =     -9.55459  eV     1   --> A              
     e( 14 - 14) =     -9.44431  eV     1   --> A              
     e( 15 - 15) =     -9.38828  eV     1   --> A              
     e( 16 - 16) =     -9.22388  eV     1   --> A              
     e( 17 - 17) =     -8.79891  eV     1   --> A              
     e( 18 - 18) =     -8.12224  eV     1   --> A              
     e( 19 - 19) =     -7.90138  eV     1   --> A              
     e( 20 - 20) =     -7.51252  eV     1   --> A              
     e( 21 - 21) =     -5.76723  eV     1   --> A              
     e( 22 - 22) =     -3.38766  eV     1   --> A              
     e( 23 - 23) =     -3.33067  eV     1   --> A              
     e( 24 - 24) =     -3.24594  eV     1   --> A              
     e( 25 - 25) =     -3.00075  eV     1   --> A              
     e( 26 - 26) =      0.14977  eV     1   --> A              
     e( 27 - 27) =      0.41001  eV     1   --> A              
     e( 28 - 28) =      2.34154  eV     1   --> A              
     e( 29 - 29) =      2.37472  eV     1   --> A              
     e( 30 - 30) =      2.98850  eV     1   --> A              
     e( 31 - 31) =      3.11218  eV     1   --> A              
     e( 32 - 32) =      3.21610  eV     1   --> A              
     e( 33 - 33) =      4.27378  eV     1   --> A              
     e( 34 - 34) =      4.43804  eV     1   --> A              
     e( 35 - 35) =      4.66003  eV     1   --> A              

 **************************************************************************

 **************************************************************************

                    xk=(   0.06667,   0.11547,   0.00000  )

     Band symmetry, C_1 (1)     point group:

     e(  1 -  1) =    -77.89647  eV     1   --> A              
     e(  2 -  2) =    -49.11988  eV     1   --> A              
     e(  3 -  3) =    -49.10673  eV     1   --> A              
     e(  4 -  4) =    -49.08458  eV     1   --> A              
     e(  5 -  5) =    -24.86237  eV     1   --> A              
     e(  6 -  6) =    -24.79497  eV     1   --> A              
     e(  7 -  7) =    -22.03764  eV     1   --> A              
     e(  8 -  8) =    -20.73820  eV     1   --> A              
     e(  9 -  9) =    -14.27116  eV     1   --> A              
     e( 10 - 10) =    -11.81270  eV     1   --> A              
     e( 11 - 11) =    -10.27303  eV     1   --> A              
     e( 12 - 12) =    -10.15790  eV     1   --> A              
     e( 13 - 13) =     -9.56888  eV     1   --> A              
     e( 14 - 14) =     -9.46815  eV     1   --> A              
     e( 15 - 15) =     -9.41318  eV     1   --> A              
     e( 16 - 16) =     -9.24818  eV     1   --> A              
     e( 17 - 17) =     -8.78531  eV     1   --> A              
     e( 18 - 18) =     -8.13887  eV     1   --> A              
     e( 19 - 19) =     -7.93443  eV     1   --> A              
     e( 20 - 20) =     -7.51124  eV     1   --> A              
     e( 21 - 21) =     -5.78610  eV     1   --> A              
     e( 22 - 22) =     -3.40146  eV     1   --> A              
     e( 23 - 23) =     -3.34318  eV     1   --> A              
     e( 24 - 24) =     -3.26154  eV     1   --> A              
     e( 25 - 25) =     -2.97891  eV     1   --> A              
     e( 26 - 26) =      0.18754  eV     1   --> A              
     e( 27 - 27) =      0.44108  eV     1   --> A              
     e( 28 - 28) =      2.32781  eV     1   --> A              
     e( 29 - 29) =      2.36037  eV     1   --> A              
     e( 30 - 30) =      3.02883  eV     1   --> A              
     e( 31 - 31) =      3.10654  eV     1   --> A              
     e( 32 - 32) =      3.20227  eV     1   --> A              
     e( 33 - 33) =      4.29840  eV     1   --> A              
     e( 34 - 34) =      4.49423  eV     1   --> A              
     e( 35 - 35) =      4.72636  eV     1   --> A              

 **************************************************************************

 **************************************************************************

                    xk=(   0.07000,   0.12124,   0.00000  )

     Band symmetry, C_1 (1)     point group:

     e(  1 -  1) =    -77.89584  eV     1   --> A              
     e(  2 -  2) =    -49.12432  eV     1   --> A              
     e(  3 -  3) =    -49.10588  eV     1   --> A              
     e(  4 -  4) =    -49.08572  eV     1   --> A              
     e(  5 -  5) =    -24.83720  eV     1   --> A              
     e(  6 -  6) =    -24.77020  eV     1   --> A              
     e(  7 -  7) =    -22.01781  eV     1   --> A              
     e(  8 -  8) =    -20.72707  eV     1   --> A              
     e(  9 -  9) =    -14.25102  eV     1   --> A              
     e( 10 - 10) =    -11.80390  eV     1   --> A              
     e( 11 - 11) =    -10.34201  eV     1   --> A              
     e( 12 - 12) =    -10.24405  eV     1   --> A              
     e( 13 - 13) =     -9.59108  eV     1   --> A              
     e( 14 - 14) =     -9.48304  eV     1   --> A              
     e( 15 - 15) =     -9.43975  eV     1   --> A              
     e( 16 - 16) =     -9.27305  eV     1   --> A              
     e( 17 - 17) =     -8.77100  eV     1   --> A              
     e( 18 - 18) =     -8.15540  eV     1   --> A              
     e( 19 - 19) =     -7.96938  eV     1   --> A              
     e( 20 - 20) =     -7.51085  eV     1   --> A              
     e( 21 - 21) =     -5.80616  eV     1   --> A              
     e( 22 - 22) =     -3.41573  eV     1   --> A              
     e( 23 - 23) =     -3.35417  eV     1   --> A              
     e( 24 - 24) =     -3.27780  eV     1   --> A              
     e( 25 - 25) =     -2.95629  eV     1   --> A              
     e( 26 - 26) =      0.22449  eV     1   --> A              
     e( 27 - 27) =      0.47122  eV     1   --> A              
     e( 28 - 28) =      2.31013  eV     1   --> A              
     e( 29 - 29) =      2.34185  eV     1   --> A              
     e( 30 - 30) =      3.06246  eV     1   --> A              
     e( 31 - 31) =      3.10790  eV     1   --> A              
     e( 32 - 32) =      3.20072  eV     1   --> A              
     e( 33 - 33) =      4.32139  eV     1   --> A              
     e( 34 - 34) =      4.55138  eV     1   --> A              
     e( 35 - 35) =      4.79605  eV     1   --> A              

 **************************************************************************

 **************************************************************************

                    xk=(   0.07333,   0.12702,   0.00000  )

     Band symmetry, C_1 (1)     point group:

     e(  1 -  1) =    -77.89518  eV     1   --> A              
     e(  2 -  2) =    -49.12893  eV     1   --> A              
     e(  3 -  3) =    -49.10499  eV     1   --> A              
     e(  4 -  4) =    -49.08691  eV     1   --> A              
     e(  5 -  5) =    -24.81086  eV     1   --> A              
     e(  6 -  6) =    -24.74427  eV     1   --> A              
     e(  7 -  7) =    -21.99714  eV     1   --> A              
     e(  8 -  8) =    -20.71548  eV     1   --> A              
     e(  9 -  9) =    -14.23019  eV     1   --> A              
     e( 10 - 10) =    -11.79492  eV     1   --> A              
     e( 11 - 11) =    -10.41484  eV     1   --> A              
     e( 12 - 12) =    -10.33176  eV     1   --> A              
     e( 13 - 13) =     -9.62211  eV     1   --> A              
     e( 14 - 14) =     -9.48852  eV     1   --> A              
     e( 15 - 15) =     -9.46802  eV     1   --> A              
     e( 16 - 16) =     -9.29846  eV     1   --> A              
     e( 17 - 17) =     -8.75601  eV     1   --> A              
     e( 18 - 18) =     -8.17176  eV     1   --> A              
     e( 19 - 19) =     -8.00619  eV     1   --> A              
     e( 20 - 20) =     -7.51137  eV     1   --> A              
     e( 21 - 21) =     -5.82736  eV     1   --> A              
     e( 22 - 22) =     -3.43038  eV     1   --> A              
     e( 23 - 23) =     -3.36364  eV     1   --> A              
     e( 24 - 24) =     -3.29464  eV     1   --> A              
     e( 25 - 25) =     -2.93298  eV     1   --> A              
     e( 26 - 26) =      0.26031  eV     1   --> A              
     e( 27 - 27) =      0.50016  eV     1   --> A              
     e( 28 - 28) =      2.28893  eV     1   --> A              
     e( 29 - 29) =      2.31966  eV     1   --> A              
     e( 30 - 30) =      3.08494  eV     1   --> A              
     e( 31 - 31) =      3.11634  eV     1   --> A              
     e( 32 - 32) =      3.21514  eV     1   --> A              
     e( 33 - 33) =      4.34271  eV     1   --> A              
     e( 34 - 34) =      4.60891  eV     1   --> A              
     e( 35 - 35) =      4.86890  eV     1   --> A              

 **************************************************************************

 **************************************************************************

                    xk=(   0.07667,   0.13279,   0.00000  )

     Band symmetry, C_1 (1)     point group:

     e(  1 -  1) =    -77.89450  eV     1   --> A              
     e(  2 -  2) =    -49.13368  eV     1   --> A              
     e(  3 -  3) =    -49.10407  eV     1   --> A              
     e(  4 -  4) =    -49.08816  eV     1   --> A              
     e(  5 -  5) =    -24.78337  eV     1   --> A              
     e(  6 -  6) =    -24.71720  eV     1   --> A              
     e(  7 -  7) =    -21.97566  eV     1   --> A              
     e(  8 -  8) =    -20.70345  eV     1   --> A              
     e(  9 -  9) =    -14.20869  eV     1   --> A              
     e( 10 - 10) =    -11.78582  eV     1   --> A              
     e( 11 - 11) =    -10.49094  eV     1   --> A              
     e( 12 - 12) =    -10.42082  eV     1   --> A              
     e( 13 - 13) =     -9.65954  eV     1   --> A              
     e( 14 - 14) =     -9.49797  eV     1   --> A              
     e( 15 - 15) =     -9.48745  eV     1   --> A              
     e( 16 - 16) =     -9.32426  eV     1   --> A              
     e( 17 - 17) =     -8.74041  eV     1   --> A              
     e( 18 - 18) =     -8.18786  eV     1   --> A              
     e( 19 - 19) =     -8.04479  eV     1   --> A              
     e( 20 - 20) =     -7.51277  eV     1   --> A              
     e( 21 - 21) =     -5.84965  eV     1   --> A              
     e( 22 - 22) =     -3.44526  eV     1   --> A              
     e( 23 - 23) =     -3.37166  eV     1   --> A              
     e( 24 - 24) =     -3.31200  eV     1   --> A              
     e( 25 - 25) =     -2.90901  eV     1   --> A              
     e( 26 - 26) =      0.29470  eV     1   --> A              
     e( 27 - 27) =      0.52762  eV     1   --> A              
     e( 28 - 28) =      2.26486  eV     1   --> A              
     e( 29 - 29) =      2.29452  eV     1   --> A              
     e( 30 - 30) =      3.09836  eV     1   --> A              
     e( 31 - 31) =      3.12947  eV     1   --> A              
     e( 32 - 32) =      3.24470  eV     1   --> A              
     e( 33 - 33) =      4.36235  eV     1   --> A              
     e( 34 - 34) =      4.66620  eV     1   --> A              
     e( 35 - 35) =      4.94465  eV     1   --> A              

 **************************************************************************

 **************************************************************************

                    xk=(   0.08000,   0.13856,   0.00000  )

     Band symmetry, C_1 (1)     point group:

     e(  1 -  1) =    -77.89379  eV     1   --> A              
     e(  2 -  2) =    -49.13858  eV     1   --> A              
     e(  3 -  3) =    -49.10312  eV     1   --> A              
     e(  4 -  4) =    -49.08947  eV     1   --> A              
     e(  5 -  5) =    -24.75472  eV     1   --> A              
     e(  6 -  6) =    -24.68900  eV     1   --> A              
     e(  7 -  7) =    -21.95340  eV     1   --> A              
     e(  8 -  8) =    -20.69099  eV     1   --> A              
     e(  9 -  9) =    -14.18659  eV     1   --> A              
     e( 10 - 10) =    -11.77666  eV     1   --> A              
     e( 11 - 11) =    -10.56979  eV     1   --> A              
     e( 12 - 12) =    -10.51100  eV     1   --> A              
     e( 13 - 13) =     -9.70106  eV     1   --> A              
     e( 14 - 14) =     -9.52964  eV     1   --> A              
     e( 15 - 15) =     -9.48271  eV     1   --> A              
     e( 16 - 16) =     -9.35016  eV     1   --> A              
     e( 17 - 17) =     -8.72426  eV     1   --> A              
     e( 18 - 18) =     -8.20366  eV     1   --> A              
     e( 19 - 19) =     -8.08511  eV     1   --> A              
     e( 20 - 20) =     -7.51507  eV     1   --> A              
     e( 21 - 21) =     -5.87299  eV     1   --> A              
     e( 22 - 22) =     -3.46023  eV     1   --> A              
     e( 23 - 23) =     -3.37837  eV     1   --> A              
     e( 24 - 24) =     -3.32977  eV     1   --> A              
     e( 25 - 25) =     -2.88446  eV     1   --> A              
     e( 26 - 26) =      0.32734  eV     1   --> A              
     e( 27 - 27) =      0.55332  eV     1   --> A              
     e( 28 - 28) =      2.23872  eV     1   --> A              
     e( 29 - 29) =      2.26729  eV     1   --> A              
     e( 30 - 30) =      3.10876  eV     1   --> A              
     e( 31 - 31) =      3.14574  eV     1   --> A              
     e( 32 - 32) =      3.28357  eV     1   --> A              
     e( 33 - 33) =      4.38032  eV     1   --> A              
     e( 34 - 34) =      4.72265  eV     1   --> A              
     e( 35 - 35) =      5.02300  eV     1   --> A              

 **************************************************************************

 **************************************************************************

                    xk=(   0.08333,   0.14434,   0.00000  )

     Band symmetry, C_1 (1)     point group:

     e(  1 -  1) =    -77.89307  eV     1   --> A              
     e(  2 -  2) =    -49.14361  eV     1   --> A              
     e(  3 -  3) =    -49.10214  eV     1   --> A              
     e(  4 -  4) =    -49.09083  eV     1   --> A              
     e(  5 -  5) =    -24.72494  eV     1   --> A              
     e(  6 -  6) =    -24.65968  eV     1   --> A              
     e(  7 -  7) =    -21.93037  eV     1   --> A              
     e(  8 -  8) =    -20.67811  eV     1   --> A              
     e(  9 -  9) =    -14.16394  eV     1   --> A              
     e( 10 - 10) =    -11.76754  eV     1   --> A              
     e( 11 - 11) =    -10.65096  eV     1   --> A              
     e( 12 - 12) =    -10.60207  eV     1   --> A              
     e( 13 - 13) =     -9.74535  eV     1   --> A              
     e( 14 - 14) =     -9.56301  eV     1   --> A              
     e( 15 - 15) =     -9.47664  eV     1   --> A              
     e( 16 - 16) =     -9.37532  eV     1   --> A              
     e( 17 - 17) =     -8.70764  eV     1   --> A              
     e( 18 - 18) =     -8.21910  eV     1   --> A              
     e( 19 - 19) =     -8.12706  eV     1   --> A              
     e( 20 - 20) =     -7.51823  eV     1   --> A              
     e( 21 - 21) =     -5.89730  eV     1   --> A              
     e( 22 - 22) =     -3.47518  eV     1   --> A              
     e( 23 - 23) =     -3.38395  eV     1   --> A              
     e( 24 - 24) =     -3.34778  eV     1   --> A              
     e( 25 - 25) =     -2.85940  eV     1   --> A              
     e( 26 - 26) =      0.35793  eV     1   --> A              
     e( 27 - 27) =      0.57697  eV     1   --> A              
     e( 28 - 28) =      2.21139  eV     1   --> A              
     e( 29 - 29) =      2.23886  eV     1   --> A              
     e( 30 - 30) =      3.11913  eV     1   --> A              
     e( 31 - 31) =      3.16558  eV     1   --> A              
     e( 32 - 32) =      3.32688  eV     1   --> A              
     e( 33 - 33) =      4.39665  eV     1   --> A              
     e( 34 - 34) =      4.77768  eV     1   --> A              
     e( 35 - 35) =      5.10360  eV     1   --> A              

 **************************************************************************

 **************************************************************************

                    xk=(   0.08667,   0.15011,   0.00000  )

     Band symmetry, C_1 (1)     point group:

     e(  1 -  1) =    -77.89232  eV     1   --> A              
     e(  2 -  2) =    -49.14877  eV     1   --> A              
     e(  3 -  3) =    -49.10113  eV     1   --> A              
     e(  4 -  4) =    -49.09225  eV     1   --> A              
     e(  5 -  5) =    -24.69402  eV     1   --> A              
     e(  6 -  6) =    -24.62925  eV     1   --> A              
     e(  7 -  7) =    -21.90659  eV     1   --> A              
     e(  8 -  8) =    -20.66483  eV     1   --> A              
     e(  9 -  9) =    -14.14079  eV     1   --> A              
     e( 10 - 10) =    -11.75860  eV     1   --> A              
     e( 11 - 11) =    -10.73405  eV     1   --> A              
     e( 12 - 12) =    -10.69378  eV     1   --> A              
     e( 13 - 13) =     -9.79172  eV     1   --> A              
     e( 14 - 14) =     -9.59810  eV     1   --> A              
     e( 15 - 15) =     -9.47247  eV     1   --> A              
     e( 16 - 16) =     -9.39735  eV     1   --> A              
     e( 17 - 17) =     -8.69065  eV     1   --> A              
     e( 18 - 18) =     -8.23419  eV     1   --> A              
     e( 19 - 19) =     -8.17047  eV     1   --> A              
     e( 20 - 20) =     -7.52228  eV     1   --> A              
     e( 21 - 21) =     -5.92252  eV     1   --> A              
     e( 22 - 22) =     -3.49005  eV     1   --> A              
     e( 23 - 23) =     -3.38887  eV     1   --> A              
     e( 24 - 24) =     -3.36557  eV     1   --> A              
     e( 25 - 25) =     -2.83388  eV     1   --> A              
     e( 26 - 26) =      0.38613  eV     1   --> A              
     e( 27 - 27) =      0.59828  eV     1   --> A              
     e( 28 - 28) =      2.18368  eV     1   --> A              
     e( 29 - 29) =      2.21017  eV     1   --> A              
     e( 30 - 30) =      3.13055  eV     1   --> A              
     e( 31 - 31) =      3.18895  eV     1   --> A              
     e( 32 - 32) =      3.37214  eV     1   --> A              
     e( 33 - 33) =      4.41139  eV     1   --> A              
     e( 34 - 34) =      4.83086  eV     1   --> A              
     e( 35 - 35) =      5.18604  eV     1   --> A              

 **************************************************************************

 **************************************************************************

                    xk=(   0.09000,   0.15588,   0.00000  )

     Band symmetry, C_1 (1)     point group:

     e(  1 -  1) =    -77.89155  eV     1   --> A              
     e(  2 -  2) =    -49.15405  eV     1   --> A              
     e(  3 -  3) =    -49.10009  eV     1   --> A              
     e(  4 -  4) =    -49.09372  eV     1   --> A              
     e(  5 -  5) =    -24.66199  eV     1   --> A              
     e(  6 -  6) =    -24.59771  eV     1   --> A              
     e(  7 -  7) =    -21.88210  eV     1   --> A              
     e(  8 -  8) =    -20.65117  eV     1   --> A              
     e(  9 -  9) =    -14.11721  eV     1   --> A              
     e( 10 - 10) =    -11.75001  eV     1   --> A              
     e( 11 - 11) =    -10.81870  eV     1   --> A              
     e( 12 - 12) =    -10.78583  eV     1   --> A              
     e( 13 - 13) =     -9.83977  eV     1   --> A              
     e( 14 - 14) =     -9.63491  eV     1   --> A              
     e( 15 - 15) =     -9.47668  eV     1   --> A              
     e( 16 - 16) =     -9.41025  eV     1   --> A              
     e( 17 - 17) =     -8.67338  eV     1   --> A              
     e( 18 - 18) =     -8.24921  eV     1   --> A              
     e( 19 - 19) =     -8.21485  eV     1   --> A              
     e( 20 - 20) =     -7.52719  eV     1   --> A              
     e( 21 - 21) =     -5.94856  eV     1   --> A              
     e( 22 - 22) =     -3.50482  eV     1   --> A              
     e( 23 - 23) =     -3.39532  eV     1   --> A              
     e( 24 - 24) =     -3.38088  eV     1   --> A              
     e( 25 - 25) =     -2.80797  eV     1   --> A              
     e( 26 - 26) =      0.41161  eV     1   --> A              
     e( 27 - 27) =      0.61698  eV     1   --> A              
     e( 28 - 28) =      2.15643  eV     1   --> A              
     e( 29 - 29) =      2.18209  eV     1   --> A              
     e( 30 - 30) =      3.14331  eV     1   --> A              
     e( 31 - 31) =      3.21539  eV     1   --> A              
     e( 32 - 32) =      3.41820  eV     1   --> A              
     e( 33 - 33) =      4.42459  eV     1   --> A              
     e( 34 - 34) =      4.88192  eV     1   --> A              
     e( 35 - 35) =      5.26989  eV     1   --> A              

 **************************************************************************

 **************************************************************************

                    xk=(   0.09333,   0.16166,   0.00000  )

     Band symmetry, C_1 (1)     point group:

     e(  1 -  1) =    -77.89076  eV     1   --> A              
     e(  2 -  2) =    -49.15943  eV     1   --> A              
     e(  3 -  3) =    -49.09903  eV     1   --> A              
     e(  4 -  4) =    -49.09525  eV     1   --> A              
     e(  5 -  5) =    -24.62885  eV     1   --> A              
     e(  6 -  6) =    -24.56508  eV     1   --> A              
     e(  7 -  7) =    -21.85691  eV     1   --> A              
     e(  8 -  8) =    -20.63714  eV     1   --> A              
     e(  9 -  9) =    -14.09327  eV     1   --> A              
     e( 10 - 10) =    -11.74201  eV     1   --> A              
     e( 11 - 11) =    -10.90459  eV     1   --> A              
     e( 12 - 12) =    -10.87789  eV     1   --> A              
     e( 13 - 13) =     -9.88924  eV     1   --> A              
     e( 14 - 14) =     -9.67342  eV     1   --> A              
     e( 15 - 15) =     -9.49416  eV     1   --> A              
     e( 16 - 16) =     -9.40946  eV     1   --> A              
     e( 17 - 17) =     -8.65598  eV     1   --> A              
     e( 18 - 18) =     -8.26924  eV     1   --> A              
     e( 19 - 19) =     -8.25491  eV     1   --> A              
     e( 20 - 20) =     -7.53296  eV     1   --> A              
     e( 21 - 21) =     -5.97536  eV     1   --> A              
     e( 22 - 22) =     -3.51950  eV     1   --> A              
     e( 23 - 23) =     -3.40899  eV     1   --> A              
     e( 24 - 24) =     -3.38799  eV     1   --> A              
     e( 25 - 25) =     -2.78175  eV     1   --> A              
     e( 26 - 26) =      0.43406  eV     1   --> A              
     e( 27 - 27) =      0.63282  eV     1   --> A              
     e( 28 - 28) =      2.13034  eV     1   --> A              
     e( 29 - 29) =      2.15543  eV     1   --> A              
     e( 30 - 30) =      3.15725  eV     1   --> A              
     e( 31 - 31) =      3.24443  eV     1   --> A              
     e( 32 - 32) =      3.46449  eV     1   --> A              
     e( 33 - 33) =      4.43634  eV     1   --> A              
     e( 34 - 34) =      4.93077  eV     1   --> A              
     e( 35 - 35) =      5.35465  eV     1   --> A              

 **************************************************************************

 **************************************************************************

                    xk=(   0.09667,   0.16743,   0.00000  )

     Band symmetry, C_1 (1)     point group:

     e(  1 -  1) =    -77.88996  eV     1   --> A              
     e(  2 -  2) =    -49.16491  eV     1   --> A              
     e(  3 -  3) =    -49.09794  eV     1   --> A              
     e(  4 -  4) =    -49.09684  eV     1   --> A              
     e(  5 -  5) =    -24.59462  eV     1   --> A              
     e(  6 -  6) =    -24.53138  eV     1   --> A              
     e(  7 -  7) =    -21.83106  eV     1   --> A              
     e(  8 -  8) =    -20.62275  eV     1   --> A              
     e(  9 -  9) =    -14.06905  eV     1   --> A              
     e( 10 - 10) =    -11.73499  eV     1   --> A              
     e( 11 - 11) =    -10.99137  eV     1   --> A              
     e( 12 - 12) =    -10.96951  eV     1   --> A              
     e( 13 - 13) =     -9.93998  eV     1   --> A              
     e( 14 - 14) =     -9.71364  eV     1   --> A              
     e( 15 - 15) =     -9.52014  eV     1   --> A              
     e( 16 - 16) =     -9.39997  eV     1   --> A              
     e( 17 - 17) =     -8.63868  eV     1   --> A              
     e( 18 - 18) =     -8.31169  eV     1   --> A              
     e( 19 - 19) =     -8.27295  eV     1   --> A              
     e( 20 - 20) =     -7.53956  eV     1   --> A              
     e( 21 - 21) =     -6.00280  eV     1   --> A              
     e( 22 - 22) =     -3.53414  eV     1   --> A              
     e( 23 - 23) =     -3.42683  eV     1   --> A              
     e( 24 - 24) =     -3.38986  eV     1   --> A              
     e( 25 - 25) =     -2.75528  eV     1   --> A              
     e( 26 - 26) =      0.45317  eV     1   --> A              
     e( 27 - 27) =      0.64555  eV     1   --> A              
     e( 28 - 28) =      2.10611  eV     1   --> A              
     e( 29 - 29) =      2.13089  eV     1   --> A              
     e( 30 - 30) =      3.17204  eV     1   --> A              
     e( 31 - 31) =      3.27564  eV     1   --> A              
     e( 32 - 32) =      3.51073  eV     1   --> A              
     e( 33 - 33) =      4.44675  eV     1   --> A              
     e( 34 - 34) =      4.97753  eV     1   --> A              
     e( 35 - 35) =      5.43976  eV     1   --> A              

 **************************************************************************

 **************************************************************************

                    xk=(   0.10000,   0.17321,   0.00000  )

     Band symmetry, C_1 (1)     point group:

     e(  1 -  1) =    -77.88914  eV     1   --> A              
     e(  2 -  2) =    -49.17048  eV     1   --> A              
     e(  3 -  3) =    -49.09849  eV     1   --> A              
     e(  4 -  4) =    -49.09683  eV     1   --> A              
     e(  5 -  5) =    -24.55931  eV     1   --> A              
     e(  6 -  6) =    -24.49661  eV     1   --> A              
     e(  7 -  7) =    -21.80456  eV     1   --> A              
     e(  8 -  8) =    -20.60803  eV     1   --> A              
     e(  9 -  9) =    -14.04462  eV     1   --> A              
     e( 10 - 10) =    -11.72951  eV     1   --> A              
     e( 11 - 11) =    -11.07871  eV     1   --> A              
     e( 12 - 12) =    -11.06006  eV     1   --> A              
     e( 13 - 13) =     -9.99185  eV     1   --> A              
     e( 14 - 14) =     -9.75556  eV     1   --> A              
     e( 15 - 15) =     -9.54992  eV     1   --> A              
     e( 16 - 16) =     -9.38661  eV     1   --> A              
     e( 17 - 17) =     -8.62183  eV     1   --> A              
     e( 18 - 18) =     -8.35924  eV     1   --> A              
     e( 19 - 19) =     -8.28582  eV     1   --> A              
     e( 20 - 20) =     -7.54700  eV     1   --> A              
     e( 21 - 21) =     -6.03081  eV     1   --> A              
     e( 22 - 22) =     -3.54883  eV     1   --> A              
     e( 23 - 23) =     -3.44540  eV     1   --> A              
     e( 24 - 24) =     -3.38979  eV     1   --> A              
     e( 25 - 25) =     -2.72863  eV     1   --> A              
     e( 26 - 26) =      0.46868  eV     1   --> A              
     e( 27 - 27) =      0.65499  eV     1   --> A              
     e( 28 - 28) =      2.08433  eV     1   --> A              
     e( 29 - 29) =      2.10906  eV     1   --> A              
     e( 30 - 30) =      3.18728  eV     1   --> A              
     e( 31 - 31) =      3.30866  eV     1   --> A              
     e( 32 - 32) =      3.55680  eV     1   --> A              
     e( 33 - 33) =      4.45595  eV     1   --> A              
     e( 34 - 34) =      5.02247  eV     1   --> A              
     e( 35 - 35) =      5.52460  eV     1   --> A              

 **************************************************************************

 **************************************************************************

                    xk=(   0.10333,   0.17898,   0.00000  )

     Band symmetry, C_1 (1)     point group:

     e(  1 -  1) =    -77.88830  eV     1   --> A              
     e(  2 -  2) =    -49.17614  eV     1   --> A              
     e(  3 -  3) =    -49.10019  eV     1   --> A              
     e(  4 -  4) =    -49.09570  eV     1   --> A              
     e(  5 -  5) =    -24.52293  eV     1   --> A              
     e(  6 -  6) =    -24.46079  eV     1   --> A              
     e(  7 -  7) =    -21.77745  eV     1   --> A              
     e(  8 -  8) =    -20.59300  eV     1   --> A              
     e(  9 -  9) =    -14.02008  eV     1   --> A              
     e( 10 - 10) =    -11.72653  eV     1   --> A              
     e( 11 - 11) =    -11.16639  eV     1   --> A              
     e( 12 - 12) =    -11.14848  eV     1   --> A              
     e( 13 - 13) =    -10.04475  eV     1   --> A              
     e( 14 - 14) =     -9.79916  eV     1   --> A              
     e( 15 - 15) =     -9.58171  eV     1   --> A              
     e( 16 - 16) =     -9.37130  eV     1   --> A              
     e( 17 - 17) =     -8.60620  eV     1   --> A              
     e( 18 - 18) =     -8.40718  eV     1   --> A              
     e( 19 - 19) =     -8.29744  eV     1   --> A              
     e( 20 - 20) =     -7.55526  eV     1   --> A              
     e( 21 - 21) =     -6.05927  eV     1   --> A              
     e( 22 - 22) =     -3.56367  eV     1   --> A              
     e( 23 - 23) =     -3.46396  eV     1   --> A              
     e( 24 - 24) =     -3.38844  eV     1   --> A              
     e( 25 - 25) =     -2.70188  eV     1   --> A              
     e( 26 - 26) =      0.48036  eV     1   --> A              
     e( 27 - 27) =      0.66097  eV     1   --> A              
     e( 28 - 28) =      2.06554  eV     1   --> A              
     e( 29 - 29) =      2.09038  eV     1   --> A              
     e( 30 - 30) =      3.20252  eV     1   --> A              
     e( 31 - 31) =      3.34316  eV     1   --> A              
     e( 32 - 32) =      3.60270  eV     1   --> A              
     e( 33 - 33) =      4.46408  eV     1   --> A              
     e( 34 - 34) =      5.06589  eV     1   --> A              
     e( 35 - 35) =      5.60849  eV     1   --> A              

 **************************************************************************

 **************************************************************************

                    xk=(   0.10667,   0.18475,   0.00000  )

     Band symmetry, C_1 (1)     point group:

     e(  1 -  1) =    -77.88744  eV     1   --> A              
     e(  2 -  2) =    -49.18186  eV     1   --> A              
     e(  3 -  3) =    -49.10195  eV     1   --> A              
     e(  4 -  4) =    -49.09454  eV     1   --> A              
     e(  5 -  5) =    -24.48551  eV     1   --> A              
     e(  6 -  6) =    -24.42394  eV     1   --> A              
     e(  7 -  7) =    -21.74976  eV     1   --> A              
     e(  8 -  8) =    -20.57766  eV     1   --> A              
     e(  9 -  9) =    -13.99553  eV     1   --> A              
     e( 10 - 10) =    -11.72758  eV     1   --> A              
     e( 11 - 11) =    -11.25437  eV     1   --> A              
     e( 12 - 12) =    -11.23292  eV     1   --> A              
     e( 13 - 13) =    -10.09860  eV     1   --> A              
     e( 14 - 14) =     -9.84442  eV     1   --> A              
     e( 15 - 15) =     -9.61481  eV     1   --> A              
     e( 16 - 16) =     -9.35481  eV     1   --> A              
     e( 17 - 17) =     -8.59375  eV     1   --> A              
     e( 18 - 18) =     -8.45323  eV     1   --> A              
     e( 19 - 19) =     -8.30803  eV     1   --> A              
     e( 20 - 20) =     -7.56434  eV     1   --> A              
     e( 21 - 21) =     -6.08809  eV     1   --> A              
     e( 22 - 22) =     -3.57880  eV     1   --> A              
     e( 23 - 23) =     -3.48218  eV     1   --> A              
     e( 24 - 24) =     -3.38599  eV     1   --> A              
     e( 25 - 25) =     -2.67509  eV     1   --> A              
     e( 26 - 26) =      0.48805  eV     1   --> A              
     e( 27 - 27) =      0.66341  eV     1   --> A              
     e( 28 - 28) =      2.05018  eV     1   --> A              
     e( 29 - 29) =      2.07517  eV     1   --> A              
     e( 30 - 30) =      3.21736  eV     1   --> A              
     e( 31 - 31) =      3.37888  eV     1   --> A              
     e( 32 - 32) =      3.64849  eV     1   --> A              
     e( 33 - 33) =      4.47133  eV     1   --> A              
     e( 34 - 34) =      5.10814  eV     1   --> A              
     e( 35 - 35) =      5.69066  eV     1   --> A              

 **************************************************************************

 **************************************************************************

                    xk=(   0.11000,   0.19053,   0.00000  )

     Band symmetry, C_1 (1)     point group:

     e(  1 -  1) =    -77.88657  eV     1   --> A              
     e(  2 -  2) =    -49.18765  eV     1   --> A              
     e(  3 -  3) =    -49.10376  eV     1   --> A              
     e(  4 -  4) =    -49.09337  eV     1   --> A              
     e(  5 -  5) =    -24.44704  eV     1   --> A              
     e(  6 -  6) =    -24.38606  eV     1   --> A              
     e(  7 -  7) =    -21.72151  eV     1   --> A              
     e(  8 -  8) =    -20.56205  eV     1   --> A              
     e(  9 -  9) =    -13.97109  eV     1   --> A              
     e( 10 - 10) =    -11.73521  eV     1   --> A              
     e( 11 - 11) =    -11.34261  eV     1   --> A              
     e( 12 - 12) =    -11.31053  eV     1   --> A              
     e( 13 - 13) =    -10.15332  eV     1   --> A              
     e( 14 - 14) =     -9.89133  eV     1   --> A              
     e( 15 - 15) =     -9.64890  eV     1   --> A              
     e( 16 - 16) =     -9.33752  eV     1   --> A              
     e( 17 - 17) =     -8.59068  eV     1   --> A              
     e( 18 - 18) =     -8.49114  eV     1   --> A              
     e( 19 - 19) =     -8.31756  eV     1   --> A              
     e( 20 - 20) =     -7.57423  eV     1   --> A              
     e( 21 - 21) =     -6.11717  eV     1   --> A              
     e( 22 - 22) =     -3.59434  eV     1   --> A              
     e( 23 - 23) =     -3.49984  eV     1   --> A              
     e( 24 - 24) =     -3.38252  eV     1   --> A              
     e( 25 - 25) =     -2.64835  eV     1   --> A              
     e( 26 - 26) =      0.49165  eV     1   --> A              
     e( 27 - 27) =      0.66229  eV     1   --> A              
     e( 28 - 28) =      2.03859  eV     1   --> A              
     e( 29 - 29) =      2.06361  eV     1   --> A              
     e( 30 - 30) =      3.23142  eV     1   --> A              
     e( 31 - 31) =      3.41555  eV     1   --> A              
     e( 32 - 32) =      3.69427  eV     1   --> A              
     e( 33 - 33) =      4.47791  eV     1   --> A              
     e( 34 - 34) =      5.14953  eV     1   --> A              
     e( 35 - 35) =      5.77027  eV     1   --> A              

 **************************************************************************

 **************************************************************************

                    xk=(   0.11333,   0.19630,   0.00000  )

     Band symmetry, C_1 (1)     point group:

     e(  1 -  1) =    -77.88569  eV     1   --> A              
     e(  2 -  2) =    -49.19349  eV     1   --> A              
     e(  3 -  3) =    -49.10563  eV     1   --> A              
     e(  4 -  4) =    -49.09218  eV     1   --> A              
     e(  5 -  5) =    -24.40756  eV     1   --> A              
     e(  6 -  6) =    -24.34718  eV     1   --> A              
     e(  7 -  7) =    -21.69274  eV     1   --> A              
     e(  8 -  8) =    -20.54618  eV     1   --> A              
     e(  9 -  9) =    -13.94687  eV     1   --> A              
     e( 10 - 10) =    -11.75328  eV     1   --> A              
     e( 11 - 11) =    -11.43082  eV     1   --> A              
     e( 12 - 12) =    -11.37740  eV     1   --> A              
     e( 13 - 13) =    -10.20887  eV     1   --> A              
     e( 14 - 14) =     -9.93986  eV     1   --> A              
     e( 15 - 15) =     -9.68382  eV     1   --> A              
     e( 16 - 16) =     -9.31965  eV     1   --> A              
     e( 17 - 17) =     -8.61015  eV     1   --> A              
     e( 18 - 18) =     -8.50780  eV     1   --> A              
     e( 19 - 19) =     -8.32592  eV     1   --> A              
     e( 20 - 20) =     -7.58492  eV     1   --> A              
     e( 21 - 21) =     -6.14639  eV     1   --> A              
     e( 22 - 22) =     -3.61040  eV     1   --> A              
     e( 23 - 23) =     -3.51677  eV     1   --> A              
     e( 24 - 24) =     -3.37809  eV     1   --> A              
     e( 25 - 25) =     -2.62172  eV     1   --> A              
     e( 26 - 26) =      0.49116  eV     1   --> A              
     e( 27 - 27) =      0.65765  eV     1   --> A              
     e( 28 - 28) =      2.03097  eV     1   --> A              
     e( 29 - 29) =      2.05581  eV     1   --> A              
     e( 30 - 30) =      3.24438  eV     1   --> A              
     e( 31 - 31) =      3.45293  eV     1   --> A              
     e( 32 - 32) =      3.74020  eV     1   --> A              
     e( 33 - 33) =      4.48407  eV     1   --> A              
     e( 34 - 34) =      5.19027  eV     1   --> A              
     e( 35 - 35) =      5.84640  eV     1   --> A              

 **************************************************************************

 **************************************************************************

                    xk=(   0.11667,   0.20207,   0.00000  )

     Band symmetry, C_1 (1)     point group:

     e(  1 -  1) =    -77.88480  eV     1   --> A              
     e(  2 -  2) =    -49.19937  eV     1   --> A              
     e(  3 -  3) =    -49.10756  eV     1   --> A              
     e(  4 -  4) =    -49.09098  eV     1   --> A              
     e(  5 -  5) =    -24.36707  eV     1   --> A              
     e(  6 -  6) =    -24.30731  eV     1   --> A              
     e(  7 -  7) =    -21.66349  eV     1   --> A              
     e(  8 -  8) =    -20.53007  eV     1   --> A              
     e(  9 -  9) =    -13.92303  eV     1   --> A              
     e( 10 - 10) =    -11.78625  eV     1   --> A              
     e( 11 - 11) =    -11.51862  eV     1   --> A              
     e( 12 - 12) =    -11.42914  eV     1   --> A              
     e( 13 - 13) =    -10.26520  eV     1   --> A              
     e( 14 - 14) =     -9.98998  eV     1   --> A              
     e( 15 - 15) =     -9.71944  eV     1   --> A              
     e( 16 - 16) =     -9.30139  eV     1   --> A              
     e( 17 - 17) =     -8.65128  eV     1   --> A              
     e( 18 - 18) =     -8.50416  eV     1   --> A              
     e( 19 - 19) =     -8.33300  eV     1   --> A              
     e( 20 - 20) =     -7.59640  eV     1   --> A              
     e( 21 - 21) =     -6.17566  eV     1   --> A              
     e( 22 - 22) =     -3.62707  eV     1   --> A              
     e( 23 - 23) =     -3.53287  eV     1   --> A              
     e( 24 - 24) =     -3.37275  eV     1   --> A              
     e( 25 - 25) =     -2.59530  eV     1   --> A              
     e( 26 - 26) =      0.48666  eV     1   --> A              
     e( 27 - 27) =      0.64963  eV     1   --> A              
     e( 28 - 28) =      2.02743  eV     1   --> A              
     e( 29 - 29) =      2.05172  eV     1   --> A              
     e( 30 - 30) =      3.25597  eV     1   --> A              
     e( 31 - 31) =      3.49078  eV     1   --> A              
     e( 32 - 32) =      3.78644  eV     1   --> A              
     e( 33 - 33) =      4.49010  eV     1   --> A              
     e( 34 - 34) =      5.23051  eV     1   --> A              
     e( 35 - 35) =      5.91803  eV     1   --> A              

 **************************************************************************

 **************************************************************************

                    xk=(   0.12000,   0.20785,   0.00000  )

     Band symmetry, C_1 (1)     point group:

     e(  1 -  1) =    -77.88390  eV     1   --> A              
     e(  2 -  2) =    -49.20529  eV     1   --> A              
     e(  3 -  3) =    -49.10954  eV     1   --> A              
     e(  4 -  4) =    -49.08975  eV     1   --> A              
     e(  5 -  5) =    -24.32560  eV     1   --> A              
     e(  6 -  6) =    -24.26647  eV     1   --> A              
     e(  7 -  7) =    -21.63378  eV     1   --> A              
     e(  8 -  8) =    -20.51375  eV     1   --> A              
     e(  9 -  9) =    -13.89972  eV     1   --> A              
     e( 10 - 10) =    -11.83643  eV     1   --> A              
     e( 11 - 11) =    -11.60568  eV     1   --> A              
     e( 12 - 12) =    -11.46342  eV     1   --> A              
     e( 13 - 13) =    -10.32223  eV     1   --> A              
     e( 14 - 14) =    -10.04164  eV     1   --> A              
     e( 15 - 15) =     -9.75565  eV     1   --> A              
     e( 16 - 16) =     -9.28285  eV     1   --> A              
     e( 17 - 17) =     -8.70138  eV     1   --> A              
     e( 18 - 18) =     -8.49303  eV     1   --> A              
     e( 19 - 19) =     -8.33859  eV     1   --> A              
     e( 20 - 20) =     -7.60866  eV     1   --> A              
     e( 21 - 21) =     -6.20485  eV     1   --> A              
     e( 22 - 22) =     -3.64433  eV     1   --> A              
     e( 23 - 23) =     -3.54809  eV     1   --> A              
     e( 24 - 24) =     -3.36654  eV     1   --> A              
     e( 25 - 25) =     -2.56914  eV     1   --> A              
     e( 26 - 26) =      0.47833  eV     1   --> A              
     e( 27 - 27) =      0.63840  eV     1   --> A              
     e( 28 - 28) =      2.02793  eV     1   --> A              
     e( 29 - 29) =      2.05125  eV     1   --> A              
     e( 30 - 30) =      3.26599  eV     1   --> A              
     e( 31 - 31) =      3.52885  eV     1   --> A              
     e( 32 - 32) =      3.83314  eV     1   --> A              
     e( 33 - 33) =      4.49631  eV     1   --> A              
     e( 34 - 34) =      5.27025  eV     1   --> A              
     e( 35 - 35) =      5.98408  eV     1   --> A              

 **************************************************************************

 **************************************************************************

                    xk=(   0.12333,   0.21362,   0.00000  )

     Band symmetry, C_1 (1)     point group:

     e(  1 -  1) =    -77.88298  eV     1   --> A              
     e(  2 -  2) =    -49.21123  eV     1   --> A              
     e(  3 -  3) =    -49.11158  eV     1   --> A              
     e(  4 -  4) =    -49.08852  eV     1   --> A              
     e(  5 -  5) =    -24.28316  eV     1   --> A              
     e(  6 -  6) =    -24.22468  eV     1   --> A              
     e(  7 -  7) =    -21.60365  eV     1   --> A              
     e(  8 -  8) =    -20.49724  eV     1   --> A              
     e(  9 -  9) =    -13.87712  eV     1   --> A              
     e( 10 - 10) =    -11.90181  eV     1   --> A              
     e( 11 - 11) =    -11.69174  eV     1   --> A              
     e( 12 - 12) =    -11.48218  eV     1   --> A              
     e( 13 - 13) =    -10.37995  eV     1   --> A              
     e( 14 - 14) =    -10.09481  eV     1   --> A              
     e( 15 - 15) =     -9.79238  eV     1   --> A              
     e( 16 - 16) =     -9.26419  eV     1   --> A              
     e( 17 - 17) =     -8.75490  eV     1   --> A              
     e( 18 - 18) =     -8.48015  eV     1   --> A              
     e( 19 - 19) =     -8.34245  eV     1   --> A              
     e( 20 - 20) =     -7.62170  eV     1   --> A              
     e( 21 - 21) =     -6.23386  eV     1   --> A              
     e( 22 - 22) =     -3.66214  eV     1   --> A              
     e( 23 - 23) =     -3.56245  eV     1   --> A              
     e( 24 - 24) =     -3.35951  eV     1   --> A              
     e( 25 - 25) =     -2.54334  eV     1   --> A              
     e( 26 - 26) =      0.46642  eV     1   --> A              
     e( 27 - 27) =      0.62422  eV     1   --> A              
     e( 28 - 28) =      2.03232  eV     1   --> A              
     e( 29 - 29) =      2.05423  eV     1   --> A              
     e( 30 - 30) =      3.27433  eV     1   --> A              
     e( 31 - 31) =      3.56688  eV     1   --> A              
     e( 32 - 32) =      3.88047  eV     1   --> A              
     e( 33 - 33) =      4.50308  eV     1   --> A              
     e( 34 - 34) =      5.30938  eV     1   --> A              
     e( 35 - 35) =      6.04342  eV     1   --> A              

 **************************************************************************

 **************************************************************************

                    xk=(   0.12667,   0.21939,   0.00000  )

     Band symmetry, C_1 (1)     point group:

     e(  1 -  1) =    -77.88206  eV     1   --> A              
     e(  2 -  2) =    -49.21719  eV     1   --> A              
     e(  3 -  3) =    -49.11368  eV     1   --> A              
     e(  4 -  4) =    -49.08727  eV     1   --> A              
     e(  5 -  5) =    -24.23977  eV     1   --> A              
     e(  6 -  6) =    -24.18195  eV     1   --> A              
     e(  7 -  7) =    -21.57313  eV     1   --> A              
     e(  8 -  8) =    -20.48055  eV     1   --> A              
     e(  9 -  9) =    -13.85544  eV     1   --> A              
     e( 10 - 10) =    -11.97795  eV     1   --> A              
     e( 11 - 11) =    -11.77648  eV     1   --> A              
     e( 12 - 12) =    -11.48981  eV     1   --> A              
     e( 13 - 13) =    -10.43831  eV     1   --> A              
     e( 14 - 14) =    -10.14943  eV     1   --> A              
     e( 15 - 15) =     -9.82952  eV     1   --> A              
     e( 16 - 16) =     -9.24557  eV     1   --> A              
     e( 17 - 17) =     -8.80999  eV     1   --> A              
     e( 18 - 18) =     -8.46759  eV     1   --> A              
     e( 19 - 19) =     -8.34423  eV     1   --> A              
     e( 20 - 20) =     -7.63552  eV     1   --> A              
     e( 21 - 21) =     -6.26258  eV     1   --> A              
     e( 22 - 22) =     -3.68039  eV     1   --> A              
     e( 23 - 23) =     -3.57604  eV     1   --> A              
     e( 24 - 24) =     -3.35170  eV     1   --> A              
     e( 25 - 25) =     -2.51795  eV     1   --> A              
     e( 26 - 26) =      0.45125  eV     1   --> A              
     e( 27 - 27) =      0.60736  eV     1   --> A              
     e( 28 - 28) =      2.04037  eV     1   --> A              
     e( 29 - 29) =      2.06041  eV     1   --> A              
     e( 30 - 30) =      3.28093  eV     1   --> A              
     e( 31 - 31) =      3.60459  eV     1   --> A              
     e( 32 - 32) =      3.92857  eV     1   --> A              
     e( 33 - 33) =      4.51077  eV     1   --> A              
     e( 34 - 34) =      5.34769  eV     1   --> A              
     e( 35 - 35) =      6.09494  eV     1   --> A              

 **************************************************************************

 **************************************************************************

                    xk=(   0.13000,   0.22517,   0.00000  )

     Band symmetry, C_1 (1)     point group:

     e(  1 -  1) =    -77.88113  eV     1   --> A              
     e(  2 -  2) =    -49.22315  eV     1   --> A              
     e(  3 -  3) =    -49.11583  eV     1   --> A              
     e(  4 -  4) =    -49.08602  eV     1   --> A              
     e(  5 -  5) =    -24.19546  eV     1   --> A              
     e(  6 -  6) =    -24.13832  eV     1   --> A              
     e(  7 -  7) =    -21.54227  eV     1   --> A              
     e(  8 -  8) =    -20.46372  eV     1   --> A              
     e(  9 -  9) =    -13.83490  eV     1   --> A              
     e( 10 - 10) =    -12.06081  eV     1   --> A              
     e( 11 - 11) =    -11.85963  eV     1   --> A              
     e( 12 - 12) =    -11.49027  eV     1   --> A              
     e( 13 - 13) =    -10.49727  eV     1   --> A              
     e( 14 - 14) =    -10.20545  eV     1   --> A              
     e( 15 - 15) =     -9.86702  eV     1   --> A              
     e( 16 - 16) =     -9.22721  eV     1   --> A              
     e( 17 - 17) =     -8.86581  eV     1   --> A              
     e( 18 - 18) =     -8.45642  eV     1   --> A              
     e( 19 - 19) =     -8.34358  eV     1   --> A              
     e( 20 - 20) =     -7.65009  eV     1   --> A              
     e( 21 - 21) =     -6.29089  eV     1   --> A              
     e( 22 - 22) =     -3.69891  eV     1   --> A              
     e( 23 - 23) =     -3.58895  eV     1   --> A              
     e( 24 - 24) =     -3.34315  eV     1   --> A              
     e( 25 - 25) =     -2.49307  eV     1   --> A              
     e( 26 - 26) =      0.43319  eV     1   --> A              
     e( 27 - 27) =      0.58812  eV     1   --> A              
     e( 28 - 28) =      2.05176  eV     1   --> A              
     e( 29 - 29) =      2.06955  eV     1   --> A              
     e( 30 - 30) =      3.28582  eV     1   --> A              
     e( 31 - 31) =      3.64170  eV     1   --> A              
     e( 32 - 32) =      3.97754  eV     1   --> A              
     e( 33 - 33) =      4.51984  eV     1   --> A              
     e( 34 - 34) =      5.38480  eV     1   --> A              
     e( 35 - 35) =      6.13770  eV     1   --> A              

 **************************************************************************

 **************************************************************************

                    xk=(   0.13333,   0.23094,   0.00000  )

     Band symmetry, C_1 (1)     point group:

     e(  1 -  1) =    -77.88019  eV     1   --> A              
     e(  2 -  2) =    -49.22910  eV     1   --> A              
     e(  3 -  3) =    -49.11804  eV     1   --> A              
     e(  4 -  4) =    -49.08475  eV     1   --> A              
     e(  5 -  5) =    -24.15024  eV     1   --> A              
     e(  6 -  6) =    -24.09379  eV     1   --> A              
     e(  7 -  7) =    -21.51110  eV     1   --> A              
     e(  8 -  8) =    -20.44677  eV     1   --> A              
     e(  9 -  9) =    -13.81578  eV     1   --> A              
     e( 10 - 10) =    -12.14765  eV     1   --> A              
     e( 11 - 11) =    -11.94086  eV     1   --> A              
     e( 12 - 12) =    -11.48622  eV     1   --> A              
     e( 13 - 13) =    -10.55680  eV     1   --> A              
     e( 14 - 14) =    -10.26281  eV     1   --> A              
     e( 15 - 15) =     -9.90479  eV     1   --> A              
     e( 16 - 16) =     -9.20949  eV     1   --> A              
     e( 17 - 17) =     -8.92171  eV     1   --> A              
     e( 18 - 18) =     -8.44727  eV     1   --> A              
     e( 19 - 19) =     -8.34021  eV     1   --> A              
     e( 20 - 20) =     -7.66541  eV     1   --> A              
     e( 21 - 21) =     -6.31868  eV     1   --> A              
     e( 22 - 22) =     -3.71756  eV     1   --> A              
     e( 23 - 23) =     -3.60134  eV     1   --> A              
     e( 24 - 24) =     -3.33391  eV     1   --> A              
     e( 25 - 25) =     -2.46877  eV     1   --> A              
     e( 26 - 26) =      0.41260  eV     1   --> A              
     e( 27 - 27) =      0.56682  eV     1   --> A              
     e( 28 - 28) =      2.06612  eV     1   --> A              
     e( 29 - 29) =      2.08135  eV     1   --> A              
     e( 30 - 30) =      3.28909  eV     1   --> A              
     e( 31 - 31) =      3.67791  eV     1   --> A              
     e( 32 - 32) =      4.02745  eV     1   --> A              
     e( 33 - 33) =      4.53073  eV     1   --> A              
     e( 34 - 34) =      5.42023  eV     1   --> A              
     e( 35 - 35) =      6.17116  eV     1   --> A              

 **************************************************************************

 **************************************************************************

                    xk=(   0.13667,   0.23671,   0.00000  )

     Band symmetry, C_1 (1)     point group:

     e(  1 -  1) =    -77.87925  eV     1   --> A              
     e(  2 -  2) =    -49.23504  eV     1   --> A              
     e(  3 -  3) =    -49.12030  eV     1   --> A              
     e(  4 -  4) =    -49.08348  eV     1   --> A              
     e(  5 -  5) =    -24.10414  eV     1   --> A              
     e(  6 -  6) =    -24.04839  eV     1   --> A              
     e(  7 -  7) =    -21.47966  eV     1   --> A              
     e(  8 -  8) =    -20.42973  eV     1   --> A              
     e(  9 -  9) =    -13.79838  eV     1   --> A              
     e( 10 - 10) =    -12.23678  eV     1   --> A              
     e( 11 - 11) =    -12.01980  eV     1   --> A              
     e( 12 - 12) =    -11.47931  eV     1   --> A              
     e( 13 - 13) =    -10.61689  eV     1   --> A              
     e( 14 - 14) =    -10.32142  eV     1   --> A              
     e( 15 - 15) =     -9.94274  eV     1   --> A              
     e( 16 - 16) =     -9.19322  eV     1   --> A              
     e( 17 - 17) =     -8.97668  eV     1   --> A              
     e( 18 - 18) =     -8.44043  eV     1   --> A              
     e( 19 - 19) =     -8.33409  eV     1   --> A              
     e( 20 - 20) =     -7.68148  eV     1   --> A              
     e( 21 - 21) =     -6.34584  eV     1   --> A              
     e( 22 - 22) =     -3.73615  eV     1   --> A              
     e( 23 - 23) =     -3.61333  eV     1   --> A              
     e( 24 - 24) =     -3.32401  eV     1   --> A              
     e( 25 - 25) =     -2.44511  eV     1   --> A              
     e( 26 - 26) =      0.38990  eV     1   --> A              
     e( 27 - 27) =      0.54378  eV     1   --> A              
     e( 28 - 28) =      2.08306  eV     1   --> A              
     e( 29 - 29) =      2.09554  eV     1   --> A              
     e( 30 - 30) =      3.29090  eV     1   --> A              
     e( 31 - 31) =      3.71290  eV     1   --> A              
     e( 32 - 32) =      4.07836  eV     1   --> A              
     e( 33 - 33) =      4.54393  eV     1   --> A              
     e( 34 - 34) =      5.45338  eV     1   --> A              
     e( 35 - 35) =      6.19549  eV     1   --> A              

 **************************************************************************

 **************************************************************************

                    xk=(   0.14000,   0.24249,   0.00000  )

     Band symmetry, C_1 (1)     point group:

     e(  1 -  1) =    -77.87830  eV     1   --> A              
     e(  2 -  2) =    -49.24096  eV     1   --> A              
     e(  3 -  3) =    -49.12262  eV     1   --> A              
     e(  4 -  4) =    -49.08220  eV     1   --> A              
     e(  5 -  5) =    -24.05718  eV     1   --> A              
     e(  6 -  6) =    -24.00214  eV     1   --> A              
     e(  7 -  7) =    -21.44799  eV     1   --> A              
     e(  8 -  8) =    -20.41261  eV     1   --> A              
     e(  9 -  9) =    -13.78304  eV     1   --> A              
     e( 10 - 10) =    -12.32714  eV     1   --> A              
     e( 11 - 11) =    -12.09606  eV     1   --> A              
     e( 12 - 12) =    -11.47053  eV     1   --> A              
     e( 13 - 13) =    -10.67749  eV     1   --> A              
     e( 14 - 14) =    -10.38121  eV     1   --> A              
     e( 15 - 15) =     -9.98080  eV     1   --> A              
     e( 16 - 16) =     -9.18058  eV     1   --> A              
     e( 17 - 17) =     -9.02846  eV     1   --> A              
     e( 18 - 18) =     -8.43575  eV     1   --> A              
     e( 19 - 19) =     -8.32553  eV     1   --> A              
     e( 20 - 20) =     -7.69827  eV     1   --> A              
     e( 21 - 21) =     -6.37225  eV     1   --> A              
     e( 22 - 22) =     -3.75452  eV     1   --> A              
     e( 23 - 23) =     -3.62504  eV     1   --> A              
     e( 24 - 24) =     -3.31351  eV     1   --> A              
     e( 25 - 25) =     -2.42218  eV     1   --> A              
     e( 26 - 26) =      0.36547  eV     1   --> A              
     e( 27 - 27) =      0.51929  eV     1   --> A              
     e( 28 - 28) =      2.10210  eV     1   --> A              
     e( 29 - 29) =      2.11187  eV     1   --> A              
     e( 30 - 30) =      3.29146  eV     1   --> A              
     e( 31 - 31) =      3.74637  eV     1   --> A              
     e( 32 - 32) =      4.13028  eV     1   --> A              
     e( 33 - 33) =      4.55990  eV     1   --> A              
     e( 34 - 34) =      5.48352  eV     1   --> A              
     e( 35 - 35) =      6.21161  eV     1   --> A              

 **************************************************************************

 **************************************************************************

                    xk=(   0.14333,   0.24826,   0.00000  )

     Band symmetry, C_1 (1)     point group:

     e(  1 -  1) =    -77.87735  eV     1   --> A              
     e(  2 -  2) =    -49.24684  eV     1   --> A              
     e(  3 -  3) =    -49.12500  eV     1   --> A              
     e(  4 -  4) =    -49.08092  eV     1   --> A              
     e(  5 -  5) =    -24.00939  eV     1   --> A              
     e(  6 -  6) =    -23.95508  eV     1   --> A              
     e(  7 -  7) =    -21.41613  eV     1   --> A              
     e(  8 -  8) =    -20.39546  eV     1   --> A              
     e(  9 -  9) =    -13.77014  eV     1   --> A              
     e( 10 - 10) =    -12.41807  eV     1   --> A              
     e( 11 - 11) =    -12.16921  eV     1   --> A              
     e( 12 - 12) =    -11.46051  eV     1   --> A              
     e( 13 - 13) =    -10.73858  eV     1   --> A              
     e( 14 - 14) =    -10.44208  eV     1   --> A              
     e( 15 - 15) =    -10.01888  eV     1   --> A              
     e( 16 - 16) =     -9.17852  eV     1   --> A              
     e( 17 - 17) =     -9.07002  eV     1   --> A              
     e( 18 - 18) =     -8.43282  eV     1   --> A              
     e( 19 - 19) =     -8.31512  eV     1   --> A              
     e( 20 - 20) =     -7.71577  eV     1   --> A              
     e( 21 - 21) =     -6.39779  eV     1   --> A              
     e( 22 - 22) =     -3.77253  eV     1   --> A              
     e( 23 - 23) =     -3.63658  eV     1   --> A              
     e( 24 - 24) =     -3.30245  eV     1   --> A              
     e( 25 - 25) =     -2.40005  eV     1   --> A              
     e( 26 - 26) =      0.33967  eV     1   --> A              
     e( 27 - 27) =      0.49364  eV     1   --> A              
     e( 28 - 28) =      2.12277  eV     1   --> A              
     e( 29 - 29) =      2.13011  eV     1   --> A              
     e( 30 - 30) =      3.29105  eV     1   --> A              
     e( 31 - 31) =      3.77806  eV     1   --> A              
     e( 32 - 32) =      4.18317  eV     1   --> A              
     e( 33 - 33) =      4.57908  eV     1   --> A              
     e( 34 - 34) =      5.50981  eV     1   --> A              
     e( 35 - 35) =      6.22110  eV     1   --> A              

 **************************************************************************

 **************************************************************************

                    xk=(   0.14667,   0.25403,   0.00000  )

     Band symmetry, C_1 (1)     point group:

     e(  1 -  1) =    -77.87640  eV     1   --> A              
     e(  2 -  2) =    -49.25268  eV     1   --> A              
     e(  3 -  3) =    -49.12742  eV     1   --> A              
     e(  4 -  4) =    -49.07964  eV     1   --> A              
     e(  5 -  5) =    -23.96080  eV     1   --> A              
     e(  6 -  6) =    -23.90723  eV     1   --> A              
     e(  7 -  7) =    -21.38413  eV     1   --> A              
     e(  8 -  8) =    -20.37828  eV     1   --> A              
     e(  9 -  9) =    -13.76012  eV     1   --> A              
     e( 10 - 10) =    -12.50912  eV     1   --> A              
     e( 11 - 11) =    -12.23878  eV     1   --> A              
     e( 12 - 12) =    -11.44969  eV     1   --> A              
     e( 13 - 13) =    -10.80014  eV     1   --> A              
     e( 14 - 14) =    -10.50392  eV     1   --> A              
     e( 15 - 15) =    -10.05691  eV     1   --> A              
     e( 16 - 16) =     -9.20091  eV     1   --> A              
     e( 17 - 17) =     -9.08743  eV     1   --> A              
     e( 18 - 18) =     -8.43120  eV     1   --> A              
     e( 19 - 19) =     -8.30348  eV     1   --> A              
     e( 20 - 20) =     -7.73396  eV     1   --> A              
     e( 21 - 21) =     -6.42236  eV     1   --> A              
     e( 22 - 22) =     -3.79004  eV     1   --> A              
     e( 23 - 23) =     -3.64806  eV     1   --> A              
     e( 24 - 24) =     -3.29086  eV     1   --> A              
     e( 25 - 25) =     -2.37878  eV     1   --> A              
     e( 26 - 26) =      0.31285  eV     1   --> A              
     e( 27 - 27) =      0.46708  eV     1   --> A              
     e( 28 - 28) =      2.14447  eV     1   --> A              
     e( 29 - 29) =      2.15017  eV     1   --> A              
     e( 30 - 30) =      3.28995  eV     1   --> A              
     e( 31 - 31) =      3.80773  eV     1   --> A              
     e( 32 - 32) =      4.23698  eV     1   --> A              
     e( 33 - 33) =      4.60186  eV     1   --> A              
     e( 34 - 34) =      5.53143  eV     1   --> A              
     e( 35 - 35) =      6.22587  eV     1   --> A              

 **************************************************************************

 **************************************************************************

                    xk=(   0.15000,   0.25981,   0.00000  )

     Band symmetry, C_1 (1)     point group:

     e(  1 -  1) =    -77.87545  eV     1   --> A              
     e(  2 -  2) =    -49.25847  eV     1   --> A              
     e(  3 -  3) =    -49.12991  eV     1   --> A              
     e(  4 -  4) =    -49.07835  eV     1   --> A              
     e(  5 -  5) =    -23.91142  eV     1   --> A              
     e(  6 -  6) =    -23.85860  eV     1   --> A              
     e(  7 -  7) =    -21.35202  eV     1   --> A              
     e(  8 -  8) =    -20.36112  eV     1   --> A              
     e(  9 -  9) =    -13.75343  eV     1   --> A              
     e( 10 - 10) =    -12.59994  eV     1   --> A              
     e( 11 - 11) =    -12.30426  eV     1   --> A              
     e( 12 - 12) =    -11.43840  eV     1   --> A              
     e( 13 - 13) =    -10.86215  eV     1   --> A              
     e( 14 - 14) =    -10.56660  eV     1   --> A              
     e( 15 - 15) =    -10.09480  eV     1   --> A              
     e( 16 - 16) =     -9.24554  eV     1   --> A              
     e( 17 - 17) =     -9.08287  eV     1   --> A              
     e( 18 - 18) =     -8.43050  eV     1   --> A              
     e( 19 - 19) =     -8.29115  eV     1   --> A              
     e( 20 - 20) =     -7.75283  eV     1   --> A              
     e( 21 - 21) =     -6.44584  eV     1   --> A              
     e( 22 - 22) =     -3.80692  eV     1   --> A              
     e( 23 - 23) =     -3.65955  eV     1   --> A              
     e( 24 - 24) =     -3.27880  eV     1   --> A              
     e( 25 - 25) =     -2.35845  eV     1   --> A              
     e( 26 - 26) =      0.28531  eV     1   --> A              
     e( 27 - 27) =      0.43985  eV     1   --> A              
     e( 28 - 28) =      2.16665  eV     1   --> A              
     e( 29 - 29) =      2.17194  eV     1   --> A              
     e( 30 - 30) =      3.28851  eV     1   --> A              
     e( 31 - 31) =      3.83525  eV     1   --> A              
     e( 32 - 32) =      4.29159  eV     1   --> A              
     e( 33 - 33) =      4.62856  eV     1   --> A              
     e( 34 - 34) =      5.54761  eV     1   --> A              
     e( 35 - 35) =      6.22787  eV     1   --> A              

 **************************************************************************

 **************************************************************************

                    xk=(   0.15333,   0.26558,   0.00000  )

     Band symmetry, C_1 (1)     point group:

     e(  1 -  1) =    -77.87450  eV     1   --> A              
     e(  2 -  2) =    -49.26420  eV     1   --> A              
     e(  3 -  3) =    -49.13244  eV     1   --> A              
     e(  4 -  4) =    -49.07706  eV     1   --> A              
     e(  5 -  5) =    -23.86129  eV     1   --> A              
     e(  6 -  6) =    -23.80924  eV     1   --> A              
     e(  7 -  7) =    -21.31986  eV     1   --> A              
     e(  8 -  8) =    -20.34400  eV     1   --> A              
     e(  9 -  9) =    -13.75055  eV     1   --> A              
     e( 10 - 10) =    -12.69030  eV     1   --> A              
     e( 11 - 11) =    -12.36512  eV     1   --> A              
     e( 12 - 12) =    -11.42691  eV     1   --> A              
     e( 13 - 13) =    -10.92458  eV     1   --> A              
     e( 14 - 14) =    -10.62996  eV     1   --> A              
     e( 15 - 15) =    -10.13248  eV     1   --> A              
     e( 16 - 16) =     -9.29882  eV     1   --> A              
     e( 17 - 17) =     -9.06983  eV     1   --> A              
     e( 18 - 18) =     -8.43050  eV     1   --> A              
     e( 19 - 19) =     -8.27852  eV     1   --> A              
     e( 20 - 20) =     -7.77235  eV     1   --> A              
     e( 21 - 21) =     -6.46812  eV     1   --> A              
     e( 22 - 22) =     -3.82308  eV     1   --> A              
     e( 23 - 23) =     -3.67112  eV     1   --> A              
     e( 24 - 24) =     -3.26631  eV     1   --> A              
     e( 25 - 25) =     -2.33912  eV     1   --> A              
     e( 26 - 26) =      0.25733  eV     1   --> A              
     e( 27 - 27) =      0.41216  eV     1   --> A              
     e( 28 - 28) =      2.18910  eV     1   --> A              
     e( 29 - 29) =      2.19499  eV     1   --> A              
     e( 30 - 30) =      3.28709  eV     1   --> A              
     e( 31 - 31) =      3.86057  eV     1   --> A              
     e( 32 - 32) =      4.34688  eV     1   --> A              
     e( 33 - 33) =      4.65938  eV     1   --> A              
     e( 34 - 34) =      5.55782  eV     1   --> A              
     e( 35 - 35) =      6.22870  eV     1   --> A              

 **************************************************************************

 **************************************************************************

                    xk=(   0.15667,   0.27135,   0.00000  )

     Band symmetry, C_1 (1)     point group:

     e(  1 -  1) =    -77.87354  eV     1   --> A              
     e(  2 -  2) =    -49.26986  eV     1   --> A              
     e(  3 -  3) =    -49.13503  eV     1   --> A              
     e(  4 -  4) =    -49.07578  eV     1   --> A              
     e(  5 -  5) =    -23.81045  eV     1   --> A              
     e(  6 -  6) =    -23.75917  eV     1   --> A              
     e(  7 -  7) =    -21.28769  eV     1   --> A              
     e(  8 -  8) =    -20.32695  eV     1   --> A              
     e(  9 -  9) =    -13.75198  eV     1   --> A              
     e( 10 - 10) =    -12.78001  eV     1   --> A              
     e( 11 - 11) =    -12.42084  eV     1   --> A              
     e( 12 - 12) =    -11.41550  eV     1   --> A              
     e( 13 - 13) =    -10.98738  eV     1   --> A              
     e( 14 - 14) =    -10.69381  eV     1   --> A              
     e( 15 - 15) =    -10.16987  eV     1   --> A              
     e( 16 - 16) =     -9.35506  eV     1   --> A              
     e( 17 - 17) =     -9.05398  eV     1   --> A              
     e( 18 - 18) =     -8.43109  eV     1   --> A              
     e( 19 - 19) =     -8.26587  eV     1   --> A              
     e( 20 - 20) =     -7.79248  eV     1   --> A              
     e( 21 - 21) =     -6.48909  eV     1   --> A              
     e( 22 - 22) =     -3.83841  eV     1   --> A              
     e( 23 - 23) =     -3.68283  eV     1   --> A              
     e( 24 - 24) =     -3.25342  eV     1   --> A              
     e( 25 - 25) =     -2.32084  eV     1   --> A              
     e( 26 - 26) =      0.22917  eV     1   --> A              
     e( 27 - 27) =      0.38419  eV     1   --> A              
     e( 28 - 28) =      2.21189  eV     1   --> A              
     e( 29 - 29) =      2.21861  eV     1   --> A              
     e( 30 - 30) =      3.28606  eV     1   --> A              
     e( 31 - 31) =      3.88372  eV     1   --> A              
     e( 32 - 32) =      4.40263  eV     1   --> A              
     e( 33 - 33) =      4.69442  eV     1   --> A              
     e( 34 - 34) =      5.56188  eV     1   --> A              
     e( 35 - 35) =      6.22929  eV     1   --> A              

 **************************************************************************

 **************************************************************************

                    xk=(   0.16000,   0.27713,   0.00000  )

     Band symmetry, C_1 (1)     point group:

     e(  1 -  1) =    -77.87260  eV     1   --> A              
     e(  2 -  2) =    -49.27544  eV     1   --> A              
     e(  3 -  3) =    -49.13767  eV     1   --> A              
     e(  4 -  4) =    -49.07450  eV     1   --> A              
     e(  5 -  5) =    -23.75891  eV     1   --> A              
     e(  6 -  6) =    -23.70843  eV     1   --> A              
     e(  7 -  7) =    -21.25555  eV     1   --> A              
     e(  8 -  8) =    -20.30999  eV     1   --> A              
     e(  9 -  9) =    -13.75815  eV     1   --> A              
     e( 10 - 10) =    -12.86889  eV     1   --> A              
     e( 11 - 11) =    -12.47094  eV     1   --> A              
     e( 12 - 12) =    -11.40449  eV     1   --> A              
     e( 13 - 13) =    -11.05051  eV     1   --> A              
     e( 14 - 14) =    -10.75787  eV     1   --> A              
     e( 15 - 15) =    -10.20690  eV     1   --> A              
     e( 16 - 16) =     -9.41243  eV     1   --> A              
     e( 17 - 17) =     -9.03710  eV     1   --> A              
     e( 18 - 18) =     -8.43228  eV     1   --> A              
     e( 19 - 19) =     -8.25336  eV     1   --> A              
     e( 20 - 20) =     -7.81319  eV     1   --> A              
     e( 21 - 21) =     -6.50864  eV     1   --> A              
     e( 22 - 22) =     -3.85283  eV     1   --> A              
     e( 23 - 23) =     -3.69474  eV     1   --> A              
     e( 24 - 24) =     -3.24019  eV     1   --> A              
     e( 25 - 25) =     -2.30366  eV     1   --> A              
     e( 26 - 26) =      0.20103  eV     1   --> A              
     e( 27 - 27) =      0.35613  eV     1   --> A              
     e( 28 - 28) =      2.23496  eV     1   --> A              
     e( 29 - 29) =      2.24230  eV     1   --> A              
     e( 30 - 30) =      3.28583  eV     1   --> A              
     e( 31 - 31) =      3.90488  eV     1   --> A              
     e( 32 - 32) =      4.45860  eV     1   --> A              
     e( 33 - 33) =      4.73365  eV     1   --> A              
     e( 34 - 34) =      5.56008  eV     1   --> A              
     e( 35 - 35) =      6.22987  eV     1   --> A              

 **************************************************************************

 **************************************************************************

                    xk=(   0.16333,   0.28290,   0.00000  )

     Band symmetry, C_1 (1)     point group:

     e(  1 -  1) =    -77.87165  eV     1   --> A              
     e(  2 -  2) =    -49.28093  eV     1   --> A              
     e(  3 -  3) =    -49.14037  eV     1   --> A              
     e(  4 -  4) =    -49.07322  eV     1   --> A              
     e(  5 -  5) =    -23.70672  eV     1   --> A              
     e(  6 -  6) =    -23.65705  eV     1   --> A              
     e(  7 -  7) =    -21.22350  eV     1   --> A              
     e(  8 -  8) =    -20.29316  eV     1   --> A              
     e(  9 -  9) =    -13.76943  eV     1   --> A              
     e( 10 - 10) =    -12.95682  eV     1   --> A              
     e( 11 - 11) =    -12.51501  eV     1   --> A              
     e( 12 - 12) =    -11.39434  eV     1   --> A              
     e( 13 - 13) =    -11.11389  eV     1   --> A              
     e( 14 - 14) =    -10.82177  eV     1   --> A              
     e( 15 - 15) =    -10.24349  eV     1   --> A              
     e( 16 - 16) =     -9.47019  eV     1   --> A              
     e( 17 - 17) =     -9.01988  eV     1   --> A              
     e( 18 - 18) =     -8.43416  eV     1   --> A              
     e( 19 - 19) =     -8.24108  eV     1   --> A              
     e( 20 - 20) =     -7.83444  eV     1   --> A              
     e( 21 - 21) =     -6.52667  eV     1   --> A              
     e( 22 - 22) =     -3.86628  eV     1   --> A              
     e( 23 - 23) =     -3.70687  eV     1   --> A              
     e( 24 - 24) =     -3.22665  eV     1   --> A              
     e( 25 - 25) =     -2.28765  eV     1   --> A              
     e( 26 - 26) =      0.17309  eV     1   --> A              
     e( 27 - 27) =      0.32809  eV     1   --> A              
     e( 28 - 28) =      2.25803  eV     1   --> A              
     e( 29 - 29) =      2.26579  eV     1   --> A              
     e( 30 - 30) =      3.28679  eV     1   --> A              
     e( 31 - 31) =      3.92427  eV     1   --> A              
     e( 32 - 32) =      4.51445  eV     1   --> A              
     e( 33 - 33) =      4.77693  eV     1   --> A              
     e( 34 - 34) =      5.55317  eV     1   --> A              
     e( 35 - 35) =      6.22985  eV     1   --> A              

 **************************************************************************

 **************************************************************************

                    xk=(   0.16667,   0.28868,   0.00000  )

     Band symmetry, C_1 (1)     point group:

     e(  1 -  1) =    -77.87071  eV     1   --> A              
     e(  2 -  2) =    -49.28633  eV     1   --> A              
     e(  3 -  3) =    -49.14312  eV     1   --> A              
     e(  4 -  4) =    -49.07195  eV     1   --> A              
     e(  5 -  5) =    -23.65391  eV     1   --> A              
     e(  6 -  6) =    -23.60505  eV     1   --> A              
     e(  7 -  7) =    -21.19157  eV     1   --> A              
     e(  8 -  8) =    -20.27649  eV     1   --> A              
     e(  9 -  9) =    -13.78606  eV     1   --> A              
     e( 10 - 10) =    -13.04367  eV     1   --> A              
     e( 11 - 11) =    -12.55277  eV     1   --> A              
     e( 12 - 12) =    -11.38574  eV     1   --> A              
     e( 13 - 13) =    -11.17733  eV     1   --> A              
     e( 14 - 14) =    -10.88496  eV     1   --> A              
     e( 15 - 15) =    -10.27957  eV     1   --> A              
     e( 16 - 16) =     -9.52797  eV     1   --> A              
     e( 17 - 17) =     -9.00262  eV     1   --> A              
     e( 18 - 18) =     -8.43685  eV     1   --> A              
     e( 19 - 19) =     -8.22908  eV     1   --> A              
     e( 20 - 20) =     -7.85618  eV     1   --> A              
     e( 21 - 21) =     -6.54309  eV     1   --> A              
     e( 22 - 22) =     -3.87869  eV     1   --> A              
     e( 23 - 23) =     -3.71926  eV     1   --> A              
     e( 24 - 24) =     -3.21285  eV     1   --> A              
     e( 25 - 25) =     -2.27283  eV     1   --> A              
     e( 26 - 26) =      0.14551  eV     1   --> A              
     e( 27 - 27) =      0.30023  eV     1   --> A              
     e( 28 - 28) =      2.28049  eV     1   --> A              
     e( 29 - 29) =      2.28916  eV     1   --> A              
     e( 30 - 30) =      3.28932  eV     1   --> A              
     e( 31 - 31) =      3.94219  eV     1   --> A              
     e( 32 - 32) =      4.56975  eV     1   --> A              
     e( 33 - 33) =      4.82405  eV     1   --> A              
     e( 34 - 34) =      5.54231  eV     1   --> A              
     e( 35 - 35) =      6.22783  eV     1   --> A              

 **************************************************************************

 **************************************************************************

                    xk=(   0.17000,   0.29445,   0.00000  )

     Band symmetry, C_1 (1)     point group:

     e(  1 -  1) =    -77.86977  eV     1   --> A              
     e(  2 -  2) =    -49.29163  eV     1   --> A              
     e(  3 -  3) =    -49.14591  eV     1   --> A              
     e(  4 -  4) =    -49.07069  eV     1   --> A              
     e(  5 -  5) =    -23.60052  eV     1   --> A              
     e(  6 -  6) =    -23.55249  eV     1   --> A              
     e(  7 -  7) =    -21.15983  eV     1   --> A              
     e(  8 -  8) =    -20.26001  eV     1   --> A              
     e(  9 -  9) =    -13.80811  eV     1   --> A              
     e( 10 - 10) =    -13.12934  eV     1   --> A              
     e( 11 - 11) =    -12.58410  eV     1   --> A              
     e( 12 - 12) =    -11.37999  eV     1   --> A              
     e( 13 - 13) =    -11.24036  eV     1   --> A              
     e( 14 - 14) =    -10.94657  eV     1   --> A              
     e( 15 - 15) =    -10.31509  eV     1   --> A              
     e( 16 - 16) =     -9.58556  eV     1   --> A              
     e( 17 - 17) =     -8.98549  eV     1   --> A              
     e( 18 - 18) =     -8.44054  eV     1   --> A              
     e( 19 - 19) =     -8.21734  eV     1   --> A              
     e( 20 - 20) =     -7.87834  eV     1   --> A              
     e( 21 - 21) =     -6.55780  eV     1   --> A              
     e( 22 - 22) =     -3.89004  eV     1   --> A              
     e( 23 - 23) =     -3.73189  eV     1   --> A              
     e( 24 - 24) =     -3.19882  eV     1   --> A              
     e( 25 - 25) =     -2.25924  eV     1   --> A              
     e( 26 - 26) =      0.11841  eV     1   --> A              
     e( 27 - 27) =      0.27264  eV     1   --> A              
     e( 28 - 28) =      2.30149  eV     1   --> A              
     e( 29 - 29) =      2.31278  eV     1   --> A              
     e( 30 - 30) =      3.29381  eV     1   --> A              
     e( 31 - 31) =      3.95898  eV     1   --> A              
     e( 32 - 32) =      4.62391  eV     1   --> A              
     e( 33 - 33) =      4.87471  eV     1   --> A              
     e( 34 - 34) =      5.52893  eV     1   --> A              
     e( 35 - 35) =      6.22022  eV     1   --> A              

 **************************************************************************

 **************************************************************************

                    xk=(   0.17333,   0.30022,   0.00000  )

     Band symmetry, C_1 (1)     point group:

     e(  1 -  1) =    -77.86885  eV     1   --> A              
     e(  2 -  2) =    -49.29681  eV     1   --> A              
     e(  3 -  3) =    -49.14876  eV     1   --> A              
     e(  4 -  4) =    -49.06944  eV     1   --> A              
     e(  5 -  5) =    -23.54658  eV     1   --> A              
     e(  6 -  6) =    -23.49940  eV     1   --> A              
     e(  7 -  7) =    -21.12831  eV     1   --> A              
     e(  8 -  8) =    -20.24375  eV     1   --> A              
     e(  9 -  9) =    -13.83546  eV     1   --> A              
     e( 10 - 10) =    -13.21371  eV     1   --> A              
     e( 11 - 11) =    -12.60907  eV     1   --> A              
     e( 12 - 12) =    -11.38026  eV     1   --> A              
     e( 13 - 13) =    -11.30121  eV     1   --> A              
     e( 14 - 14) =    -11.00519  eV     1   --> A              
     e( 15 - 15) =    -10.34999  eV     1   --> A              
     e( 16 - 16) =     -9.64276  eV     1   --> A              
     e( 17 - 17) =     -8.96859  eV     1   --> A              
     e( 18 - 18) =     -8.44546  eV     1   --> A              
     e( 19 - 19) =     -8.20583  eV     1   --> A              
     e( 20 - 20) =     -7.90085  eV     1   --> A              
     e( 21 - 21) =     -6.57073  eV     1   --> A              
     e( 22 - 22) =     -3.90031  eV     1   --> A              
     e( 23 - 23) =     -3.74478  eV     1   --> A              
     e( 24 - 24) =     -3.18462  eV     1   --> A              
     e( 25 - 25) =     -2.24691  eV     1   --> A              
     e( 26 - 26) =      0.09189  eV     1   --> A              
     e( 27 - 27) =      0.24545  eV     1   --> A              
     e( 28 - 28) =      2.32042  eV     1   --> A              
     e( 29 - 29) =      2.33687  eV     1   --> A              
     e( 30 - 30) =      3.30058  eV     1   --> A              
     e( 31 - 31) =      3.97500  eV     1   --> A              
     e( 32 - 32) =      4.67620  eV     1   --> A              
     e( 33 - 33) =      4.92855  eV     1   --> A              
     e( 34 - 34) =      5.51461  eV     1   --> A              
     e( 35 - 35) =      6.19300  eV     1   --> A              

 **************************************************************************

 **************************************************************************

                    xk=(   0.17667,   0.30600,   0.00000  )

     Band symmetry, C_1 (1)     point group:

     e(  1 -  1) =    -77.86793  eV     1   --> A              
     e(  2 -  2) =    -49.30187  eV     1   --> A              
     e(  3 -  3) =    -49.15166  eV     1   --> A              
     e(  4 -  4) =    -49.06819  eV     1   --> A              
     e(  5 -  5) =    -23.49215  eV     1   --> A              
     e(  6 -  6) =    -23.44581  eV     1   --> A              
     e(  7 -  7) =    -21.09708  eV     1   --> A              
     e(  8 -  8) =    -20.22773  eV     1   --> A              
     e(  9 -  9) =    -13.86782  eV     1   --> A              
     e( 10 - 10) =    -13.29669  eV     1   --> A              
     e( 11 - 11) =    -12.62794  eV     1   --> A              
     e( 12 - 12) =    -11.39870  eV     1   --> A              
     e( 13 - 13) =    -11.35001  eV     1   --> A              
     e( 14 - 14) =    -11.05849  eV     1   --> A              
     e( 15 - 15) =    -10.38421  eV     1   --> A              
     e( 16 - 16) =     -9.69946  eV     1   --> A              
     e( 17 - 17) =     -8.95202  eV     1   --> A              
     e( 18 - 18) =     -8.45182  eV     1   --> A              
     e( 19 - 19) =     -8.19451  eV     1   --> A              
     e( 20 - 20) =     -7.92362  eV     1   --> A              
     e( 21 - 21) =     -6.58181  eV     1   --> A              
     e( 22 - 22) =     -3.90952  eV     1   --> A              
     e( 23 - 23) =     -3.75787  eV     1   --> A              
     e( 24 - 24) =     -3.17027  eV     1   --> A              
     e( 25 - 25) =     -2.23587  eV     1   --> A              
     e( 26 - 26) =      0.06601  eV     1   --> A              
     e( 27 - 27) =      0.21874  eV     1   --> A              
     e( 28 - 28) =      2.33702  eV     1   --> A              
     e( 29 - 29) =      2.36131  eV     1   --> A              
     e( 30 - 30) =      3.30993  eV     1   --> A              
     e( 31 - 31) =      3.99056  eV     1   --> A              
     e( 32 - 32) =      4.72568  eV     1   --> A              
     e( 33 - 33) =      4.98516  eV     1   --> A              
     e( 34 - 34) =      5.50105  eV     1   --> A              
     e( 35 - 35) =      6.13594  eV     1   --> A              

 **************************************************************************

 **************************************************************************

                    xk=(   0.18000,   0.31177,   0.00000  )

     Band symmetry, C_1 (1)     point group:

     e(  1 -  1) =    -77.86701  eV     1   --> A              
     e(  2 -  2) =    -49.30681  eV     1   --> A              
     e(  3 -  3) =    -49.15461  eV     1   --> A              
     e(  4 -  4) =    -49.06696  eV     1   --> A              
     e(  5 -  5) =    -23.43725  eV     1   --> A              
     e(  6 -  6) =    -23.39178  eV     1   --> A              
     e(  7 -  7) =    -21.06617  eV     1   --> A              
     e(  8 -  8) =    -20.21200  eV     1   --> A              
     e(  9 -  9) =    -13.90473  eV     1   --> A              
     e( 10 - 10) =    -13.37820  eV     1   --> A              
     e( 11 - 11) =    -12.64111  eV     1   --> A              
     e( 12 - 12) =    -11.44935  eV     1   --> A              
     e( 13 - 13) =    -11.37609  eV     1   --> A              
     e( 14 - 14) =    -11.10304  eV     1   --> A              
     e( 15 - 15) =    -10.41771  eV     1   --> A              
     e( 16 - 16) =     -9.75549  eV     1   --> A              
     e( 17 - 17) =     -8.93584  eV     1   --> A              
     e( 18 - 18) =     -8.45984  eV     1   --> A              
     e( 19 - 19) =     -8.18336  eV     1   --> A              
     e( 20 - 20) =     -7.94651  eV     1   --> A              
     e( 21 - 21) =     -6.59099  eV     1   --> A              
     e( 22 - 22) =     -3.91772  eV     1   --> A              
     e( 23 - 23) =     -3.77111  eV     1   --> A              
     e( 24 - 24) =     -3.15581  eV     1   --> A              
     e( 25 - 25) =     -2.22611  eV     1   --> A              
     e( 26 - 26) =      0.04083  eV     1   --> A              
     e( 27 - 27) =      0.19260  eV     1   --> A              
     e( 28 - 28) =      2.35119  eV     1   --> A              
     e( 29 - 29) =      2.38591  eV     1   --> A              
     e( 30 - 30) =      3.32210  eV     1   --> A              
     e( 31 - 31) =      4.00600  eV     1   --> A              
     e( 32 - 32) =      4.77118  eV     1   --> A              
     e( 33 - 33) =      5.04406  eV     1   --> A              
     e( 34 - 34) =      5.48992  eV     1   --> A              
     e( 35 - 35) =      6.07026  eV     1   --> A              

 **************************************************************************

 **************************************************************************

                    xk=(   0.18333,   0.31754,   0.00000  )

     Band symmetry, C_1 (1)     point group:

     e(  1 -  1) =    -77.86611  eV     1   --> A              
     e(  2 -  2) =    -49.31161  eV     1   --> A              
     e(  3 -  3) =    -49.15760  eV     1   --> A              
     e(  4 -  4) =    -49.06574  eV     1   --> A              
     e(  5 -  5) =    -23.38193  eV     1   --> A              
     e(  6 -  6) =    -23.33735  eV     1   --> A              
     e(  7 -  7) =    -21.03564  eV     1   --> A              
     e(  8 -  8) =    -20.19657  eV     1   --> A              
     e(  9 -  9) =    -13.94561  eV     1   --> A              
     e( 10 - 10) =    -13.45814  eV     1   --> A              
     e( 11 - 11) =    -12.64911  eV     1   --> A              
     e( 12 - 12) =    -11.51149  eV     1   --> A              
     e( 13 - 13) =    -11.40374  eV     1   --> A              
     e( 14 - 14) =    -11.13525  eV     1   --> A              
     e( 15 - 15) =    -10.45044  eV     1   --> A              
     e( 16 - 16) =     -9.81074  eV     1   --> A              
     e( 17 - 17) =     -8.92011  eV     1   --> A              
     e( 18 - 18) =     -8.46973  eV     1   --> A              
     e( 19 - 19) =     -8.17241  eV     1   --> A              
     e( 20 - 20) =     -7.96935  eV     1   --> A              
     e( 21 - 21) =     -6.59823  eV     1   --> A              
     e( 22 - 22) =     -3.92501  eV     1   --> A              
     e( 23 - 23) =     -3.78438  eV     1   --> A              
     e( 24 - 24) =     -3.14130  eV     1   --> A              
     e( 25 - 25) =     -2.21765  eV     1   --> A              
     e( 26 - 26) =      0.01636  eV     1   --> A              
     e( 27 - 27) =      0.16712  eV     1   --> A              
     e( 28 - 28) =      2.36285  eV     1   --> A              
     e( 29 - 29) =      2.41055  eV     1   --> A              
     e( 30 - 30) =      3.33723  eV     1   --> A              
     e( 31 - 31) =      4.02159  eV     1   --> A              
     e( 32 - 32) =      4.81134  eV     1   --> A              
     e( 33 - 33) =      5.10465  eV     1   --> A              
     e( 34 - 34) =      5.48280  eV     1   --> A              
     e( 35 - 35) =      6.00469  eV     1   --> A              

 **************************************************************************

 **************************************************************************

                    xk=(   0.18667,   0.32332,   0.00000  )

     Band symmetry, C_1 (1)     point group:

     e(  1 -  1) =    -77.86522  eV     1   --> A              
     e(  2 -  2) =    -49.31628  eV     1   --> A              
     e(  3 -  3) =    -49.16065  eV     1   --> A              
     e(  4 -  4) =    -49.06454  eV     1   --> A              
     e(  5 -  5) =    -23.32624  eV     1   --> A              
     e(  6 -  6) =    -23.28256  eV     1   --> A              
     e(  7 -  7) =    -21.00554  eV     1   --> A              
     e(  8 -  8) =    -20.18148  eV     1   --> A              
     e(  9 -  9) =    -13.98985  eV     1   --> A              
     e( 10 - 10) =    -13.53643  eV     1   --> A              
     e( 11 - 11) =    -12.65253  eV     1   --> A              
     e( 12 - 12) =    -11.57605  eV     1   --> A              
     e( 13 - 13) =    -11.44319  eV     1   --> A              
     e( 14 - 14) =    -11.15391  eV     1   --> A              
     e( 15 - 15) =    -10.48238  eV     1   --> A              
     e( 16 - 16) =     -9.86506  eV     1   --> A              
     e( 17 - 17) =     -8.90490  eV     1   --> A              
     e( 18 - 18) =     -8.48166  eV     1   --> A              
     e( 19 - 19) =     -8.16180  eV     1   --> A              
     e( 20 - 20) =     -7.99183  eV     1   --> A              
     e( 21 - 21) =     -6.60351  eV     1   --> A              
     e( 22 - 22) =     -3.93157  eV     1   --> A              
     e( 23 - 23) =     -3.79752  eV     1   --> A              
     e( 24 - 24) =     -3.12676  eV     1   --> A              
     e( 25 - 25) =     -2.21048  eV     1   --> A              
     e( 26 - 26) =     -0.00739  eV     1   --> A              
     e( 27 - 27) =      0.14237  eV     1   --> A              
     e( 28 - 28) =      2.37200  eV     1   --> A              
     e( 29 - 29) =      2.43514  eV     1   --> A              
     e( 30 - 30) =      3.35540  eV     1   --> A              
     e( 31 - 31) =      4.03758  eV     1   --> A              
     e( 32 - 32) =      4.84478  eV     1   --> A              
     e( 33 - 33) =      5.16614  eV     1   --> A              
     e( 34 - 34) =      5.48087  eV     1   --> A              
     e( 35 - 35) =      5.94199  eV     1   --> A              

 **************************************************************************

 **************************************************************************

                    xk=(   0.19000,   0.32909,   0.00000  )

     Band symmetry, C_1 (1)     point group:

     e(  1 -  1) =    -77.86434  eV     1   --> A              
     e(  2 -  2) =    -49.32079  eV     1   --> A              
     e(  3 -  3) =    -49.16374  eV     1   --> A              
     e(  4 -  4) =    -49.06335  eV     1   --> A              
     e(  5 -  5) =    -23.27024  eV     1   --> A              
     e(  6 -  6) =    -23.22746  eV     1   --> A              
     e(  7 -  7) =    -20.97592  eV     1   --> A              
     e(  8 -  8) =    -20.16676  eV     1   --> A              
     e(  9 -  9) =    -14.03678  eV     1   --> A              
     e( 10 - 10) =    -13.61299  eV     1   --> A              
     e( 11 - 11) =    -12.65195  eV     1   --> A              
     e( 12 - 12) =    -11.64148  eV     1   --> A              
     e( 13 - 13) =    -11.49364  eV     1   --> A              
     e( 14 - 14) =    -11.16137  eV     1   --> A              
     e( 15 - 15) =    -10.51349  eV     1   --> A              
     e( 16 - 16) =     -9.91830  eV     1   --> A              
     e( 17 - 17) =     -8.89030  eV     1   --> A              
     e( 18 - 18) =     -8.49575  eV     1   --> A              
     e( 19 - 19) =     -8.15193  eV     1   --> A              
     e( 20 - 20) =     -8.01340  eV     1   --> A              
     e( 21 - 21) =     -6.60682  eV     1   --> A              
     e( 22 - 22) =     -3.93765  eV     1   --> A              
     e( 23 - 23) =     -3.81027  eV     1   --> A              
     e( 24 - 24) =     -3.11223  eV     1   --> A              
     e( 25 - 25) =     -2.20458  eV     1   --> A              
     e( 26 - 26) =     -0.03042  eV     1   --> A              
     e( 27 - 27) =      0.11844  eV     1   --> A              
     e( 28 - 28) =      2.37865  eV     1   --> A              
     e( 29 - 29) =      2.45961  eV     1   --> A              
     e( 30 - 30) =      3.37661  eV     1   --> A              
     e( 31 - 31) =      4.05419  eV     1   --> A              
     e( 32 - 32) =      4.87040  eV     1   --> A              
     e( 33 - 33) =      5.22730  eV     1   --> A              
     e( 34 - 34) =      5.48448  eV     1   --> A              
     e( 35 - 35) =      5.88455  eV     1   --> A              

 **************************************************************************

 **************************************************************************

                    xk=(   0.19333,   0.33486,   0.00000  )

     Band symmetry, C_1 (1)     point group:

     e(  1 -  1) =    -77.86347  eV     1   --> A              
     e(  2 -  2) =    -49.32515  eV     1   --> A              
     e(  3 -  3) =    -49.16687  eV     1   --> A              
     e(  4 -  4) =    -49.06217  eV     1   --> A              
     e(  5 -  5) =    -23.21396  eV     1   --> A              
     e(  6 -  6) =    -23.17210  eV     1   --> A              
     e(  7 -  7) =    -20.94683  eV     1   --> A              
     e(  8 -  8) =    -20.15244  eV     1   --> A              
     e(  9 -  9) =    -14.08579  eV     1   --> A              
     e( 10 - 10) =    -13.68774  eV     1   --> A              
     e( 11 - 11) =    -12.64798  eV     1   --> A              
     e( 12 - 12) =    -11.70730  eV     1   --> A              
     e( 13 - 13) =    -11.55182  eV     1   --> A              
     e( 14 - 14) =    -11.16132  eV     1   --> A              
     e( 15 - 15) =    -10.54375  eV     1   --> A              
     e( 16 - 16) =     -9.97029  eV     1   --> A              
     e( 17 - 17) =     -8.87641  eV     1   --> A              
     e( 18 - 18) =     -8.51207  eV     1   --> A              
     e( 19 - 19) =     -8.14375  eV     1   --> A              
     e( 20 - 20) =     -8.03300  eV     1   --> A              
     e( 21 - 21) =     -6.60817  eV     1   --> A              
     e( 22 - 22) =     -3.94365  eV     1   --> A              
     e( 23 - 23) =     -3.82224  eV     1   --> A              
     e( 24 - 24) =     -3.09775  eV     1   --> A              
     e( 25 - 25) =     -2.19991  eV     1   --> A              
     e( 26 - 26) =     -0.05278  eV     1   --> A              
     e( 27 - 27) =      0.09538  eV     1   --> A              
     e( 28 - 28) =      2.38292  eV     1   --> A              
     e( 29 - 29) =      2.48391  eV     1   --> A              
     e( 30 - 30) =      3.40076  eV     1   --> A              
     e( 31 - 31) =      4.07160  eV     1   --> A              
     e( 32 - 32) =      4.88765  eV     1   --> A              
     e( 33 - 33) =      5.28597  eV     1   --> A              
     e( 34 - 34) =      5.49269  eV     1   --> A              
     e( 35 - 35) =      5.83576  eV     1   --> A              

 **************************************************************************

 **************************************************************************

                    xk=(   0.19667,   0.34064,   0.00000  )

     Band symmetry, C_1 (1)     point group:

     e(  1 -  1) =    -77.86261  eV     1   --> A              
     e(  2 -  2) =    -49.32935  eV     1   --> A              
     e(  3 -  3) =    -49.17005  eV     1   --> A              
     e(  4 -  4) =    -49.06102  eV     1   --> A              
     e(  5 -  5) =    -23.15747  eV     1   --> A              
     e(  6 -  6) =    -23.11654  eV     1   --> A              
     e(  7 -  7) =    -20.91832  eV     1   --> A              
     e(  8 -  8) =    -20.13854  eV     1   --> A              
     e(  9 -  9) =    -14.13627  eV     1   --> A              
     e( 10 - 10) =    -13.76059  eV     1   --> A              
     e( 11 - 11) =    -12.64116  eV     1   --> A              
     e( 12 - 12) =    -11.77331  eV     1   --> A              
     e( 13 - 13) =    -11.61492  eV     1   --> A              
     e( 14 - 14) =    -11.15679  eV     1   --> A              
     e( 15 - 15) =    -10.57314  eV     1   --> A              
     e( 16 - 16) =    -10.02086  eV     1   --> A              
     e( 17 - 17) =     -8.86338  eV     1   --> A              
     e( 18 - 18) =     -8.53060  eV     1   --> A              
     e( 19 - 19) =     -8.13931  eV     1   --> A              
     e( 20 - 20) =     -8.04843  eV     1   --> A              
     e( 21 - 21) =     -6.60760  eV     1   --> A              
     e( 22 - 22) =     -3.95008  eV     1   --> A              
     e( 23 - 23) =     -3.83294  eV     1   --> A              
     e( 24 - 24) =     -3.08336  eV     1   --> A              
     e( 25 - 25) =     -2.19645  eV     1   --> A              
     e( 26 - 26) =     -0.07452  eV     1   --> A              
     e( 27 - 27) =      0.07329  eV     1   --> A              
     e( 28 - 28) =      2.38496  eV     1   --> A              
     e( 29 - 29) =      2.50800  eV     1   --> A              
     e( 30 - 30) =      3.42772  eV     1   --> A              
     e( 31 - 31) =      4.08995  eV     1   --> A              
     e( 32 - 32) =      4.89683  eV     1   --> A              
     e( 33 - 33) =      5.33767  eV     1   --> A              
     e( 34 - 34) =      5.50380  eV     1   --> A              
     e( 35 - 35) =      5.80071  eV     1   --> A              

 **************************************************************************

 **************************************************************************

                    xk=(   0.20000,   0.34641,   0.00000  )

     Band symmetry, C_1 (1)     point group:

     e(  1 -  1) =    -77.86177  eV     1   --> A              
     e(  2 -  2) =    -49.33338  eV     1   --> A              
     e(  3 -  3) =    -49.17327  eV     1   --> A              
     e(  4 -  4) =    -49.05988  eV     1   --> A              
     e(  5 -  5) =    -23.10082  eV     1   --> A              
     e(  6 -  6) =    -23.06084  eV     1   --> A              
     e(  7 -  7) =    -20.89043  eV     1   --> A              
     e(  8 -  8) =    -20.12509  eV     1   --> A              
     e(  9 -  9) =    -14.18769  eV     1   --> A              
     e( 10 - 10) =    -13.83147  eV     1   --> A              
     e( 11 - 11) =    -12.63202  eV     1   --> A              
     e( 12 - 12) =    -11.83933  eV     1   --> A              
     e( 13 - 13) =    -11.68112  eV     1   --> A              
     e( 14 - 14) =    -11.14976  eV     1   --> A              
     e( 15 - 15) =    -10.60165  eV     1   --> A              
     e( 16 - 16) =    -10.06979  eV     1   --> A              
     e( 17 - 17) =     -8.85141  eV     1   --> A              
     e( 18 - 18) =     -8.55123  eV     1   --> A              
     e( 19 - 19) =     -8.14186  eV     1   --> A              
     e( 20 - 20) =     -8.05637  eV     1   --> A              
     e( 21 - 21) =     -6.60513  eV     1   --> A              
     e( 22 - 22) =     -3.95757  eV     1   --> A              
     e( 23 - 23) =     -3.84174  eV     1   --> A              
     e( 24 - 24) =     -3.06910  eV     1   --> A              
     e( 25 - 25) =     -2.19415  eV     1   --> A              
     e( 26 - 26) =     -0.09567  eV     1   --> A              
     e( 27 - 27) =      0.05223  eV     1   --> A              
     e( 28 - 28) =      2.38496  eV     1   --> A              
     e( 29 - 29) =      2.53184  eV     1   --> A              
     e( 30 - 30) =      3.45732  eV     1   --> A              
     e( 31 - 31) =      4.10937  eV     1   --> A              
     e( 32 - 32) =      4.89890  eV     1   --> A              
     e( 33 - 33) =      5.37298  eV     1   --> A              
     e( 34 - 34) =      5.51880  eV     1   --> A              
     e( 35 - 35) =      5.78547  eV     1   --> A              

 **************************************************************************

 **************************************************************************

                    xk=(   0.20333,   0.35218,   0.00000  )

     Band symmetry, C_1 (1)     point group:

     e(  1 -  1) =    -77.86094  eV     1   --> A              
     e(  2 -  2) =    -49.33725  eV     1   --> A              
     e(  3 -  3) =    -49.17654  eV     1   --> A              
     e(  4 -  4) =    -49.05877  eV     1   --> A              
     e(  5 -  5) =    -23.04407  eV     1   --> A              
     e(  6 -  6) =    -23.00506  eV     1   --> A              
     e(  7 -  7) =    -20.86322  eV     1   --> A              
     e(  8 -  8) =    -20.11212  eV     1   --> A              
     e(  9 -  9) =    -14.23957  eV     1   --> A              
     e( 10 - 10) =    -13.90031  eV     1   --> A              
     e( 11 - 11) =    -12.62105  eV     1   --> A              
     e( 12 - 12) =    -11.90520  eV     1   --> A              
     e( 13 - 13) =    -11.74929  eV     1   --> A              
     e( 14 - 14) =    -11.14150  eV     1   --> A              
     e( 15 - 15) =    -10.62926  eV     1   --> A              
     e( 16 - 16) =    -10.11687  eV     1   --> A              
     e( 17 - 17) =     -8.84082  eV     1   --> A              
     e( 18 - 18) =     -8.57374  eV     1   --> A              
     e( 19 - 19) =     -8.15288  eV     1   --> A              
     e( 20 - 20) =     -8.05524  eV     1   --> A              
     e( 21 - 21) =     -6.60083  eV     1   --> A              
     e( 22 - 22) =     -3.96674  eV     1   --> A              
     e( 23 - 23) =     -3.84807  eV     1   --> A              
     e( 24 - 24) =     -3.05499  eV     1   --> A              
     e( 25 - 25) =     -2.19295  eV     1   --> A              
     e( 26 - 26) =     -0.11633  eV     1   --> A              
     e( 27 - 27) =      0.03227  eV     1   --> A              
     e( 28 - 28) =      2.38316  eV     1   --> A              
     e( 29 - 29) =      2.55540  eV     1   --> A              
     e( 30 - 30) =      3.48929  eV     1   --> A              
     e( 31 - 31) =      4.12991  eV     1   --> A              
     e( 32 - 32) =      4.89520  eV     1   --> A              
     e( 33 - 33) =      5.38001  eV     1   --> A              
     e( 34 - 34) =      5.54285  eV     1   --> A              
     e( 35 - 35) =      5.79324  eV     1   --> A              

 **************************************************************************

 **************************************************************************

                    xk=(   0.20667,   0.35796,   0.00000  )

     Band symmetry, C_1 (1)     point group:

     e(  1 -  1) =    -77.86013  eV     1   --> A              
     e(  2 -  2) =    -49.34093  eV     1   --> A              
     e(  3 -  3) =    -49.17985  eV     1   --> A              
     e(  4 -  4) =    -49.05767  eV     1   --> A              
     e(  5 -  5) =    -22.98728  eV     1   --> A              
     e(  6 -  6) =    -22.94925  eV     1   --> A              
     e(  7 -  7) =    -20.83673  eV     1   --> A              
     e(  8 -  8) =    -20.09965  eV     1   --> A              
     e(  9 -  9) =    -14.29149  eV     1   --> A              
     e( 10 - 10) =    -13.96701  eV     1   --> A              
     e( 11 - 11) =    -12.60872  eV     1   --> A              
     e( 12 - 12) =    -11.97070  eV     1   --> A              
     e( 13 - 13) =    -11.81875  eV     1   --> A              
     e( 14 - 14) =    -11.13288  eV     1   --> A              
     e( 15 - 15) =    -10.65596  eV     1   --> A              
     e( 16 - 16) =    -10.16184  eV     1   --> A              
     e( 17 - 17) =     -8.83207  eV     1   --> A              
     e( 18 - 18) =     -8.59773  eV     1   --> A              
     e( 19 - 19) =     -8.16991  eV     1   --> A              
     e( 20 - 20) =     -8.04738  eV     1   --> A              
     e( 21 - 21) =     -6.59477  eV     1   --> A              
     e( 22 - 22) =     -3.97803  eV     1   --> A              
     e( 23 - 23) =     -3.85152  eV     1   --> A              
     e( 24 - 24) =     -3.04109  eV     1   --> A              
     e( 25 - 25) =     -2.19279  eV     1   --> A              
     e( 26 - 26) =     -0.13654  eV     1   --> A              
     e( 27 - 27) =      0.01346  eV     1   --> A              
     e( 28 - 28) =      2.37979  eV     1   --> A              
     e( 29 - 29) =      2.57865  eV     1   --> A              
     e( 30 - 30) =      3.52340  eV     1   --> A              
     e( 31 - 31) =      4.15167  eV     1   --> A              
     e( 32 - 32) =      4.88710  eV     1   --> A              
     e( 33 - 33) =      5.36001  eV     1   --> A              
     e( 34 - 34) =      5.57285  eV     1   --> A              
     e( 35 - 35) =      5.82175  eV     1   --> A              

 **************************************************************************

 **************************************************************************

                    xk=(   0.21000,   0.36373,   0.00000  )

     Band symmetry, C_1 (1)     point group:

     e(  1 -  1) =    -77.85933  eV     1   --> A              
     e(  2 -  2) =    -49.34443  eV     1   --> A              
     e(  3 -  3) =    -49.18320  eV     1   --> A              
     e(  4 -  4) =    -49.05660  eV     1   --> A              
     e(  5 -  5) =    -22.93052  eV     1   --> A              
     e(  6 -  6) =    -22.89348  eV     1   --> A              
     e(  7 -  7) =    -20.81100  eV     1   --> A              
     e(  8 -  8) =    -20.08770  eV     1   --> A              
     e(  9 -  9) =    -14.34307  eV     1   --> A              
     e( 10 - 10) =    -14.03152  eV     1   --> A              
     e( 11 - 11) =    -12.59558  eV     1   --> A              
     e( 12 - 12) =    -12.03553  eV     1   --> A              
     e( 13 - 13) =    -11.88907  eV     1   --> A              
     e( 14 - 14) =    -11.12454  eV     1   --> A              
     e( 15 - 15) =    -10.68173  eV     1   --> A              
     e( 16 - 16) =    -10.20439  eV     1   --> A              
     e( 17 - 17) =     -8.82588  eV     1   --> A              
     e( 18 - 18) =     -8.62253  eV     1   --> A              
     e( 19 - 19) =     -8.18994  eV     1   --> A              
     e( 20 - 20) =     -8.03572  eV     1   --> A              
     e( 21 - 21) =     -6.58703  eV     1   --> A              
     e( 22 - 22) =     -3.99156  eV     1   --> A              
     e( 23 - 23) =     -3.85198  eV     1   --> A              
     e( 24 - 24) =     -3.02741  eV     1   --> A              
     e( 25 - 25) =     -2.19360  eV     1   --> A              
     e( 26 - 26) =     -0.15637  eV     1   --> A              
     e( 27 - 27) =     -0.00416  eV     1   --> A              
     e( 28 - 28) =      2.37511  eV     1   --> A              
     e( 29 - 29) =      2.60155  eV     1   --> A              
     e( 30 - 30) =      3.55938  eV     1   --> A              
     e( 31 - 31) =      4.17465  eV     1   --> A              
     e( 32 - 32) =      4.87574  eV     1   --> A              
     e( 33 - 33) =      5.32454  eV     1   --> A              
     e( 34 - 34) =      5.59825  eV     1   --> A              
     e( 35 - 35) =      5.86622  eV     1   --> A              

 **************************************************************************

 **************************************************************************

                    xk=(   0.21333,   0.36950,   0.00000  )

     Band symmetry, C_1 (1)     point group:

     e(  1 -  1) =    -77.85856  eV     1   --> A              
     e(  2 -  2) =    -49.34775  eV     1   --> A              
     e(  3 -  3) =    -49.18658  eV     1   --> A              
     e(  4 -  4) =    -49.05555  eV     1   --> A              
     e(  5 -  5) =    -22.87385  eV     1   --> A              
     e(  6 -  6) =    -22.83782  eV     1   --> A              
     e(  7 -  7) =    -20.78608  eV     1   --> A              
     e(  8 -  8) =    -20.07630  eV     1   --> A              
     e(  9 -  9) =    -14.39399  eV     1   --> A              
     e( 10 - 10) =    -14.09374  eV     1   --> A              
     e( 11 - 11) =    -12.58227  eV     1   --> A              
     e( 12 - 12) =    -12.09922  eV     1   --> A              
     e( 13 - 13) =    -11.95995  eV     1   --> A              
     e( 14 - 14) =    -11.11703  eV     1   --> A              
     e( 15 - 15) =    -10.70656  eV     1   --> A              
     e( 16 - 16) =    -10.24422  eV     1   --> A              
     e( 17 - 17) =     -8.82341  eV     1   --> A              
     e( 18 - 18) =     -8.64709  eV     1   --> A              
     e( 19 - 19) =     -8.21114  eV     1   --> A              
     e( 20 - 20) =     -8.02192  eV     1   --> A              
     e( 21 - 21) =     -6.57770  eV     1   --> A              
     e( 22 - 22) =     -4.00720  eV     1   --> A              
     e( 23 - 23) =     -3.84963  eV     1   --> A              
     e( 24 - 24) =     -3.01401  eV     1   --> A              
     e( 25 - 25) =     -2.19529  eV     1   --> A              
     e( 26 - 26) =     -0.17587  eV     1   --> A              
     e( 27 - 27) =     -0.02055  eV     1   --> A              
     e( 28 - 28) =      2.36935  eV     1   --> A              
     e( 29 - 29) =      2.62406  eV     1   --> A              
     e( 30 - 30) =      3.59697  eV     1   --> A              
     e( 31 - 31) =      4.19890  eV     1   --> A              
     e( 32 - 32) =      4.86195  eV     1   --> A              
     e( 33 - 33) =      5.28224  eV     1   --> A              
     e( 34 - 34) =      5.61247  eV     1   --> A              
     e( 35 - 35) =      5.92233  eV     1   --> A              

 **************************************************************************

 **************************************************************************

                    xk=(   0.21667,   0.37528,   0.00000  )

     Band symmetry, C_1 (1)     point group:

     e(  1 -  1) =    -77.85780  eV     1   --> A              
     e(  2 -  2) =    -49.35087  eV     1   --> A              
     e(  3 -  3) =    -49.19001  eV     1   --> A              
     e(  4 -  4) =    -49.05452  eV     1   --> A              
     e(  5 -  5) =    -22.81735  eV     1   --> A              
     e(  6 -  6) =    -22.78233  eV     1   --> A              
     e(  7 -  7) =    -20.76200  eV     1   --> A              
     e(  8 -  8) =    -20.06546  eV     1   --> A              
     e(  9 -  9) =    -14.44394  eV     1   --> A              
     e( 10 - 10) =    -14.15360  eV     1   --> A              
     e( 11 - 11) =    -12.56973  eV     1   --> A              
     e( 12 - 12) =    -12.16095  eV     1   --> A              
     e( 13 - 13) =    -12.03118  eV     1   --> A              
     e( 14 - 14) =    -11.11086  eV     1   --> A              
     e( 15 - 15) =    -10.73042  eV     1   --> A              
     e( 16 - 16) =    -10.28095  eV     1   --> A              
     e( 17 - 17) =     -8.82636  eV     1   --> A              
     e( 18 - 18) =     -8.66981  eV     1   --> A              
     e( 19 - 19) =     -8.23250  eV     1   --> A              
     e( 20 - 20) =     -8.00682  eV     1   --> A              
     e( 21 - 21) =     -6.56688  eV     1   --> A              
     e( 22 - 22) =     -4.02466  eV     1   --> A              
     e( 23 - 23) =     -3.84479  eV     1   --> A              
     e( 24 - 24) =     -3.00091  eV     1   --> A              
     e( 25 - 25) =     -2.19779  eV     1   --> A              
     e( 26 - 26) =     -0.19509  eV     1   --> A              
     e( 27 - 27) =     -0.03571  eV     1   --> A              
     e( 28 - 28) =      2.36276  eV     1   --> A              
     e( 29 - 29) =      2.64614  eV     1   --> A              
     e( 30 - 30) =      3.63592  eV     1   --> A              
     e( 31 - 31) =      4.22442  eV     1   --> A              
     e( 32 - 32) =      4.84623  eV     1   --> A              
     e( 33 - 33) =      5.23787  eV     1   --> A              
     e( 34 - 34) =      5.61430  eV     1   --> A              
     e( 35 - 35) =      5.98651  eV     1   --> A              

 **************************************************************************

 **************************************************************************

                    xk=(   0.22000,   0.38105,   0.00000  )

     Band symmetry, C_1 (1)     point group:

     e(  1 -  1) =    -77.85705  eV     1   --> A              
     e(  2 -  2) =    -49.35381  eV     1   --> A              
     e(  3 -  3) =    -49.19346  eV     1   --> A              
     e(  4 -  4) =    -49.05352  eV     1   --> A              
     e(  5 -  5) =    -22.76108  eV     1   --> A              
     e(  6 -  6) =    -22.72711  eV     1   --> A              
     e(  7 -  7) =    -20.73881  eV     1   --> A              
     e(  8 -  8) =    -20.05520  eV     1   --> A              
     e(  9 -  9) =    -14.49268  eV     1   --> A              
     e( 10 - 10) =    -14.21104  eV     1   --> A              
     e( 11 - 11) =    -12.55951  eV     1   --> A              
     e( 12 - 12) =    -12.21929  eV     1   --> A              
     e( 13 - 13) =    -12.10260  eV     1   --> A              
     e( 14 - 14) =    -11.10651  eV     1   --> A              
     e( 15 - 15) =    -10.75329  eV     1   --> A              
     e( 16 - 16) =    -10.31422  eV     1   --> A              
     e( 17 - 17) =     -8.83673  eV     1   --> A              
     e( 18 - 18) =     -8.68884  eV     1   --> A              
     e( 19 - 19) =     -8.25337  eV     1   --> A              
     e( 20 - 20) =     -7.99086  eV     1   --> A              
     e( 21 - 21) =     -6.55467  eV     1   --> A              
     e( 22 - 22) =     -4.04363  eV     1   --> A              
     e( 23 - 23) =     -3.83780  eV     1   --> A              
     e( 24 - 24) =     -2.98815  eV     1   --> A              
     e( 25 - 25) =     -2.20101  eV     1   --> A              
     e( 26 - 26) =     -0.21406  eV     1   --> A              
     e( 27 - 27) =     -0.04963  eV     1   --> A              
     e( 28 - 28) =      2.35555  eV     1   --> A              
     e( 29 - 29) =      2.66773  eV     1   --> A              
     e( 30 - 30) =      3.67598  eV     1   --> A              
     e( 31 - 31) =      4.25118  eV     1   --> A              
     e( 32 - 32) =      4.82873  eV     1   --> A              
     e( 33 - 33) =      5.19423  eV     1   --> A              
     e( 34 - 34) =      5.60557  eV     1   --> A              
     e( 35 - 35) =      6.05550  eV     1   --> A              

 **************************************************************************

 **************************************************************************

                    xk=(   0.22333,   0.38682,   0.00000  )

     Band symmetry, C_1 (1)     point group:

     e(  1 -  1) =    -77.85633  eV     1   --> A              
     e(  2 -  2) =    -49.35654  eV     1   --> A              
     e(  3 -  3) =    -49.19696  eV     1   --> A              
     e(  4 -  4) =    -49.05254  eV     1   --> A              
     e(  5 -  5) =    -22.70513  eV     1   --> A              
     e(  6 -  6) =    -22.67221  eV     1   --> A              
     e(  7 -  7) =    -20.71653  eV     1   --> A              
     e(  8 -  8) =    -20.04553  eV     1   --> A              
     e(  9 -  9) =    -14.53998  eV     1   --> A              
     e( 10 - 10) =    -14.26598  eV     1   --> A              
     e( 11 - 11) =    -12.55437  eV     1   --> A              
     e( 12 - 12) =    -12.27156  eV     1   --> A              
     e( 13 - 13) =    -12.17409  eV     1   --> A              
     e( 14 - 14) =    -11.10444  eV     1   --> A              
     e( 15 - 15) =    -10.77513  eV     1   --> A              
     e( 16 - 16) =    -10.34364  eV     1   --> A              
     e( 17 - 17) =     -8.85578  eV     1   --> A              
     e( 18 - 18) =     -8.70315  eV     1   --> A              
     e( 19 - 19) =     -8.27322  eV     1   --> A              
     e( 20 - 20) =     -7.97430  eV     1   --> A              
     e( 21 - 21) =     -6.54118  eV     1   --> A              
     e( 22 - 22) =     -4.06388  eV     1   --> A              
     e( 23 - 23) =     -3.82896  eV     1   --> A              
     e( 24 - 24) =     -2.97578  eV     1   --> A              
     e( 25 - 25) =     -2.20486  eV     1   --> A              
     e( 26 - 26) =     -0.23278  eV     1   --> A              
     e( 27 - 27) =     -0.06234  eV     1   --> A              
     e( 28 - 28) =      2.34794  eV     1   --> A              
     e( 29 - 29) =      2.68878  eV     1   --> A              
     e( 30 - 30) =      3.71691  eV     1   --> A              
     e( 31 - 31) =      4.27916  eV     1   --> A              
     e( 32 - 32) =      4.80939  eV     1   --> A              
     e( 33 - 33) =      5.15318  eV     1   --> A              
     e( 34 - 34) =      5.58902  eV     1   --> A              
     e( 35 - 35) =      6.12553  eV     1   --> A              

 **************************************************************************

 **************************************************************************

                    xk=(   0.22667,   0.39260,   0.00000  )

     Band symmetry, C_1 (1)     point group:

     e(  1 -  1) =    -77.85563  eV     1   --> A              
     e(  2 -  2) =    -49.35907  eV     1   --> A              
     e(  3 -  3) =    -49.20049  eV     1   --> A              
     e(  4 -  4) =    -49.05160  eV     1   --> A              
     e(  5 -  5) =    -22.64957  eV     1   --> A              
     e(  6 -  6) =    -22.61772  eV     1   --> A              
     e(  7 -  7) =    -20.69520  eV     1   --> A              
     e(  8 -  8) =    -20.03647  eV     1   --> A              
     e(  9 -  9) =    -14.58563  eV     1   --> A              
     e( 10 - 10) =    -14.31834  eV     1   --> A              
     e( 11 - 11) =    -12.55892  eV     1   --> A              
     e( 12 - 12) =    -12.31322  eV     1   --> A              
     e( 13 - 13) =    -12.24549  eV     1   --> A              
     e( 14 - 14) =    -11.10506  eV     1   --> A              
     e( 15 - 15) =    -10.79593  eV     1   --> A              
     e( 16 - 16) =    -10.36883  eV     1   --> A              
     e( 17 - 17) =     -8.88299  eV     1   --> A              
     e( 18 - 18) =     -8.71349  eV     1   --> A              
     e( 19 - 19) =     -8.29154  eV     1   --> A              
     e( 20 - 20) =     -7.95731  eV     1   --> A              
     e( 21 - 21) =     -6.52651  eV     1   --> A              
     e( 22 - 22) =     -4.08516  eV     1   --> A              
     e( 23 - 23) =     -3.81851  eV     1   --> A              
     e( 24 - 24) =     -2.96383  eV     1   --> A              
     e( 25 - 25) =     -2.20923  eV     1   --> A              
     e( 26 - 26) =     -0.25126  eV     1   --> A              
     e( 27 - 27) =     -0.07387  eV     1   --> A              
     e( 28 - 28) =      2.34012  eV     1   --> A              
     e( 29 - 29) =      2.70922  eV     1   --> A              
     e( 30 - 30) =      3.75850  eV     1   --> A              
     e( 31 - 31) =      4.30833  eV     1   --> A              
     e( 32 - 32) =      4.78794  eV     1   --> A              
     e( 33 - 33) =      5.11609  eV     1   --> A              
     e( 34 - 34) =      5.56714  eV     1   --> A              
     e( 35 - 35) =      6.18909  eV     1   --> A              

 **************************************************************************

 **************************************************************************

                    xk=(   0.23000,   0.39837,   0.00000  )

     Band symmetry, C_1 (1)     point group:

     e(  1 -  1) =    -77.85494  eV     1   --> A              
     e(  2 -  2) =    -49.36140  eV     1   --> A              
     e(  3 -  3) =    -49.20404  eV     1   --> A              
     e(  4 -  4) =    -49.05067  eV     1   --> A              
     e(  5 -  5) =    -22.59449  eV     1   --> A              
     e(  6 -  6) =    -22.56372  eV     1   --> A              
     e(  7 -  7) =    -20.67484  eV     1   --> A              
     e(  8 -  8) =    -20.02801  eV     1   --> A              
     e(  9 -  9) =    -14.62945  eV     1   --> A              
     e( 10 - 10) =    -14.36806  eV     1   --> A              
     e( 11 - 11) =    -12.57857  eV     1   --> A              
     e( 12 - 12) =    -12.33952  eV     1   --> A              
     e( 13 - 13) =    -12.31613  eV     1   --> A              
     e( 14 - 14) =    -11.10871  eV     1   --> A              
     e( 15 - 15) =    -10.81569  eV     1   --> A              
     e( 16 - 16) =    -10.38949  eV     1   --> A              
     e( 17 - 17) =     -8.91664  eV     1   --> A              
     e( 18 - 18) =     -8.72186  eV     1   --> A              
     e( 19 - 19) =     -8.30786  eV     1   --> A              
     e( 20 - 20) =     -7.94002  eV     1   --> A              
     e( 21 - 21) =     -6.51077  eV     1   --> A              
     e( 22 - 22) =     -4.10734  eV     1   --> A              
     e( 23 - 23) =     -3.80666  eV     1   --> A              
     e( 24 - 24) =     -2.95234  eV     1   --> A              
     e( 25 - 25) =     -2.21403  eV     1   --> A              
     e( 26 - 26) =     -0.26950  eV     1   --> A              
     e( 27 - 27) =     -0.08428  eV     1   --> A              
     e( 28 - 28) =      2.33225  eV     1   --> A              
     e( 29 - 29) =      2.72895  eV     1   --> A              
     e( 30 - 30) =      3.80053  eV     1   --> A              
     e( 31 - 31) =      4.33864  eV     1   --> A              
     e( 32 - 32) =      4.76408  eV     1   --> A              
     e( 33 - 33) =      5.08396  eV     1   --> A              
     e( 34 - 34) =      5.54188  eV     1   --> A              
     e( 35 - 35) =      6.22883  eV     1   --> A              

 **************************************************************************

 **************************************************************************

                    xk=(   0.23333,   0.40415,   0.00000  )

     Band symmetry, C_1 (1)     point group:

     e(  1 -  1) =    -77.85428  eV     1   --> A              
     e(  2 -  2) =    -49.36352  eV     1   --> A              
     e(  3 -  3) =    -49.20763  eV     1   --> A              
     e(  4 -  4) =    -49.04978  eV     1   --> A              
     e(  5 -  5) =    -22.53997  eV     1   --> A              
     e(  6 -  6) =    -22.51030  eV     1   --> A              
     e(  7 -  7) =    -20.65548  eV     1   --> A              
     e(  8 -  8) =    -20.02016  eV     1   --> A              
     e(  9 -  9) =    -14.67127  eV     1   --> A              
     e( 10 - 10) =    -14.41505  eV     1   --> A              
     e( 11 - 11) =    -12.61475  eV     1   --> A              
     e( 12 - 12) =    -12.38924  eV     1   --> A              
     e( 13 - 13) =    -12.34568  eV     1   --> A              
     e( 14 - 14) =    -11.11559  eV     1   --> A              
     e( 15 - 15) =    -10.83443  eV     1   --> A              
     e( 16 - 16) =    -10.40538  eV     1   --> A              
     e( 17 - 17) =     -8.95498  eV     1   --> A              
     e( 18 - 18) =     -8.73026  eV     1   --> A              
     e( 19 - 19) =     -8.32173  eV     1   --> A              
     e( 20 - 20) =     -7.92255  eV     1   --> A              
     e( 21 - 21) =     -6.49408  eV     1   --> A              
     e( 22 - 22) =     -4.13026  eV     1   --> A              
     e( 23 - 23) =     -3.79356  eV     1   --> A              
     e( 24 - 24) =     -2.94136  eV     1   --> A              
     e( 25 - 25) =     -2.21916  eV     1   --> A              
     e( 26 - 26) =     -0.28746  eV     1   --> A              
     e( 27 - 27) =     -0.09360  eV     1   --> A              
     e( 28 - 28) =      2.32450  eV     1   --> A              
     e( 29 - 29) =      2.74789  eV     1   --> A              
     e( 30 - 30) =      3.84282  eV     1   --> A              
     e( 31 - 31) =      4.37003  eV     1   --> A              
     e( 32 - 32) =      4.73770  eV     1   --> A              
     e( 33 - 33) =      5.05737  eV     1   --> A              
     e( 34 - 34) =      5.51470  eV     1   --> A              
     e( 35 - 35) =      6.23952  eV     1   --> A              

 **************************************************************************

 **************************************************************************

                    xk=(   0.23667,   0.40992,   0.00000  )

     Band symmetry, C_1 (1)     point group:

     e(  1 -  1) =    -77.85364  eV     1   --> A              
     e(  2 -  2) =    -49.36543  eV     1   --> A              
     e(  3 -  3) =    -49.21125  eV     1   --> A              
     e(  4 -  4) =    -49.04891  eV     1   --> A              
     e(  5 -  5) =    -22.48609  eV     1   --> A              
     e(  6 -  6) =    -22.45755  eV     1   --> A              
     e(  7 -  7) =    -20.63713  eV     1   --> A              
     e(  8 -  8) =    -20.01293  eV     1   --> A              
     e(  9 -  9) =    -14.71094  eV     1   --> A              
     e( 10 - 10) =    -14.45926  eV     1   --> A              
     e( 11 - 11) =    -12.66339  eV     1   --> A              
     e( 12 - 12) =    -12.45994  eV     1   --> A              
     e( 13 - 13) =    -12.34063  eV     1   --> A              
     e( 14 - 14) =    -11.12573  eV     1   --> A              
     e( 15 - 15) =    -10.85223  eV     1   --> A              
     e( 16 - 16) =    -10.41639  eV     1   --> A              
     e( 17 - 17) =     -8.99678  eV     1   --> A              
     e( 18 - 18) =     -8.74014  eV     1   --> A              
     e( 19 - 19) =     -8.33281  eV     1   --> A              
     e( 20 - 20) =     -7.90499  eV     1   --> A              
     e( 21 - 21) =     -6.47654  eV     1   --> A              
     e( 22 - 22) =     -4.15383  eV     1   --> A              
     e( 23 - 23) =     -3.77936  eV     1   --> A              
     e( 24 - 24) =     -2.93093  eV     1   --> A              
     e( 25 - 25) =     -2.22452  eV     1   --> A              
     e( 26 - 26) =     -0.30514  eV     1   --> A              
     e( 27 - 27) =     -0.10189  eV     1   --> A              
     e( 28 - 28) =      2.31700  eV     1   --> A              
     e( 29 - 29) =      2.76593  eV     1   --> A              
     e( 30 - 30) =      3.88518  eV     1   --> A              
     e( 31 - 31) =      4.40245  eV     1   --> A              
     e( 32 - 32) =      4.70893  eV     1   --> A              
     e( 33 - 33) =      5.03641  eV     1   --> A              
     e( 34 - 34) =      5.48676  eV     1   --> A              
     e( 35 - 35) =      6.23760  eV     1   --> A              

 **************************************************************************

 **************************************************************************

                    xk=(   0.24000,   0.41569,   0.00000  )

     Band symmetry, C_1 (1)     point group:

     e(  1 -  1) =    -77.85302  eV     1   --> A              
     e(  2 -  2) =    -49.36713  eV     1   --> A              
     e(  3 -  3) =    -49.21489  eV     1   --> A              
     e(  4 -  4) =    -49.04807  eV     1   --> A              
     e(  5 -  5) =    -22.43296  eV     1   --> A              
     e(  6 -  6) =    -22.40555  eV     1   --> A              
     e(  7 -  7) =    -20.61981  eV     1   --> A              
     e(  8 -  8) =    -20.00630  eV     1   --> A              
     e(  9 -  9) =    -14.74833  eV     1   --> A              
     e( 10 - 10) =    -14.50062  eV     1   --> A              
     e( 11 - 11) =    -12.71943  eV     1   --> A              
     e( 12 - 12) =    -12.53070  eV     1   --> A              
     e( 13 - 13) =    -12.32688  eV     1   --> A              
     e( 14 - 14) =    -11.13900  eV     1   --> A              
     e( 15 - 15) =    -10.86918  eV     1   --> A              
     e( 16 - 16) =    -10.42257  eV     1   --> A              
     e( 17 - 17) =     -9.04121  eV     1   --> A              
     e( 18 - 18) =     -8.75238  eV     1   --> A              
     e( 19 - 19) =     -8.34086  eV     1   --> A              
     e( 20 - 20) =     -7.88742  eV     1   --> A              
     e( 21 - 21) =     -6.45826  eV     1   --> A              
     e( 22 - 22) =     -4.17793  eV     1   --> A              
     e( 23 - 23) =     -3.76418  eV     1   --> A              
     e( 24 - 24) =     -2.92110  eV     1   --> A              
     e( 25 - 25) =     -2.23000  eV     1   --> A              
     e( 26 - 26) =     -0.32249  eV     1   --> A              
     e( 27 - 27) =     -0.10922  eV     1   --> A              
     e( 28 - 28) =      2.30989  eV     1   --> A              
     e( 29 - 29) =      2.78295  eV     1   --> A              
     e( 30 - 30) =      3.92742  eV     1   --> A              
     e( 31 - 31) =      4.43583  eV     1   --> A              
     e( 32 - 32) =      4.67826  eV     1   --> A              
     e( 33 - 33) =      5.02070  eV     1   --> A              
     e( 34 - 34) =      5.45904  eV     1   --> A              
     e( 35 - 35) =      6.23139  eV     1   --> A              

 **************************************************************************

 **************************************************************************

                    xk=(   0.24333,   0.42147,   0.00000  )

     Band symmetry, C_1 (1)     point group:

     e(  1 -  1) =    -77.85242  eV     1   --> A              
     e(  2 -  2) =    -49.36863  eV     1   --> A              
     e(  3 -  3) =    -49.21855  eV     1   --> A              
     e(  4 -  4) =    -49.04727  eV     1   --> A              
     e(  5 -  5) =    -22.38067  eV     1   --> A              
     e(  6 -  6) =    -22.35440  eV     1   --> A              
     e(  7 -  7) =    -20.60352  eV     1   --> A              
     e(  8 -  8) =    -20.00028  eV     1   --> A              
     e(  9 -  9) =    -14.78330  eV     1   --> A              
     e( 10 - 10) =    -14.53905  eV     1   --> A              
     e( 11 - 11) =    -12.77954  eV     1   --> A              
     e( 12 - 12) =    -12.60122  eV     1   --> A              
     e( 13 - 13) =    -12.30797  eV     1   --> A              
     e( 14 - 14) =    -11.15509  eV     1   --> A              
     e( 15 - 15) =    -10.88538  eV     1   --> A              
     e( 16 - 16) =    -10.42412  eV     1   --> A              
     e( 17 - 17) =     -9.08773  eV     1   --> A              
     e( 18 - 18) =     -8.76745  eV     1   --> A              
     e( 19 - 19) =     -8.34583  eV     1   --> A              
     e( 20 - 20) =     -7.86992  eV     1   --> A              
     e( 21 - 21) =     -6.43934  eV     1   --> A              
     e( 22 - 22) =     -4.20248  eV     1   --> A              
     e( 23 - 23) =     -3.74813  eV     1   --> A              
     e( 24 - 24) =     -2.91192  eV     1   --> A              
     e( 25 - 25) =     -2.23551  eV     1   --> A              
     e( 26 - 26) =     -0.33948  eV     1   --> A              
     e( 27 - 27) =     -0.11563  eV     1   --> A              
     e( 28 - 28) =      2.30327  eV     1   --> A              
     e( 29 - 29) =      2.79884  eV     1   --> A              
     e( 30 - 30) =      3.96940  eV     1   --> A              
     e( 31 - 31) =      4.47011  eV     1   --> A              
     e( 32 - 32) =      4.64636  eV     1   --> A              
     e( 33 - 33) =      5.00948  eV     1   --> A              
     e( 34 - 34) =      5.43240  eV     1   --> A              
     e( 35 - 35) =      6.22345  eV     1   --> A              

 **************************************************************************

 **************************************************************************

                    xk=(   0.24667,   0.42724,   0.00000  )

     Band symmetry, C_1 (1)     point group:

     e(  1 -  1) =    -77.85184  eV     1   --> A              
     e(  2 -  2) =    -49.36991  eV     1   --> A              
     e(  3 -  3) =    -49.22224  eV     1   --> A              
     e(  4 -  4) =    -49.04649  eV     1   --> A              
     e(  5 -  5) =    -22.32931  eV     1   --> A              
     e(  6 -  6) =    -22.30419  eV     1   --> A              
     e(  7 -  7) =    -20.58827  eV     1   --> A              
     e(  8 -  8) =    -19.99484  eV     1   --> A              
     e(  9 -  9) =    -14.81574  eV     1   --> A              
     e( 10 - 10) =    -14.57450  eV     1   --> A              
     e( 11 - 11) =    -12.84191  eV     1   --> A              
     e( 12 - 12) =    -12.67144  eV     1   --> A              
     e( 13 - 13) =    -12.28572  eV     1   --> A              
     e( 14 - 14) =    -11.17361  eV     1   --> A              
     e( 15 - 15) =    -10.90091  eV     1   --> A              
     e( 16 - 16) =    -10.42133  eV     1   --> A              
     e( 17 - 17) =     -9.13596  eV     1   --> A              
     e( 18 - 18) =     -8.78546  eV     1   --> A              
     e( 19 - 19) =     -8.34786  eV     1   --> A              
     e( 20 - 20) =     -7.85256  eV     1   --> A              
     e( 21 - 21) =     -6.41988  eV     1   --> A              
     e( 22 - 22) =     -4.22741  eV     1   --> A              
     e( 23 - 23) =     -3.73130  eV     1   --> A              
     e( 24 - 24) =     -2.90344  eV     1   --> A              
     e( 25 - 25) =     -2.24095  eV     1   --> A              
     e( 26 - 26) =     -0.35609  eV     1   --> A              
     e( 27 - 27) =     -0.12118  eV     1   --> A              
     e( 28 - 28) =      2.29725  eV     1   --> A              
     e( 29 - 29) =      2.81345  eV     1   --> A              
     e( 30 - 30) =      4.01095  eV     1   --> A              
     e( 31 - 31) =      4.50521  eV     1   --> A              
     e( 32 - 32) =      4.61398  eV     1   --> A              
     e( 33 - 33) =      5.00177  eV     1   --> A              
     e( 34 - 34) =      5.40771  eV     1   --> A              
     e( 35 - 35) =      6.21463  eV     1   --> A              

 **************************************************************************

 **************************************************************************

                    xk=(   0.25000,   0.43301,   0.00000  )

     Band symmetry, C_1 (1)     point group:

     e(  1 -  1) =    -77.85129  eV     1   --> A              
     e(  2 -  2) =    -49.37098  eV     1   --> A              
     e(  3 -  3) =    -49.22594  eV     1   --> A              
     e(  4 -  4) =    -49.04574  eV     1   --> A              
     e(  5 -  5) =    -22.27898  eV     1   --> A              
     e(  6 -  6) =    -22.25502  eV     1   --> A              
     e(  7 -  7) =    -20.57405  eV     1   --> A              
     e(  8 -  8) =    -19.98997  eV     1   --> A              
     e(  9 -  9) =    -14.84554  eV     1   --> A              
     e( 10 - 10) =    -14.60690  eV     1   --> A              
     e( 11 - 11) =    -12.90553  eV     1   --> A              
     e( 12 - 12) =    -12.74131  eV     1   --> A              
     e( 13 - 13) =    -12.26113  eV     1   --> A              
     e( 14 - 14) =    -11.19410  eV     1   --> A              
     e( 15 - 15) =    -10.91583  eV     1   --> A              
     e( 16 - 16) =    -10.41461  eV     1   --> A              
     e( 17 - 17) =     -9.18562  eV     1   --> A              
     e( 18 - 18) =     -8.80631  eV     1   --> A              
     e( 19 - 19) =     -8.34721  eV     1   --> A              
     e( 20 - 20) =     -7.83540  eV     1   --> A              
     e( 21 - 21) =     -6.39999  eV     1   --> A              
     e( 22 - 22) =     -4.25262  eV     1   --> A              
     e( 23 - 23) =     -3.71378  eV     1   --> A              
     e( 24 - 24) =     -2.89571  eV     1   --> A              
     e( 25 - 25) =     -2.24623  eV     1   --> A              
     e( 26 - 26) =     -0.37229  eV     1   --> A              
     e( 27 - 27) =     -0.12593  eV     1   --> A              
     e( 28 - 28) =      2.29189  eV     1   --> A              
     e( 29 - 29) =      2.82667  eV     1   --> A              
     e( 30 - 30) =      4.05189  eV     1   --> A              
     e( 31 - 31) =      4.54107  eV     1   --> A              
     e( 32 - 32) =      4.58181  eV     1   --> A              
     e( 33 - 33) =      4.99652  eV     1   --> A              
     e( 34 - 34) =      5.38584  eV     1   --> A              
     e( 35 - 35) =      6.20531  eV     1   --> A              

 **************************************************************************

 **************************************************************************

                    xk=(   0.25333,   0.43879,   0.00000  )

     Band symmetry, C_1 (1)     point group:

     e(  1 -  1) =    -77.85075  eV     1   --> A              
     e(  2 -  2) =    -49.37183  eV     1   --> A              
     e(  3 -  3) =    -49.22966  eV     1   --> A              
     e(  4 -  4) =    -49.04502  eV     1   --> A              
     e(  5 -  5) =    -22.22979  eV     1   --> A              
     e(  6 -  6) =    -22.20699  eV     1   --> A              
     e(  7 -  7) =    -20.56085  eV     1   --> A              
     e(  8 -  8) =    -19.98565  eV     1   --> A              
     e(  9 -  9) =    -14.87262  eV     1   --> A              
     e( 10 - 10) =    -14.63619  eV     1   --> A              
     e( 11 - 11) =    -12.96983  eV     1   --> A              
     e( 12 - 12) =    -12.81078  eV     1   --> A              
     e( 13 - 13) =    -12.23474  eV     1   --> A              
     e( 14 - 14) =    -11.21608  eV     1   --> A              
     e( 15 - 15) =    -10.93015  eV     1   --> A              
     e( 16 - 16) =    -10.40442  eV     1   --> A              
     e( 17 - 17) =     -9.23645  eV     1   --> A              
     e( 18 - 18) =     -8.82973  eV     1   --> A              
     e( 19 - 19) =     -8.34425  eV     1   --> A              
     e( 20 - 20) =     -7.81851  eV     1   --> A              
     e( 21 - 21) =     -6.37976  eV     1   --> A              
     e( 22 - 22) =     -4.27805  eV     1   --> A              
     e( 23 - 23) =     -3.69565  eV     1   --> A              
     e( 24 - 24) =     -2.88878  eV     1   --> A              
     e( 25 - 25) =     -2.25125  eV     1   --> A              
     e( 26 - 26) =     -0.38803  eV     1   --> A              
     e( 27 - 27) =     -0.12990  eV     1   --> A              
     e( 28 - 28) =      2.28726  eV     1   --> A              
     e( 29 - 29) =      2.83834  eV     1   --> A              
     e( 30 - 30) =      4.09206  eV     1   --> A              
     e( 31 - 31) =      4.55045  eV     1   --> A              
     e( 32 - 32) =      4.57762  eV     1   --> A              
     e( 33 - 33) =      4.99267  eV     1   --> A              
     e( 34 - 34) =      5.36765  eV     1   --> A              
     e( 35 - 35) =      6.19561  eV     1   --> A              

 **************************************************************************

 **************************************************************************

                    xk=(   0.25667,   0.44456,   0.00000  )

     Band symmetry, C_1 (1)     point group:

     e(  1 -  1) =    -77.85025  eV     1   --> A              
     e(  2 -  2) =    -49.37248  eV     1   --> A              
     e(  3 -  3) =    -49.23340  eV     1   --> A              
     e(  4 -  4) =    -49.04434  eV     1   --> A              
     e(  5 -  5) =    -22.18183  eV     1   --> A              
     e(  6 -  6) =    -22.16020  eV     1   --> A              
     e(  7 -  7) =    -20.54866  eV     1   --> A              
     e(  8 -  8) =    -19.98186  eV     1   --> A              
     e(  9 -  9) =    -14.89687  eV     1   --> A              
     e( 10 - 10) =    -14.66233  eV     1   --> A              
     e( 11 - 11) =    -13.03446  eV     1   --> A              
     e( 12 - 12) =    -12.87984  eV     1   --> A              
     e( 13 - 13) =    -12.20690  eV     1   --> A              
     e( 14 - 14) =    -11.23911  eV     1   --> A              
     e( 15 - 15) =    -10.94385  eV     1   --> A              
     e( 16 - 16) =    -10.39121  eV     1   --> A              
     e( 17 - 17) =     -9.28827  eV     1   --> A              
     e( 18 - 18) =     -8.85542  eV     1   --> A              
     e( 19 - 19) =     -8.33938  eV     1   --> A              
     e( 20 - 20) =     -7.80194  eV     1   --> A              
     e( 21 - 21) =     -6.35928  eV     1   --> A              
     e( 22 - 22) =     -4.30361  eV     1   --> A              
     e( 23 - 23) =     -3.67698  eV     1   --> A              
     e( 24 - 24) =     -2.88272  eV     1   --> A              
     e( 25 - 25) =     -2.25593  eV     1   --> A              
     e( 26 - 26) =     -0.40330  eV     1   --> A              
     e( 27 - 27) =     -0.13316  eV     1   --> A              
     e( 28 - 28) =      2.28342  eV     1   --> A              
     e( 29 - 29) =      2.84835  eV     1   --> A              
     e( 30 - 30) =      4.13128  eV     1   --> A              
     e( 31 - 31) =      4.52038  eV     1   --> A              
     e( 32 - 32) =      4.61478  eV     1   --> A              
     e( 33 - 33) =      4.98928  eV     1   --> A              
     e( 34 - 34) =      5.35399  eV     1   --> A              
     e( 35 - 35) =      6.18561  eV     1   --> A              

 **************************************************************************

 **************************************************************************

                    xk=(   0.26000,   0.45033,   0.00000  )

     Band symmetry, C_1 (1)     point group:

     e(  1 -  1) =    -77.84976  eV     1   --> A              
     e(  2 -  2) =    -49.37292  eV     1   --> A              
     e(  3 -  3) =    -49.23715  eV     1   --> A              
     e(  4 -  4) =    -49.04368  eV     1   --> A              
     e(  5 -  5) =    -22.13522  eV     1   --> A              
     e(  6 -  6) =    -22.11475  eV     1   --> A              
     e(  7 -  7) =    -20.53746  eV     1   --> A              
     e(  8 -  8) =    -19.97856  eV     1   --> A              
     e(  9 -  9) =    -14.91822  eV     1   --> A              
     e( 10 - 10) =    -14.68526  eV     1   --> A              
     e( 11 - 11) =    -13.09916  eV     1   --> A              
     e( 12 - 12) =    -12.94844  eV     1   --> A              
     e( 13 - 13) =    -12.17781  eV     1   --> A              
     e( 14 - 14) =    -11.26278  eV     1   --> A              
     e( 15 - 15) =    -10.95688  eV     1   --> A              
     e( 16 - 16) =    -10.37544  eV     1   --> A              
     e( 17 - 17) =     -9.34086  eV     1   --> A              
     e( 18 - 18) =     -8.88302  eV     1   --> A              
     e( 19 - 19) =     -8.33298  eV     1   --> A              
     e( 20 - 20) =     -7.78575  eV     1   --> A              
     e( 21 - 21) =     -6.33866  eV     1   --> A              
     e( 22 - 22) =     -4.32921  eV     1   --> A              
     e( 23 - 23) =     -3.65785  eV     1   --> A              
     e( 24 - 24) =     -2.87757  eV     1   --> A              
     e( 25 - 25) =     -2.26020  eV     1   --> A              
     e( 26 - 26) =     -0.41805  eV     1   --> A              
     e( 27 - 27) =     -0.13572  eV     1   --> A              
     e( 28 - 28) =      2.28040  eV     1   --> A              
     e( 29 - 29) =      2.85660  eV     1   --> A              
     e( 30 - 30) =      4.16937  eV     1   --> A              
     e( 31 - 31) =      4.49195  eV     1   --> A              
     e( 32 - 32) =      4.65248  eV     1   --> A              
     e( 33 - 33) =      4.98562  eV     1   --> A              
     e( 34 - 34) =      5.34553  eV     1   --> A              
     e( 35 - 35) =      6.17531  eV     1   --> A              

 **************************************************************************

 **************************************************************************

                    xk=(   0.26333,   0.45611,   0.00000  )

     Band symmetry, C_1 (1)     point group:

     e(  1 -  1) =    -77.84930  eV     1   --> A              
     e(  2 -  2) =    -49.37315  eV     1   --> A              
     e(  3 -  3) =    -49.24090  eV     1   --> A              
     e(  4 -  4) =    -49.04306  eV     1   --> A              
     e(  5 -  5) =    -22.09005  eV     1   --> A              
     e(  6 -  6) =    -22.07072  eV     1   --> A              
     e(  7 -  7) =    -20.52721  eV     1   --> A              
     e(  8 -  8) =    -19.97573  eV     1   --> A              
     e(  9 -  9) =    -14.93661  eV     1   --> A              
     e( 10 - 10) =    -14.70492  eV     1   --> A              
     e( 11 - 11) =    -13.16377  eV     1   --> A              
     e( 12 - 12) =    -13.01657  eV     1   --> A              
     e( 13 - 13) =    -12.14766  eV     1   --> A              
     e( 14 - 14) =    -11.28675  eV     1   --> A              
     e( 15 - 15) =    -10.96916  eV     1   --> A              
     e( 16 - 16) =    -10.35754  eV     1   --> A              
     e( 17 - 17) =     -9.39405  eV     1   --> A              
     e( 18 - 18) =     -8.91223  eV     1   --> A              
     e( 19 - 19) =     -8.32543  eV     1   --> A              
     e( 20 - 20) =     -7.77000  eV     1   --> A              
     e( 21 - 21) =     -6.31798  eV     1   --> A              
     e( 22 - 22) =     -4.35477  eV     1   --> A              
     e( 23 - 23) =     -3.63833  eV     1   --> A              
     e( 24 - 24) =     -2.87338  eV     1   --> A              
     e( 25 - 25) =     -2.26398  eV     1   --> A              
     e( 26 - 26) =     -0.43226  eV     1   --> A              
     e( 27 - 27) =     -0.13763  eV     1   --> A              
     e( 28 - 28) =      2.27821  eV     1   --> A              
     e( 29 - 29) =      2.86297  eV     1   --> A              
     e( 30 - 30) =      4.20607  eV     1   --> A              
     e( 31 - 31) =      4.46543  eV     1   --> A              
     e( 32 - 32) =      4.69067  eV     1   --> A              
     e( 33 - 33) =      4.98133  eV     1   --> A              
     e( 34 - 34) =      5.34266  eV     1   --> A              
     e( 35 - 35) =      6.16468  eV     1   --> A              

 **************************************************************************

 **************************************************************************

                    xk=(   0.26667,   0.46188,   0.00000  )

     Band symmetry, C_1 (1)     point group:

     e(  1 -  1) =    -77.84886  eV     1   --> A              
     e(  2 -  2) =    -49.37317  eV     1   --> A              
     e(  3 -  3) =    -49.24466  eV     1   --> A              
     e(  4 -  4) =    -49.04247  eV     1   --> A              
     e(  5 -  5) =    -22.04644  eV     1   --> A              
     e(  6 -  6) =    -22.02823  eV     1   --> A              
     e(  7 -  7) =    -20.51788  eV     1   --> A              
     e(  8 -  8) =    -19.97332  eV     1   --> A              
     e(  9 -  9) =    -14.95197  eV     1   --> A              
     e( 10 - 10) =    -14.72128  eV     1   --> A              
     e( 11 - 11) =    -13.22817  eV     1   --> A              
     e( 12 - 12) =    -13.08420  eV     1   --> A              
     e( 13 - 13) =    -12.11659  eV     1   --> A              
     e( 14 - 14) =    -11.31069  eV     1   --> A              
     e( 15 - 15) =    -10.98059  eV     1   --> A              
     e( 16 - 16) =    -10.33795  eV     1   --> A              
     e( 17 - 17) =     -9.44761  eV     1   --> A              
     e( 18 - 18) =     -8.94274  eV     1   --> A              
     e( 19 - 19) =     -8.31705  eV     1   --> A              
     e( 20 - 20) =     -7.75473  eV     1   --> A              
     e( 21 - 21) =     -6.29734  eV     1   --> A              
     e( 22 - 22) =     -4.38021  eV     1   --> A              
     e( 23 - 23) =     -3.61849  eV     1   --> A              
     e( 24 - 24) =     -2.87020  eV     1   --> A              
     e( 25 - 25) =     -2.26721  eV     1   --> A              
     e( 26 - 26) =     -0.44588  eV     1   --> A              
     e( 27 - 27) =     -0.13891  eV     1   --> A              
     e( 28 - 28) =      2.27685  eV     1   --> A              
     e( 29 - 29) =      2.86743  eV     1   --> A              
     e( 30 - 30) =      4.24112  eV     1   --> A              
     e( 31 - 31) =      4.44099  eV     1   --> A              
     e( 32 - 32) =      4.72924  eV     1   --> A              
     e( 33 - 33) =      4.97650  eV     1   --> A              
     e( 34 - 34) =      5.34537  eV     1   --> A              
     e( 35 - 35) =      6.15368  eV     1   --> A              

 **************************************************************************

 **************************************************************************

                    xk=(   0.27000,   0.46765,   0.00000  )

     Band symmetry, C_1 (1)     point group:

     e(  1 -  1) =    -77.84844  eV     1   --> A              
     e(  2 -  2) =    -49.37299  eV     1   --> A              
     e(  3 -  3) =    -49.24843  eV     1   --> A              
     e(  4 -  4) =    -49.04191  eV     1   --> A              
     e(  5 -  5) =    -22.00449  eV     1   --> A              
     e(  6 -  6) =    -21.98736  eV     1   --> A              
     e(  7 -  7) =    -20.50944  eV     1   --> A              
     e(  8 -  8) =    -19.97131  eV     1   --> A              
     e(  9 -  9) =    -14.96424  eV     1   --> A              
     e( 10 - 10) =    -14.73429  eV     1   --> A              
     e( 11 - 11) =    -13.29225  eV     1   --> A              
     e( 12 - 12) =    -13.15130  eV     1   --> A              
     e( 13 - 13) =    -12.08474  eV     1   --> A              
     e( 14 - 14) =    -11.33436  eV     1   --> A              
     e( 15 - 15) =    -10.99106  eV     1   --> A              
     e( 16 - 16) =    -10.31708  eV     1   --> A              
     e( 17 - 17) =     -9.50132  eV     1   --> A              
     e( 18 - 18) =     -8.97430  eV     1   --> A              
     e( 19 - 19) =     -8.30813  eV     1   --> A              
     e( 20 - 20) =     -7.73998  eV     1   --> A              
     e( 21 - 21) =     -6.27683  eV     1   --> A              
     e( 22 - 22) =     -4.40542  eV     1   --> A              
     e( 23 - 23) =     -3.59839  eV     1   --> A              
     e( 24 - 24) =     -2.86805  eV     1   --> A              
     e( 25 - 25) =     -2.26986  eV     1   --> A              
     e( 26 - 26) =     -0.45890  eV     1   --> A              
     e( 27 - 27) =     -0.13960  eV     1   --> A              
     e( 28 - 28) =      2.27630  eV     1   --> A              
     e( 29 - 29) =      2.86992  eV     1   --> A              
     e( 30 - 30) =      4.27411  eV     1   --> A              
     e( 31 - 31) =      4.41882  eV     1   --> A              
     e( 32 - 32) =      4.76808  eV     1   --> A              
     e( 33 - 33) =      4.97170  eV     1   --> A              
     e( 34 - 34) =      5.35330  eV     1   --> A              
     e( 35 - 35) =      6.14222  eV     1   --> A              

 **************************************************************************

 **************************************************************************

                    xk=(   0.27333,   0.47343,   0.00000  )

     Band symmetry, C_1 (1)     point group:

     e(  1 -  1) =    -77.84805  eV     1   --> A              
     e(  2 -  2) =    -49.37262  eV     1   --> A              
     e(  3 -  3) =    -49.25218  eV     1   --> A              
     e(  4 -  4) =    -49.04138  eV     1   --> A              
     e(  5 -  5) =    -21.96431  eV     1   --> A              
     e(  6 -  6) =    -21.94821  eV     1   --> A              
     e(  7 -  7) =    -20.50185  eV     1   --> A              
     e(  8 -  8) =    -19.96965  eV     1   --> A              
     e(  9 -  9) =    -14.97339  eV     1   --> A              
     e( 10 - 10) =    -14.74392  eV     1   --> A              
     e( 11 - 11) =    -13.35591  eV     1   --> A              
     e( 12 - 12) =    -13.21785  eV     1   --> A              
     e( 13 - 13) =    -12.05223  eV     1   --> A              
     e( 14 - 14) =    -11.35754  eV     1   --> A              
     e( 15 - 15) =    -11.00042  eV     1   --> A              
     e( 16 - 16) =    -10.29538  eV     1   --> A              
     e( 17 - 17) =     -9.55489  eV     1   --> A              
     e( 18 - 18) =     -9.00669  eV     1   --> A              
     e( 19 - 19) =     -8.29889  eV     1   --> A              
     e( 20 - 20) =     -7.72580  eV     1   --> A              
     e( 21 - 21) =     -6.25654  eV     1   --> A              
     e( 22 - 22) =     -4.43032  eV     1   --> A              
     e( 23 - 23) =     -3.57810  eV     1   --> A              
     e( 24 - 24) =     -2.86698  eV     1   --> A              
     e( 25 - 25) =     -2.27187  eV     1   --> A              
     e( 26 - 26) =     -0.47127  eV     1   --> A              
     e( 27 - 27) =     -0.13971  eV     1   --> A              
     e( 28 - 28) =      2.27652  eV     1   --> A              
     e( 29 - 29) =      2.87046  eV     1   --> A              
     e( 30 - 30) =      4.30436  eV     1   --> A              
     e( 31 - 31) =      4.39930  eV     1   --> A              
     e( 32 - 32) =      4.80694  eV     1   --> A              
     e( 33 - 33) =      4.96791  eV     1   --> A              
     e( 34 - 34) =      5.36575  eV     1   --> A              
     e( 35 - 35) =      6.13024  eV     1   --> A              

 **************************************************************************

 **************************************************************************

                    xk=(   0.27667,   0.47920,   0.00000  )

     Band symmetry, C_1 (1)     point group:

     e(  1 -  1) =    -77.84768  eV     1   --> A              
     e(  2 -  2) =    -49.37205  eV     1   --> A              
     e(  3 -  3) =    -49.25594  eV     1   --> A              
     e(  4 -  4) =    -49.04088  eV     1   --> A              
     e(  5 -  5) =    -21.92599  eV     1   --> A              
     e(  6 -  6) =    -21.91086  eV     1   --> A              
     e(  7 -  7) =    -20.49504  eV     1   --> A              
     e(  8 -  8) =    -19.96829  eV     1   --> A              
     e(  9 -  9) =    -14.97939  eV     1   --> A              
     e( 10 - 10) =    -14.75014  eV     1   --> A              
     e( 11 - 11) =    -13.41908  eV     1   --> A              
     e( 12 - 12) =    -13.28383  eV     1   --> A              
     e( 13 - 13) =    -12.01925  eV     1   --> A              
     e( 14 - 14) =    -11.38005  eV     1   --> A              
     e( 15 - 15) =    -11.00851  eV     1   --> A              
     e( 16 - 16) =    -10.27336  eV     1   --> A              
     e( 17 - 17) =     -9.60795  eV     1   --> A              
     e( 18 - 18) =     -9.03970  eV     1   --> A              
     e( 19 - 19) =     -8.28955  eV     1   --> A              
     e( 20 - 20) =     -7.71223  eV     1   --> A              
     e( 21 - 21) =     -6.23657  eV     1   --> A              
     e( 22 - 22) =     -4.45479  eV     1   --> A              
     e( 23 - 23) =     -3.55771  eV     1   --> A              
     e( 24 - 24) =     -2.86698  eV     1   --> A              
     e( 25 - 25) =     -2.27325  eV     1   --> A              
     e( 26 - 26) =     -0.48296  eV     1   --> A              
     e( 27 - 27) =     -0.13929  eV     1   --> A              
     e( 28 - 28) =      2.27748  eV     1   --> A              
     e( 29 - 29) =      2.86909  eV     1   --> A              
     e( 30 - 30) =      4.32990  eV     1   --> A              
     e( 31 - 31) =      4.38403  eV     1   --> A              
     e( 32 - 32) =      4.84539  eV     1   --> A              
     e( 33 - 33) =      4.96647  eV     1   --> A              
     e( 34 - 34) =      5.38190  eV     1   --> A              
     e( 35 - 35) =      6.11763  eV     1   --> A              

 **************************************************************************

 **************************************************************************

                    xk=(   0.28000,   0.48497,   0.00000  )

     Band symmetry, C_1 (1)     point group:

     e(  1 -  1) =    -77.84734  eV     1   --> A              
     e(  2 -  2) =    -49.37129  eV     1   --> A              
     e(  3 -  3) =    -49.25968  eV     1   --> A              
     e(  4 -  4) =    -49.04042  eV     1   --> A              
     e(  5 -  5) =    -21.88964  eV     1   --> A              
     e(  6 -  6) =    -21.87538  eV     1   --> A              
     e(  7 -  7) =    -20.48898  eV     1   --> A              
     e(  8 -  8) =    -19.96720  eV     1   --> A              
     e(  9 -  9) =    -14.98223  eV     1   --> A              
     e( 10 - 10) =    -14.75292  eV     1   --> A              
     e( 11 - 11) =    -13.48166  eV     1   --> A              
     e( 12 - 12) =    -13.34921  eV     1   --> A              
     e( 13 - 13) =    -11.98596  eV     1   --> A              
     e( 14 - 14) =    -11.40173  eV     1   --> A              
     e( 15 - 15) =    -11.01513  eV     1   --> A              
     e( 16 - 16) =    -10.25162  eV     1   --> A              
     e( 17 - 17) =     -9.66000  eV     1   --> A              
     e( 18 - 18) =     -9.07317  eV     1   --> A              
     e( 19 - 19) =     -8.28029  eV     1   --> A              
     e( 20 - 20) =     -7.69931  eV     1   --> A              
     e( 21 - 21) =     -6.21701  eV     1   --> A              
     e( 22 - 22) =     -4.47873  eV     1   --> A              
     e( 23 - 23) =     -3.53728  eV     1   --> A              
     e( 24 - 24) =     -2.86805  eV     1   --> A              
     e( 25 - 25) =     -2.27398  eV     1   --> A              
     e( 26 - 26) =     -0.49394  eV     1   --> A              
     e( 27 - 27) =     -0.13835  eV     1   --> A              
     e( 28 - 28) =      2.27909  eV     1   --> A              
     e( 29 - 29) =      2.86590  eV     1   --> A              
     e( 30 - 30) =      4.34227  eV     1   --> A              
     e( 31 - 31) =      4.38105  eV     1   --> A              
     e( 32 - 32) =      4.88235  eV     1   --> A              
     e( 33 - 33) =      4.96939  eV     1   --> A              
     e( 34 - 34) =      5.40089  eV     1   --> A              
     e( 35 - 35) =      6.10428  eV     1   --> A              

 **************************************************************************

 **************************************************************************

                    xk=(   0.28333,   0.49075,   0.00000  )

     Band symmetry, C_1 (1)     point group:

     e(  1 -  1) =    -77.84701  eV     1   --> A              
     e(  2 -  2) =    -49.37035  eV     1   --> A              
     e(  3 -  3) =    -49.26340  eV     1   --> A              
     e(  4 -  4) =    -49.03998  eV     1   --> A              
     e(  5 -  5) =    -21.85535  eV     1   --> A              
     e(  6 -  6) =    -21.84187  eV     1   --> A              
     e(  7 -  7) =    -20.48360  eV     1   --> A              
     e(  8 -  8) =    -19.96634  eV     1   --> A              
     e(  9 -  9) =    -14.98190  eV     1   --> A              
     e( 10 - 10) =    -14.75226  eV     1   --> A              
     e( 11 - 11) =    -13.54359  eV     1   --> A              
     e( 12 - 12) =    -13.41396  eV     1   --> A              
     e( 13 - 13) =    -11.95259  eV     1   --> A              
     e( 14 - 14) =    -11.42248  eV     1   --> A              
     e( 15 - 15) =    -11.02005  eV     1   --> A              
     e( 16 - 16) =    -10.23100  eV     1   --> A              
     e( 17 - 17) =     -9.71033  eV     1   --> A              
     e( 18 - 18) =     -9.10693  eV     1   --> A              
     e( 19 - 19) =     -8.27124  eV     1   --> A              
     e( 20 - 20) =     -7.68706  eV     1   --> A              
     e( 21 - 21) =     -6.19795  eV     1   --> A              
     e( 22 - 22) =     -4.50203  eV     1   --> A              
     e( 23 - 23) =     -3.51689  eV     1   --> A              
     e( 24 - 24) =     -2.87018  eV     1   --> A              
     e( 25 - 25) =     -2.27409  eV     1   --> A              
     e( 26 - 26) =     -0.50417  eV     1   --> A              
     e( 27 - 27) =     -0.13694  eV     1   --> A              
     e( 28 - 28) =      2.28127  eV     1   --> A              
     e( 29 - 29) =      2.86103  eV     1   --> A              
     e( 30 - 30) =      4.33558  eV     1   --> A              
     e( 31 - 31) =      4.39589  eV     1   --> A              
     e( 32 - 32) =      4.91523  eV     1   --> A              
     e( 33 - 33) =      4.98005  eV     1   --> A              
     e( 34 - 34) =      5.42183  eV     1   --> A              
     e( 35 - 35) =      6.09006  eV     1   --> A              

 **************************************************************************

 **************************************************************************

                    xk=(   0.28667,   0.49652,   0.00000  )

     Band symmetry, C_1 (1)     point group:

     e(  1 -  1) =    -77.84672  eV     1   --> A              
     e(  2 -  2) =    -49.36924  eV     1   --> A              
     e(  3 -  3) =    -49.26710  eV     1   --> A              
     e(  4 -  4) =    -49.03958  eV     1   --> A              
     e(  5 -  5) =    -21.82320  eV     1   --> A              
     e(  6 -  6) =    -21.81037  eV     1   --> A              
     e(  7 -  7) =    -20.47886  eV     1   --> A              
     e(  8 -  8) =    -19.96565  eV     1   --> A              
     e(  9 -  9) =    -14.97842  eV     1   --> A              
     e( 10 - 10) =    -14.74812  eV     1   --> A              
     e( 11 - 11) =    -13.60475  eV     1   --> A              
     e( 12 - 12) =    -13.47806  eV     1   --> A              
     e( 13 - 13) =    -11.91940  eV     1   --> A              
     e( 14 - 14) =    -11.44218  eV     1   --> A              
     e( 15 - 15) =    -11.02302  eV     1   --> A              
     e( 16 - 16) =    -10.21267  eV     1   --> A              
     e( 17 - 17) =     -9.75782  eV     1   --> A              
     e( 18 - 18) =     -9.14084  eV     1   --> A              
     e( 19 - 19) =     -8.26252  eV     1   --> A              
     e( 20 - 20) =     -7.67553  eV     1   --> A              
     e( 21 - 21) =     -6.17949  eV     1   --> A              
     e( 22 - 22) =     -4.52457  eV     1   --> A              
     e( 23 - 23) =     -3.49664  eV     1   --> A              
     e( 24 - 24) =     -2.87332  eV     1   --> A              
     e( 25 - 25) =     -2.27360  eV     1   --> A              
     e( 26 - 26) =     -0.51362  eV     1   --> A              
     e( 27 - 27) =     -0.13508  eV     1   --> A              
     e( 28 - 28) =      2.28393  eV     1   --> A              
     e( 29 - 29) =      2.85464  eV     1   --> A              
     e( 30 - 30) =      4.32328  eV     1   --> A              
     e( 31 - 31) =      4.41480  eV     1   --> A              
     e( 32 - 32) =      4.94040  eV     1   --> A              
     e( 33 - 33) =      5.00264  eV     1   --> A              
     e( 34 - 34) =      5.44394  eV     1   --> A              
     e( 35 - 35) =      6.07482  eV     1   --> A              

 **************************************************************************

 **************************************************************************

                    xk=(   0.29000,   0.50229,   0.00000  )

     Band symmetry, C_1 (1)     point group:

     e(  1 -  1) =    -77.84644  eV     1   --> A              
     e(  2 -  2) =    -49.36796  eV     1   --> A              
     e(  3 -  3) =    -49.27077  eV     1   --> A              
     e(  4 -  4) =    -49.03921  eV     1   --> A              
     e(  5 -  5) =    -21.79328  eV     1   --> A              
     e(  6 -  6) =    -21.78096  eV     1   --> A              
     e(  7 -  7) =    -20.47469  eV     1   --> A              
     e(  8 -  8) =    -19.96511  eV     1   --> A              
     e(  9 -  9) =    -14.97184  eV     1   --> A              
     e( 10 - 10) =    -14.74053  eV     1   --> A              
     e( 11 - 11) =    -13.66507  eV     1   --> A              
     e( 12 - 12) =    -13.54149  eV     1   --> A              
     e( 13 - 13) =    -11.88667  eV     1   --> A              
     e( 14 - 14) =    -11.46078  eV     1   --> A              
     e( 15 - 15) =    -11.02373  eV     1   --> A              
     e( 16 - 16) =    -10.19837  eV     1   --> A              
     e( 17 - 17) =     -9.80085  eV     1   --> A              
     e( 18 - 18) =     -9.17477  eV     1   --> A              
     e( 19 - 19) =     -8.25424  eV     1   --> A              
     e( 20 - 20) =     -7.66473  eV     1   --> A              
     e( 21 - 21) =     -6.16174  eV     1   --> A              
     e( 22 - 22) =     -4.54623  eV     1   --> A              
     e( 23 - 23) =     -3.47663  eV     1   --> A              
     e( 24 - 24) =     -2.87741  eV     1   --> A              
     e( 25 - 25) =     -2.27257  eV     1   --> A              
     e( 26 - 26) =     -0.52227  eV     1   --> A              
     e( 27 - 27) =     -0.13283  eV     1   --> A              
     e( 28 - 28) =      2.28696  eV     1   --> A              
     e( 29 - 29) =      2.84694  eV     1   --> A              
     e( 30 - 30) =      4.31042  eV     1   --> A              
     e( 31 - 31) =      4.43263  eV     1   --> A              
     e( 32 - 32) =      4.95944  eV     1   --> A              
     e( 33 - 33) =      5.03587  eV     1   --> A              
     e( 34 - 34) =      5.46646  eV     1   --> A              
     e( 35 - 35) =      6.05840  eV     1   --> A              

 **************************************************************************

 **************************************************************************

                    xk=(   0.29333,   0.50807,   0.00000  )

     Band symmetry, C_1 (1)     point group:

     e(  1 -  1) =    -77.84619  eV     1   --> A              
     e(  2 -  2) =    -49.36652  eV     1   --> A              
     e(  3 -  3) =    -49.27439  eV     1   --> A              
     e(  4 -  4) =    -49.03887  eV     1   --> A              
     e(  5 -  5) =    -21.76563  eV     1   --> A              
     e(  6 -  6) =    -21.75370  eV     1   --> A              
     e(  7 -  7) =    -20.47104  eV     1   --> A              
     e(  8 -  8) =    -19.96468  eV     1   --> A              
     e(  9 -  9) =    -14.96220  eV     1   --> A              
     e( 10 - 10) =    -14.72948  eV     1   --> A              
     e( 11 - 11) =    -13.72443  eV     1   --> A              
     e( 12 - 12) =    -13.60421  eV     1   --> A              
     e( 13 - 13) =    -11.85473  eV     1   --> A              
     e( 14 - 14) =    -11.47822  eV     1   --> A              
     e( 15 - 15) =    -11.02184  eV     1   --> A              
     e( 16 - 16) =    -10.19057  eV     1   --> A              
     e( 17 - 17) =     -9.83700  eV     1   --> A              
     e( 18 - 18) =     -9.20857  eV     1   --> A              
     e( 19 - 19) =     -8.24648  eV     1   --> A              
     e( 20 - 20) =     -7.65470  eV     1   --> A              
     e( 21 - 21) =     -6.14479  eV     1   --> A              
     e( 22 - 22) =     -4.56690  eV     1   --> A              
     e( 23 - 23) =     -3.45696  eV     1   --> A              
     e( 24 - 24) =     -2.88237  eV     1   --> A              
     e( 25 - 25) =     -2.27106  eV     1   --> A              
     e( 26 - 26) =     -0.53010  eV     1   --> A              
     e( 27 - 27) =     -0.13024  eV     1   --> A              
     e( 28 - 28) =      2.29024  eV     1   --> A              
     e( 29 - 29) =      2.83816  eV     1   --> A              
     e( 30 - 30) =      4.29783  eV     1   --> A              
     e( 31 - 31) =      4.44858  eV     1   --> A              
     e( 32 - 32) =      4.97759  eV     1   --> A              
     e( 33 - 33) =      5.07449  eV     1   --> A              
     e( 34 - 34) =      5.48872  eV     1   --> A              
     e( 35 - 35) =      6.04060  eV     1   --> A              

 **************************************************************************

 **************************************************************************

                    xk=(   0.29667,   0.51384,   0.00000  )

     Band symmetry, C_1 (1)     point group:

     e(  1 -  1) =    -77.84596  eV     1   --> A              
     e(  2 -  2) =    -49.36495  eV     1   --> A              
     e(  3 -  3) =    -49.27796  eV     1   --> A              
     e(  4 -  4) =    -49.03856  eV     1   --> A              
     e(  5 -  5) =    -21.74032  eV     1   --> A              
     e(  6 -  6) =    -21.72862  eV     1   --> A              
     e(  7 -  7) =    -20.46786  eV     1   --> A              
     e(  8 -  8) =    -19.96432  eV     1   --> A              
     e(  9 -  9) =    -14.94962  eV     1   --> A              
     e( 10 - 10) =    -14.71499  eV     1   --> A              
     e( 11 - 11) =    -13.78269  eV     1   --> A              
     e( 12 - 12) =    -13.66618  eV     1   --> A              
     e( 13 - 13) =    -11.82396  eV     1   --> A              
     e( 14 - 14) =    -11.49447  eV     1   --> A              
     e( 15 - 15) =    -11.01699  eV     1   --> A              
     e( 16 - 16) =    -10.19227  eV     1   --> A              
     e( 17 - 17) =     -9.86337  eV     1   --> A              
     e( 18 - 18) =     -9.24210  eV     1   --> A              
     e( 19 - 19) =     -8.23930  eV     1   --> A              
     e( 20 - 20) =     -7.64545  eV     1   --> A              
     e( 21 - 21) =     -6.12874  eV     1   --> A              
     e( 22 - 22) =     -4.58645  eV     1   --> A              
     e( 23 - 23) =     -3.43776  eV     1   --> A              
     e( 24 - 24) =     -2.88808  eV     1   --> A              
     e( 25 - 25) =     -2.26916  eV     1   --> A              
     e( 26 - 26) =     -0.53706  eV     1   --> A              
     e( 27 - 27) =     -0.12734  eV     1   --> A              
     e( 28 - 28) =      2.29364  eV     1   --> A              
     e( 29 - 29) =      2.82854  eV     1   --> A              
     e( 30 - 30) =      4.28570  eV     1   --> A              
     e( 31 - 31) =      4.46269  eV     1   --> A              
     e( 32 - 32) =      4.99752  eV     1   --> A              
     e( 33 - 33) =      5.11554  eV     1   --> A              
     e( 34 - 34) =      5.51009  eV     1   --> A              
     e( 35 - 35) =      6.02123  eV     1   --> A              

 **************************************************************************

 **************************************************************************

                    xk=(   0.30000,   0.51962,   0.00000  )

     Band symmetry, C_1 (1)     point group:

     e(  1 -  1) =    -77.84575  eV     1   --> A              
     e(  2 -  2) =    -49.36325  eV     1   --> A              
     e(  3 -  3) =    -49.28147  eV     1   --> A              
     e(  4 -  4) =    -49.03827  eV     1   --> A              
     e(  5 -  5) =    -21.71736  eV     1   --> A              
     e(  6 -  6) =    -21.70577  eV     1   --> A              
     e(  7 -  7) =    -20.46509  eV     1   --> A              
     e(  8 -  8) =    -19.96401  eV     1   --> A              
     e(  9 -  9) =    -14.93423  eV     1   --> A              
     e( 10 - 10) =    -14.69709  eV     1   --> A              
     e( 11 - 11) =    -13.83969  eV     1   --> A              
     e( 12 - 12) =    -13.72737  eV     1   --> A              
     e( 13 - 13) =    -11.79473  eV     1   --> A              
     e( 14 - 14) =    -11.50950  eV     1   --> A              
     e( 15 - 15) =    -11.00880  eV     1   --> A              
     e( 16 - 16) =    -10.20580  eV     1   --> A              
     e( 17 - 17) =     -9.87772  eV     1   --> A              
     e( 18 - 18) =     -9.27521  eV     1   --> A              
     e( 19 - 19) =     -8.23275  eV     1   --> A              
     e( 20 - 20) =     -7.63701  eV     1   --> A              
     e( 21 - 21) =     -6.11370  eV     1   --> A              
     e( 22 - 22) =     -4.60476  eV     1   --> A              
     e( 23 - 23) =     -3.41917  eV     1   --> A              
     e( 24 - 24) =     -2.89441  eV     1   --> A              
     e( 25 - 25) =     -2.26694  eV     1   --> A              
     e( 26 - 26) =     -0.54315  eV     1   --> A              
     e( 27 - 27) =     -0.12421  eV     1   --> A              
     e( 28 - 28) =      2.29704  eV     1   --> A              
     e( 29 - 29) =      2.81838  eV     1   --> A              
     e( 30 - 30) =      4.27409  eV     1   --> A              
     e( 31 - 31) =      4.47522  eV     1   --> A              
     e( 32 - 32) =      5.01985  eV     1   --> A              
     e( 33 - 33) =      5.15789  eV     1   --> A              
     e( 34 - 34) =      5.53003  eV     1   --> A              
     e( 35 - 35) =      6.00004  eV     1   --> A              

 **************************************************************************

 **************************************************************************

                    xk=(   0.30333,   0.52539,   0.00000  )

     Band symmetry, C_1 (1)     point group:

     e(  1 -  1) =    -77.84556  eV     1   --> A              
     e(  2 -  2) =    -49.36145  eV     1   --> A              
     e(  3 -  3) =    -49.28489  eV     1   --> A              
     e(  4 -  4) =    -49.03802  eV     1   --> A              
     e(  5 -  5) =    -21.69678  eV     1   --> A              
     e(  6 -  6) =    -21.68519  eV     1   --> A              
     e(  7 -  7) =    -20.46269  eV     1   --> A              
     e(  8 -  8) =    -19.96373  eV     1   --> A              
     e(  9 -  9) =    -14.91622  eV     1   --> A              
     e( 10 - 10) =    -14.67584  eV     1   --> A              
     e( 11 - 11) =    -13.89520  eV     1   --> A              
     e( 12 - 12) =    -13.78772  eV     1   --> A              
     e( 13 - 13) =    -11.76743  eV     1   --> A              
     e( 14 - 14) =    -11.52333  eV     1   --> A              
     e( 15 - 15) =    -10.99690  eV     1   --> A              
     e( 16 - 16) =    -10.23123  eV     1   --> A              
     e( 17 - 17) =     -9.88006  eV     1   --> A              
     e( 18 - 18) =     -9.30773  eV     1   --> A              
     e( 19 - 19) =     -8.22685  eV     1   --> A              
     e( 20 - 20) =     -7.62937  eV     1   --> A              
     e( 21 - 21) =     -6.09976  eV     1   --> A              
     e( 22 - 22) =     -4.62171  eV     1   --> A              
     e( 23 - 23) =     -3.40135  eV     1   --> A              
     e( 24 - 24) =     -2.90120  eV     1   --> A              
     e( 25 - 25) =     -2.26450  eV     1   --> A              
     e( 26 - 26) =     -0.54837  eV     1   --> A              
     e( 27 - 27) =     -0.12090  eV     1   --> A              
     e( 28 - 28) =      2.30031  eV     1   --> A              
     e( 29 - 29) =      2.80794  eV     1   --> A              
     e( 30 - 30) =      4.26308  eV     1   --> A              
     e( 31 - 31) =      4.48648  eV     1   --> A              
     e( 32 - 32) =      5.04442  eV     1   --> A              
     e( 33 - 33) =      5.20107  eV     1   --> A              
     e( 34 - 34) =      5.54807  eV     1   --> A              
     e( 35 - 35) =      5.97681  eV     1   --> A              

 **************************************************************************

 **************************************************************************

                    xk=(   0.30667,   0.53116,   0.00000  )

     Band symmetry, C_1 (1)     point group:

     e(  1 -  1) =    -77.84540  eV     1   --> A              
     e(  2 -  2) =    -49.35956  eV     1   --> A              
     e(  3 -  3) =    -49.28820  eV     1   --> A              
     e(  4 -  4) =    -49.03780  eV     1   --> A              
     e(  5 -  5) =    -21.67858  eV     1   --> A              
     e(  6 -  6) =    -21.66689  eV     1   --> A              
     e(  7 -  7) =    -20.46061  eV     1   --> A              
     e(  8 -  8) =    -19.96346  eV     1   --> A              
     e(  9 -  9) =    -14.89587  eV     1   --> A              
     e( 10 - 10) =    -14.65130  eV     1   --> A              
     e( 11 - 11) =    -13.94896  eV     1   --> A              
     e( 12 - 12) =    -13.84715  eV     1   --> A              
     e( 13 - 13) =    -11.74239  eV     1   --> A              
     e( 14 - 14) =    -11.53596  eV     1   --> A              
     e( 15 - 15) =    -10.98095  eV     1   --> A              
     e( 16 - 16) =    -10.26636  eV     1   --> A              
     e( 17 - 17) =     -9.87274  eV     1   --> A              
     e( 18 - 18) =     -9.33946  eV     1   --> A              
     e( 19 - 19) =     -8.22164  eV     1   --> A              
     e( 20 - 20) =     -7.62257  eV     1   --> A              
     e( 21 - 21) =     -6.08703  eV     1   --> A              
     e( 22 - 22) =     -4.63718  eV     1   --> A              
     e( 23 - 23) =     -3.38447  eV     1   --> A              
     e( 24 - 24) =     -2.90828  eV     1   --> A              
     e( 25 - 25) =     -2.26195  eV     1   --> A              
     e( 26 - 26) =     -0.55271  eV     1   --> A              
     e( 27 - 27) =     -0.11750  eV     1   --> A              
     e( 28 - 28) =      2.30335  eV     1   --> A              
     e( 29 - 29) =      2.79751  eV     1   --> A              
     e( 30 - 30) =      4.25279  eV     1   --> A              
     e( 31 - 31) =      4.49671  eV     1   --> A              
     e( 32 - 32) =      5.07067  eV     1   --> A              
     e( 33 - 33) =      5.24482  eV     1   --> A              
     e( 34 - 34) =      5.56385  eV     1   --> A              
     e( 35 - 35) =      5.95121  eV     1   --> A              

 **************************************************************************

 **************************************************************************

                    xk=(   0.31000,   0.53694,   0.00000  )

     Band symmetry, C_1 (1)     point group:

     e(  1 -  1) =    -77.84525  eV     1   --> A              
     e(  2 -  2) =    -49.35764  eV     1   --> A              
     e(  3 -  3) =    -49.29137  eV     1   --> A              
     e(  4 -  4) =    -49.03761  eV     1   --> A              
     e(  5 -  5) =    -21.66272  eV     1   --> A              
     e(  6 -  6) =    -21.65089  eV     1   --> A              
     e(  7 -  7) =    -20.45883  eV     1   --> A              
     e(  8 -  8) =    -19.96319  eV     1   --> A              
     e(  9 -  9) =    -14.87355  eV     1   --> A              
     e( 10 - 10) =    -14.62359  eV     1   --> A              
     e( 11 - 11) =    -14.00059  eV     1   --> A              
     e( 12 - 12) =    -13.90558  eV     1   --> A              
     e( 13 - 13) =    -11.71990  eV     1   --> A              
     e( 14 - 14) =    -11.54744  eV     1   --> A              
     e( 15 - 15) =    -10.96074  eV     1   --> A              
     e( 16 - 16) =    -10.30820  eV     1   --> A              
     e( 17 - 17) =     -9.85890  eV     1   --> A              
     e( 18 - 18) =     -9.37013  eV     1   --> A              
     e( 19 - 19) =     -8.21712  eV     1   --> A              
     e( 20 - 20) =     -7.61659  eV     1   --> A              
     e( 21 - 21) =     -6.07559  eV     1   --> A              
     e( 22 - 22) =     -4.65106  eV     1   --> A              
     e( 23 - 23) =     -3.36874  eV     1   --> A              
     e( 24 - 24) =     -2.91542  eV     1   --> A              
     e( 25 - 25) =     -2.25938  eV     1   --> A              
     e( 26 - 26) =     -0.55621  eV     1   --> A              
     e( 27 - 27) =     -0.11410  eV     1   --> A              
     e( 28 - 28) =      2.30606  eV     1   --> A              
     e( 29 - 29) =      2.78737  eV     1   --> A              
     e( 30 - 30) =      4.24336  eV     1   --> A              
     e( 31 - 31) =      4.50609  eV     1   --> A              
     e( 32 - 32) =      5.09789  eV     1   --> A              
     e( 33 - 33) =      5.28899  eV     1   --> A              
     e( 34 - 34) =      5.57714  eV     1   --> A              
     e( 35 - 35) =      5.92298  eV     1   --> A              

 **************************************************************************

 **************************************************************************

                    xk=(   0.31333,   0.54271,   0.00000  )

     Band symmetry, C_1 (1)     point group:

     e(  1 -  1) =    -77.84513  eV     1   --> A              
     e(  2 -  2) =    -49.35571  eV     1   --> A              
     e(  3 -  3) =    -49.29437  eV     1   --> A              
     e(  4 -  4) =    -49.03744  eV     1   --> A              
     e(  5 -  5) =    -21.64919  eV     1   --> A              
     e(  6 -  6) =    -21.63718  eV     1   --> A              
     e(  7 -  7) =    -20.45732  eV     1   --> A              
     e(  8 -  8) =    -19.96292  eV     1   --> A              
     e(  9 -  9) =    -14.84979  eV     1   --> A              
     e( 10 - 10) =    -14.59287  eV     1   --> A              
     e( 11 - 11) =    -14.04957  eV     1   --> A              
     e( 12 - 12) =    -13.96285  eV     1   --> A              
     e( 13 - 13) =    -11.70015  eV     1   --> A              
     e( 14 - 14) =    -11.55778  eV     1   --> A              
     e( 15 - 15) =    -10.93615  eV     1   --> A              
     e( 16 - 16) =    -10.35423  eV     1   --> A              
     e( 17 - 17) =     -9.84124  eV     1   --> A              
     e( 18 - 18) =     -9.39942  eV     1   --> A              
     e( 19 - 19) =     -8.21328  eV     1   --> A              
     e( 20 - 20) =     -7.61144  eV     1   --> A              
     e( 21 - 21) =     -6.06552  eV     1   --> A              
     e( 22 - 22) =     -4.66326  eV     1   --> A              
     e( 23 - 23) =     -3.35439  eV     1   --> A              
     e( 24 - 24) =     -2.92239  eV     1   --> A              
     e( 25 - 25) =     -2.25690  eV     1   --> A              
     e( 26 - 26) =     -0.55891  eV     1   --> A              
     e( 27 - 27) =     -0.11078  eV     1   --> A              
     e( 28 - 28) =      2.30835  eV     1   --> A              
     e( 29 - 29) =      2.77780  eV     1   --> A              
     e( 30 - 30) =      4.23493  eV     1   --> A              
     e( 31 - 31) =      4.51469  eV     1   --> A              
     e( 32 - 32) =      5.12524  eV     1   --> A              
     e( 33 - 33) =      5.33346  eV     1   --> A              
     e( 34 - 34) =      5.58793  eV     1   --> A              
     e( 35 - 35) =      5.89180  eV     1   --> A              

 **************************************************************************

 **************************************************************************

                    xk=(   0.31667,   0.54848,   0.00000  )

     Band symmetry, C_1 (1)     point group:

     e(  1 -  1) =    -77.84503  eV     1   --> A              
     e(  2 -  2) =    -49.35383  eV     1   --> A              
     e(  3 -  3) =    -49.29714  eV     1   --> A              
     e(  4 -  4) =    -49.03730  eV     1   --> A              
     e(  5 -  5) =    -21.63794  eV     1   --> A              
     e(  6 -  6) =    -21.62574  eV     1   --> A              
     e(  7 -  7) =    -20.45604  eV     1   --> A              
     e(  8 -  8) =    -19.96264  eV     1   --> A              
     e(  9 -  9) =    -14.82533  eV     1   --> A              
     e( 10 - 10) =    -14.55942  eV     1   --> A              
     e( 11 - 11) =    -14.09519  eV     1   --> A              
     e( 12 - 12) =    -14.01870  eV     1   --> A              
     e( 13 - 13) =    -11.68324  eV     1   --> A              
     e( 14 - 14) =    -11.56703  eV     1   --> A              
     e( 15 - 15) =    -10.90729  eV     1   --> A              
     e( 16 - 16) =    -10.40262  eV     1   --> A              
     e( 17 - 17) =     -9.82188  eV     1   --> A              
     e( 18 - 18) =     -9.42685  eV     1   --> A              
     e( 19 - 19) =     -8.21012  eV     1   --> A              
     e( 20 - 20) =     -7.60712  eV     1   --> A              
     e( 21 - 21) =     -6.05691  eV     1   --> A              
     e( 22 - 22) =     -4.67370  eV     1   --> A              
     e( 23 - 23) =     -3.34164  eV     1   --> A              
     e( 24 - 24) =     -2.92895  eV     1   --> A              
     e( 25 - 25) =     -2.25459  eV     1   --> A              
     e( 26 - 26) =     -0.56085  eV     1   --> A              
     e( 27 - 27) =     -0.10765  eV     1   --> A              
     e( 28 - 28) =      2.31017  eV     1   --> A              
     e( 29 - 29) =      2.76906  eV     1   --> A              
     e( 30 - 30) =      4.22766  eV     1   --> A              
     e( 31 - 31) =      4.52250  eV     1   --> A              
     e( 32 - 32) =      5.15176  eV     1   --> A              
     e( 33 - 33) =      5.37809  eV     1   --> A              
     e( 34 - 34) =      5.59643  eV     1   --> A              
     e( 35 - 35) =      5.85739  eV     1   --> A              

 **************************************************************************

 **************************************************************************

                    xk=(   0.32000,   0.55426,   0.00000  )

     Band symmetry, C_1 (1)     point group:

     e(  1 -  1) =    -77.84494  eV     1   --> A              
     e(  2 -  2) =    -49.35207  eV     1   --> A              
     e(  3 -  3) =    -49.29962  eV     1   --> A              
     e(  4 -  4) =    -49.03719  eV     1   --> A              
     e(  5 -  5) =    -21.62890  eV     1   --> A              
     e(  6 -  6) =    -21.61652  eV     1   --> A              
     e(  7 -  7) =    -20.45500  eV     1   --> A              
     e(  8 -  8) =    -19.96238  eV     1   --> A              
     e(  9 -  9) =    -14.80121  eV     1   --> A              
     e( 10 - 10) =    -14.52372  eV     1   --> A              
     e( 11 - 11) =    -14.13644  eV     1   --> A              
     e( 12 - 12) =    -14.07269  eV     1   --> A              
     e( 13 - 13) =    -11.66917  eV     1   --> A              
     e( 14 - 14) =    -11.57517  eV     1   --> A              
     e( 15 - 15) =    -10.87452  eV     1   --> A              
     e( 16 - 16) =    -10.45194  eV     1   --> A              
     e( 17 - 17) =     -9.80252  eV     1   --> A              
     e( 18 - 18) =     -9.45179  eV     1   --> A              
     e( 19 - 19) =     -8.20762  eV     1   --> A              
     e( 20 - 20) =     -7.60363  eV     1   --> A              
     e( 21 - 21) =     -6.04981  eV     1   --> A              
     e( 22 - 22) =     -4.68229  eV     1   --> A              
     e( 23 - 23) =     -3.33076  eV     1   --> A              
     e( 24 - 24) =     -2.93481  eV     1   --> A              
     e( 25 - 25) =     -2.25256  eV     1   --> A              
     e( 26 - 26) =     -0.56212  eV     1   --> A              
     e( 27 - 27) =     -0.10481  eV     1   --> A              
     e( 28 - 28) =      2.31151  eV     1   --> A              
     e( 29 - 29) =      2.76141  eV     1   --> A              
     e( 30 - 30) =      4.22167  eV     1   --> A              
     e( 31 - 31) =      4.52942  eV     1   --> A              
     e( 32 - 32) =      5.17633  eV     1   --> A              
     e( 33 - 33) =      5.42274  eV     1   --> A              
     e( 34 - 34) =      5.60314  eV     1   --> A              
     e( 35 - 35) =      5.81954  eV     1   --> A              

 **************************************************************************

 **************************************************************************

                    xk=(   0.32333,   0.56003,   0.00000  )

     Band symmetry, C_1 (1)     point group:

     e(  1 -  1) =    -77.84488  eV     1   --> A              
     e(  2 -  2) =    -49.35053  eV     1   --> A              
     e(  3 -  3) =    -49.30171  eV     1   --> A              
     e(  4 -  4) =    -49.03711  eV     1   --> A              
     e(  5 -  5) =    -21.62202  eV     1   --> A              
     e(  6 -  6) =    -21.60949  eV     1   --> A              
     e(  7 -  7) =    -20.45419  eV     1   --> A              
     e(  8 -  8) =    -19.96214  eV     1   --> A              
     e(  9 -  9) =    -14.77888  eV     1   --> A              
     e( 10 - 10) =    -14.48669  eV     1   --> A              
     e( 11 - 11) =    -14.17194  eV     1   --> A              
     e( 12 - 12) =    -14.12391  eV     1   --> A              
     e( 13 - 13) =    -11.65795  eV     1   --> A              
     e( 14 - 14) =    -11.58212  eV     1   --> A              
     e( 15 - 15) =    -10.83868  eV     1   --> A              
     e( 16 - 16) =    -10.50081  eV     1   --> A              
     e( 17 - 17) =     -9.78475  eV     1   --> A              
     e( 18 - 18) =     -9.47332  eV     1   --> A              
     e( 19 - 19) =     -8.20574  eV     1   --> A              
     e( 20 - 20) =     -7.60094  eV     1   --> A              
     e( 21 - 21) =     -6.04426  eV     1   --> A              
     e( 22 - 22) =     -4.68900  eV     1   --> A              
     e( 23 - 23) =     -3.32198  eV     1   --> A              
     e( 24 - 24) =     -2.93972  eV     1   --> A              
     e( 25 - 25) =     -2.25087  eV     1   --> A              
     e( 26 - 26) =     -0.56284  eV     1   --> A              
     e( 27 - 27) =     -0.10238  eV     1   --> A              
     e( 28 - 28) =      2.31239  eV     1   --> A              
     e( 29 - 29) =      2.75510  eV     1   --> A              
     e( 30 - 30) =      4.21704  eV     1   --> A              
     e( 31 - 31) =      4.53529  eV     1   --> A              
     e( 32 - 32) =      5.19765  eV     1   --> A              
     e( 33 - 33) =      5.46720  eV     1   --> A              
     e( 34 - 34) =      5.60874  eV     1   --> A              
     e( 35 - 35) =      5.77828  eV     1   --> A              

 **************************************************************************

 **************************************************************************

                    xk=(   0.32667,   0.56580,   0.00000  )

     Band symmetry, C_1 (1)     point group:

     e(  1 -  1) =    -77.84484  eV     1   --> A              
     e(  2 -  2) =    -49.34930  eV     1   --> A              
     e(  3 -  3) =    -49.30333  eV     1   --> A              
     e(  4 -  4) =    -49.03705  eV     1   --> A              
     e(  5 -  5) =    -21.61721  eV     1   --> A              
     e(  6 -  6) =    -21.60457  eV     1   --> A              
     e(  7 -  7) =    -20.45360  eV     1   --> A              
     e(  8 -  8) =    -19.96194  eV     1   --> A              
     e(  9 -  9) =    -14.76024  eV     1   --> A              
     e( 10 - 10) =    -14.45041  eV     1   --> A              
     e( 11 - 11) =    -14.19992  eV     1   --> A              
     e( 12 - 12) =    -14.17024  eV     1   --> A              
     e( 13 - 13) =    -11.64965  eV     1   --> A              
     e( 14 - 14) =    -11.58765  eV     1   --> A              
     e( 15 - 15) =    -10.80166  eV     1   --> A              
     e( 16 - 16) =    -10.54710  eV     1   --> A              
     e( 17 - 17) =     -9.77021  eV     1   --> A              
     e( 18 - 18) =     -9.49024  eV     1   --> A              
     e( 19 - 19) =     -8.20445  eV     1   --> A              
     e( 20 - 20) =     -7.59905  eV     1   --> A              
     e( 21 - 21) =     -6.04031  eV     1   --> A              
     e( 22 - 22) =     -4.69378  eV     1   --> A              
     e( 23 - 23) =     -3.31554  eV     1   --> A              
     e( 24 - 24) =     -2.94343  eV     1   --> A              
     e( 25 - 25) =     -2.24960  eV     1   --> A              
     e( 26 - 26) =     -0.56313  eV     1   --> A              
     e( 27 - 27) =     -0.10048  eV     1   --> A              
     e( 28 - 28) =      2.31286  eV     1   --> A              
     e( 29 - 29) =      2.75034  eV     1   --> A              
     e( 30 - 30) =      4.21380  eV     1   --> A              
     e( 31 - 31) =      4.53988  eV     1   --> A              
     e( 32 - 32) =      5.21434  eV     1   --> A              
     e( 33 - 33) =      5.51112  eV     1   --> A              
     e( 34 - 34) =      5.61361  eV     1   --> A              
     e( 35 - 35) =      5.73446  eV     1   --> A              

 **************************************************************************

 **************************************************************************

                    xk=(   0.33000,   0.57158,   0.00000  )

     Band symmetry, C_1 (1)     point group:

     e(  1 -  1) =    -77.84481  eV     1   --> A              
     e(  2 -  2) =    -49.34850  eV     1   --> A              
     e(  3 -  3) =    -49.30436  eV     1   --> A              
     e(  4 -  4) =    -49.03701  eV     1   --> A              
     e(  5 -  5) =    -21.61440  eV     1   --> A              
     e(  6 -  6) =    -21.60169  eV     1   --> A              
     e(  7 -  7) =    -20.45323  eV     1   --> A              
     e(  8 -  8) =    -19.96180  eV     1   --> A              
     e(  9 -  9) =    -14.74755  eV     1   --> A              
     e( 10 - 10) =    -14.42000  eV     1   --> A              
     e( 11 - 11) =    -14.21869  eV     1   --> A              
     e( 12 - 12) =    -14.20611  eV     1   --> A              
     e( 13 - 13) =    -11.64449  eV     1   --> A              
     e( 14 - 14) =    -11.59130  eV     1   --> A              
     e( 15 - 15) =    -10.76852  eV     1   --> A              
     e( 16 - 16) =    -10.58572  eV     1   --> A              
     e( 17 - 17) =     -9.76060  eV     1   --> A              
     e( 18 - 18) =     -9.50113  eV     1   --> A              
     e( 19 - 19) =     -8.20371  eV     1   --> A              
     e( 20 - 20) =     -7.59793  eV     1   --> A              
     e( 21 - 21) =     -6.03794  eV     1   --> A              
     e( 22 - 22) =     -4.69664  eV     1   --> A              
     e( 23 - 23) =     -3.31160  eV     1   --> A              
     e( 24 - 24) =     -2.94574  eV     1   --> A              
     e( 25 - 25) =     -2.24880  eV     1   --> A              
     e( 26 - 26) =     -0.56317  eV     1   --> A              
     e( 27 - 27) =     -0.09925  eV     1   --> A              
     e( 28 - 28) =      2.31303  eV     1   --> A              
     e( 29 - 29) =      2.74734  eV     1   --> A              
     e( 30 - 30) =      4.21193  eV     1   --> A              
     e( 31 - 31) =      4.54290  eV     1   --> A              
     e( 32 - 32) =      5.22503  eV     1   --> A              
     e( 33 - 33) =      5.55387  eV     1   --> A              
     e( 34 - 34) =      5.61481  eV     1   --> A              
     e( 35 - 35) =      5.69276  eV     1   --> A              

 **************************************************************************

 **************************************************************************

                    xk=(   0.33333,   0.57735,   0.00000  )

     Band symmetry, C_1 (1)     point group:

     e(  1 -  1) =    -77.84480  eV     1   --> A              
     e(  2 -  2) =    -49.34821  eV     1   --> A              
     e(  3 -  3) =    -49.30472  eV     1   --> A              
     e(  4 -  4) =    -49.03700  eV     1   --> A              
     e(  5 -  5) =    -21.61348  eV     1   --> A              
     e(  6 -  6) =    -21.60075  eV     1   --> A              
     e(  7 -  7) =    -20.45311  eV     1   --> A              
     e(  8 -  8) =    -19.96175  eV     1   --> A              
     e(  9 -  9) =    -14.74296  eV     1   --> A              
     e( 10 - 10) =    -14.40678  eV     1   --> A              
     e( 11 - 11) =    -14.22712  eV     1   --> A              
     e( 12 - 12) =    -14.21930  eV     1   --> A              
     e( 13 - 13) =    -11.64276  eV     1   --> A              
     e( 14 - 14) =    -11.59259  eV     1   --> A              
     e( 15 - 15) =    -10.75298  eV     1   --> A              
     e( 16 - 16) =    -10.60305  eV     1   --> A              
     e( 17 - 17) =     -9.75724  eV     1   --> A              
     e( 18 - 18) =     -9.50488  eV     1   --> A              
     e( 19 - 19) =     -8.20348  eV     1   --> A              
     e( 20 - 20) =     -7.59756  eV     1   --> A              
     e( 21 - 21) =     -6.03715  eV     1   --> A              
     e( 22 - 22) =     -4.69758  eV     1   --> A              
     e( 23 - 23) =     -3.31028  eV     1   --> A              
     e( 24 - 24) =     -2.94653  eV     1   --> A              
     e( 25 - 25) =     -2.24854  eV     1   --> A              
     e( 26 - 26) =     -0.56313  eV     1   --> A              
     e( 27 - 27) =     -0.09881  eV     1   --> A              
     e( 28 - 28) =      2.31306  eV     1   --> A              
     e( 29 - 29) =      2.74631  eV     1   --> A              
     e( 30 - 30) =      4.21134  eV     1   --> A              
     e( 31 - 31) =      4.54403  eV     1   --> A              
     e( 32 - 32) =      5.22872  eV     1   --> A              
     e( 33 - 33) =      5.59183  eV     1   --> A              
     e( 34 - 34) =      5.59671  eV     1   --> A              
     e( 35 - 35) =      5.67346  eV     1   --> A              

 **************************************************************************

 **************************************************************************

                    xk=(   0.33611,   0.57254,   0.00000  )

     Band symmetry, C_1 (1)     point group:

     e(  1 -  1) =    -77.84481  eV     1   --> A              
     e(  2 -  2) =    -49.34842  eV     1   --> A              
     e(  3 -  3) =    -49.30447  eV     1   --> A              
     e(  4 -  4) =    -49.03701  eV     1   --> A              
     e(  5 -  5) =    -21.61410  eV     1   --> A              
     e(  6 -  6) =    -21.60138  eV     1   --> A              
     e(  7 -  7) =    -20.45320  eV     1   --> A              
     e(  8 -  8) =    -19.96179  eV     1   --> A              
     e(  9 -  9) =    -14.74630  eV     1   --> A              
     e( 10 - 10) =    -14.41659  eV     1   --> A              
     e( 11 - 11) =    -14.22027  eV     1   --> A              
     e( 12 - 12) =    -14.21038  eV     1   --> A              
     e( 13 - 13) =    -11.64388  eV     1   --> A              
     e( 14 - 14) =    -11.59175  eV     1   --> A              
     e( 15 - 15) =    -10.76469  eV     1   --> A              
     e( 16 - 16) =    -10.59014  eV     1   --> A              
     e( 17 - 17) =     -9.75953  eV     1   --> A              
     e( 18 - 18) =     -9.50235  eV     1   --> A              
     e( 19 - 19) =     -8.20363  eV     1   --> A              
     e( 20 - 20) =     -7.59781  eV     1   --> A              
     e( 21 - 21) =     -6.03769  eV     1   --> A              
     e( 22 - 22) =     -4.69694  eV     1   --> A              
     e( 23 - 23) =     -3.31119  eV     1   --> A              
     e( 24 - 24) =     -2.94598  eV     1   --> A              
     e( 25 - 25) =     -2.24873  eV     1   --> A              
     e( 26 - 26) =     -0.56321  eV     1   --> A              
     e( 27 - 27) =     -0.09914  eV     1   --> A              
     e( 28 - 28) =      2.31309  eV     1   --> A              
     e( 29 - 29) =      2.74706  eV     1   --> A              
     e( 30 - 30) =      4.21170  eV     1   --> A              
     e( 31 - 31) =      4.54317  eV     1   --> A              
     e( 32 - 32) =      5.22616  eV     1   --> A              
     e( 33 - 33) =      5.55386  eV     1   --> A              
     e( 34 - 34) =      5.62437  eV     1   --> A              
     e( 35 - 35) =      5.68347  eV     1   --> A              

 **************************************************************************

 **************************************************************************

                    xk=(   0.33889,   0.56773,   0.00000  )

     Band symmetry, C_1 (1)     point group:

     e(  1 -  1) =    -77.84482  eV     1   --> A              
     e(  2 -  2) =    -49.34902  eV     1   --> A              
     e(  3 -  3) =    -49.30371  eV     1   --> A              
     e(  4 -  4) =    -49.03703  eV     1   --> A              
     e(  5 -  5) =    -21.61590  eV     1   --> A              
     e(  6 -  6) =    -21.60323  eV     1   --> A              
     e(  7 -  7) =    -20.45347  eV     1   --> A              
     e(  8 -  8) =    -19.96192  eV     1   --> A              
     e(  9 -  9) =    -14.75624  eV     1   --> A              
     e( 10 - 10) =    -14.44159  eV     1   --> A              
     e( 11 - 11) =    -14.20491  eV     1   --> A              
     e( 12 - 12) =    -14.18301  eV     1   --> A              
     e( 13 - 13) =    -11.64691  eV     1   --> A              
     e( 14 - 14) =    -11.58944  eV     1   --> A              
     e( 15 - 15) =    -10.79296  eV     1   --> A              
     e( 16 - 16) =    -10.55832  eV     1   --> A              
     e( 17 - 17) =     -9.76598  eV     1   --> A              
     e( 18 - 18) =     -9.49516  eV     1   --> A              
     e( 19 - 19) =     -8.20407  eV     1   --> A              
     e( 20 - 20) =     -7.59855  eV     1   --> A              
     e( 21 - 21) =     -6.03928  eV     1   --> A              
     e( 22 - 22) =     -4.69502  eV     1   --> A              
     e( 23 - 23) =     -3.31388  eV     1   --> A              
     e( 24 - 24) =     -2.94437  eV     1   --> A              
     e( 25 - 25) =     -2.24934  eV     1   --> A              
     e( 26 - 26) =     -0.56352  eV     1   --> A              
     e( 27 - 27) =     -0.10022  eV     1   --> A              
     e( 28 - 28) =      2.31327  eV     1   --> A              
     e( 29 - 29) =      2.74938  eV     1   --> A              
     e( 30 - 30) =      4.21268  eV     1   --> A              
     e( 31 - 31) =      4.54047  eV     1   --> A              
     e( 32 - 32) =      5.21868  eV     1   --> A              
     e( 33 - 33) =      5.50394  eV     1   --> A              
     e( 34 - 34) =      5.65031  eV     1   --> A              
     e( 35 - 35) =      5.70654  eV     1   --> A              

 **************************************************************************

 **************************************************************************

                    xk=(   0.34167,   0.56292,   0.00000  )

     Band symmetry, C_1 (1)     point group:

     e(  1 -  1) =    -77.84485  eV     1   --> A              
     e(  2 -  2) =    -49.35000  eV     1   --> A              
     e(  3 -  3) =    -49.30248  eV     1   --> A              
     e(  4 -  4) =    -49.03707  eV     1   --> A              
     e(  5 -  5) =    -21.61884  eV     1   --> A              
     e(  6 -  6) =    -21.60624  eV     1   --> A              
     e(  7 -  7) =    -20.45393  eV     1   --> A              
     e(  8 -  8) =    -19.96216  eV     1   --> A              
     e(  9 -  9) =    -14.77215  eV     1   --> A              
     e( 10 - 10) =    -14.47451  eV     1   --> A              
     e( 11 - 11) =    -14.18196  eV     1   --> A              
     e( 12 - 12) =    -14.14427  eV     1   --> A              
     e( 13 - 13) =    -11.65140  eV     1   --> A              
     e( 14 - 14) =    -11.58604  eV     1   --> A              
     e( 15 - 15) =    -10.82847  eV     1   --> A              
     e( 16 - 16) =    -10.51704  eV     1   --> A              
     e( 17 - 17) =     -9.77577  eV     1   --> A              
     e( 18 - 18) =     -9.48418  eV     1   --> A              
     e( 19 - 19) =     -8.20477  eV     1   --> A              
     e( 20 - 20) =     -7.59975  eV     1   --> A              
     e( 21 - 21) =     -6.04187  eV     1   --> A              
     e( 22 - 22) =     -4.69187  eV     1   --> A              
     e( 23 - 23) =     -3.31827  eV     1   --> A              
     e( 24 - 24) =     -2.94174  eV     1   --> A              
     e( 25 - 25) =     -2.25036  eV     1   --> A              
     e( 26 - 26) =     -0.56421  eV     1   --> A              
     e( 27 - 27) =     -0.10212  eV     1   --> A              
     e( 28 - 28) =      2.31377  eV     1   --> A              
     e( 29 - 29) =      2.75333  eV     1   --> A              
     e( 30 - 30) =      4.21408  eV     1   --> A              
     e( 31 - 31) =      4.53565  eV     1   --> A              
     e( 32 - 32) =      5.20684  eV     1   --> A              
     e( 33 - 33) =      5.44897  eV     1   --> A              
     e( 34 - 34) =      5.67382  eV     1   --> A              
     e( 35 - 35) =      5.73644  eV     1   --> A              

 **************************************************************************

 **************************************************************************

                    xk=(   0.34444,   0.55811,   0.00000  )

     Band symmetry, C_1 (1)     point group:

     e(  1 -  1) =    -77.84489  eV     1   --> A              
     e(  2 -  2) =    -49.35130  eV     1   --> A              
     e(  3 -  3) =    -49.30083  eV     1   --> A              
     e(  4 -  4) =    -49.03712  eV     1   --> A              
     e(  5 -  5) =    -21.62285  eV     1   --> A              
     e(  6 -  6) =    -21.61034  eV     1   --> A              
     e(  7 -  7) =    -20.45460  eV     1   --> A              
     e(  8 -  8) =    -19.96252  eV     1   --> A              
     e(  9 -  9) =    -14.79304  eV     1   --> A              
     e( 10 - 10) =    -14.51102  eV     1   --> A              
     e( 11 - 11) =    -14.15179  eV     1   --> A              
     e( 12 - 12) =    -14.09922  eV     1   --> A              
     e( 13 - 13) =    -11.65695  eV     1   --> A              
     e( 14 - 14) =    -11.58186  eV     1   --> A              
     e( 15 - 15) =    -10.86683  eV     1   --> A              
     e( 16 - 16) =    -10.47083  eV     1   --> A              
     e( 17 - 17) =     -9.78795  eV     1   --> A              
     e( 18 - 18) =     -9.47036  eV     1   --> A              
     e( 19 - 19) =     -8.20570  eV     1   --> A              
     e( 20 - 20) =     -7.60140  eV     1   --> A              
     e( 21 - 21) =     -6.04544  eV     1   --> A              
     e( 22 - 22) =     -4.68755  eV     1   --> A              
     e( 23 - 23) =     -3.32425  eV     1   --> A              
     e( 24 - 24) =     -2.93820  eV     1   --> A              
     e( 25 - 25) =     -2.25182  eV     1   --> A              
     e( 26 - 26) =     -0.56544  eV     1   --> A              
     e( 27 - 27) =     -0.10494  eV     1   --> A              
     e( 28 - 28) =      2.31473  eV     1   --> A              
     e( 29 - 29) =      2.75899  eV     1   --> A              
     e( 30 - 30) =      4.21562  eV     1   --> A              
     e( 31 - 31) =      4.52847  eV     1   --> A              
     e( 32 - 32) =      5.19127  eV     1   --> A              
     e( 33 - 33) =      5.39052  eV     1   --> A              
     e( 34 - 34) =      5.69688  eV     1   --> A              
     e( 35 - 35) =      5.76946  eV     1   --> A              

 **************************************************************************

 **************************************************************************

                    xk=(   0.34722,   0.55329,   0.00000  )

     Band symmetry, C_1 (1)     point group:

     e(  1 -  1) =    -77.84494  eV     1   --> A              
     e(  2 -  2) =    -49.35289  eV     1   --> A              
     e(  3 -  3) =    -49.29882  eV     1   --> A              
     e(  4 -  4) =    -49.03719  eV     1   --> A              
     e(  5 -  5) =    -21.62786  eV     1   --> A              
     e(  6 -  6) =    -21.61546  eV     1   --> A              
     e(  7 -  7) =    -20.45547  eV     1   --> A              
     e(  8 -  8) =    -19.96302  eV     1   --> A              
     e(  9 -  9) =    -14.81781  eV     1   --> A              
     e( 10 - 10) =    -14.54912  eV     1   --> A              
     e( 11 - 11) =    -14.11540  eV     1   --> A              
     e( 12 - 12) =    -14.05006  eV     1   --> A              
     e( 13 - 13) =    -11.66327  eV     1   --> A              
     e( 14 - 14) =    -11.57710  eV     1   --> A              
     e( 15 - 15) =    -10.90624  eV     1   --> A              
     e( 16 - 16) =    -10.42161  eV     1   --> A              
     e( 17 - 17) =     -9.80167  eV     1   --> A              
     e( 18 - 18) =     -9.45454  eV     1   --> A              
     e( 19 - 19) =     -8.20684  eV     1   --> A              
     e( 20 - 20) =     -7.60347  eV     1   --> A              
     e( 21 - 21) =     -6.04993  eV     1   --> A              
     e( 22 - 22) =     -4.68211  eV     1   --> A              
     e( 23 - 23) =     -3.33167  eV     1   --> A              
     e( 24 - 24) =     -2.93384  eV     1   --> A              
     e( 25 - 25) =     -2.25371  eV     1   --> A              
     e( 26 - 26) =     -0.56736  eV     1   --> A              
     e( 27 - 27) =     -0.10877  eV     1   --> A              
     e( 28 - 28) =      2.31633  eV     1   --> A              
     e( 29 - 29) =      2.76641  eV     1   --> A              
     e( 30 - 30) =      4.21694  eV     1   --> A              
     e( 31 - 31) =      4.51875  eV     1   --> A              
     e( 32 - 32) =      5.17251  eV     1   --> A              
     e( 33 - 33) =      5.32973  eV     1   --> A              
     e( 34 - 34) =      5.72040  eV     1   --> A              
     e( 35 - 35) =      5.80377  eV     1   --> A              

 **************************************************************************

 **************************************************************************

                    xk=(   0.35000,   0.54848,   0.00000  )

     Band symmetry, C_1 (1)     point group:

     e(  1 -  1) =    -77.84500  eV     1   --> A              
     e(  2 -  2) =    -49.35469  eV     1   --> A              
     e(  3 -  3) =    -49.29649  eV     1   --> A              
     e(  4 -  4) =    -49.03727  eV     1   --> A              
     e(  5 -  5) =    -21.63381  eV     1   --> A              
     e(  6 -  6) =    -21.62153  eV     1   --> A              
     e(  7 -  7) =    -20.45656  eV     1   --> A              
     e(  8 -  8) =    -19.96366  eV     1   --> A              
     e(  9 -  9) =    -14.84550  eV     1   --> A              
     e( 10 - 10) =    -14.58784  eV     1   --> A              
     e( 11 - 11) =    -14.07381  eV     1   --> A              
     e( 12 - 12) =    -13.99783  eV     1   --> A              
     e( 13 - 13) =    -11.67022  eV     1   --> A              
     e( 14 - 14) =    -11.57188  eV     1   --> A              
     e( 15 - 15) =    -10.94588  eV     1   --> A              
     e( 16 - 16) =    -10.37036  eV     1   --> A              
     e( 17 - 17) =     -9.81621  eV     1   --> A              
     e( 18 - 18) =     -9.43736  eV     1   --> A              
     e( 19 - 19) =     -8.20814  eV     1   --> A              
     e( 20 - 20) =     -7.60595  eV     1   --> A              
     e( 21 - 21) =     -6.05528  eV     1   --> A              
     e( 22 - 22) =     -4.67561  eV     1   --> A              
     e( 23 - 23) =     -3.34039  eV     1   --> A              
     e( 24 - 24) =     -2.92878  eV     1   --> A              
     e( 25 - 25) =     -2.25604  eV     1   --> A              
     e( 26 - 26) =     -0.57014  eV     1   --> A              
     e( 27 - 27) =     -0.11373  eV     1   --> A              
     e( 28 - 28) =      2.31875  eV     1   --> A              
     e( 29 - 29) =      2.77563  eV     1   --> A              
     e( 30 - 30) =      4.21755  eV     1   --> A              
     e( 31 - 31) =      4.50640  eV     1   --> A              
     e( 32 - 32) =      5.15020  eV     1   --> A              
     e( 33 - 33) =      5.26833  eV     1   --> A              
     e( 34 - 34) =      5.74450  eV     1   --> A              
     e( 35 - 35) =      5.83847  eV     1   --> A              

 **************************************************************************

 **************************************************************************

                    xk=(   0.35278,   0.54367,   0.00000  )

     Band symmetry, C_1 (1)     point group:

     e(  1 -  1) =    -77.84507  eV     1   --> A              
     e(  2 -  2) =    -49.35667  eV     1   --> A              
     e(  3 -  3) =    -49.29390  eV     1   --> A              
     e(  4 -  4) =    -49.03736  eV     1   --> A              
     e(  5 -  5) =    -21.64064  eV     1   --> A              
     e(  6 -  6) =    -21.62850  eV     1   --> A              
     e(  7 -  7) =    -20.45787  eV     1   --> A              
     e(  8 -  8) =    -19.96445  eV     1   --> A              
     e(  9 -  9) =    -14.87529  eV     1   --> A              
     e( 10 - 10) =    -14.62671  eV     1   --> A              
     e( 11 - 11) =    -14.02787  eV     1   --> A              
     e( 12 - 12) =    -13.94310  eV     1   --> A              
     e( 13 - 13) =    -11.67767  eV     1   --> A              
     e( 14 - 14) =    -11.56629  eV     1   --> A              
     e( 15 - 15) =    -10.98531  eV     1   --> A              
     e( 16 - 16) =    -10.31769  eV     1   --> A              
     e( 17 - 17) =     -9.83100  eV     1   --> A              
     e( 18 - 18) =     -9.41930  eV     1   --> A              
     e( 19 - 19) =     -8.20959  eV     1   --> A              
     e( 20 - 20) =     -7.60882  eV     1   --> A              
     e( 21 - 21) =     -6.06144  eV     1   --> A              
     e( 22 - 22) =     -4.66813  eV     1   --> A              
     e( 23 - 23) =     -3.35028  eV     1   --> A              
     e( 24 - 24) =     -2.92313  eV     1   --> A              
     e( 25 - 25) =     -2.25881  eV     1   --> A              
     e( 26 - 26) =     -0.57393  eV     1   --> A              
     e( 27 - 27) =     -0.11990  eV     1   --> A              
     e( 28 - 28) =      2.32218  eV     1   --> A              
     e( 29 - 29) =      2.78667  eV     1   --> A              
     e( 30 - 30) =      4.21677  eV     1   --> A              
     e( 31 - 31) =      4.49158  eV     1   --> A              
     e( 32 - 32) =      5.12134  eV     1   --> A              
     e( 33 - 33) =      5.21063  eV     1   --> A              
     e( 34 - 34) =      5.76900  eV     1   --> A              
     e( 35 - 35) =      5.87315  eV     1   --> A              

 **************************************************************************

 **************************************************************************

                    xk=(   0.35556,   0.53886,   0.00000  )

     Band symmetry, C_1 (1)     point group:

     e(  1 -  1) =    -77.84515  eV     1   --> A              
     e(  2 -  2) =    -49.35879  eV     1   --> A              
     e(  3 -  3) =    -49.29110  eV     1   --> A              
     e(  4 -  4) =    -49.03747  eV     1   --> A              
     e(  5 -  5) =    -21.64829  eV     1   --> A              
     e(  6 -  6) =    -21.63628  eV     1   --> A              
     e(  7 -  7) =    -20.45941  eV     1   --> A              
     e(  8 -  8) =    -19.96542  eV     1   --> A              
     e(  9 -  9) =    -14.90656  eV     1   --> A              
     e( 10 - 10) =    -14.66545  eV     1   --> A              
     e( 11 - 11) =    -13.97829  eV     1   --> A              
     e( 12 - 12) =    -13.88621  eV     1   --> A              
     e( 13 - 13) =    -11.68555  eV     1   --> A              
     e( 14 - 14) =    -11.56038  eV     1   --> A              
     e( 15 - 15) =    -11.02425  eV     1   --> A              
     e( 16 - 16) =    -10.26412  eV     1   --> A              
     e( 17 - 17) =     -9.84552  eV     1   --> A              
     e( 18 - 18) =     -9.40070  eV     1   --> A              
     e( 19 - 19) =     -8.21116  eV     1   --> A              
     e( 20 - 20) =     -7.61205  eV     1   --> A              
     e( 21 - 21) =     -6.06834  eV     1   --> A              
     e( 22 - 22) =     -4.65974  eV     1   --> A              
     e( 23 - 23) =     -3.36117  eV     1   --> A              
     e( 24 - 24) =     -2.91700  eV     1   --> A              
     e( 25 - 25) =     -2.26201  eV     1   --> A              
     e( 26 - 26) =     -0.57887  eV     1   --> A              
     e( 27 - 27) =     -0.12740  eV     1   --> A              
     e( 28 - 28) =      2.32680  eV     1   --> A              
     e( 29 - 29) =      2.79956  eV     1   --> A              
     e( 30 - 30) =      4.21366  eV     1   --> A              
     e( 31 - 31) =      4.47479  eV     1   --> A              
     e( 32 - 32) =      5.07810  eV     1   --> A              
     e( 33 - 33) =      5.16566  eV     1   --> A              
     e( 34 - 34) =      5.79363  eV     1   --> A              
     e( 35 - 35) =      5.90756  eV     1   --> A              

 **************************************************************************

 **************************************************************************

                    xk=(   0.35833,   0.53405,   0.00000  )

     Band symmetry, C_1 (1)     point group:

     e(  1 -  1) =    -77.84523  eV     1   --> A              
     e(  2 -  2) =    -49.36101  eV     1   --> A              
     e(  3 -  3) =    -49.28812  eV     1   --> A              
     e(  4 -  4) =    -49.03758  eV     1   --> A              
     e(  5 -  5) =    -21.65669  eV     1   --> A              
     e(  6 -  6) =    -21.64482  eV     1   --> A              
     e(  7 -  7) =    -20.46118  eV     1   --> A              
     e(  8 -  8) =    -19.96656  eV     1   --> A              
     e(  9 -  9) =    -14.93883  eV     1   --> A              
     e( 10 - 10) =    -14.70388  eV     1   --> A              
     e( 11 - 11) =    -13.92562  eV     1   --> A              
     e( 12 - 12) =    -13.82740  eV     1   --> A              
     e( 13 - 13) =    -11.69381  eV     1   --> A              
     e( 14 - 14) =    -11.55422  eV     1   --> A              
     e( 15 - 15) =    -11.06250  eV     1   --> A              
     e( 16 - 16) =    -10.21019  eV     1   --> A              
     e( 17 - 17) =     -9.85924  eV     1   --> A              
     e( 18 - 18) =     -9.38180  eV     1   --> A              
     e( 19 - 19) =     -8.21282  eV     1   --> A              
     e( 20 - 20) =     -7.61562  eV     1   --> A              
     e( 21 - 21) =     -6.07592  eV     1   --> A              
     e( 22 - 22) =     -4.65051  eV     1   --> A              
     e( 23 - 23) =     -3.37294  eV     1   --> A              
     e( 24 - 24) =     -2.91046  eV     1   --> A              
     e( 25 - 25) =     -2.26566  eV     1   --> A              
     e( 26 - 26) =     -0.58513  eV     1   --> A              
     e( 27 - 27) =     -0.13635  eV     1   --> A              
     e( 28 - 28) =      2.33279  eV     1   --> A              
     e( 29 - 29) =      2.81428  eV     1   --> A              
     e( 30 - 30) =      4.20697  eV     1   --> A              
     e( 31 - 31) =      4.45696  eV     1   --> A              
     e( 32 - 32) =      5.01781  eV     1   --> A              
     e( 33 - 33) =      5.13705  eV     1   --> A              
     e( 34 - 34) =      5.81809  eV     1   --> A              
     e( 35 - 35) =      5.94155  eV     1   --> A              

 **************************************************************************

 **************************************************************************

                    xk=(   0.36111,   0.52924,   0.00000  )

     Band symmetry, C_1 (1)     point group:

     e(  1 -  1) =    -77.84533  eV     1   --> A              
     e(  2 -  2) =    -49.36330  eV     1   --> A              
     e(  3 -  3) =    -49.28499  eV     1   --> A              
     e(  4 -  4) =    -49.03771  eV     1   --> A              
     e(  5 -  5) =    -21.66578  eV     1   --> A              
     e(  6 -  6) =    -21.65405  eV     1   --> A              
     e(  7 -  7) =    -20.46319  eV     1   --> A              
     e(  8 -  8) =    -19.96788  eV     1   --> A              
     e(  9 -  9) =    -14.97173  eV     1   --> A              
     e( 10 - 10) =    -14.74192  eV     1   --> A              
     e( 11 - 11) =    -13.87030  eV     1   --> A              
     e( 12 - 12) =    -13.76684  eV     1   --> A              
     e( 13 - 13) =    -11.70241  eV     1   --> A              
     e( 14 - 14) =    -11.54785  eV     1   --> A              
     e( 15 - 15) =    -11.09988  eV     1   --> A              
     e( 16 - 16) =    -10.15666  eV     1   --> A              
     e( 17 - 17) =     -9.87145  eV     1   --> A              
     e( 18 - 18) =     -9.36275  eV     1   --> A              
     e( 19 - 19) =     -8.21457  eV     1   --> A              
     e( 20 - 20) =     -7.61953  eV     1   --> A              
     e( 21 - 21) =     -6.08412  eV     1   --> A              
     e( 22 - 22) =     -4.64053  eV     1   --> A              
     e( 23 - 23) =     -3.38548  eV     1   --> A              
     e( 24 - 24) =     -2.90361  eV     1   --> A              
     e( 25 - 25) =     -2.26974  eV     1   --> A              
     e( 26 - 26) =     -0.59282  eV     1   --> A              
     e( 27 - 27) =     -0.14685  eV     1   --> A              
     e( 28 - 28) =      2.34029  eV     1   --> A              
     e( 29 - 29) =      2.83082  eV     1   --> A              
     e( 30 - 30) =      4.19515  eV     1   --> A              
     e( 31 - 31) =      4.43946  eV     1   --> A              
     e( 32 - 32) =      4.94790  eV     1   --> A              
     e( 33 - 33) =      5.11822  eV     1   --> A              
     e( 34 - 34) =      5.84210  eV     1   --> A              
     e( 35 - 35) =      5.97499  eV     1   --> A              

 **************************************************************************

 **************************************************************************

                    xk=(   0.36389,   0.52443,   0.00000  )

     Band symmetry, C_1 (1)     point group:

     e(  1 -  1) =    -77.84543  eV     1   --> A              
     e(  2 -  2) =    -49.36565  eV     1   --> A              
     e(  3 -  3) =    -49.28174  eV     1   --> A              
     e(  4 -  4) =    -49.03785  eV     1   --> A              
     e(  5 -  5) =    -21.67551  eV     1   --> A              
     e(  6 -  6) =    -21.66390  eV     1   --> A              
     e(  7 -  7) =    -20.46543  eV     1   --> A              
     e(  8 -  8) =    -19.96939  eV     1   --> A              
     e(  9 -  9) =    -15.00500  eV     1   --> A              
     e( 10 - 10) =    -14.77947  eV     1   --> A              
     e( 11 - 11) =    -13.81271  eV     1   --> A              
     e( 12 - 12) =    -13.70469  eV     1   --> A              
     e( 13 - 13) =    -11.71132  eV     1   --> A              
     e( 14 - 14) =    -11.54136  eV     1   --> A              
     e( 15 - 15) =    -11.13622  eV     1   --> A              
     e( 16 - 16) =    -10.10484  eV     1   --> A              
     e( 17 - 17) =     -9.88090  eV     1   --> A              
     e( 18 - 18) =     -9.34361  eV     1   --> A              
     e( 19 - 19) =     -8.21637  eV     1   --> A              
     e( 20 - 20) =     -7.62373  eV     1   --> A              
     e( 21 - 21) =     -6.09287  eV     1   --> A              
     e( 22 - 22) =     -4.62987  eV     1   --> A              
     e( 23 - 23) =     -3.39867  eV     1   --> A              
     e( 24 - 24) =     -2.89649  eV     1   --> A              
     e( 25 - 25) =     -2.27426  eV     1   --> A              
     e( 26 - 26) =     -0.60206  eV     1   --> A              
     e( 27 - 27) =     -0.15902  eV     1   --> A              
     e( 28 - 28) =      2.34947  eV     1   --> A              
     e( 29 - 29) =      2.84915  eV     1   --> A              
     e( 30 - 30) =      4.17663  eV     1   --> A              
     e( 31 - 31) =      4.42385  eV     1   --> A              
     e( 32 - 32) =      4.87348  eV     1   --> A              
     e( 33 - 33) =      5.10472  eV     1   --> A              
     e( 34 - 34) =      5.86539  eV     1   --> A              
     e( 35 - 35) =      6.00781  eV     1   --> A              

 **************************************************************************

 **************************************************************************

                    xk=(   0.36667,   0.51962,   0.00000  )

     Band symmetry, C_1 (1)     point group:

     e(  1 -  1) =    -77.84554  eV     1   --> A              
     e(  2 -  2) =    -49.36803  eV     1   --> A              
     e(  3 -  3) =    -49.27838  eV     1   --> A              
     e(  4 -  4) =    -49.03800  eV     1   --> A              
     e(  5 -  5) =    -21.68581  eV     1   --> A              
     e(  6 -  6) =    -21.67432  eV     1   --> A              
     e(  7 -  7) =    -20.46791  eV     1   --> A              
     e(  8 -  8) =    -19.97109  eV     1   --> A              
     e(  9 -  9) =    -15.03842  eV     1   --> A              
     e( 10 - 10) =    -14.81650  eV     1   --> A              
     e( 11 - 11) =    -13.75314  eV     1   --> A              
     e( 12 - 12) =    -13.64106  eV     1   --> A              
     e( 13 - 13) =    -11.72052  eV     1   --> A              
     e( 14 - 14) =    -11.53484  eV     1   --> A              
     e( 15 - 15) =    -11.17137  eV     1   --> A              
     e( 16 - 16) =    -10.05741  eV     1   --> A              
     e( 17 - 17) =     -9.88499  eV     1   --> A              
     e( 18 - 18) =     -9.32441  eV     1   --> A              
     e( 19 - 19) =     -8.21820  eV     1   --> A              
     e( 20 - 20) =     -7.62822  eV     1   --> A              
     e( 21 - 21) =     -6.10211  eV     1   --> A              
     e( 22 - 22) =     -4.61861  eV     1   --> A              
     e( 23 - 23) =     -3.41241  eV     1   --> A              
     e( 24 - 24) =     -2.88914  eV     1   --> A              
     e( 25 - 25) =     -2.27921  eV     1   --> A              
     e( 26 - 26) =     -0.61297  eV     1   --> A              
     e( 27 - 27) =     -0.17298  eV     1   --> A              
     e( 28 - 28) =      2.36043  eV     1   --> A              
     e( 29 - 29) =      2.86922  eV     1   --> A              
     e( 30 - 30) =      4.15031  eV     1   --> A              
     e( 31 - 31) =      4.41128  eV     1   --> A              
     e( 32 - 32) =      4.79673  eV     1   --> A              
     e( 33 - 33) =      5.09494  eV     1   --> A              
     e( 34 - 34) =      5.88772  eV     1   --> A              
     e( 35 - 35) =      6.03993  eV     1   --> A              

 **************************************************************************

 **************************************************************************

                    xk=(   0.36944,   0.51480,   0.00000  )

     Band symmetry, C_1 (1)     point group:

     e(  1 -  1) =    -77.84566  eV     1   --> A              
     e(  2 -  2) =    -49.37044  eV     1   --> A              
     e(  3 -  3) =    -49.27494  eV     1   --> A              
     e(  4 -  4) =    -49.03816  eV     1   --> A              
     e(  5 -  5) =    -21.69662  eV     1   --> A              
     e(  6 -  6) =    -21.68524  eV     1   --> A              
     e(  7 -  7) =    -20.47062  eV     1   --> A              
     e(  8 -  8) =    -19.97298  eV     1   --> A              
     e(  9 -  9) =    -15.07183  eV     1   --> A              
     e( 10 - 10) =    -14.85297  eV     1   --> A              
     e( 11 - 11) =    -13.69188  eV     1   --> A              
     e( 12 - 12) =    -13.57609  eV     1   --> A              
     e( 13 - 13) =    -11.72997  eV     1   --> A              
     e( 14 - 14) =    -11.52841  eV     1   --> A              
     e( 15 - 15) =    -11.20514  eV     1   --> A              
     e( 16 - 16) =    -10.01986  eV     1   --> A              
     e( 17 - 17) =     -9.87840  eV     1   --> A              
     e( 18 - 18) =     -9.30512  eV     1   --> A              
     e( 19 - 19) =     -8.22006  eV     1   --> A              
     e( 20 - 20) =     -7.63299  eV     1   --> A              
     e( 21 - 21) =     -6.11177  eV     1   --> A              
     e( 22 - 22) =     -4.60682  eV     1   --> A              
     e( 23 - 23) =     -3.42664  eV     1   --> A              
     e( 24 - 24) =     -2.88158  eV     1   --> A              
     e( 25 - 25) =     -2.28462  eV     1   --> A              
     e( 26 - 26) =     -0.62561  eV     1   --> A              
     e( 27 - 27) =     -0.18881  eV     1   --> A              
     e( 28 - 28) =      2.37326  eV     1   --> A              
     e( 29 - 29) =      2.89096  eV     1   --> A              
     e( 30 - 30) =      4.11606  eV     1   --> A              
     e( 31 - 31) =      4.40192  eV     1   --> A              
     e( 32 - 32) =      4.71895  eV     1   --> A              
     e( 33 - 33) =      5.08819  eV     1   --> A              
     e( 34 - 34) =      5.90886  eV     1   --> A              
     e( 35 - 35) =      6.07127  eV     1   --> A              

 **************************************************************************

 **************************************************************************

                    xk=(   0.37222,   0.50999,   0.00000  )

     Band symmetry, C_1 (1)     point group:

     e(  1 -  1) =    -77.84578  eV     1   --> A              
     e(  2 -  2) =    -49.37286  eV     1   --> A              
     e(  3 -  3) =    -49.27143  eV     1   --> A              
     e(  4 -  4) =    -49.03832  eV     1   --> A              
     e(  5 -  5) =    -21.70790  eV     1   --> A              
     e(  6 -  6) =    -21.69661  eV     1   --> A              
     e(  7 -  7) =    -20.47356  eV     1   --> A              
     e(  8 -  8) =    -19.97506  eV     1   --> A              
     e(  9 -  9) =    -15.10510  eV     1   --> A              
     e( 10 - 10) =    -14.88884  eV     1   --> A              
     e( 11 - 11) =    -13.62914  eV     1   --> A              
     e( 12 - 12) =    -13.50989  eV     1   --> A              
     e( 13 - 13) =    -11.73966  eV     1   --> A              
     e( 14 - 14) =    -11.52221  eV     1   --> A              
     e( 15 - 15) =    -11.23730  eV     1   --> A              
     e( 16 - 16) =     -9.99876  eV     1   --> A              
     e( 17 - 17) =     -9.85473  eV     1   --> A              
     e( 18 - 18) =     -9.28565  eV     1   --> A              
     e( 19 - 19) =     -8.22194  eV     1   --> A              
     e( 20 - 20) =     -7.63801  eV     1   --> A              
     e( 21 - 21) =     -6.12181  eV     1   --> A              
     e( 22 - 22) =     -4.59458  eV     1   --> A              
     e( 23 - 23) =     -3.44127  eV     1   --> A              
     e( 24 - 24) =     -2.87385  eV     1   --> A              
     e( 25 - 25) =     -2.29047  eV     1   --> A              
     e( 26 - 26) =     -0.64008  eV     1   --> A              
     e( 27 - 27) =     -0.20663  eV     1   --> A              
     e( 28 - 28) =      2.38798  eV     1   --> A              
     e( 29 - 29) =      2.91428  eV     1   --> A              
     e( 30 - 30) =      4.07466  eV     1   --> A              
     e( 31 - 31) =      4.39469  eV     1   --> A              
     e( 32 - 32) =      4.64155  eV     1   --> A              
     e( 33 - 33) =      5.08401  eV     1   --> A              
     e( 34 - 34) =      5.92861  eV     1   --> A              
     e( 35 - 35) =      6.10178  eV     1   --> A              

 **************************************************************************

 **************************************************************************

                    xk=(   0.37500,   0.50518,   0.00000  )

     Band symmetry, C_1 (1)     point group:

     e(  1 -  1) =    -77.84591  eV     1   --> A              
     e(  2 -  2) =    -49.37528  eV     1   --> A              
     e(  3 -  3) =    -49.26787  eV     1   --> A              
     e(  4 -  4) =    -49.03850  eV     1   --> A              
     e(  5 -  5) =    -21.71958  eV     1   --> A              
     e(  6 -  6) =    -21.70838  eV     1   --> A              
     e(  7 -  7) =    -20.47672  eV     1   --> A              
     e(  8 -  8) =    -19.97733  eV     1   --> A              
     e(  9 -  9) =    -15.13814  eV     1   --> A              
     e( 10 - 10) =    -14.92409  eV     1   --> A              
     e( 11 - 11) =    -13.56517  eV     1   --> A              
     e( 12 - 12) =    -13.44259  eV     1   --> A              
     e( 13 - 13) =    -11.74956  eV     1   --> A              
     e( 14 - 14) =    -11.51647  eV     1   --> A              
     e( 15 - 15) =    -11.26759  eV     1   --> A              
     e( 16 - 16) =     -9.99284  eV     1   --> A              
     e( 17 - 17) =     -9.81549  eV     1   --> A              
     e( 18 - 18) =     -9.26584  eV     1   --> A              
     e( 19 - 19) =     -8.22382  eV     1   --> A              
     e( 20 - 20) =     -7.64327  eV     1   --> A              
     e( 21 - 21) =     -6.13217  eV     1   --> A              
     e( 22 - 22) =     -4.58195  eV     1   --> A              
     e( 23 - 23) =     -3.45625  eV     1   --> A              
     e( 24 - 24) =     -2.86592  eV     1   --> A              
     e( 25 - 25) =     -2.29678  eV     1   --> A              
     e( 26 - 26) =     -0.65640  eV     1   --> A              
     e( 27 - 27) =     -0.22651  eV     1   --> A              
     e( 28 - 28) =      2.40461  eV     1   --> A              
     e( 29 - 29) =      2.93907  eV     1   --> A              
     e( 30 - 30) =      4.02737  eV     1   --> A              
     e( 31 - 31) =      4.38667  eV     1   --> A              
     e( 32 - 32) =      4.56723  eV     1   --> A              
     e( 33 - 33) =      5.08206  eV     1   --> A              
     e( 34 - 34) =      5.94677  eV     1   --> A              
     e( 35 - 35) =      6.13141  eV     1   --> A              

 **************************************************************************

 **************************************************************************

                    xk=(   0.37778,   0.50037,   0.00000  )

     Band symmetry, C_1 (1)     point group:

     e(  1 -  1) =    -77.84605  eV     1   --> A              
     e(  2 -  2) =    -49.37770  eV     1   --> A              
     e(  3 -  3) =    -49.26426  eV     1   --> A              
     e(  4 -  4) =    -49.03868  eV     1   --> A              
     e(  5 -  5) =    -21.73162  eV     1   --> A              
     e(  6 -  6) =    -21.72048  eV     1   --> A              
     e(  7 -  7) =    -20.48009  eV     1   --> A              
     e(  8 -  8) =    -19.97979  eV     1   --> A              
     e(  9 -  9) =    -15.17086  eV     1   --> A              
     e( 10 - 10) =    -14.95871  eV     1   --> A              
     e( 11 - 11) =    -13.50017  eV     1   --> A              
     e( 12 - 12) =    -13.37430  eV     1   --> A              
     e( 13 - 13) =    -11.75963  eV     1   --> A              
     e( 14 - 14) =    -11.51147  eV     1   --> A              
     e( 15 - 15) =    -11.29564  eV     1   --> A              
     e( 16 - 16) =     -9.99495  eV     1   --> A              
     e( 17 - 17) =     -9.76810  eV     1   --> A              
     e( 18 - 18) =     -9.24546  eV     1   --> A              
     e( 19 - 19) =     -8.22571  eV     1   --> A              
     e( 20 - 20) =     -7.64875  eV     1   --> A              
     e( 21 - 21) =     -6.14280  eV     1   --> A              
     e( 22 - 22) =     -4.56902  eV     1   --> A              
     e( 23 - 23) =     -3.47151  eV     1   --> A              
     e( 24 - 24) =     -2.85781  eV     1   --> A              
     e( 25 - 25) =     -2.30357  eV     1   --> A              
     e( 26 - 26) =     -0.67462  eV     1   --> A              
     e( 27 - 27) =     -0.24851  eV     1   --> A              
     e( 28 - 28) =      2.42305  eV     1   --> A              
     e( 29 - 29) =      2.96520  eV     1   --> A              
     e( 30 - 30) =      3.97559  eV     1   --> A              
     e( 31 - 31) =      4.37047  eV     1   --> A              
     e( 32 - 32) =      4.50304  eV     1   --> A              
     e( 33 - 33) =      5.08202  eV     1   --> A              
     e( 34 - 34) =      5.96318  eV     1   --> A              
     e( 35 - 35) =      6.16010  eV     1   --> A              

 **************************************************************************

 **************************************************************************

                    xk=(   0.38056,   0.49556,   0.00000  )

     Band symmetry, C_1 (1)     point group:

     e(  1 -  1) =    -77.84619  eV     1   --> A              
     e(  2 -  2) =    -49.38011  eV     1   --> A              
     e(  3 -  3) =    -49.26061  eV     1   --> A              
     e(  4 -  4) =    -49.03887  eV     1   --> A              
     e(  5 -  5) =    -21.74397  eV     1   --> A              
     e(  6 -  6) =    -21.73288  eV     1   --> A              
     e(  7 -  7) =    -20.48368  eV     1   --> A              
     e(  8 -  8) =    -19.98242  eV     1   --> A              
     e(  9 -  9) =    -15.20319  eV     1   --> A              
     e( 10 - 10) =    -14.99268  eV     1   --> A              
     e( 11 - 11) =    -13.43436  eV     1   --> A              
     e( 12 - 12) =    -13.30515  eV     1   --> A              
     e( 13 - 13) =    -11.76984  eV     1   --> A              
     e( 14 - 14) =    -11.50762  eV     1   --> A              
     e( 15 - 15) =    -11.32099  eV     1   --> A              
     e( 16 - 16) =    -10.00031  eV     1   --> A              
     e( 17 - 17) =     -9.71775  eV     1   --> A              
     e( 18 - 18) =     -9.22421  eV     1   --> A              
     e( 19 - 19) =     -8.22760  eV     1   --> A              
     e( 20 - 20) =     -7.65446  eV     1   --> A              
     e( 21 - 21) =     -6.15364  eV     1   --> A              
     e( 22 - 22) =     -4.55584  eV     1   --> A              
     e( 23 - 23) =     -3.48701  eV     1   --> A              
     e( 24 - 24) =     -2.84948  eV     1   --> A              
     e( 25 - 25) =     -2.31084  eV     1   --> A              
     e( 26 - 26) =     -0.69476  eV     1   --> A              
     e( 27 - 27) =     -0.27270  eV     1   --> A              
     e( 28 - 28) =      2.44315  eV     1   --> A              
     e( 29 - 29) =      2.99252  eV     1   --> A              
     e( 30 - 30) =      3.92060  eV     1   --> A              
     e( 31 - 31) =      4.33166  eV     1   --> A              
     e( 32 - 32) =      4.46318  eV     1   --> A              
     e( 33 - 33) =      5.08358  eV     1   --> A              
     e( 34 - 34) =      5.97766  eV     1   --> A              
     e( 35 - 35) =      6.18781  eV     1   --> A              

 **************************************************************************

 **************************************************************************

                    xk=(   0.38333,   0.49075,   0.00000  )

     Band symmetry, C_1 (1)     point group:

     e(  1 -  1) =    -77.84633  eV     1   --> A              
     e(  2 -  2) =    -49.38250  eV     1   --> A              
     e(  3 -  3) =    -49.25694  eV     1   --> A              
     e(  4 -  4) =    -49.03906  eV     1   --> A              
     e(  5 -  5) =    -21.75657  eV     1   --> A              
     e(  6 -  6) =    -21.74551  eV     1   --> A              
     e(  7 -  7) =    -20.48745  eV     1   --> A              
     e(  8 -  8) =    -19.98523  eV     1   --> A              
     e(  9 -  9) =    -15.23509  eV     1   --> A              
     e( 10 - 10) =    -15.02598  eV     1   --> A              
     e( 11 - 11) =    -13.36795  eV     1   --> A              
     e( 12 - 12) =    -13.23528  eV     1   --> A              
     e( 13 - 13) =    -11.78012  eV     1   --> A              
     e( 14 - 14) =    -11.50548  eV     1   --> A              
     e( 15 - 15) =    -11.34301  eV     1   --> A              
     e( 16 - 16) =    -10.00674  eV     1   --> A              
     e( 17 - 17) =     -9.66706  eV     1   --> A              
     e( 18 - 18) =     -9.20167  eV     1   --> A              
     e( 19 - 19) =     -8.22948  eV     1   --> A              
     e( 20 - 20) =     -7.66036  eV     1   --> A              
     e( 21 - 21) =     -6.16467  eV     1   --> A              
     e( 22 - 22) =     -4.54248  eV     1   --> A              
     e( 23 - 23) =     -3.50272  eV     1   --> A              
     e( 24 - 24) =     -2.84093  eV     1   --> A              
     e( 25 - 25) =     -2.31861  eV     1   --> A              
     e( 26 - 26) =     -0.71680  eV     1   --> A              
     e( 27 - 27) =     -0.29908  eV     1   --> A              
     e( 28 - 28) =      2.46469  eV     1   --> A              
     e( 29 - 29) =      3.02081  eV     1   --> A              
     e( 30 - 30) =      3.86359  eV     1   --> A              
     e( 31 - 31) =      4.26862  eV     1   --> A              
     e( 32 - 32) =      4.44922  eV     1   --> A              
     e( 33 - 33) =      5.08646  eV     1   --> A              
     e( 34 - 34) =      5.99010  eV     1   --> A              
     e( 35 - 35) =      6.21449  eV     1   --> A              

 **************************************************************************

 **************************************************************************

                    xk=(   0.38611,   0.48594,   0.00000  )

     Band symmetry, C_1 (1)     point group:

     e(  1 -  1) =    -77.84648  eV     1   --> A              
     e(  2 -  2) =    -49.38486  eV     1   --> A              
     e(  3 -  3) =    -49.25325  eV     1   --> A              
     e(  4 -  4) =    -49.03926  eV     1   --> A              
     e(  5 -  5) =    -21.76939  eV     1   --> A              
     e(  6 -  6) =    -21.75834  eV     1   --> A              
     e(  7 -  7) =    -20.49142  eV     1   --> A              
     e(  8 -  8) =    -19.98821  eV     1   --> A              
     e(  9 -  9) =    -15.26651  eV     1   --> A              
     e( 10 - 10) =    -15.05861  eV     1   --> A              
     e( 11 - 11) =    -13.30117  eV     1   --> A              
     e( 12 - 12) =    -13.16484  eV     1   --> A              
     e( 13 - 13) =    -11.79040  eV     1   --> A              
     e( 14 - 14) =    -11.50572  eV     1   --> A              
     e( 15 - 15) =    -11.36097  eV     1   --> A              
     e( 16 - 16) =    -10.01327  eV     1   --> A              
     e( 17 - 17) =     -9.61756  eV     1   --> A              
     e( 18 - 18) =     -9.17736  eV     1   --> A              
     e( 19 - 19) =     -8.23138  eV     1   --> A              
     e( 20 - 20) =     -7.66648  eV     1   --> A              
     e( 21 - 21) =     -6.17583  eV     1   --> A              
     e( 22 - 22) =     -4.52899  eV     1   --> A              
     e( 23 - 23) =     -3.51858  eV     1   --> A              
     e( 24 - 24) =     -2.83214  eV     1   --> A              
     e( 25 - 25) =     -2.32690  eV     1   --> A              
     e( 26 - 26) =     -0.74076  eV     1   --> A              
     e( 27 - 27) =     -0.32767  eV     1   --> A              
     e( 28 - 28) =      2.48731  eV     1   --> A              
     e( 29 - 29) =      3.04985  eV     1   --> A              
     e( 30 - 30) =      3.80566  eV     1   --> A              
     e( 31 - 31) =      4.19491  eV     1   --> A              
     e( 32 - 32) =      4.44770  eV     1   --> A              
     e( 33 - 33) =      5.09042  eV     1   --> A              
     e( 34 - 34) =      6.00038  eV     1   --> A              
     e( 35 - 35) =      6.24007  eV     1   --> A              

 **************************************************************************

 **************************************************************************

                    xk=(   0.38889,   0.48113,   0.00000  )

     Band symmetry, C_1 (1)     point group:

     e(  1 -  1) =    -77.84664  eV     1   --> A              
     e(  2 -  2) =    -49.38721  eV     1   --> A              
     e(  3 -  3) =    -49.24955  eV     1   --> A              
     e(  4 -  4) =    -49.03947  eV     1   --> A              
     e(  5 -  5) =    -21.78237  eV     1   --> A              
     e(  6 -  6) =    -21.77133  eV     1   --> A              
     e(  7 -  7) =    -20.49555  eV     1   --> A              
     e(  8 -  8) =    -19.99135  eV     1   --> A              
     e(  9 -  9) =    -15.29741  eV     1   --> A              
     e( 10 - 10) =    -15.09055  eV     1   --> A              
     e( 11 - 11) =    -13.23427  eV     1   --> A              
     e( 12 - 12) =    -13.09398  eV     1   --> A              
     e( 13 - 13) =    -11.80055  eV     1   --> A              
     e( 14 - 14) =    -11.50892  eV     1   --> A              
     e( 15 - 15) =    -11.37420  eV     1   --> A              
     e( 16 - 16) =    -10.01940  eV     1   --> A              
     e( 17 - 17) =     -9.57033  eV     1   --> A              
     e( 18 - 18) =     -9.15069  eV     1   --> A              
     e( 19 - 19) =     -8.23328  eV     1   --> A              
     e( 20 - 20) =     -7.67278  eV     1   --> A              
     e( 21 - 21) =     -6.18709  eV     1   --> A              
     e( 22 - 22) =     -4.51543  eV     1   --> A              
     e( 23 - 23) =     -3.53458  eV     1   --> A              
     e( 24 - 24) =     -2.82306  eV     1   --> A              
     e( 25 - 25) =     -2.33572  eV     1   --> A              
     e( 26 - 26) =     -0.76661  eV     1   --> A              
     e( 27 - 27) =     -0.35843  eV     1   --> A              
     e( 28 - 28) =      2.51054  eV     1   --> A              
     e( 29 - 29) =      3.07935  eV     1   --> A              
     e( 30 - 30) =      3.74789  eV     1   --> A              
     e( 31 - 31) =      4.11804  eV     1   --> A              
     e( 32 - 32) =      4.45137  eV     1   --> A              
     e( 33 - 33) =      5.09524  eV     1   --> A              
     e( 34 - 34) =      6.00843  eV     1   --> A              
     e( 35 - 35) =      6.26456  eV     1   --> A              

 **************************************************************************

 **************************************************************************

                    xk=(   0.39167,   0.47631,   0.00000  )

     Band symmetry, C_1 (1)     point group:

     e(  1 -  1) =    -77.84679  eV     1   --> A              
     e(  2 -  2) =    -49.38952  eV     1   --> A              
     e(  3 -  3) =    -49.24585  eV     1   --> A              
     e(  4 -  4) =    -49.03968  eV     1   --> A              
     e(  5 -  5) =    -21.79547  eV     1   --> A              
     e(  6 -  6) =    -21.78442  eV     1   --> A              
     e(  7 -  7) =    -20.49984  eV     1   --> A              
     e(  8 -  8) =    -19.99463  eV     1   --> A              
     e(  9 -  9) =    -15.32776  eV     1   --> A              
     e( 10 - 10) =    -15.12179  eV     1   --> A              
     e( 11 - 11) =    -13.16751  eV     1   --> A              
     e( 12 - 12) =    -13.02288  eV     1   --> A              
     e( 13 - 13) =    -11.81045  eV     1   --> A              
     e( 14 - 14) =    -11.51521  eV     1   --> A              
     e( 15 - 15) =    -11.38250  eV     1   --> A              
     e( 16 - 16) =    -10.02489  eV     1   --> A              
     e( 17 - 17) =     -9.52630  eV     1   --> A              
     e( 18 - 18) =     -9.12108  eV     1   --> A              
     e( 19 - 19) =     -8.23518  eV     1   --> A              
     e( 20 - 20) =     -7.67926  eV     1   --> A              
     e( 21 - 21) =     -6.19842  eV     1   --> A              
     e( 22 - 22) =     -4.50186  eV     1   --> A              
     e( 23 - 23) =     -3.55067  eV     1   --> A              
     e( 24 - 24) =     -2.81369  eV     1   --> A              
     e( 25 - 25) =     -2.34510  eV     1   --> A              
     e( 26 - 26) =     -0.79431  eV     1   --> A              
     e( 27 - 27) =     -0.39133  eV     1   --> A              
     e( 28 - 28) =      2.53374  eV     1   --> A              
     e( 29 - 29) =      3.10893  eV     1   --> A              
     e( 30 - 30) =      3.69136  eV     1   --> A              
     e( 31 - 31) =      4.04086  eV     1   --> A              
     e( 32 - 32) =      4.45777  eV     1   --> A              
     e( 33 - 33) =      5.10073  eV     1   --> A              
     e( 34 - 34) =      6.01421  eV     1   --> A              
     e( 35 - 35) =      6.28789  eV     1   --> A              

 **************************************************************************

 **************************************************************************

                    xk=(   0.39444,   0.47150,   0.00000  )

     Band symmetry, C_1 (1)     point group:

     e(  1 -  1) =    -77.84695  eV     1   --> A              
     e(  2 -  2) =    -49.39180  eV     1   --> A              
     e(  3 -  3) =    -49.24215  eV     1   --> A              
     e(  4 -  4) =    -49.03989  eV     1   --> A              
     e(  5 -  5) =    -21.80866  eV     1   --> A              
     e(  6 -  6) =    -21.79759  eV     1   --> A              
     e(  7 -  7) =    -20.50429  eV     1   --> A              
     e(  8 -  8) =    -19.99805  eV     1   --> A              
     e(  9 -  9) =    -15.35753  eV     1   --> A              
     e( 10 - 10) =    -15.15232  eV     1   --> A              
     e( 11 - 11) =    -13.10118  eV     1   --> A              
     e( 12 - 12) =    -12.95174  eV     1   --> A              
     e( 13 - 13) =    -11.81987  eV     1   --> A              
     e( 14 - 14) =    -11.52405  eV     1   --> A              
     e( 15 - 15) =    -11.38635  eV     1   --> A              
     e( 16 - 16) =    -10.02957  eV     1   --> A              
     e( 17 - 17) =     -9.48619  eV     1   --> A              
     e( 18 - 18) =     -9.08800  eV     1   --> A              
     e( 19 - 19) =     -8.23710  eV     1   --> A              
     e( 20 - 20) =     -7.68591  eV     1   --> A              
     e( 21 - 21) =     -6.20979  eV     1   --> A              
     e( 22 - 22) =     -4.48833  eV     1   --> A              
     e( 23 - 23) =     -3.56684  eV     1   --> A              
     e( 24 - 24) =     -2.80400  eV     1   --> A              
     e( 25 - 25) =     -2.35506  eV     1   --> A              
     e( 26 - 26) =     -0.82382  eV     1   --> A              
     e( 27 - 27) =     -0.42627  eV     1   --> A              
     e( 28 - 28) =      2.55609  eV     1   --> A              
     e( 29 - 29) =      3.13809  eV     1   --> A              
     e( 30 - 30) =      3.63727  eV     1   --> A              
     e( 31 - 31) =      3.96486  eV     1   --> A              
     e( 32 - 32) =      4.46599  eV     1   --> A              
     e( 33 - 33) =      5.10671  eV     1   --> A              
     e( 34 - 34) =      6.01769  eV     1   --> A              
     e( 35 - 35) =      6.31003  eV     1   --> A              

 **************************************************************************

 **************************************************************************

                    xk=(   0.39722,   0.46669,   0.00000  )

     Band symmetry, C_1 (1)     point group:

     e(  1 -  1) =    -77.84711  eV     1   --> A              
     e(  2 -  2) =    -49.39405  eV     1   --> A              
     e(  3 -  3) =    -49.23847  eV     1   --> A              
     e(  4 -  4) =    -49.04011  eV     1   --> A              
     e(  5 -  5) =    -21.82190  eV     1   --> A              
     e(  6 -  6) =    -21.81078  eV     1   --> A              
     e(  7 -  7) =    -20.50886  eV     1   --> A              
     e(  8 -  8) =    -20.00160  eV     1   --> A              
     e(  9 -  9) =    -15.38669  eV     1   --> A              
     e( 10 - 10) =    -15.18214  eV     1   --> A              
     e( 11 - 11) =    -13.03563  eV     1   --> A              
     e( 12 - 12) =    -12.88078  eV     1   --> A              
     e( 13 - 13) =    -11.82856  eV     1   --> A              
     e( 14 - 14) =    -11.53440  eV     1   --> A              
     e( 15 - 15) =    -11.38671  eV     1   --> A              
     e( 16 - 16) =    -10.03336  eV     1   --> A              
     e( 17 - 17) =     -9.45049  eV     1   --> A              
     e( 18 - 18) =     -9.05110  eV     1   --> A              
     e( 19 - 19) =     -8.23904  eV     1   --> A              
     e( 20 - 20) =     -7.69274  eV     1   --> A              
     e( 21 - 21) =     -6.22119  eV     1   --> A              
     e( 22 - 22) =     -4.47487  eV     1   --> A              
     e( 23 - 23) =     -3.58305  eV     1   --> A              
     e( 24 - 24) =     -2.79397  eV     1   --> A              
     e( 25 - 25) =     -2.36562  eV     1   --> A              
     e( 26 - 26) =     -0.85511  eV     1   --> A              
     e( 27 - 27) =     -0.46317  eV     1   --> A              
     e( 28 - 28) =      2.57653  eV     1   --> A              
     e( 29 - 29) =      3.16612  eV     1   --> A              
     e( 30 - 30) =      3.58690  eV     1   --> A              
     e( 31 - 31) =      3.89119  eV     1   --> A              
     e( 32 - 32) =      4.47569  eV     1   --> A              
     e( 33 - 33) =      5.11305  eV     1   --> A              
     e( 34 - 34) =      6.01890  eV     1   --> A              
     e( 35 - 35) =      6.33094  eV     1   --> A              

 **************************************************************************

 **************************************************************************

                    xk=(   0.40000,   0.46188,   0.00000  )

     Band symmetry, C_1 (1)     point group:

     e(  1 -  1) =    -77.84728  eV     1   --> A              
     e(  2 -  2) =    -49.39625  eV     1   --> A              
     e(  3 -  3) =    -49.23481  eV     1   --> A              
     e(  4 -  4) =    -49.04033  eV     1   --> A              
     e(  5 -  5) =    -21.83514  eV     1   --> A              
     e(  6 -  6) =    -21.82398  eV     1   --> A              
     e(  7 -  7) =    -20.51355  eV     1   --> A              
     e(  8 -  8) =    -20.00526  eV     1   --> A              
     e(  9 -  9) =    -15.41523  eV     1   --> A              
     e( 10 - 10) =    -15.21124  eV     1   --> A              
     e( 11 - 11) =    -12.97124  eV     1   --> A              
     e( 12 - 12) =    -12.81027  eV     1   --> A              
     e( 13 - 13) =    -11.83618  eV     1   --> A              
     e( 14 - 14) =    -11.54516  eV     1   --> A              
     e( 15 - 15) =    -11.38459  eV     1   --> A              
     e( 16 - 16) =    -10.03619  eV     1   --> A              
     e( 17 - 17) =     -9.41934  eV     1   --> A              
     e( 18 - 18) =     -9.01034  eV     1   --> A              
     e( 19 - 19) =     -8.24099  eV     1   --> A              
     e( 20 - 20) =     -7.69973  eV     1   --> A              
     e( 21 - 21) =     -6.23258  eV     1   --> A              
     e( 22 - 22) =     -4.46153  eV     1   --> A              
     e( 23 - 23) =     -3.59928  eV     1   --> A              
     e( 24 - 24) =     -2.78360  eV     1   --> A              
     e( 25 - 25) =     -2.37678  eV     1   --> A              
     e( 26 - 26) =     -0.88811  eV     1   --> A              
     e( 27 - 27) =     -0.50188  eV     1   --> A              
     e( 28 - 28) =      2.59379  eV     1   --> A              
     e( 29 - 29) =      3.19203  eV     1   --> A              
     e( 30 - 30) =      3.54167  eV     1   --> A              
     e( 31 - 31) =      3.82114  eV     1   --> A              
     e( 32 - 32) =      4.48672  eV     1   --> A              
     e( 33 - 33) =      5.11962  eV     1   --> A              
     e( 34 - 34) =      6.01788  eV     1   --> A              
     e( 35 - 35) =      6.35061  eV     1   --> A              

 **************************************************************************

 **************************************************************************

                    xk=(   0.40278,   0.45707,   0.00000  )

     Band symmetry, C_1 (1)     point group:

     e(  1 -  1) =    -77.84744  eV     1   --> A              
     e(  2 -  2) =    -49.39842  eV     1   --> A              
     e(  3 -  3) =    -49.23118  eV     1   --> A              
     e(  4 -  4) =    -49.04055  eV     1   --> A              
     e(  5 -  5) =    -21.84836  eV     1   --> A              
     e(  6 -  6) =    -21.83714  eV     1   --> A              
     e(  7 -  7) =    -20.51834  eV     1   --> A              
     e(  8 -  8) =    -20.00903  eV     1   --> A              
     e(  9 -  9) =    -15.44312  eV     1   --> A              
     e( 10 - 10) =    -15.23961  eV     1   --> A              
     e( 11 - 11) =    -12.90845  eV     1   --> A              
     e( 12 - 12) =    -12.74050  eV     1   --> A              
     e( 13 - 13) =    -11.84230  eV     1   --> A              
     e( 14 - 14) =    -11.55544  eV     1   --> A              
     e( 15 - 15) =    -11.38077  eV     1   --> A              
     e( 16 - 16) =    -10.03803  eV     1   --> A              
     e( 17 - 17) =     -9.39263  eV     1   --> A              
     e( 18 - 18) =     -8.96596  eV     1   --> A              
     e( 19 - 19) =     -8.24295  eV     1   --> A              
     e( 20 - 20) =     -7.70688  eV     1   --> A              
     e( 21 - 21) =     -6.24396  eV     1   --> A              
     e( 22 - 22) =     -4.44836  eV     1   --> A              
     e( 23 - 23) =     -3.61550  eV     1   --> A              
     e( 24 - 24) =     -2.77287  eV     1   --> A              
     e( 25 - 25) =     -2.38857  eV     1   --> A              
     e( 26 - 26) =     -0.92278  eV     1   --> A              
     e( 27 - 27) =     -0.54227  eV     1   --> A              
     e( 28 - 28) =      2.60642  eV     1   --> A              
     e( 29 - 29) =      3.21431  eV     1   --> A              
     e( 30 - 30) =      3.50304  eV     1   --> A              
     e( 31 - 31) =      3.75645  eV     1   --> A              
     e( 32 - 32) =      4.49908  eV     1   --> A              
     e( 33 - 33) =      5.12633  eV     1   --> A              
     e( 34 - 34) =      6.01473  eV     1   --> A              
     e( 35 - 35) =      6.36901  eV     1   --> A              

 **************************************************************************

 **************************************************************************

                    xk=(   0.40556,   0.45226,   0.00000  )

     Band symmetry, C_1 (1)     point group:

     e(  1 -  1) =    -77.84761  eV     1   --> A              
     e(  2 -  2) =    -49.40055  eV     1   --> A              
     e(  3 -  3) =    -49.22757  eV     1   --> A              
     e(  4 -  4) =    -49.04077  eV     1   --> A              
     e(  5 -  5) =    -21.86152  eV     1   --> A              
     e(  6 -  6) =    -21.85023  eV     1   --> A              
     e(  7 -  7) =    -20.52321  eV     1   --> A              
     e(  8 -  8) =    -20.01288  eV     1   --> A              
     e(  9 -  9) =    -15.47036  eV     1   --> A              
     e( 10 - 10) =    -15.26725  eV     1   --> A              
     e( 11 - 11) =    -12.84777  eV     1   --> A              
     e( 12 - 12) =    -12.67182  eV     1   --> A              
     e( 13 - 13) =    -11.84639  eV     1   --> A              
     e( 14 - 14) =    -11.56459  eV     1   --> A              
     e( 15 - 15) =    -11.37581  eV     1   --> A              
     e( 16 - 16) =    -10.03888  eV     1   --> A              
     e( 17 - 17) =     -9.36994  eV     1   --> A              
     e( 18 - 18) =     -8.91844  eV     1   --> A              
     e( 19 - 19) =     -8.24491  eV     1   --> A              
     e( 20 - 20) =     -7.71416  eV     1   --> A              
     e( 21 - 21) =     -6.25531  eV     1   --> A              
     e( 22 - 22) =     -4.43539  eV     1   --> A              
     e( 23 - 23) =     -3.63170  eV     1   --> A              
     e( 24 - 24) =     -2.76181  eV     1   --> A              
     e( 25 - 25) =     -2.40098  eV     1   --> A              
     e( 26 - 26) =     -0.95906  eV     1   --> A              
     e( 27 - 27) =     -0.58414  eV     1   --> A              
     e( 28 - 28) =      2.61290  eV     1   --> A              
     e( 29 - 29) =      3.23073  eV     1   --> A              
     e( 30 - 30) =      3.47231  eV     1   --> A              
     e( 31 - 31) =      3.69973  eV     1   --> A              
     e( 32 - 32) =      4.51280  eV     1   --> A              
     e( 33 - 33) =      5.13308  eV     1   --> A              
     e( 34 - 34) =      6.00955  eV     1   --> A              
     e( 35 - 35) =      6.38611  eV     1   --> A              

 **************************************************************************

 **************************************************************************

                    xk=(   0.40833,   0.44745,   0.00000  )

     Band symmetry, C_1 (1)     point group:

     e(  1 -  1) =    -77.84777  eV     1   --> A              
     e(  2 -  2) =    -49.40263  eV     1   --> A              
     e(  3 -  3) =    -49.22400  eV     1   --> A              
     e(  4 -  4) =    -49.04100  eV     1   --> A              
     e(  5 -  5) =    -21.87458  eV     1   --> A              
     e(  6 -  6) =    -21.86323  eV     1   --> A              
     e(  7 -  7) =    -20.52816  eV     1   --> A              
     e(  8 -  8) =    -20.01681  eV     1   --> A              
     e(  9 -  9) =    -15.49692  eV     1   --> A              
     e( 10 - 10) =    -15.29414  eV     1   --> A              
     e( 11 - 11) =    -12.78981  eV     1   --> A              
     e( 12 - 12) =    -12.60466  eV     1   --> A              
     e( 13 - 13) =    -11.84781  eV     1   --> A              
     e( 14 - 14) =    -11.57213  eV     1   --> A              
     e( 15 - 15) =    -11.37004  eV     1   --> A              
     e( 16 - 16) =    -10.03874  eV     1   --> A              
     e( 17 - 17) =     -9.35077  eV     1   --> A              
     e( 18 - 18) =     -8.86840  eV     1   --> A              
     e( 19 - 19) =     -8.24686  eV     1   --> A              
     e( 20 - 20) =     -7.72159  eV     1   --> A              
     e( 21 - 21) =     -6.26662  eV     1   --> A              
     e( 22 - 22) =     -4.42266  eV     1   --> A              
     e( 23 - 23) =     -3.64785  eV     1   --> A              
     e( 24 - 24) =     -2.75043  eV     1   --> A              
     e( 25 - 25) =     -2.41402  eV     1   --> A              
     e( 26 - 26) =     -0.99689  eV     1   --> A              
     e( 27 - 27) =     -0.62731  eV     1   --> A              
     e( 28 - 28) =      2.61189  eV     1   --> A              
     e( 29 - 29) =      3.23818  eV     1   --> A              
     e( 30 - 30) =      3.45030  eV     1   --> A              
     e( 31 - 31) =      3.65464  eV     1   --> A              
     e( 32 - 32) =      4.52797  eV     1   --> A              
     e( 33 - 33) =      5.13983  eV     1   --> A              
     e( 34 - 34) =      6.00246  eV     1   --> A              
     e( 35 - 35) =      6.40190  eV     1   --> A              

 **************************************************************************

 **************************************************************************

                    xk=(   0.41111,   0.44264,   0.00000  )

     Band symmetry, C_1 (1)     point group:

     e(  1 -  1) =    -77.84794  eV     1   --> A              
     e(  2 -  2) =    -49.40467  eV     1   --> A              
     e(  3 -  3) =    -49.22048  eV     1   --> A              
     e(  4 -  4) =    -49.04122  eV     1   --> A              
     e(  5 -  5) =    -21.88753  eV     1   --> A              
     e(  6 -  6) =    -21.87610  eV     1   --> A              
     e(  7 -  7) =    -20.53315  eV     1   --> A              
     e(  8 -  8) =    -20.02080  eV     1   --> A              
     e(  9 -  9) =    -15.52279  eV     1   --> A              
     e( 10 - 10) =    -15.32029  eV     1   --> A              
     e( 11 - 11) =    -12.73521  eV     1   --> A              
     e( 12 - 12) =    -12.53947  eV     1   --> A              
     e( 13 - 13) =    -11.84583  eV     1   --> A              
     e( 14 - 14) =    -11.57769  eV     1   --> A              
     e( 15 - 15) =    -11.36363  eV     1   --> A              
     e( 16 - 16) =    -10.03762  eV     1   --> A              
     e( 17 - 17) =     -9.33455  eV     1   --> A              
     e( 18 - 18) =     -8.81647  eV     1   --> A              
     e( 19 - 19) =     -8.24878  eV     1   --> A              
     e( 20 - 20) =     -7.72912  eV     1   --> A              
     e( 21 - 21) =     -6.27788  eV     1   --> A              
     e( 22 - 22) =     -4.41019  eV     1   --> A              
     e( 23 - 23) =     -3.66393  eV     1   --> A              
     e( 24 - 24) =     -2.73878  eV     1   --> A              
     e( 25 - 25) =     -2.42766  eV     1   --> A              
     e( 26 - 26) =     -1.03619  eV     1   --> A              
     e( 27 - 27) =     -0.67156  eV     1   --> A              
     e( 28 - 28) =      2.60253  eV     1   --> A              
     e( 29 - 29) =      3.23317  eV     1   --> A              
     e( 30 - 30) =      3.43727  eV     1   --> A              
     e( 31 - 31) =      3.62527  eV     1   --> A              
     e( 32 - 32) =      4.54468  eV     1   --> A              
     e( 33 - 33) =      5.14654  eV     1   --> A              
     e( 34 - 34) =      5.99363  eV     1   --> A              
     e( 35 - 35) =      6.41639  eV     1   --> A              

 **************************************************************************

 **************************************************************************

                    xk=(   0.41389,   0.43782,   0.00000  )

     Band symmetry, C_1 (1)     point group:

     e(  1 -  1) =    -77.84811  eV     1   --> A              
     e(  2 -  2) =    -49.40666  eV     1   --> A              
     e(  3 -  3) =    -49.21700  eV     1   --> A              
     e(  4 -  4) =    -49.04144  eV     1   --> A              
     e(  5 -  5) =    -21.90033  eV     1   --> A              
     e(  6 -  6) =    -21.88881  eV     1   --> A              
     e(  7 -  7) =    -20.53819  eV     1   --> A              
     e(  8 -  8) =    -20.02484  eV     1   --> A              
     e(  9 -  9) =    -15.54796  eV     1   --> A              
     e( 10 - 10) =    -15.34568  eV     1   --> A              
     e( 11 - 11) =    -12.68473  eV     1   --> A              
     e( 12 - 12) =    -12.47680  eV     1   --> A              
     e( 13 - 13) =    -11.83964  eV     1   --> A              
     e( 14 - 14) =    -11.58096  eV     1   --> A              
     e( 15 - 15) =    -11.35668  eV     1   --> A              
     e( 16 - 16) =    -10.03554  eV     1   --> A              
     e( 17 - 17) =     -9.32076  eV     1   --> A              
     e( 18 - 18) =     -8.76329  eV     1   --> A              
     e( 19 - 19) =     -8.25061  eV     1   --> A              
     e( 20 - 20) =     -7.73674  eV     1   --> A              
     e( 21 - 21) =     -6.28910  eV     1   --> A              
     e( 22 - 22) =     -4.39802  eV     1   --> A              
     e( 23 - 23) =     -3.67991  eV     1   --> A              
     e( 24 - 24) =     -2.72694  eV     1   --> A              
     e( 25 - 25) =     -2.44185  eV     1   --> A              
     e( 26 - 26) =     -1.07690  eV     1   --> A              
     e( 27 - 27) =     -0.71666  eV     1   --> A              
     e( 28 - 28) =      2.58468  eV     1   --> A              
     e( 29 - 29) =      3.21340  eV     1   --> A              
     e( 30 - 30) =      3.43332  eV     1   --> A              
     e( 31 - 31) =      3.61391  eV     1   --> A              
     e( 32 - 32) =      4.56304  eV     1   --> A              
     e( 33 - 33) =      5.15318  eV     1   --> A              
     e( 34 - 34) =      5.98320  eV     1   --> A              
     e( 35 - 35) =      6.42955  eV     1   --> A              

 **************************************************************************

 **************************************************************************

                    xk=(   0.41667,   0.43301,   0.00000  )

     Band symmetry, C_1 (1)     point group:

     e(  1 -  1) =    -77.84827  eV     1   --> A              
     e(  2 -  2) =    -49.40860  eV     1   --> A              
     e(  3 -  3) =    -49.21358  eV     1   --> A              
     e(  4 -  4) =    -49.04167  eV     1   --> A              
     e(  5 -  5) =    -21.91295  eV     1   --> A              
     e(  6 -  6) =    -21.90134  eV     1   --> A              
     e(  7 -  7) =    -20.54325  eV     1   --> A              
     e(  8 -  8) =    -20.02891  eV     1   --> A              
     e(  9 -  9) =    -15.57241  eV     1   --> A              
     e( 10 - 10) =    -15.37032  eV     1   --> A              
     e( 11 - 11) =    -12.63910  eV     1   --> A              
     e( 12 - 12) =    -12.41722  eV     1   --> A              
     e( 13 - 13) =    -11.82842  eV     1   --> A              
     e( 14 - 14) =    -11.58164  eV     1   --> A              
     e( 15 - 15) =    -11.34917  eV     1   --> A              
     e( 16 - 16) =    -10.03255  eV     1   --> A              
     e( 17 - 17) =     -9.30896  eV     1   --> A              
     e( 18 - 18) =     -8.70945  eV     1   --> A              
     e( 19 - 19) =     -8.25229  eV     1   --> A              
     e( 20 - 20) =     -7.74442  eV     1   --> A              
     e( 21 - 21) =     -6.30026  eV     1   --> A              
     e( 22 - 22) =     -4.38616  eV     1   --> A              
     e( 23 - 23) =     -3.69577  eV     1   --> A              
     e( 24 - 24) =     -2.71501  eV     1   --> A              
     e( 25 - 25) =     -2.45651  eV     1   --> A              
     e( 26 - 26) =     -1.11893  eV     1   --> A              
     e( 27 - 27) =     -0.76236  eV     1   --> A              
     e( 28 - 28) =      2.55891  eV     1   --> A              
     e( 29 - 29) =      3.17987  eV     1   --> A              
     e( 30 - 30) =      3.43818  eV     1   --> A              
     e( 31 - 31) =      3.61914  eV     1   --> A              
     e( 32 - 32) =      4.58314  eV     1   --> A              
     e( 33 - 33) =      5.15975  eV     1   --> A              
     e( 34 - 34) =      5.97137  eV     1   --> A              
     e( 35 - 35) =      6.44141  eV     1   --> A              

 **************************************************************************

 **************************************************************************

                    xk=(   0.41944,   0.42820,   0.00000  )

     Band symmetry, C_1 (1)     point group:

     e(  1 -  1) =    -77.84844  eV     1   --> A              
     e(  2 -  2) =    -49.41049  eV     1   --> A              
     e(  3 -  3) =    -49.21022  eV     1   --> A              
     e(  4 -  4) =    -49.04189  eV     1   --> A              
     e(  5 -  5) =    -21.92536  eV     1   --> A              
     e(  6 -  6) =    -21.91367  eV     1   --> A              
     e(  7 -  7) =    -20.54831  eV     1   --> A              
     e(  8 -  8) =    -20.03301  eV     1   --> A              
     e(  9 -  9) =    -15.59614  eV     1   --> A              
     e( 10 - 10) =    -15.39419  eV     1   --> A              
     e( 11 - 11) =    -12.59902  eV     1   --> A              
     e( 12 - 12) =    -12.36131  eV     1   --> A              
     e( 13 - 13) =    -11.81150  eV     1   --> A              
     e( 14 - 14) =    -11.57948  eV     1   --> A              
     e( 15 - 15) =    -11.34101  eV     1   --> A              
     e( 16 - 16) =    -10.02869  eV     1   --> A              
     e( 17 - 17) =     -9.29876  eV     1   --> A              
     e( 18 - 18) =     -8.65552  eV     1   --> A              
     e( 19 - 19) =     -8.25369  eV     1   --> A              
     e( 20 - 20) =     -7.75212  eV     1   --> A              
     e( 21 - 21) =     -6.31137  eV     1   --> A              
     e( 22 - 22) =     -4.37466  eV     1   --> A              
     e( 23 - 23) =     -3.71148  eV     1   --> A              
     e( 24 - 24) =     -2.70318  eV     1   --> A              
     e( 25 - 25) =     -2.47150  eV     1   --> A              
     e( 26 - 26) =     -1.16220  eV     1   --> A              
     e( 27 - 27) =     -0.80842  eV     1   --> A              
     e( 28 - 28) =      2.52637  eV     1   --> A              
     e( 29 - 29) =      3.13629  eV     1   --> A              
     e( 30 - 30) =      3.45061  eV     1   --> A              
     e( 31 - 31) =      3.63725  eV     1   --> A              
     e( 32 - 32) =      4.60508  eV     1   --> A              
     e( 33 - 33) =      5.16628  eV     1   --> A              
     e( 34 - 34) =      5.95831  eV     1   --> A              
     e( 35 - 35) =      6.45196  eV     1   --> A              

 **************************************************************************

 **************************************************************************

                    xk=(   0.42222,   0.42339,   0.00000  )

     Band symmetry, C_1 (1)     point group:

     e(  1 -  1) =    -77.84860  eV     1   --> A              
     e(  2 -  2) =    -49.41232  eV     1   --> A              
     e(  3 -  3) =    -49.20692  eV     1   --> A              
     e(  4 -  4) =    -49.04211  eV     1   --> A              
     e(  5 -  5) =    -21.93755  eV     1   --> A              
     e(  6 -  6) =    -21.92577  eV     1   --> A              
     e(  7 -  7) =    -20.55336  eV     1   --> A              
     e(  8 -  8) =    -20.03711  eV     1   --> A              
     e(  9 -  9) =    -15.61915  eV     1   --> A              
     e( 10 - 10) =    -15.41730  eV     1   --> A              
     e( 11 - 11) =    -12.56501  eV     1   --> A              
     e( 12 - 12) =    -12.30962  eV     1   --> A              
     e( 13 - 13) =    -11.78848  eV     1   --> A              
     e( 14 - 14) =    -11.57418  eV     1   --> A              
     e( 15 - 15) =    -11.33206  eV     1   --> A              
     e( 16 - 16) =    -10.02401  eV     1   --> A              
     e( 17 - 17) =     -9.28986  eV     1   --> A              
     e( 18 - 18) =     -8.60208  eV     1   --> A              
     e( 19 - 19) =     -8.25464  eV     1   --> A              
     e( 20 - 20) =     -7.75980  eV     1   --> A              
     e( 21 - 21) =     -6.32244  eV     1   --> A              
     e( 22 - 22) =     -4.36352  eV     1   --> A              
     e( 23 - 23) =     -3.72703  eV     1   --> A              
     e( 24 - 24) =     -2.69172  eV     1   --> A              
     e( 25 - 25) =     -2.48658  eV     1   --> A              
     e( 26 - 26) =     -1.20660  eV     1   --> A              
     e( 27 - 27) =     -0.85458  eV     1   --> A              
     e( 28 - 28) =      2.48842  eV     1   --> A              
     e( 29 - 29) =      3.08666  eV     1   --> A              
     e( 30 - 30) =      3.46858  eV     1   --> A              
     e( 31 - 31) =      3.66471  eV     1   --> A              
     e( 32 - 32) =      4.62891  eV     1   --> A              
     e( 33 - 33) =      5.17278  eV     1   --> A              
     e( 34 - 34) =      5.94420  eV     1   --> A              
     e( 35 - 35) =      6.46122  eV     1   --> A              

 **************************************************************************

 **************************************************************************

                    xk=(   0.42500,   0.41858,   0.00000  )

     Band symmetry, C_1 (1)     point group:

     e(  1 -  1) =    -77.84876  eV     1   --> A              
     e(  2 -  2) =    -49.41411  eV     1   --> A              
     e(  3 -  3) =    -49.20370  eV     1   --> A              
     e(  4 -  4) =    -49.04232  eV     1   --> A              
     e(  5 -  5) =    -21.94950  eV     1   --> A              
     e(  6 -  6) =    -21.93762  eV     1   --> A              
     e(  7 -  7) =    -20.55839  eV     1   --> A              
     e(  8 -  8) =    -20.04121  eV     1   --> A              
     e(  9 -  9) =    -15.64141  eV     1   --> A              
     e( 10 - 10) =    -15.43963  eV     1   --> A              
     e( 11 - 11) =    -12.53733  eV     1   --> A              
     e( 12 - 12) =    -12.26259  eV     1   --> A              
     e( 13 - 13) =    -11.75939  eV     1   --> A              
     e( 14 - 14) =    -11.56548  eV     1   --> A              
     e( 15 - 15) =    -11.32208  eV     1   --> A              
     e( 16 - 16) =    -10.01858  eV     1   --> A              
     e( 17 - 17) =     -9.28200  eV     1   --> A              
     e( 18 - 18) =     -8.54980  eV     1   --> A              
     e( 19 - 19) =     -8.25480  eV     1   --> A              
     e( 20 - 20) =     -7.76737  eV     1   --> A              
     e( 21 - 21) =     -6.33347  eV     1   --> A              
     e( 22 - 22) =     -4.35276  eV     1   --> A              
     e( 23 - 23) =     -3.74239  eV     1   --> A              
     e( 24 - 24) =     -2.68107  eV     1   --> A              
     e( 25 - 25) =     -2.50136  eV     1   --> A              
     e( 26 - 26) =     -1.25203  eV     1   --> A              
     e( 27 - 27) =     -0.90060  eV     1   --> A              
     e( 28 - 28) =      2.44644  eV     1   --> A              
     e( 29 - 29) =      3.03399  eV     1   --> A              
     e( 30 - 30) =      3.48997  eV     1   --> A              
     e( 31 - 31) =      3.69909  eV     1   --> A              
     e( 32 - 32) =      4.65467  eV     1   --> A              
     e( 33 - 33) =      5.17931  eV     1   --> A              
     e( 34 - 34) =      5.92922  eV     1   --> A              
     e( 35 - 35) =      6.46920  eV     1   --> A              

 **************************************************************************

 **************************************************************************

                    xk=(   0.42778,   0.41377,   0.00000  )

     Band symmetry, C_1 (1)     point group:

     e(  1 -  1) =    -77.84892  eV     1   --> A              
     e(  2 -  2) =    -49.41583  eV     1   --> A              
     e(  3 -  3) =    -49.20054  eV     1   --> A              
     e(  4 -  4) =    -49.04254  eV     1   --> A              
     e(  5 -  5) =    -21.96117  eV     1   --> A              
     e(  6 -  6) =    -21.94920  eV     1   --> A              
     e(  7 -  7) =    -20.56338  eV     1   --> A              
     e(  8 -  8) =    -20.04528  eV     1   --> A              
     e(  9 -  9) =    -15.66292  eV     1   --> A              
     e( 10 - 10) =    -15.46119  eV     1   --> A              
     e( 11 - 11) =    -12.51591  eV     1   --> A              
     e( 12 - 12) =    -12.22049  eV     1   --> A              
     e( 13 - 13) =    -11.72489  eV     1   --> A              
     e( 14 - 14) =    -11.55309  eV     1   --> A              
     e( 15 - 15) =    -11.31075  eV     1   --> A              
     e( 16 - 16) =    -10.01246  eV     1   --> A              
     e( 17 - 17) =     -9.27497  eV     1   --> A              
     e( 18 - 18) =     -8.49958  eV     1   --> A              
     e( 19 - 19) =     -8.25362  eV     1   --> A              
     e( 20 - 20) =     -7.77476  eV     1   --> A              
     e( 21 - 21) =     -6.34447  eV     1   --> A              
     e( 22 - 22) =     -4.34241  eV     1   --> A              
     e( 23 - 23) =     -3.75754  eV     1   --> A              
     e( 24 - 24) =     -2.67194  eV     1   --> A              
     e( 25 - 25) =     -2.51515  eV     1   --> A              
     e( 26 - 26) =     -1.29834  eV     1   --> A              
     e( 27 - 27) =     -0.94623  eV     1   --> A              
     e( 28 - 28) =      2.40166  eV     1   --> A              
     e( 29 - 29) =      2.98019  eV     1   --> A              
     e( 30 - 30) =      3.51299  eV     1   --> A              
     e( 31 - 31) =      3.73888  eV     1   --> A              
     e( 32 - 32) =      4.68239  eV     1   --> A              
     e( 33 - 33) =      5.18594  eV     1   --> A              
     e( 34 - 34) =      5.91356  eV     1   --> A              
     e( 35 - 35) =      6.47593  eV     1   --> A              

 **************************************************************************

 **************************************************************************

                    xk=(   0.43056,   0.40896,   0.00000  )

     Band symmetry, C_1 (1)     point group:

     e(  1 -  1) =    -77.84908  eV     1   --> A              
     e(  2 -  2) =    -49.41751  eV     1   --> A              
     e(  3 -  3) =    -49.19747  eV     1   --> A              
     e(  4 -  4) =    -49.04275  eV     1   --> A              
     e(  5 -  5) =    -21.97255  eV     1   --> A              
     e(  6 -  6) =    -21.96049  eV     1   --> A              
     e(  7 -  7) =    -20.56831  eV     1   --> A              
     e(  8 -  8) =    -20.04933  eV     1   --> A              
     e(  9 -  9) =    -15.68367  eV     1   --> A              
     e( 10 - 10) =    -15.48196  eV     1   --> A              
     e( 11 - 11) =    -12.50034  eV     1   --> A              
     e( 12 - 12) =    -12.18344  eV     1   --> A              
     e( 13 - 13) =    -11.68628  eV     1   --> A              
     e( 14 - 14) =    -11.53664  eV     1   --> A              
     e( 15 - 15) =    -11.29766  eV     1   --> A              
     e( 16 - 16) =    -10.00573  eV     1   --> A              
     e( 17 - 17) =     -9.26858  eV     1   --> A              
     e( 18 - 18) =     -8.45273  eV     1   --> A              
     e( 19 - 19) =     -8.25008  eV     1   --> A              
     e( 20 - 20) =     -7.78183  eV     1   --> A              
     e( 21 - 21) =     -6.35543  eV     1   --> A              
     e( 22 - 22) =     -4.33248  eV     1   --> A              
     e( 23 - 23) =     -3.77245  eV     1   --> A              
     e( 24 - 24) =     -2.66542  eV     1   --> A              
     e( 25 - 25) =     -2.52692  eV     1   --> A              
     e( 26 - 26) =     -1.34537  eV     1   --> A              
     e( 27 - 27) =     -0.99125  eV     1   --> A              
     e( 28 - 28) =      2.35513  eV     1   --> A              
     e( 29 - 29) =      2.92643  eV     1   --> A              
     e( 30 - 30) =      3.53624  eV     1   --> A              
     e( 31 - 31) =      3.78306  eV     1   --> A              
     e( 32 - 32) =      4.71203  eV     1   --> A              
     e( 33 - 33) =      5.19276  eV     1   --> A              
     e( 34 - 34) =      5.89740  eV     1   --> A              
     e( 35 - 35) =      6.48142  eV     1   --> A              

 **************************************************************************

 **************************************************************************

                    xk=(   0.43333,   0.40415,   0.00000  )

     Band symmetry, C_1 (1)     point group:

     e(  1 -  1) =    -77.84923  eV     1   --> A              
     e(  2 -  2) =    -49.41912  eV     1   --> A              
     e(  3 -  3) =    -49.19447  eV     1   --> A              
     e(  4 -  4) =    -49.04295  eV     1   --> A              
     e(  5 -  5) =    -21.98362  eV     1   --> A              
     e(  6 -  6) =    -21.97147  eV     1   --> A              
     e(  7 -  7) =    -20.57317  eV     1   --> A              
     e(  8 -  8) =    -20.05332  eV     1   --> A              
     e(  9 -  9) =    -15.70366  eV     1   --> A              
     e( 10 - 10) =    -15.50195  eV     1   --> A              
     e( 11 - 11) =    -12.48997  eV     1   --> A              
     e( 12 - 12) =    -12.15139  eV     1   --> A              
     e( 13 - 13) =    -11.64562  eV     1   --> A              
     e( 14 - 14) =    -11.51551  eV     1   --> A              
     e( 15 - 15) =    -11.28232  eV     1   --> A              
     e( 16 - 16) =     -9.99847  eV     1   --> A              
     e( 17 - 17) =     -9.26270  eV     1   --> A              
     e( 18 - 18) =     -8.41137  eV     1   --> A              
     e( 19 - 19) =     -8.24240  eV     1   --> A              
     e( 20 - 20) =     -7.78844  eV     1   --> A              
     e( 21 - 21) =     -6.36637  eV     1   --> A              
     e( 22 - 22) =     -4.32298  eV     1   --> A              
     e( 23 - 23) =     -3.78709  eV     1   --> A              
     e( 24 - 24) =     -2.66302  eV     1   --> A              
     e( 25 - 25) =     -2.53519  eV     1   --> A              
     e( 26 - 26) =     -1.39292  eV     1   --> A              
     e( 27 - 27) =     -1.03546  eV     1   --> A              
     e( 28 - 28) =      2.30768  eV     1   --> A              
     e( 29 - 29) =      2.87347  eV     1   --> A              
     e( 30 - 30) =      3.55877  eV     1   --> A              
     e( 31 - 31) =      3.83079  eV     1   --> A              
     e( 32 - 32) =      4.74353  eV     1   --> A              
     e( 33 - 33) =      5.19986  eV     1   --> A              
     e( 34 - 34) =      5.88092  eV     1   --> A              
     e( 35 - 35) =      6.48571  eV     1   --> A              

 **************************************************************************

 **************************************************************************

                    xk=(   0.43611,   0.39933,   0.00000  )

     Band symmetry, C_1 (1)     point group:

     e(  1 -  1) =    -77.84938  eV     1   --> A              
     e(  2 -  2) =    -49.42068  eV     1   --> A              
     e(  3 -  3) =    -49.19157  eV     1   --> A              
     e(  4 -  4) =    -49.04316  eV     1   --> A              
     e(  5 -  5) =    -21.99437  eV     1   --> A              
     e(  6 -  6) =    -21.98212  eV     1   --> A              
     e(  7 -  7) =    -20.57795  eV     1   --> A              
     e(  8 -  8) =    -20.05726  eV     1   --> A              
     e(  9 -  9) =    -15.72288  eV     1   --> A              
     e( 10 - 10) =    -15.52116  eV     1   --> A              
     e( 11 - 11) =    -12.48403  eV     1   --> A              
     e( 12 - 12) =    -12.12413  eV     1   --> A              
     e( 13 - 13) =    -11.60581  eV     1   --> A              
     e( 14 - 14) =    -11.48855  eV     1   --> A              
     e( 15 - 15) =    -11.26421  eV     1   --> A              
     e( 16 - 16) =     -9.99076  eV     1   --> A              
     e( 17 - 17) =     -9.25720  eV     1   --> A              
     e( 18 - 18) =     -8.37838  eV     1   --> A              
     e( 19 - 19) =     -8.22805  eV     1   --> A              
     e( 20 - 20) =     -7.79437  eV     1   --> A              
     e( 21 - 21) =     -6.37729  eV     1   --> A              
     e( 22 - 22) =     -4.31391  eV     1   --> A              
     e( 23 - 23) =     -3.80145  eV     1   --> A              
     e( 24 - 24) =     -2.66613  eV     1   --> A              
     e( 25 - 25) =     -2.53862  eV     1   --> A              
     e( 26 - 26) =     -1.44079  eV     1   --> A              
     e( 27 - 27) =     -1.07866  eV     1   --> A              
     e( 28 - 28) =      2.25998  eV     1   --> A              
     e( 29 - 29) =      2.82178  eV     1   --> A              
     e( 30 - 30) =      3.58000  eV     1   --> A              
     e( 31 - 31) =      3.88131  eV     1   --> A              
     e( 32 - 32) =      4.77679  eV     1   --> A              
     e( 33 - 33) =      5.20739  eV     1   --> A              
     e( 34 - 34) =      5.86429  eV     1   --> A              
     e( 35 - 35) =      6.48882  eV     1   --> A              

 **************************************************************************

 **************************************************************************

                    xk=(   0.43889,   0.39452,   0.00000  )

     Band symmetry, C_1 (1)     point group:

     e(  1 -  1) =    -77.84953  eV     1   --> A              
     e(  2 -  2) =    -49.42218  eV     1   --> A              
     e(  3 -  3) =    -49.18875  eV     1   --> A              
     e(  4 -  4) =    -49.04335  eV     1   --> A              
     e(  5 -  5) =    -22.00477  eV     1   --> A              
     e(  6 -  6) =    -21.99243  eV     1   --> A              
     e(  7 -  7) =    -20.58262  eV     1   --> A              
     e(  8 -  8) =    -20.06113  eV     1   --> A              
     e(  9 -  9) =    -15.74133  eV     1   --> A              
     e( 10 - 10) =    -15.53957  eV     1   --> A              
     e( 11 - 11) =    -12.48173  eV     1   --> A              
     e( 12 - 12) =    -12.10134  eV     1   --> A              
     e( 13 - 13) =    -11.57016  eV     1   --> A              
     e( 14 - 14) =    -11.45435  eV     1   --> A              
     e( 15 - 15) =    -11.24285  eV     1   --> A              
     e( 16 - 16) =     -9.98268  eV     1   --> A              
     e( 17 - 17) =     -9.25197  eV     1   --> A              
     e( 18 - 18) =     -8.35595  eV     1   --> A              
     e( 19 - 19) =     -8.20525  eV     1   --> A              
     e( 20 - 20) =     -7.79931  eV     1   --> A              
     e( 21 - 21) =     -6.38820  eV     1   --> A              
     e( 22 - 22) =     -4.30529  eV     1   --> A              
     e( 23 - 23) =     -3.81550  eV     1   --> A              
     e( 24 - 24) =     -2.67509  eV     1   --> A              
     e( 25 - 25) =     -2.53688  eV     1   --> A              
     e( 26 - 26) =     -1.48871  eV     1   --> A              
     e( 27 - 27) =     -1.12071  eV     1   --> A              
     e( 28 - 28) =      2.21255  eV     1   --> A              
     e( 29 - 29) =      2.77170  eV     1   --> A              
     e( 30 - 30) =      3.59963  eV     1   --> A              
     e( 31 - 31) =      3.93387  eV     1   --> A              
     e( 32 - 32) =      4.81168  eV     1   --> A              
     e( 33 - 33) =      5.21547  eV     1   --> A              
     e( 34 - 34) =      5.84770  eV     1   --> A              
     e( 35 - 35) =      6.49078  eV     1   --> A              

 **************************************************************************

 **************************************************************************

                    xk=(   0.44167,   0.38971,   0.00000  )

     Band symmetry, C_1 (1)     point group:

     e(  1 -  1) =    -77.84967  eV     1   --> A              
     e(  2 -  2) =    -49.42362  eV     1   --> A              
     e(  3 -  3) =    -49.18603  eV     1   --> A              
     e(  4 -  4) =    -49.04354  eV     1   --> A              
     e(  5 -  5) =    -22.01481  eV     1   --> A              
     e(  6 -  6) =    -22.00239  eV     1   --> A              
     e(  7 -  7) =    -20.58719  eV     1   --> A              
     e(  8 -  8) =    -20.06491  eV     1   --> A              
     e(  9 -  9) =    -15.75899  eV     1   --> A              
     e( 10 - 10) =    -15.55718  eV     1   --> A              
     e( 11 - 11) =    -12.48232  eV     1   --> A              
     e( 12 - 12) =    -12.08256  eV     1   --> A              
     e( 13 - 13) =    -11.54079  eV     1   --> A              
     e( 14 - 14) =    -11.41255  eV     1   --> A              
     e( 15 - 15) =    -11.21792  eV     1   --> A              
     e( 16 - 16) =     -9.97433  eV     1   --> A              
     e( 17 - 17) =     -9.24694  eV     1   --> A              
     e( 18 - 18) =     -8.34326  eV     1   --> A              
     e( 19 - 19) =     -8.17534  eV     1   --> A              
     e( 20 - 20) =     -7.80285  eV     1   --> A              
     e( 21 - 21) =     -6.39910  eV     1   --> A              
     e( 22 - 22) =     -4.29712  eV     1   --> A              
     e( 23 - 23) =     -3.82922  eV     1   --> A              
     e( 24 - 24) =     -2.68901  eV     1   --> A              
     e( 25 - 25) =     -2.53092  eV     1   --> A              
     e( 26 - 26) =     -1.53641  eV     1   --> A              
     e( 27 - 27) =     -1.16146  eV     1   --> A              
     e( 28 - 28) =      2.16582  eV     1   --> A              
     e( 29 - 29) =      2.72343  eV     1   --> A              
     e( 30 - 30) =      3.61752  eV     1   --> A              
     e( 31 - 31) =      3.98776  eV     1   --> A              
     e( 32 - 32) =      4.84803  eV     1   --> A              
     e( 33 - 33) =      5.22427  eV     1   --> A              
     e( 34 - 34) =      5.83131  eV     1   --> A              
     e( 35 - 35) =      6.49161  eV     1   --> A              

 **************************************************************************

 **************************************************************************

                    xk=(   0.44444,   0.38490,   0.00000  )

     Band symmetry, C_1 (1)     point group:

     e(  1 -  1) =    -77.84981  eV     1   --> A              
     e(  2 -  2) =    -49.42499  eV     1   --> A              
     e(  3 -  3) =    -49.18342  eV     1   --> A              
     e(  4 -  4) =    -49.04373  eV     1   --> A              
     e(  5 -  5) =    -22.02448  eV     1   --> A              
     e(  6 -  6) =    -22.01197  eV     1   --> A              
     e(  7 -  7) =    -20.59163  eV     1   --> A              
     e(  8 -  8) =    -20.06859  eV     1   --> A              
     e(  9 -  9) =    -15.77586  eV     1   --> A              
     e( 10 - 10) =    -15.57400  eV     1   --> A              
     e( 11 - 11) =    -12.48516  eV     1   --> A              
     e( 12 - 12) =    -12.06731  eV     1   --> A              
     e( 13 - 13) =    -11.51763  eV     1   --> A              
     e( 14 - 14) =    -11.36473  eV     1   --> A              
     e( 15 - 15) =    -11.18933  eV     1   --> A              
     e( 16 - 16) =     -9.96580  eV     1   --> A              
     e( 17 - 17) =     -9.24204  eV     1   --> A              
     e( 18 - 18) =     -8.33727  eV     1   --> A              
     e( 19 - 19) =     -8.14200  eV     1   --> A              
     e( 20 - 20) =     -7.80443  eV     1   --> A              
     e( 21 - 21) =     -6.40999  eV     1   --> A              
     e( 22 - 22) =     -4.28939  eV     1   --> A              
     e( 23 - 23) =     -3.84259  eV     1   --> A              
     e( 24 - 24) =     -2.70649  eV     1   --> A              
     e( 25 - 25) =     -2.52218  eV     1   --> A              
     e( 26 - 26) =     -1.58359  eV     1   --> A              
     e( 27 - 27) =     -1.20081  eV     1   --> A              
     e( 28 - 28) =      2.12012  eV     1   --> A              
     e( 29 - 29) =      2.67713  eV     1   --> A              
     e( 30 - 30) =      3.63367  eV     1   --> A              
     e( 31 - 31) =      4.04226  eV     1   --> A              
     e( 32 - 32) =      4.88563  eV     1   --> A              
     e( 33 - 33) =      5.23397  eV     1   --> A              
     e( 34 - 34) =      5.81530  eV     1   --> A              
     e( 35 - 35) =      6.49136  eV     1   --> A              

 **************************************************************************

 **************************************************************************

                    xk=(   0.44722,   0.38009,   0.00000  )

     Band symmetry, C_1 (1)     point group:

     e(  1 -  1) =    -77.84994  eV     1   --> A              
     e(  2 -  2) =    -49.42631  eV     1   --> A              
     e(  3 -  3) =    -49.18090  eV     1   --> A              
     e(  4 -  4) =    -49.04391  eV     1   --> A              
     e(  5 -  5) =    -22.03375  eV     1   --> A              
     e(  6 -  6) =    -22.02116  eV     1   --> A              
     e(  7 -  7) =    -20.59594  eV     1   --> A              
     e(  8 -  8) =    -20.07217  eV     1   --> A              
     e(  9 -  9) =    -15.79194  eV     1   --> A              
     e( 10 - 10) =    -15.59001  eV     1   --> A              
     e( 11 - 11) =    -12.48968  eV     1   --> A              
     e( 12 - 12) =    -12.05508  eV     1   --> A              
     e( 13 - 13) =    -11.49945  eV     1   --> A              
     e( 14 - 14) =    -11.31324  eV     1   --> A              
     e( 15 - 15) =    -11.15731  eV     1   --> A              
     e( 16 - 16) =     -9.95717  eV     1   --> A              
     e( 17 - 17) =     -9.23721  eV     1   --> A              
     e( 18 - 18) =     -8.33528  eV     1   --> A              
     e( 19 - 19) =     -8.10877  eV     1   --> A              
     e( 20 - 20) =     -7.80330  eV     1   --> A              
     e( 21 - 21) =     -6.42087  eV     1   --> A              
     e( 22 - 22) =     -4.28212  eV     1   --> A              
     e( 23 - 23) =     -3.85557  eV     1   --> A              
     e( 24 - 24) =     -2.72635  eV     1   --> A              
     e( 25 - 25) =     -2.51187  eV     1   --> A              
     e( 26 - 26) =     -1.62989  eV     1   --> A              
     e( 27 - 27) =     -1.23869  eV     1   --> A              
     e( 28 - 28) =      2.07572  eV     1   --> A              
     e( 29 - 29) =      2.63290  eV     1   --> A              
     e( 30 - 30) =      3.64812  eV     1   --> A              
     e( 31 - 31) =      4.09668  eV     1   --> A              
     e( 32 - 32) =      4.92425  eV     1   --> A              
     e( 33 - 33) =      5.24474  eV     1   --> A              
     e( 34 - 34) =      5.79984  eV     1   --> A              
     e( 35 - 35) =      6.49005  eV     1   --> A              

 **************************************************************************

 **************************************************************************

                    xk=(   0.45000,   0.37528,   0.00000  )

     Band symmetry, C_1 (1)     point group:

     e(  1 -  1) =    -77.85007  eV     1   --> A              
     e(  2 -  2) =    -49.42756  eV     1   --> A              
     e(  3 -  3) =    -49.17849  eV     1   --> A              
     e(  4 -  4) =    -49.04408  eV     1   --> A              
     e(  5 -  5) =    -22.04262  eV     1   --> A              
     e(  6 -  6) =    -22.02996  eV     1   --> A              
     e(  7 -  7) =    -20.60009  eV     1   --> A              
     e(  8 -  8) =    -20.07564  eV     1   --> A              
     e(  9 -  9) =    -15.80722  eV     1   --> A              
     e( 10 - 10) =    -15.60522  eV     1   --> A              
     e( 11 - 11) =    -12.49544  eV     1   --> A              
     e( 12 - 12) =    -12.04538  eV     1   --> A              
     e( 13 - 13) =    -11.48509  eV     1   --> A              
     e( 14 - 14) =    -11.25999  eV     1   --> A              
     e( 15 - 15) =    -11.12235  eV     1   --> A              
     e( 16 - 16) =     -9.94852  eV     1   --> A              
     e( 17 - 17) =     -9.23239  eV     1   --> A              
     e( 18 - 18) =     -8.33564  eV     1   --> A              
     e( 19 - 19) =     -8.07827  eV     1   --> A              
     e( 20 - 20) =     -7.79855  eV     1   --> A              
     e( 21 - 21) =     -6.43173  eV     1   --> A              
     e( 22 - 22) =     -4.27530  eV     1   --> A              
     e( 23 - 23) =     -3.86816  eV     1   --> A              
     e( 24 - 24) =     -2.74775  eV     1   --> A              
     e( 25 - 25) =     -2.50085  eV     1   --> A              
     e( 26 - 26) =     -1.67498  eV     1   --> A              
     e( 27 - 27) =     -1.27501  eV     1   --> A              
     e( 28 - 28) =      2.03283  eV     1   --> A              
     e( 29 - 29) =      2.59082  eV     1   --> A              
     e( 30 - 30) =      3.66098  eV     1   --> A              
     e( 31 - 31) =      4.15040  eV     1   --> A              
     e( 32 - 32) =      4.96362  eV     1   --> A              
     e( 33 - 33) =      5.25678  eV     1   --> A              
     e( 34 - 34) =      5.78511  eV     1   --> A              
     e( 35 - 35) =      6.48774  eV     1   --> A              

 **************************************************************************

 **************************************************************************

                    xk=(   0.45278,   0.37047,   0.00000  )

     Band symmetry, C_1 (1)     point group:

     e(  1 -  1) =    -77.85019  eV     1   --> A              
     e(  2 -  2) =    -49.42875  eV     1   --> A              
     e(  3 -  3) =    -49.17619  eV     1   --> A              
     e(  4 -  4) =    -49.04425  eV     1   --> A              
     e(  5 -  5) =    -22.05108  eV     1   --> A              
     e(  6 -  6) =    -22.03834  eV     1   --> A              
     e(  7 -  7) =    -20.60409  eV     1   --> A              
     e(  8 -  8) =    -20.07897  eV     1   --> A              
     e(  9 -  9) =    -15.82170  eV     1   --> A              
     e( 10 - 10) =    -15.61963  eV     1   --> A              
     e( 11 - 11) =    -12.50206  eV     1   --> A              
     e( 12 - 12) =    -12.03777  eV     1   --> A              
     e( 13 - 13) =    -11.47368  eV     1   --> A              
     e( 14 - 14) =    -11.20630  eV     1   --> A              
     e( 15 - 15) =    -11.08512  eV     1   --> A              
     e( 16 - 16) =     -9.93996  eV     1   --> A              
     e( 17 - 17) =     -9.22759  eV     1   --> A              
     e( 18 - 18) =     -8.33742  eV     1   --> A              
     e( 19 - 19) =     -8.05239  eV     1   --> A              
     e( 20 - 20) =     -7.78928  eV     1   --> A              
     e( 21 - 21) =     -6.44256  eV     1   --> A              
     e( 22 - 22) =     -4.26892  eV     1   --> A              
     e( 23 - 23) =     -3.88031  eV     1   --> A              
     e( 24 - 24) =     -2.77012  eV     1   --> A              
     e( 25 - 25) =     -2.48976  eV     1   --> A              
     e( 26 - 26) =     -1.71846  eV     1   --> A              
     e( 27 - 27) =     -1.30974  eV     1   --> A              
     e( 28 - 28) =      1.99163  eV     1   --> A              
     e( 29 - 29) =      2.55094  eV     1   --> A              
     e( 30 - 30) =      3.67234  eV     1   --> A              
     e( 31 - 31) =      4.20278  eV     1   --> A              
     e( 32 - 32) =      5.00346  eV     1   --> A              
     e( 33 - 33) =      5.27027  eV     1   --> A              
     e( 34 - 34) =      5.77128  eV     1   --> A              
     e( 35 - 35) =      6.48442  eV     1   --> A              

 **************************************************************************

 **************************************************************************

                    xk=(   0.45556,   0.36566,   0.00000  )

     Band symmetry, C_1 (1)     point group:

     e(  1 -  1) =    -77.85031  eV     1   --> A              
     e(  2 -  2) =    -49.42988  eV     1   --> A              
     e(  3 -  3) =    -49.17401  eV     1   --> A              
     e(  4 -  4) =    -49.04440  eV     1   --> A              
     e(  5 -  5) =    -22.05912  eV     1   --> A              
     e(  6 -  6) =    -22.04630  eV     1   --> A              
     e(  7 -  7) =    -20.60792  eV     1   --> A              
     e(  8 -  8) =    -20.08217  eV     1   --> A              
     e(  9 -  9) =    -15.83538  eV     1   --> A              
     e( 10 - 10) =    -15.63322  eV     1   --> A              
     e( 11 - 11) =    -12.50923  eV     1   --> A              
     e( 12 - 12) =    -12.03187  eV     1   --> A              
     e( 13 - 13) =    -11.46461  eV     1   --> A              
     e( 14 - 14) =    -11.15307  eV     1   --> A              
     e( 15 - 15) =    -11.04635  eV     1   --> A              
     e( 16 - 16) =     -9.93154  eV     1   --> A              
     e( 17 - 17) =     -9.22276  eV     1   --> A              
     e( 18 - 18) =     -8.34009  eV     1   --> A              
     e( 19 - 19) =     -8.03224  eV     1   --> A              
     e( 20 - 20) =     -7.77493  eV     1   --> A              
     e( 21 - 21) =     -6.45335  eV     1   --> A              
     e( 22 - 22) =     -4.26298  eV     1   --> A              
     e( 23 - 23) =     -3.89202  eV     1   --> A              
     e( 24 - 24) =     -2.79304  eV     1   --> A              
     e( 25 - 25) =     -2.47908  eV     1   --> A              
     e( 26 - 26) =     -1.75995  eV     1   --> A              
     e( 27 - 27) =     -1.34284  eV     1   --> A              
     e( 28 - 28) =      1.95228  eV     1   --> A              
     e( 29 - 29) =      2.51330  eV     1   --> A              
     e( 30 - 30) =      3.68235  eV     1   --> A              
     e( 31 - 31) =      4.25326  eV     1   --> A              
     e( 32 - 32) =      5.04345  eV     1   --> A              
     e( 33 - 33) =      5.28538  eV     1   --> A              
     e( 34 - 34) =      5.75857  eV     1   --> A              
     e( 35 - 35) =      6.48018  eV     1   --> A              

 **************************************************************************

 **************************************************************************

                    xk=(   0.45833,   0.36084,   0.00000  )

     Band symmetry, C_1 (1)     point group:

     e(  1 -  1) =    -77.85042  eV     1   --> A              
     e(  2 -  2) =    -49.43094  eV     1   --> A              
     e(  3 -  3) =    -49.17194  eV     1   --> A              
     e(  4 -  4) =    -49.04456  eV     1   --> A              
     e(  5 -  5) =    -22.06671  eV     1   --> A              
     e(  6 -  6) =    -22.05383  eV     1   --> A              
     e(  7 -  7) =    -20.61156  eV     1   --> A              
     e(  8 -  8) =    -20.08522  eV     1   --> A              
     e(  9 -  9) =    -15.84824  eV     1   --> A              
     e( 10 - 10) =    -15.64600  eV     1   --> A              
     e( 11 - 11) =    -12.51672  eV     1   --> A              
     e( 12 - 12) =    -12.02735  eV     1   --> A              
     e( 13 - 13) =    -11.45737  eV     1   --> A              
     e( 14 - 14) =    -11.10096  eV     1   --> A              
     e( 15 - 15) =    -11.00674  eV     1   --> A              
     e( 16 - 16) =     -9.92336  eV     1   --> A              
     e( 17 - 17) =     -9.21790  eV     1   --> A              
     e( 18 - 18) =     -8.34336  eV     1   --> A              
     e( 19 - 19) =     -8.01807  eV     1   --> A              
     e( 20 - 20) =     -7.75562  eV     1   --> A              
     e( 21 - 21) =     -6.46406  eV     1   --> A              
     e( 22 - 22) =     -4.25747  eV     1   --> A              
     e( 23 - 23) =     -3.90325  eV     1   --> A              
     e( 24 - 24) =     -2.81615  eV     1   --> A              
     e( 25 - 25) =     -2.46919  eV     1   --> A              
     e( 26 - 26) =     -1.79904  eV     1   --> A              
     e( 27 - 27) =     -1.37428  eV     1   --> A              
     e( 28 - 28) =      1.91488  eV     1   --> A              
     e( 29 - 29) =      2.47792  eV     1   --> A              
     e( 30 - 30) =      3.69111  eV     1   --> A              
     e( 31 - 31) =      4.30129  eV     1   --> A              
     e( 32 - 32) =      5.08324  eV     1   --> A              
     e( 33 - 33) =      5.30222  eV     1   --> A              
     e( 34 - 34) =      5.74716  eV     1   --> A              
     e( 35 - 35) =      6.47504  eV     1   --> A              

 **************************************************************************

 **************************************************************************

                    xk=(   0.46111,   0.35603,   0.00000  )

     Band symmetry, C_1 (1)     point group:

     e(  1 -  1) =    -77.85053  eV     1   --> A              
     e(  2 -  2) =    -49.43193  eV     1   --> A              
     e(  3 -  3) =    -49.16999  eV     1   --> A              
     e(  4 -  4) =    -49.04470  eV     1   --> A              
     e(  5 -  5) =    -22.07386  eV     1   --> A              
     e(  6 -  6) =    -22.06092  eV     1   --> A              
     e(  7 -  7) =    -20.61502  eV     1   --> A              
     e(  8 -  8) =    -20.08812  eV     1   --> A              
     e(  9 -  9) =    -15.86029  eV     1   --> A              
     e( 10 - 10) =    -15.65797  eV     1   --> A              
     e( 11 - 11) =    -12.52432  eV     1   --> A              
     e( 12 - 12) =    -12.02393  eV     1   --> A              
     e( 13 - 13) =    -11.45160  eV     1   --> A              
     e( 14 - 14) =    -11.05049  eV     1   --> A              
     e( 15 - 15) =    -10.96698  eV     1   --> A              
     e( 16 - 16) =     -9.91548  eV     1   --> A              
     e( 17 - 17) =     -9.21303  eV     1   --> A              
     e( 18 - 18) =     -8.34700  eV     1   --> A              
     e( 19 - 19) =     -8.00921  eV     1   --> A              
     e( 20 - 20) =     -7.73225  eV     1   --> A              
     e( 21 - 21) =     -6.47466  eV     1   --> A              
     e( 22 - 22) =     -4.25237  eV     1   --> A              
     e( 23 - 23) =     -3.91399  eV     1   --> A              
     e( 24 - 24) =     -2.83919  eV     1   --> A              
     e( 25 - 25) =     -2.46043  eV     1   --> A              
     e( 26 - 26) =     -1.83534  eV     1   --> A              
     e( 27 - 27) =     -1.40405  eV     1   --> A              
     e( 28 - 28) =      1.87955  eV     1   --> A              
     e( 29 - 29) =      2.44483  eV     1   --> A              
     e( 30 - 30) =      3.69875  eV     1   --> A              
     e( 31 - 31) =      4.34641  eV     1   --> A              
     e( 32 - 32) =      5.12245  eV     1   --> A              
     e( 33 - 33) =      5.32085  eV     1   --> A              
     e( 34 - 34) =      5.73730  eV     1   --> A              
     e( 35 - 35) =      6.46908  eV     1   --> A              

 **************************************************************************

 **************************************************************************

                    xk=(   0.46389,   0.35122,   0.00000  )

     Band symmetry, C_1 (1)     point group:

     e(  1 -  1) =    -77.85063  eV     1   --> A              
     e(  2 -  2) =    -49.43286  eV     1   --> A              
     e(  3 -  3) =    -49.16817  eV     1   --> A              
     e(  4 -  4) =    -49.04483  eV     1   --> A              
     e(  5 -  5) =    -22.08056  eV     1   --> A              
     e(  6 -  6) =    -22.06755  eV     1   --> A              
     e(  7 -  7) =    -20.61827  eV     1   --> A              
     e(  8 -  8) =    -20.09085  eV     1   --> A              
     e(  9 -  9) =    -15.87152  eV     1   --> A              
     e( 10 - 10) =    -15.66912  eV     1   --> A              
     e( 11 - 11) =    -12.53187  eV     1   --> A              
     e( 12 - 12) =    -12.02139  eV     1   --> A              
     e( 13 - 13) =    -11.44699  eV     1   --> A              
     e( 14 - 14) =    -11.00206  eV     1   --> A              
     e( 15 - 15) =    -10.92763  eV     1   --> A              
     e( 16 - 16) =     -9.90796  eV     1   --> A              
     e( 17 - 17) =     -9.20815  eV     1   --> A              
     e( 18 - 18) =     -8.35088  eV     1   --> A              
     e( 19 - 19) =     -8.00456  eV     1   --> A              
     e( 20 - 20) =     -7.70610  eV     1   --> A              
     e( 21 - 21) =     -6.48511  eV     1   --> A              
     e( 22 - 22) =     -4.24768  eV     1   --> A              
     e( 23 - 23) =     -3.92419  eV     1   --> A              
     e( 24 - 24) =     -2.86188  eV     1   --> A              
     e( 25 - 25) =     -2.45310  eV     1   --> A              
     e( 26 - 26) =     -1.86845  eV     1   --> A              
     e( 27 - 27) =     -1.43212  eV     1   --> A              
     e( 28 - 28) =      1.84636  eV     1   --> A              
     e( 29 - 29) =      2.41402  eV     1   --> A              
     e( 30 - 30) =      3.70538  eV     1   --> A              
     e( 31 - 31) =      4.38825  eV     1   --> A              
     e( 32 - 32) =      5.16066  eV     1   --> A              
     e( 33 - 33) =      5.34124  eV     1   --> A              
     e( 34 - 34) =      5.72922  eV     1   --> A              
     e( 35 - 35) =      6.46237  eV     1   --> A              

 **************************************************************************

 **************************************************************************

                    xk=(   0.46667,   0.34641,   0.00000  )

     Band symmetry, C_1 (1)     point group:

     e(  1 -  1) =    -77.85072  eV     1   --> A              
     e(  2 -  2) =    -49.43372  eV     1   --> A              
     e(  3 -  3) =    -49.16646  eV     1   --> A              
     e(  4 -  4) =    -49.04496  eV     1   --> A              
     e(  5 -  5) =    -22.08679  eV     1   --> A              
     e(  6 -  6) =    -22.07373  eV     1   --> A              
     e(  7 -  7) =    -20.62132  eV     1   --> A              
     e(  8 -  8) =    -20.09341  eV     1   --> A              
     e(  9 -  9) =    -15.88193  eV     1   --> A              
     e( 10 - 10) =    -15.67945  eV     1   --> A              
     e( 11 - 11) =    -12.53924  eV     1   --> A              
     e( 12 - 12) =    -12.01954  eV     1   --> A              
     e( 13 - 13) =    -11.44331  eV     1   --> A              
     e( 14 - 14) =    -10.95605  eV     1   --> A              
     e( 15 - 15) =    -10.88922  eV     1   --> A              
     e( 16 - 16) =     -9.90085  eV     1   --> A              
     e( 17 - 17) =     -9.20331  eV     1   --> A              
     e( 18 - 18) =     -8.35489  eV     1   --> A              
     e( 19 - 19) =     -8.00297  eV     1   --> A              
     e( 20 - 20) =     -7.67847  eV     1   --> A              
     e( 21 - 21) =     -6.49537  eV     1   --> A              
     e( 22 - 22) =     -4.24339  eV     1   --> A              
     e( 23 - 23) =     -3.93385  eV     1   --> A              
     e( 24 - 24) =     -2.88398  eV     1   --> A              
     e( 25 - 25) =     -2.44745  eV     1   --> A              
     e( 26 - 26) =     -1.89806  eV     1   --> A              
     e( 27 - 27) =     -1.45848  eV     1   --> A              
     e( 28 - 28) =      1.81540  eV     1   --> A              
     e( 29 - 29) =      2.38552  eV     1   --> A              
     e( 30 - 30) =      3.71111  eV     1   --> A              
     e( 31 - 31) =      4.42649  eV     1   --> A              
     e( 32 - 32) =      5.19740  eV     1   --> A              
     e( 33 - 33) =      5.36323  eV     1   --> A              
     e( 34 - 34) =      5.72319  eV     1   --> A              
     e( 35 - 35) =      6.45498  eV     1   --> A              

 **************************************************************************

 **************************************************************************

                    xk=(   0.46944,   0.34160,   0.00000  )

     Band symmetry, C_1 (1)     point group:

     e(  1 -  1) =    -77.85081  eV     1   --> A              
     e(  2 -  2) =    -49.43452  eV     1   --> A              
     e(  3 -  3) =    -49.16489  eV     1   --> A              
     e(  4 -  4) =    -49.04507  eV     1   --> A              
     e(  5 -  5) =    -22.09255  eV     1   --> A              
     e(  6 -  6) =    -22.07944  eV     1   --> A              
     e(  7 -  7) =    -20.62416  eV     1   --> A              
     e(  8 -  8) =    -20.09580  eV     1   --> A              
     e(  9 -  9) =    -15.89152  eV     1   --> A              
     e( 10 - 10) =    -15.68896  eV     1   --> A              
     e( 11 - 11) =    -12.54631  eV     1   --> A              
     e( 12 - 12) =    -12.01823  eV     1   --> A              
     e( 13 - 13) =    -11.44037  eV     1   --> A              
     e( 14 - 14) =    -10.91278  eV     1   --> A              
     e( 15 - 15) =    -10.85221  eV     1   --> A              
     e( 16 - 16) =     -9.89421  eV     1   --> A              
     e( 17 - 17) =     -9.19853  eV     1   --> A              
     e( 18 - 18) =     -8.35894  eV     1   --> A              
     e( 19 - 19) =     -8.00345  eV     1   --> A              
     e( 20 - 20) =     -7.65048  eV     1   --> A              
     e( 21 - 21) =     -6.50536  eV     1   --> A              
     e( 22 - 22) =     -4.23948  eV     1   --> A              
     e( 23 - 23) =     -3.94291  eV     1   --> A              
     e( 24 - 24) =     -2.90527  eV     1   --> A              
     e( 25 - 25) =     -2.44365  eV     1   --> A              
     e( 26 - 26) =     -1.92391  eV     1   --> A              
     e( 27 - 27) =     -1.48311  eV     1   --> A              
     e( 28 - 28) =      1.78672  eV     1   --> A              
     e( 29 - 29) =      2.35931  eV     1   --> A              
     e( 30 - 30) =      3.71603  eV     1   --> A              
     e( 31 - 31) =      4.46095  eV     1   --> A              
     e( 32 - 32) =      5.23219  eV     1   --> A              
     e( 33 - 33) =      5.38655  eV     1   --> A              
     e( 34 - 34) =      5.71948  eV     1   --> A              
     e( 35 - 35) =      6.44702  eV     1   --> A              

 **************************************************************************

 **************************************************************************

                    xk=(   0.47222,   0.33679,   0.00000  )

     Band symmetry, C_1 (1)     point group:

     e(  1 -  1) =    -77.85089  eV     1   --> A              
     e(  2 -  2) =    -49.43525  eV     1   --> A              
     e(  3 -  3) =    -49.16345  eV     1   --> A              
     e(  4 -  4) =    -49.04518  eV     1   --> A              
     e(  5 -  5) =    -22.09783  eV     1   --> A              
     e(  6 -  6) =    -22.08467  eV     1   --> A              
     e(  7 -  7) =    -20.62677  eV     1   --> A              
     e(  8 -  8) =    -20.09799  eV     1   --> A              
     e(  9 -  9) =    -15.90029  eV     1   --> A              
     e( 10 - 10) =    -15.69765  eV     1   --> A              
     e( 11 - 11) =    -12.55300  eV     1   --> A              
     e( 12 - 12) =    -12.01734  eV     1   --> A              
     e( 13 - 13) =    -11.43803  eV     1   --> A              
     e( 14 - 14) =    -10.87251  eV     1   --> A              
     e( 15 - 15) =    -10.81699  eV     1   --> A              
     e( 16 - 16) =     -9.88807  eV     1   --> A              
     e( 17 - 17) =     -9.19387  eV     1   --> A              
     e( 18 - 18) =     -8.36294  eV     1   --> A              
     e( 19 - 19) =     -8.00526  eV     1   --> A              
     e( 20 - 20) =     -7.62299  eV     1   --> A              
     e( 21 - 21) =     -6.51501  eV     1   --> A              
     e( 22 - 22) =     -4.23594  eV     1   --> A              
     e( 23 - 23) =     -3.95137  eV     1   --> A              
     e( 24 - 24) =     -2.92553  eV     1   --> A              
     e( 25 - 25) =     -2.44177  eV     1   --> A              
     e( 26 - 26) =     -1.94585  eV     1   --> A              
     e( 27 - 27) =     -1.50598  eV     1   --> A              
     e( 28 - 28) =      1.76037  eV     1   --> A              
     e( 29 - 29) =      2.33539  eV     1   --> A              
     e( 30 - 30) =      3.72023  eV     1   --> A              
     e( 31 - 31) =      4.49157  eV     1   --> A              
     e( 32 - 32) =      5.26452  eV     1   --> A              
     e( 33 - 33) =      5.41078  eV     1   --> A              
     e( 34 - 34) =      5.71833  eV     1   --> A              
     e( 35 - 35) =      6.43862  eV     1   --> A              

 **************************************************************************

 **************************************************************************

                    xk=(   0.47500,   0.33198,   0.00000  )

     Band symmetry, C_1 (1)     point group:

     e(  1 -  1) =    -77.85096  eV     1   --> A              
     e(  2 -  2) =    -49.43591  eV     1   --> A              
     e(  3 -  3) =    -49.16213  eV     1   --> A              
     e(  4 -  4) =    -49.04528  eV     1   --> A              
     e(  5 -  5) =    -22.10263  eV     1   --> A              
     e(  6 -  6) =    -22.08943  eV     1   --> A              
     e(  7 -  7) =    -20.62915  eV     1   --> A              
     e(  8 -  8) =    -20.10000  eV     1   --> A              
     e(  9 -  9) =    -15.90823  eV     1   --> A              
     e( 10 - 10) =    -15.70552  eV     1   --> A              
     e( 11 - 11) =    -12.55924  eV     1   --> A              
     e( 12 - 12) =    -12.01677  eV     1   --> A              
     e( 13 - 13) =    -11.43618  eV     1   --> A              
     e( 14 - 14) =    -10.83550  eV     1   --> A              
     e( 15 - 15) =    -10.78394  eV     1   --> A              
     e( 16 - 16) =     -9.88247  eV     1   --> A              
     e( 17 - 17) =     -9.18939  eV     1   --> A              
     e( 18 - 18) =     -8.36682  eV     1   --> A              
     e( 19 - 19) =     -8.00788  eV     1   --> A              
     e( 20 - 20) =     -7.59665  eV     1   --> A              
     e( 21 - 21) =     -6.52423  eV     1   --> A              
     e( 22 - 22) =     -4.23276  eV     1   --> A              
     e( 23 - 23) =     -3.95917  eV     1   --> A              
     e( 24 - 24) =     -2.94455  eV     1   --> A              
     e( 25 - 25) =     -2.44177  eV     1   --> A              
     e( 26 - 26) =     -1.96390  eV     1   --> A              
     e( 27 - 27) =     -1.52705  eV     1   --> A              
     e( 28 - 28) =      1.73640  eV     1   --> A              
     e( 29 - 29) =      2.31377  eV     1   --> A              
     e( 30 - 30) =      3.72380  eV     1   --> A              
     e( 31 - 31) =      4.51837  eV     1   --> A              
     e( 32 - 32) =      5.29388  eV     1   --> A              
     e( 33 - 33) =      5.43539  eV     1   --> A              
     e( 34 - 34) =      5.71991  eV     1   --> A              
     e( 35 - 35) =      6.42990  eV     1   --> A              

 **************************************************************************

 **************************************************************************

                    xk=(   0.47778,   0.32717,   0.00000  )

     Band symmetry, C_1 (1)     point group:

     e(  1 -  1) =    -77.85103  eV     1   --> A              
     e(  2 -  2) =    -49.43650  eV     1   --> A              
     e(  3 -  3) =    -49.16095  eV     1   --> A              
     e(  4 -  4) =    -49.04536  eV     1   --> A              
     e(  5 -  5) =    -22.10694  eV     1   --> A              
     e(  6 -  6) =    -22.09369  eV     1   --> A              
     e(  7 -  7) =    -20.63130  eV     1   --> A              
     e(  8 -  8) =    -20.10181  eV     1   --> A              
     e(  9 -  9) =    -15.91533  eV     1   --> A              
     e( 10 - 10) =    -15.71256  eV     1   --> A              
     e( 11 - 11) =    -12.56496  eV     1   --> A              
     e( 12 - 12) =    -12.01644  eV     1   --> A              
     e( 13 - 13) =    -11.43471  eV     1   --> A              
     e( 14 - 14) =    -10.80194  eV     1   --> A              
     e( 15 - 15) =    -10.75337  eV     1   --> A              
     e( 16 - 16) =     -9.87743  eV     1   --> A              
     e( 17 - 17) =     -9.18514  eV     1   --> A              
     e( 18 - 18) =     -8.37052  eV     1   --> A              
     e( 19 - 19) =     -8.01089  eV     1   --> A              
     e( 20 - 20) =     -7.57194  eV     1   --> A              
     e( 21 - 21) =     -6.53292  eV     1   --> A              
     e( 22 - 22) =     -4.22993  eV     1   --> A              
     e( 23 - 23) =     -3.96629  eV     1   --> A              
     e( 24 - 24) =     -2.96214  eV     1   --> A              
     e( 25 - 25) =     -2.44343  eV     1   --> A              
     e( 26 - 26) =     -1.97823  eV     1   --> A              
     e( 27 - 27) =     -1.54627  eV     1   --> A              
     e( 28 - 28) =      1.71486  eV     1   --> A              
     e( 29 - 29) =      2.29444  eV     1   --> A              
     e( 30 - 30) =      3.72681  eV     1   --> A              
     e( 31 - 31) =      4.54148  eV     1   --> A              
     e( 32 - 32) =      5.31985  eV     1   --> A              
     e( 33 - 33) =      5.45977  eV     1   --> A              
     e( 34 - 34) =      5.72428  eV     1   --> A              
     e( 35 - 35) =      6.42109  eV     1   --> A              

 **************************************************************************

 **************************************************************************

                    xk=(   0.48056,   0.32235,   0.00000  )

     Band symmetry, C_1 (1)     point group:

     e(  1 -  1) =    -77.85108  eV     1   --> A              
     e(  2 -  2) =    -49.43702  eV     1   --> A              
     e(  3 -  3) =    -49.15991  eV     1   --> A              
     e(  4 -  4) =    -49.04544  eV     1   --> A              
     e(  5 -  5) =    -22.11075  eV     1   --> A              
     e(  6 -  6) =    -22.09747  eV     1   --> A              
     e(  7 -  7) =    -20.63321  eV     1   --> A              
     e(  8 -  8) =    -20.10342  eV     1   --> A              
     e(  9 -  9) =    -15.92161  eV     1   --> A              
     e( 10 - 10) =    -15.71878  eV     1   --> A              
     e( 11 - 11) =    -12.57010  eV     1   --> A              
     e( 12 - 12) =    -12.01627  eV     1   --> A              
     e( 13 - 13) =    -11.43356  eV     1   --> A              
     e( 14 - 14) =    -10.77200  eV     1   --> A              
     e( 15 - 15) =    -10.72559  eV     1   --> A              
     e( 16 - 16) =     -9.87298  eV     1   --> A              
     e( 17 - 17) =     -9.18118  eV     1   --> A              
     e( 18 - 18) =     -8.37396  eV     1   --> A              
     e( 19 - 19) =     -8.01403  eV     1   --> A              
     e( 20 - 20) =     -7.54929  eV     1   --> A              
     e( 21 - 21) =     -6.54099  eV     1   --> A              
     e( 22 - 22) =     -4.22744  eV     1   --> A              
     e( 23 - 23) =     -3.97269  eV     1   --> A              
     e( 24 - 24) =     -2.97812  eV     1   --> A              
     e( 25 - 25) =     -2.44642  eV     1   --> A              
     e( 26 - 26) =     -1.98915  eV     1   --> A              
     e( 27 - 27) =     -1.56358  eV     1   --> A              
     e( 28 - 28) =      1.69578  eV     1   --> A              
     e( 29 - 29) =      2.27740  eV     1   --> A              
     e( 30 - 30) =      3.72931  eV     1   --> A              
     e( 31 - 31) =      4.56109  eV     1   --> A              
     e( 32 - 32) =      5.34215  eV     1   --> A              
     e( 33 - 33) =      5.48326  eV     1   --> A              
     e( 34 - 34) =      5.73122  eV     1   --> A              
     e( 35 - 35) =      6.41236  eV     1   --> A              

 **************************************************************************

 **************************************************************************

                    xk=(   0.48333,   0.31754,   0.00000  )

     Band symmetry, C_1 (1)     point group:

     e(  1 -  1) =    -77.85113  eV     1   --> A              
     e(  2 -  2) =    -49.43747  eV     1   --> A              
     e(  3 -  3) =    -49.15900  eV     1   --> A              
     e(  4 -  4) =    -49.04551  eV     1   --> A              
     e(  5 -  5) =    -22.11407  eV     1   --> A              
     e(  6 -  6) =    -22.10076  eV     1   --> A              
     e(  7 -  7) =    -20.63487  eV     1   --> A              
     e(  8 -  8) =    -20.10483  eV     1   --> A              
     e(  9 -  9) =    -15.92705  eV     1   --> A              
     e( 10 - 10) =    -15.72417  eV     1   --> A              
     e( 11 - 11) =    -12.57464  eV     1   --> A              
     e( 12 - 12) =    -12.01622  eV     1   --> A              
     e( 13 - 13) =    -11.43267  eV     1   --> A              
     e( 14 - 14) =    -10.74582  eV     1   --> A              
     e( 15 - 15) =    -10.70088  eV     1   --> A              
     e( 16 - 16) =     -9.86911  eV     1   --> A              
     e( 17 - 17) =     -9.17758  eV     1   --> A              
     e( 18 - 18) =     -8.37708  eV     1   --> A              
     e( 19 - 19) =     -8.01708  eV     1   --> A              
     e( 20 - 20) =     -7.52902  eV     1   --> A              
     e( 21 - 21) =     -6.54830  eV     1   --> A              
     e( 22 - 22) =     -4.22529  eV     1   --> A              
     e( 23 - 23) =     -3.97833  eV     1   --> A              
     e( 24 - 24) =     -2.99232  eV     1   --> A              
     e( 25 - 25) =     -2.45033  eV     1   --> A              
     e( 26 - 26) =     -1.99711  eV     1   --> A              
     e( 27 - 27) =     -1.57888  eV     1   --> A              
     e( 28 - 28) =      1.67918  eV     1   --> A              
     e( 29 - 29) =      2.26264  eV     1   --> A              
     e( 30 - 30) =      3.73138  eV     1   --> A              
     e( 31 - 31) =      4.57744  eV     1   --> A              
     e( 32 - 32) =      5.36065  eV     1   --> A              
     e( 33 - 33) =      5.50521  eV     1   --> A              
     e( 34 - 34) =      5.74025  eV     1   --> A              
     e( 35 - 35) =      6.40398  eV     1   --> A              

 **************************************************************************

 **************************************************************************

                    xk=(   0.48611,   0.31273,   0.00000  )

     Band symmetry, C_1 (1)     point group:

     e(  1 -  1) =    -77.85118  eV     1   --> A              
     e(  2 -  2) =    -49.43786  eV     1   --> A              
     e(  3 -  3) =    -49.15823  eV     1   --> A              
     e(  4 -  4) =    -49.04557  eV     1   --> A              
     e(  5 -  5) =    -22.11687  eV     1   --> A              
     e(  6 -  6) =    -22.10354  eV     1   --> A              
     e(  7 -  7) =    -20.63629  eV     1   --> A              
     e(  8 -  8) =    -20.10602  eV     1   --> A              
     e(  9 -  9) =    -15.93166  eV     1   --> A              
     e( 10 - 10) =    -15.72873  eV     1   --> A              
     e( 11 - 11) =    -12.57853  eV     1   --> A              
     e( 12 - 12) =    -12.01624  eV     1   --> A              
     e( 13 - 13) =    -11.43198  eV     1   --> A              
     e( 14 - 14) =    -10.72351  eV     1   --> A              
     e( 15 - 15) =    -10.67951  eV     1   --> A              
     e( 16 - 16) =     -9.86584  eV     1   --> A              
     e( 17 - 17) =     -9.17440  eV     1   --> A              
     e( 18 - 18) =     -8.37984  eV     1   --> A              
     e( 19 - 19) =     -8.01988  eV     1   --> A              
     e( 20 - 20) =     -7.51138  eV     1   --> A              
     e( 21 - 21) =     -6.55475  eV     1   --> A              
     e( 22 - 22) =     -4.22347  eV     1   --> A              
     e( 23 - 23) =     -3.98318  eV     1   --> A              
     e( 24 - 24) =     -3.00460  eV     1   --> A              
     e( 25 - 25) =     -2.45466  eV     1   --> A              
     e( 26 - 26) =     -2.00265  eV     1   --> A              
     e( 27 - 27) =     -1.59209  eV     1   --> A              
     e( 28 - 28) =      1.66510  eV     1   --> A              
     e( 29 - 29) =      2.25016  eV     1   --> A              
     e( 30 - 30) =      3.73305  eV     1   --> A              
     e( 31 - 31) =      4.59075  eV     1   --> A              
     e( 32 - 32) =      5.37545  eV     1   --> A              
     e( 33 - 33) =      5.52501  eV     1   --> A              
     e( 34 - 34) =      5.75057  eV     1   --> A              
     e( 35 - 35) =      6.39620  eV     1   --> A              

 **************************************************************************

 **************************************************************************

                    xk=(   0.48889,   0.30792,   0.00000  )

     Band symmetry, C_1 (1)     point group:

     e(  1 -  1) =    -77.85121  eV     1   --> A              
     e(  2 -  2) =    -49.43817  eV     1   --> A              
     e(  3 -  3) =    -49.15759  eV     1   --> A              
     e(  4 -  4) =    -49.04561  eV     1   --> A              
     e(  5 -  5) =    -22.11918  eV     1   --> A              
     e(  6 -  6) =    -22.10582  eV     1   --> A              
     e(  7 -  7) =    -20.63745  eV     1   --> A              
     e(  8 -  8) =    -20.10700  eV     1   --> A              
     e(  9 -  9) =    -15.93543  eV     1   --> A              
     e( 10 - 10) =    -15.73247  eV     1   --> A              
     e( 11 - 11) =    -12.58175  eV     1   --> A              
     e( 12 - 12) =    -12.01630  eV     1   --> A              
     e( 13 - 13) =    -11.43147  eV     1   --> A              
     e( 14 - 14) =    -10.70514  eV     1   --> A              
     e( 15 - 15) =    -10.66169  eV     1   --> A              
     e( 16 - 16) =     -9.86316  eV     1   --> A              
     e( 17 - 17) =     -9.17171  eV     1   --> A              
     e( 18 - 18) =     -8.38216  eV     1   --> A              
     e( 19 - 19) =     -8.02231  eV     1   --> A              
     e( 20 - 20) =     -7.49663  eV     1   --> A              
     e( 21 - 21) =     -6.56022  eV     1   --> A              
     e( 22 - 22) =     -4.22198  eV     1   --> A              
     e( 23 - 23) =     -3.98720  eV     1   --> A              
     e( 24 - 24) =     -3.01483  eV     1   --> A              
     e( 25 - 25) =     -2.45895  eV     1   --> A              
     e( 26 - 26) =     -2.00628  eV     1   --> A              
     e( 27 - 27) =     -1.60310  eV     1   --> A              
     e( 28 - 28) =      1.65354  eV     1   --> A              
     e( 29 - 29) =      2.23996  eV     1   --> A              
     e( 30 - 30) =      3.73436  eV     1   --> A              
     e( 31 - 31) =      4.60128  eV     1   --> A              
     e( 32 - 32) =      5.38681  eV     1   --> A              
     e( 33 - 33) =      5.54211  eV     1   --> A              
     e( 34 - 34) =      5.76115  eV     1   --> A              
     e( 35 - 35) =      6.38931  eV     1   --> A              

 **************************************************************************

 **************************************************************************

                    xk=(   0.49167,   0.30311,   0.00000  )

     Band symmetry, C_1 (1)     point group:

     e(  1 -  1) =    -77.85124  eV     1   --> A              
     e(  2 -  2) =    -49.43842  eV     1   --> A              
     e(  3 -  3) =    -49.15710  eV     1   --> A              
     e(  4 -  4) =    -49.04565  eV     1   --> A              
     e(  5 -  5) =    -22.12097  eV     1   --> A              
     e(  6 -  6) =    -22.10760  eV     1   --> A              
     e(  7 -  7) =    -20.63835  eV     1   --> A              
     e(  8 -  8) =    -20.10777  eV     1   --> A              
     e(  9 -  9) =    -15.93836  eV     1   --> A              
     e( 10 - 10) =    -15.73537  eV     1   --> A              
     e( 11 - 11) =    -12.58427  eV     1   --> A              
     e( 12 - 12) =    -12.01637  eV     1   --> A              
     e( 13 - 13) =    -11.43110  eV     1   --> A              
     e( 14 - 14) =    -10.69080  eV     1   --> A              
     e( 15 - 15) =    -10.64763  eV     1   --> A              
     e( 16 - 16) =     -9.86109  eV     1   --> A              
     e( 17 - 17) =     -9.16956  eV     1   --> A              
     e( 18 - 18) =     -8.38402  eV     1   --> A              
     e( 19 - 19) =     -8.02428  eV     1   --> A              
     e( 20 - 20) =     -7.48495  eV     1   --> A              
     e( 21 - 21) =     -6.56461  eV     1   --> A              
     e( 22 - 22) =     -4.22082  eV     1   --> A              
     e( 23 - 23) =     -3.99036  eV     1   --> A              
     e( 24 - 24) =     -3.02290  eV     1   --> A              
     e( 25 - 25) =     -2.46277  eV     1   --> A              
     e( 26 - 26) =     -2.00852  eV     1   --> A              
     e( 27 - 27) =     -1.61181  eV     1   --> A              
     e( 28 - 28) =      1.64454  eV     1   --> A              
     e( 29 - 29) =      2.23202  eV     1   --> A              
     e( 30 - 30) =      3.73535  eV     1   --> A              
     e( 31 - 31) =      4.60923  eV     1   --> A              
     e( 32 - 32) =      5.39511  eV     1   --> A              
     e( 33 - 33) =      5.55600  eV     1   --> A              
     e( 34 - 34) =      5.77089  eV     1   --> A              
     e( 35 - 35) =      6.38357  eV     1   --> A              

 **************************************************************************

 **************************************************************************

                    xk=(   0.49444,   0.29830,   0.00000  )

     Band symmetry, C_1 (1)     point group:

     e(  1 -  1) =    -77.85126  eV     1   --> A              
     e(  2 -  2) =    -49.43859  eV     1   --> A              
     e(  3 -  3) =    -49.15675  eV     1   --> A              
     e(  4 -  4) =    -49.04568  eV     1   --> A              
     e(  5 -  5) =    -22.12225  eV     1   --> A              
     e(  6 -  6) =    -22.10887  eV     1   --> A              
     e(  7 -  7) =    -20.63900  eV     1   --> A              
     e(  8 -  8) =    -20.10832  eV     1   --> A              
     e(  9 -  9) =    -15.94046  eV     1   --> A              
     e( 10 - 10) =    -15.73745  eV     1   --> A              
     e( 11 - 11) =    -12.58609  eV     1   --> A              
     e( 12 - 12) =    -12.01644  eV     1   --> A              
     e( 13 - 13) =    -11.43085  eV     1   --> A              
     e( 14 - 14) =    -10.68052  eV     1   --> A              
     e( 15 - 15) =    -10.63748  eV     1   --> A              
     e( 16 - 16) =     -9.85960  eV     1   --> A              
     e( 17 - 17) =     -9.16799  eV     1   --> A              
     e( 18 - 18) =     -8.38538  eV     1   --> A              
     e( 19 - 19) =     -8.02574  eV     1   --> A              
     e( 20 - 20) =     -7.47651  eV     1   --> A              
     e( 21 - 21) =     -6.56781  eV     1   --> A              
     e( 22 - 22) =     -4.21999  eV     1   --> A              
     e( 23 - 23) =     -3.99264  eV     1   --> A              
     e( 24 - 24) =     -3.02872  eV     1   --> A              
     e( 25 - 25) =     -2.46576  eV     1   --> A              
     e( 26 - 26) =     -2.00979  eV     1   --> A              
     e( 27 - 27) =     -1.61811  eV     1   --> A              
     e( 28 - 28) =      1.63810  eV     1   --> A              
     e( 29 - 29) =      2.22636  eV     1   --> A              
     e( 30 - 30) =      3.73604  eV     1   --> A              
     e( 31 - 31) =      4.61477  eV     1   --> A              
     e( 32 - 32) =      5.40070  eV     1   --> A              
     e( 33 - 33) =      5.56626  eV     1   --> A              
     e( 34 - 34) =      5.77871  eV     1   --> A              
     e( 35 - 35) =      6.37926  eV     1   --> A              

 **************************************************************************

 **************************************************************************

                    xk=(   0.49722,   0.29349,   0.00000  )

     Band symmetry, C_1 (1)     point group:

     e(  1 -  1) =    -77.85127  eV     1   --> A              
     e(  2 -  2) =    -49.43870  eV     1   --> A              
     e(  3 -  3) =    -49.15654  eV     1   --> A              
     e(  4 -  4) =    -49.04569  eV     1   --> A              
     e(  5 -  5) =    -22.12302  eV     1   --> A              
     e(  6 -  6) =    -22.10963  eV     1   --> A              
     e(  7 -  7) =    -20.63939  eV     1   --> A              
     e(  8 -  8) =    -20.10864  eV     1   --> A              
     e(  9 -  9) =    -15.94172  eV     1   --> A              
     e( 10 - 10) =    -15.73869  eV     1   --> A              
     e( 11 - 11) =    -12.58718  eV     1   --> A              
     e( 12 - 12) =    -12.01648  eV     1   --> A              
     e( 13 - 13) =    -11.43070  eV     1   --> A              
     e( 14 - 14) =    -10.67434  eV     1   --> A              
     e( 15 - 15) =    -10.63134  eV     1   --> A              
     e( 16 - 16) =     -9.85872  eV     1   --> A              
     e( 17 - 17) =     -9.16704  eV     1   --> A              
     e( 18 - 18) =     -8.38621  eV     1   --> A              
     e( 19 - 19) =     -8.02663  eV     1   --> A              
     e( 20 - 20) =     -7.47139  eV     1   --> A              
     e( 21 - 21) =     -6.56977  eV     1   --> A              
     e( 22 - 22) =     -4.21949  eV     1   --> A              
     e( 23 - 23) =     -3.99402  eV     1   --> A              
     e( 24 - 24) =     -3.03224  eV     1   --> A              
     e( 25 - 25) =     -2.46767  eV     1   --> A              
     e( 26 - 26) =     -2.01042  eV     1   --> A              
     e( 27 - 27) =     -1.62193  eV     1   --> A              
     e( 28 - 28) =      1.63423  eV     1   --> A              
     e( 29 - 29) =      2.22296  eV     1   --> A              
     e( 30 - 30) =      3.73644  eV     1   --> A              
     e( 31 - 31) =      4.61804  eV     1   --> A              
     e( 32 - 32) =      5.40393  eV     1   --> A              
     e( 33 - 33) =      5.57256  eV     1   --> A              
     e( 34 - 34) =      5.78378  eV     1   --> A              
     e( 35 - 35) =      6.37658  eV     1   --> A              

 **************************************************************************

 **************************************************************************

                    xk=(   0.50000,   0.28868,   0.00000  )

     Band symmetry, C_1 (1)     point group:

     e(  1 -  1) =    -77.85127  eV     1   --> A              
     e(  2 -  2) =    -49.43873  eV     1   --> A              
     e(  3 -  3) =    -49.15647  eV     1   --> A              
     e(  4 -  4) =    -49.04570  eV     1   --> A              
     e(  5 -  5) =    -22.12328  eV     1   --> A              
     e(  6 -  6) =    -22.10989  eV     1   --> A              
     e(  7 -  7) =    -20.63952  eV     1   --> A              
     e(  8 -  8) =    -20.10876  eV     1   --> A              
     e(  9 -  9) =    -15.94214  eV     1   --> A              
     e( 10 - 10) =    -15.73911  eV     1   --> A              
     e( 11 - 11) =    -12.58754  eV     1   --> A              
     e( 12 - 12) =    -12.01650  eV     1   --> A              
     e( 13 - 13) =    -11.43065  eV     1   --> A              
     e( 14 - 14) =    -10.67227  eV     1   --> A              
     e( 15 - 15) =    -10.62929  eV     1   --> A              
     e( 16 - 16) =     -9.85842  eV     1   --> A              
     e( 17 - 17) =     -9.16672  eV     1   --> A              
     e( 18 - 18) =     -8.38648  eV     1   --> A              
     e( 19 - 19) =     -8.02693  eV     1   --> A              
     e( 20 - 20) =     -7.46968  eV     1   --> A              
     e( 21 - 21) =     -6.57042  eV     1   --> A              
     e( 22 - 22) =     -4.21933  eV     1   --> A              
     e( 23 - 23) =     -3.99448  eV     1   --> A              
     e( 24 - 24) =     -3.03342  eV     1   --> A              
     e( 25 - 25) =     -2.46832  eV     1   --> A              
     e( 26 - 26) =     -2.01061  eV     1   --> A              
     e( 27 - 27) =     -1.62321  eV     1   --> A              
     e( 28 - 28) =      1.63294  eV     1   --> A              
     e( 29 - 29) =      2.22183  eV     1   --> A              
     e( 30 - 30) =      3.73658  eV     1   --> A              
     e( 31 - 31) =      4.61912  eV     1   --> A              
     e( 32 - 32) =      5.40498  eV     1   --> A              
     e( 33 - 33) =      5.57468  eV     1   --> A              
     e( 34 - 34) =      5.78553  eV     1   --> A              
     e( 35 - 35) =      6.37567  eV     1   --> A              

 **************************************************************************

 **************************************************************************

                    xk=(   0.49500,   0.28579,   0.00000  )

     Band symmetry, C_1 (1)     point group:

     e(  1 -  1) =    -77.85129  eV     1   --> A              
     e(  2 -  2) =    -49.43864  eV     1   --> A              
     e(  3 -  3) =    -49.15645  eV     1   --> A              
     e(  4 -  4) =    -49.04572  eV     1   --> A              
     e(  5 -  5) =    -22.12479  eV     1   --> A              
     e(  6 -  6) =    -22.11134  eV     1   --> A              
     e(  7 -  7) =    -20.63962  eV     1   --> A              
     e(  8 -  8) =    -20.10858  eV     1   --> A              
     e(  9 -  9) =    -15.94054  eV     1   --> A              
     e( 10 - 10) =    -15.73752  eV     1   --> A              
     e( 11 - 11) =    -12.58791  eV     1   --> A              
     e( 12 - 12) =    -12.01561  eV     1   --> A              
     e( 13 - 13) =    -11.43029  eV     1   --> A              
     e( 14 - 14) =    -10.67197  eV     1   --> A              
     e( 15 - 15) =    -10.62899  eV     1   --> A              
     e( 16 - 16) =     -9.85823  eV     1   --> A              
     e( 17 - 17) =     -9.16642  eV     1   --> A              
     e( 18 - 18) =     -8.38722  eV     1   --> A              
     e( 19 - 19) =     -8.02689  eV     1   --> A              
     e( 20 - 20) =     -7.47008  eV     1   --> A              
     e( 21 - 21) =     -6.57056  eV     1   --> A              
     e( 22 - 22) =     -4.21910  eV     1   --> A              
     e( 23 - 23) =     -3.99431  eV     1   --> A              
     e( 24 - 24) =     -3.03290  eV     1   --> A              
     e( 25 - 25) =     -2.46713  eV     1   --> A              
     e( 26 - 26) =     -2.01078  eV     1   --> A              
     e( 27 - 27) =     -1.62296  eV     1   --> A              
     e( 28 - 28) =      1.63350  eV     1   --> A              
     e( 29 - 29) =      2.22245  eV     1   --> A              
     e( 30 - 30) =      3.73637  eV     1   --> A              
     e( 31 - 31) =      4.61806  eV     1   --> A              
     e( 32 - 32) =      5.40390  eV     1   --> A              
     e( 33 - 33) =      5.57491  eV     1   --> A              
     e( 34 - 34) =      5.78585  eV     1   --> A              
     e( 35 - 35) =      6.37574  eV     1   --> A              

 **************************************************************************

 **************************************************************************

                    xk=(   0.49000,   0.28290,   0.00000  )

     Band symmetry, C_1 (1)     point group:

     e(  1 -  1) =    -77.85133  eV     1   --> A              
     e(  2 -  2) =    -49.43838  eV     1   --> A              
     e(  3 -  3) =    -49.15638  eV     1   --> A              
     e(  4 -  4) =    -49.04577  eV     1   --> A              
     e(  5 -  5) =    -22.12931  eV     1   --> A              
     e(  6 -  6) =    -22.11567  eV     1   --> A              
     e(  7 -  7) =    -20.63991  eV     1   --> A              
     e(  8 -  8) =    -20.10807  eV     1   --> A              
     e(  9 -  9) =    -15.93576  eV     1   --> A              
     e( 10 - 10) =    -15.73275  eV     1   --> A              
     e( 11 - 11) =    -12.58901  eV     1   --> A              
     e( 12 - 12) =    -12.01298  eV     1   --> A              
     e( 13 - 13) =    -11.42919  eV     1   --> A              
     e( 14 - 14) =    -10.67104  eV     1   --> A              
     e( 15 - 15) =    -10.62810  eV     1   --> A              
     e( 16 - 16) =     -9.85767  eV     1   --> A              
     e( 17 - 17) =     -9.16553  eV     1   --> A              
     e( 18 - 18) =     -8.38942  eV     1   --> A              
     e( 19 - 19) =     -8.02678  eV     1   --> A              
     e( 20 - 20) =     -7.47128  eV     1   --> A              
     e( 21 - 21) =     -6.57097  eV     1   --> A              
     e( 22 - 22) =     -4.21841  eV     1   --> A              
     e( 23 - 23) =     -3.99383  eV     1   --> A              
     e( 24 - 24) =     -3.03133  eV     1   --> A              
     e( 25 - 25) =     -2.46356  eV     1   --> A              
     e( 26 - 26) =     -2.01131  eV     1   --> A              
     e( 27 - 27) =     -1.62221  eV     1   --> A              
     e( 28 - 28) =      1.63516  eV     1   --> A              
     e( 29 - 29) =      2.22430  eV     1   --> A              
     e( 30 - 30) =      3.73576  eV     1   --> A              
     e( 31 - 31) =      4.61484  eV     1   --> A              
     e( 32 - 32) =      5.40070  eV     1   --> A              
     e( 33 - 33) =      5.57557  eV     1   --> A              
     e( 34 - 34) =      5.78682  eV     1   --> A              
     e( 35 - 35) =      6.37594  eV     1   --> A              

 **************************************************************************

 **************************************************************************

                    xk=(   0.48500,   0.28001,   0.00000  )

     Band symmetry, C_1 (1)     point group:

     e(  1 -  1) =    -77.85139  eV     1   --> A              
     e(  2 -  2) =    -49.43794  eV     1   --> A              
     e(  3 -  3) =    -49.15628  eV     1   --> A              
     e(  4 -  4) =    -49.04585  eV     1   --> A              
     e(  5 -  5) =    -22.13681  eV     1   --> A              
     e(  6 -  6) =    -22.12285  eV     1   --> A              
     e(  7 -  7) =    -20.64042  eV     1   --> A              
     e(  8 -  8) =    -20.10723  eV     1   --> A              
     e(  9 -  9) =    -15.92780  eV     1   --> A              
     e( 10 - 10) =    -15.72482  eV     1   --> A              
     e( 11 - 11) =    -12.59082  eV     1   --> A              
     e( 12 - 12) =    -12.00860  eV     1   --> A              
     e( 13 - 13) =    -11.42736  eV     1   --> A              
     e( 14 - 14) =    -10.66950  eV     1   --> A              
     e( 15 - 15) =    -10.62661  eV     1   --> A              
     e( 16 - 16) =     -9.85672  eV     1   --> A              
     e( 17 - 17) =     -9.16404  eV     1   --> A              
     e( 18 - 18) =     -8.39307  eV     1   --> A              
     e( 19 - 19) =     -8.02660  eV     1   --> A              
     e( 20 - 20) =     -7.47327  eV     1   --> A              
     e( 21 - 21) =     -6.57166  eV     1   --> A              
     e( 22 - 22) =     -4.21726  eV     1   --> A              
     e( 23 - 23) =     -3.99301  eV     1   --> A              
     e( 24 - 24) =     -3.02874  eV     1   --> A              
     e( 25 - 25) =     -2.45763  eV     1   --> A              
     e( 26 - 26) =     -2.01220  eV     1   --> A              
     e( 27 - 27) =     -1.62095  eV     1   --> A              
     e( 28 - 28) =      1.63793  eV     1   --> A              
     e( 29 - 29) =      2.22738  eV     1   --> A              
     e( 30 - 30) =      3.73472  eV     1   --> A              
     e( 31 - 31) =      4.60950  eV     1   --> A              
     e( 32 - 32) =      5.39542  eV     1   --> A              
     e( 33 - 33) =      5.57665  eV     1   --> A              
     e( 34 - 34) =      5.78843  eV     1   --> A              
     e( 35 - 35) =      6.37627  eV     1   --> A              

 **************************************************************************

 **************************************************************************

                    xk=(   0.48000,   0.27713,   0.00000  )

     Band symmetry, C_1 (1)     point group:

     e(  1 -  1) =    -77.85148  eV     1   --> A              
     e(  2 -  2) =    -49.43732  eV     1   --> A              
     e(  3 -  3) =    -49.15614  eV     1   --> A              
     e(  4 -  4) =    -49.04597  eV     1   --> A              
     e(  5 -  5) =    -22.14724  eV     1   --> A              
     e(  6 -  6) =    -22.13285  eV     1   --> A              
     e(  7 -  7) =    -20.64118  eV     1   --> A              
     e(  8 -  8) =    -20.10610  eV     1   --> A              
     e(  9 -  9) =    -15.91668  eV     1   --> A              
     e( 10 - 10) =    -15.71373  eV     1   --> A              
     e( 11 - 11) =    -12.59333  eV     1   --> A              
     e( 12 - 12) =    -12.00253  eV     1   --> A              
     e( 13 - 13) =    -11.42481  eV     1   --> A              
     e( 14 - 14) =    -10.66734  eV     1   --> A              
     e( 15 - 15) =    -10.62452  eV     1   --> A              
     e( 16 - 16) =     -9.85538  eV     1   --> A              
     e( 17 - 17) =     -9.16195  eV     1   --> A              
     e( 18 - 18) =     -8.39811  eV     1   --> A              
     e( 19 - 19) =     -8.02636  eV     1   --> A              
     e( 20 - 20) =     -7.47606  eV     1   --> A              
     e( 21 - 21) =     -6.57261  eV     1   --> A              
     e( 22 - 22) =     -4.21565  eV     1   --> A              
     e( 23 - 23) =     -3.99187  eV     1   --> A              
     e( 24 - 24) =     -3.02516  eV     1   --> A              
     e( 25 - 25) =     -2.44934  eV     1   --> A              
     e( 26 - 26) =     -2.01343  eV     1   --> A              
     e( 27 - 27) =     -1.61916  eV     1   --> A              
     e( 28 - 28) =      1.64181  eV     1   --> A              
     e( 29 - 29) =      2.23169  eV     1   --> A              
     e( 30 - 30) =      3.73326  eV     1   --> A              
     e( 31 - 31) =      4.60201  eV     1   --> A              
     e( 32 - 32) =      5.38815  eV     1   --> A              
     e( 33 - 33) =      5.57812  eV     1   --> A              
     e( 34 - 34) =      5.79067  eV     1   --> A              
     e( 35 - 35) =      6.37673  eV     1   --> A              

 **************************************************************************

 **************************************************************************

                    xk=(   0.47500,   0.27424,   0.00000  )

     Band symmetry, C_1 (1)     point group:

     e(  1 -  1) =    -77.85159  eV     1   --> A              
     e(  2 -  2) =    -49.43653  eV     1   --> A              
     e(  3 -  3) =    -49.15596  eV     1   --> A              
     e(  4 -  4) =    -49.04613  eV     1   --> A              
     e(  5 -  5) =    -22.16052  eV     1   --> A              
     e(  6 -  6) =    -22.14559  eV     1   --> A              
     e(  7 -  7) =    -20.64222  eV     1   --> A              
     e(  8 -  8) =    -20.10472  eV     1   --> A              
     e(  9 -  9) =    -15.90242  eV     1   --> A              
     e( 10 - 10) =    -15.69950  eV     1   --> A              
     e( 11 - 11) =    -12.59651  eV     1   --> A              
     e( 12 - 12) =    -11.99480  eV     1   --> A              
     e( 13 - 13) =    -11.42156  eV     1   --> A              
     e( 14 - 14) =    -10.66457  eV     1   --> A              
     e( 15 - 15) =    -10.62185  eV     1   --> A              
     e( 16 - 16) =     -9.85362  eV     1   --> A              
     e( 17 - 17) =     -9.15927  eV     1   --> A              
     e( 18 - 18) =     -8.40451  eV     1   --> A              
     e( 19 - 19) =     -8.02609  eV     1   --> A              
     e( 20 - 20) =     -7.47965  eV     1   --> A              
     e( 21 - 21) =     -6.57383  eV     1   --> A              
     e( 22 - 22) =     -4.21358  eV     1   --> A              
     e( 23 - 23) =     -3.99041  eV     1   --> A              
     e( 24 - 24) =     -3.02064  eV     1   --> A              
     e( 25 - 25) =     -2.43870  eV     1   --> A              
     e( 26 - 26) =     -2.01503  eV     1   --> A              
     e( 27 - 27) =     -1.61681  eV     1   --> A              
     e( 28 - 28) =      1.64679  eV     1   --> A              
     e( 29 - 29) =      2.23721  eV     1   --> A              
     e( 30 - 30) =      3.73134  eV     1   --> A              
     e( 31 - 31) =      4.59237  eV     1   --> A              
     e( 32 - 32) =      5.37898  eV     1   --> A              
     e( 33 - 33) =      5.57996  eV     1   --> A              
     e( 34 - 34) =      5.79354  eV     1   --> A              
     e( 35 - 35) =      6.37731  eV     1   --> A              

 **************************************************************************

 **************************************************************************

                    xk=(   0.47000,   0.27135,   0.00000  )

     Band symmetry, C_1 (1)     point group:

     e(  1 -  1) =    -77.85173  eV     1   --> A              
     e(  2 -  2) =    -49.43557  eV     1   --> A              
     e(  3 -  3) =    -49.15574  eV     1   --> A              
     e(  4 -  4) =    -49.04632  eV     1   --> A              
     e(  5 -  5) =    -22.17658  eV     1   --> A              
     e(  6 -  6) =    -22.16100  eV     1   --> A              
     e(  7 -  7) =    -20.64361  eV     1   --> A              
     e(  8 -  8) =    -20.10314  eV     1   --> A              
     e(  9 -  9) =    -15.88505  eV     1   --> A              
     e( 10 - 10) =    -15.68215  eV     1   --> A              
     e( 11 - 11) =    -12.60033  eV     1   --> A              
     e( 12 - 12) =    -11.98547  eV     1   --> A              
     e( 13 - 13) =    -11.41762  eV     1   --> A              
     e( 14 - 14) =    -10.66119  eV     1   --> A              
     e( 15 - 15) =    -10.61858  eV     1   --> A              
     e( 16 - 16) =     -9.85145  eV     1   --> A              
     e( 17 - 17) =     -9.15600  eV     1   --> A              
     e( 18 - 18) =     -8.41219  eV     1   --> A              
     e( 19 - 19) =     -8.02579  eV     1   --> A              
     e( 20 - 20) =     -7.48402  eV     1   --> A              
     e( 21 - 21) =     -6.57531  eV     1   --> A              
     e( 22 - 22) =     -4.21105  eV     1   --> A              
     e( 23 - 23) =     -3.98862  eV     1   --> A              
     e( 24 - 24) =     -3.01524  eV     1   --> A              
     e( 25 - 25) =     -2.42574  eV     1   --> A              
     e( 26 - 26) =     -2.01698  eV     1   --> A              
     e( 27 - 27) =     -1.61385  eV     1   --> A              
     e( 28 - 28) =      1.65288  eV     1   --> A              
     e( 29 - 29) =      2.24394  eV     1   --> A              
     e( 30 - 30) =      3.72894  eV     1   --> A              
     e( 31 - 31) =      4.58059  eV     1   --> A              
     e( 32 - 32) =      5.36806  eV     1   --> A              
     e( 33 - 33) =      5.58212  eV     1   --> A              
     e( 34 - 34) =      5.79702  eV     1   --> A              
     e( 35 - 35) =      6.37799  eV     1   --> A              

 **************************************************************************

 **************************************************************************

                    xk=(   0.46500,   0.26847,   0.00000  )

     Band symmetry, C_1 (1)     point group:

     e(  1 -  1) =    -77.85190  eV     1   --> A              
     e(  2 -  2) =    -49.43443  eV     1   --> A              
     e(  3 -  3) =    -49.15547  eV     1   --> A              
     e(  4 -  4) =    -49.04654  eV     1   --> A              
     e(  5 -  5) =    -22.19530  eV     1   --> A              
     e(  6 -  6) =    -22.17900  eV     1   --> A              
     e(  7 -  7) =    -20.64540  eV     1   --> A              
     e(  8 -  8) =    -20.10142  eV     1   --> A              
     e(  9 -  9) =    -15.86460  eV     1   --> A              
     e( 10 - 10) =    -15.66171  eV     1   --> A              
     e( 11 - 11) =    -12.60476  eV     1   --> A              
     e( 12 - 12) =    -11.97459  eV     1   --> A              
     e( 13 - 13) =    -11.41300  eV     1   --> A              
     e( 14 - 14) =    -10.65719  eV     1   --> A              
     e( 15 - 15) =    -10.61472  eV     1   --> A              
     e( 16 - 16) =     -9.84883  eV     1   --> A              
     e( 17 - 17) =     -9.15214  eV     1   --> A              
     e( 18 - 18) =     -8.42108  eV     1   --> A              
     e( 19 - 19) =     -8.02550  eV     1   --> A              
     e( 20 - 20) =     -7.48917  eV     1   --> A              
     e( 21 - 21) =     -6.57704  eV     1   --> A              
     e( 22 - 22) =     -4.20806  eV     1   --> A              
     e( 23 - 23) =     -3.98651  eV     1   --> A              
     e( 24 - 24) =     -3.00903  eV     1   --> A              
     e( 25 - 25) =     -2.41047  eV     1   --> A              
     e( 26 - 26) =     -2.01929  eV     1   --> A              
     e( 27 - 27) =     -1.61025  eV     1   --> A              
     e( 28 - 28) =      1.66006  eV     1   --> A              
     e( 29 - 29) =      2.25185  eV     1   --> A              
     e( 30 - 30) =      3.72604  eV     1   --> A              
     e( 31 - 31) =      4.56667  eV     1   --> A              
     e( 32 - 32) =      5.35553  eV     1   --> A              
     e( 33 - 33) =      5.58458  eV     1   --> A              
     e( 34 - 34) =      5.80110  eV     1   --> A              
     e( 35 - 35) =      6.37878  eV     1   --> A              

 **************************************************************************

 **************************************************************************

                    xk=(   0.46000,   0.26558,   0.00000  )

     Band symmetry, C_1 (1)     point group:

     e(  1 -  1) =    -77.85209  eV     1   --> A              
     e(  2 -  2) =    -49.43311  eV     1   --> A              
     e(  3 -  3) =    -49.15517  eV     1   --> A              
     e(  4 -  4) =    -49.04680  eV     1   --> A              
     e(  5 -  5) =    -22.21659  eV     1   --> A              
     e(  6 -  6) =    -22.19948  eV     1   --> A              
     e(  7 -  7) =    -20.64765  eV     1   --> A              
     e(  8 -  8) =    -20.09962  eV     1   --> A              
     e(  9 -  9) =    -15.84112  eV     1   --> A              
     e( 10 - 10) =    -15.63821  eV     1   --> A              
     e( 11 - 11) =    -12.60977  eV     1   --> A              
     e( 12 - 12) =    -11.96225  eV     1   --> A              
     e( 13 - 13) =    -11.40774  eV     1   --> A              
     e( 14 - 14) =    -10.65259  eV     1   --> A              
     e( 15 - 15) =    -10.61027  eV     1   --> A              
     e( 16 - 16) =     -9.84573  eV     1   --> A              
     e( 17 - 17) =     -9.14769  eV     1   --> A              
     e( 18 - 18) =     -8.43112  eV     1   --> A              
     e( 19 - 19) =     -8.02522  eV     1   --> A              
     e( 20 - 20) =     -7.49510  eV     1   --> A              
     e( 21 - 21) =     -6.57901  eV     1   --> A              
     e( 22 - 22) =     -4.20461  eV     1   --> A              
     e( 23 - 23) =     -3.98408  eV     1   --> A              
     e( 24 - 24) =     -3.00209  eV     1   --> A              
     e( 25 - 25) =     -2.39292  eV     1   --> A              
     e( 26 - 26) =     -2.02196  eV     1   --> A              
     e( 27 - 27) =     -1.60596  eV     1   --> A              
     e( 28 - 28) =      1.66833  eV     1   --> A              
     e( 29 - 29) =      2.26092  eV     1   --> A              
     e( 30 - 30) =      3.72259  eV     1   --> A              
     e( 31 - 31) =      4.55060  eV     1   --> A              
     e( 32 - 32) =      5.34156  eV     1   --> A              
     e( 33 - 33) =      5.58729  eV     1   --> A              
     e( 34 - 34) =      5.80576  eV     1   --> A              
     e( 35 - 35) =      6.37966  eV     1   --> A              

 **************************************************************************

 **************************************************************************

                    xk=(   0.45500,   0.26269,   0.00000  )

     Band symmetry, C_1 (1)     point group:

     e(  1 -  1) =    -77.85230  eV     1   --> A              
     e(  2 -  2) =    -49.43163  eV     1   --> A              
     e(  3 -  3) =    -49.15483  eV     1   --> A              
     e(  4 -  4) =    -49.04709  eV     1   --> A              
     e(  5 -  5) =    -22.24032  eV     1   --> A              
     e(  6 -  6) =    -22.22233  eV     1   --> A              
     e(  7 -  7) =    -20.65043  eV     1   --> A              
     e(  8 -  8) =    -20.09781  eV     1   --> A              
     e(  9 -  9) =    -15.81465  eV     1   --> A              
     e( 10 - 10) =    -15.61168  eV     1   --> A              
     e( 11 - 11) =    -12.61532  eV     1   --> A              
     e( 12 - 12) =    -11.94851  eV     1   --> A              
     e( 13 - 13) =    -11.40185  eV     1   --> A              
     e( 14 - 14) =    -10.64738  eV     1   --> A              
     e( 15 - 15) =    -10.60524  eV     1   --> A              
     e( 16 - 16) =     -9.84214  eV     1   --> A              
     e( 17 - 17) =     -9.14265  eV     1   --> A              
     e( 18 - 18) =     -8.44221  eV     1   --> A              
     e( 19 - 19) =     -8.02498  eV     1   --> A              
     e( 20 - 20) =     -7.50180  eV     1   --> A              
     e( 21 - 21) =     -6.58122  eV     1   --> A              
     e( 22 - 22) =     -4.20071  eV     1   --> A              
     e( 23 - 23) =     -3.98134  eV     1   --> A              
     e( 24 - 24) =     -2.99451  eV     1   --> A              
     e( 25 - 25) =     -2.37313  eV     1   --> A              
     e( 26 - 26) =     -2.02498  eV     1   --> A              
     e( 27 - 27) =     -1.60091  eV     1   --> A              
     e( 28 - 28) =      1.67769  eV     1   --> A              
     e( 29 - 29) =      2.27114  eV     1   --> A              
     e( 30 - 30) =      3.71856  eV     1   --> A              
     e( 31 - 31) =      4.53240  eV     1   --> A              
     e( 32 - 32) =      5.32634  eV     1   --> A              
     e( 33 - 33) =      5.59023  eV     1   --> A              
     e( 34 - 34) =      5.81097  eV     1   --> A              
     e( 35 - 35) =      6.38060  eV     1   --> A              

 **************************************************************************

 **************************************************************************

                    xk=(   0.45000,   0.25981,   0.00000  )

     Band symmetry, C_1 (1)     point group:

     e(  1 -  1) =    -77.85254  eV     1   --> A              
     e(  2 -  2) =    -49.42998  eV     1   --> A              
     e(  3 -  3) =    -49.15445  eV     1   --> A              
     e(  4 -  4) =    -49.04741  eV     1   --> A              
     e(  5 -  5) =    -22.26635  eV     1   --> A              
     e(  6 -  6) =    -22.24744  eV     1   --> A              
     e(  7 -  7) =    -20.65380  eV     1   --> A              
     e(  8 -  8) =    -20.09606  eV     1   --> A              
     e(  9 -  9) =    -15.78525  eV     1   --> A              
     e( 10 - 10) =    -15.58217  eV     1   --> A              
     e( 11 - 11) =    -12.62139  eV     1   --> A              
     e( 12 - 12) =    -11.93345  eV     1   --> A              
     e( 13 - 13) =    -11.39536  eV     1   --> A              
     e( 14 - 14) =    -10.64156  eV     1   --> A              
     e( 15 - 15) =    -10.59962  eV     1   --> A              
     e( 16 - 16) =     -9.83802  eV     1   --> A              
     e( 17 - 17) =     -9.13703  eV     1   --> A              
     e( 18 - 18) =     -8.45426  eV     1   --> A              
     e( 19 - 19) =     -8.02477  eV     1   --> A              
     e( 20 - 20) =     -7.50925  eV     1   --> A              
     e( 21 - 21) =     -6.58364  eV     1   --> A              
     e( 22 - 22) =     -4.19635  eV     1   --> A              
     e( 23 - 23) =     -3.97828  eV     1   --> A              
     e( 24 - 24) =     -2.98641  eV     1   --> A              
     e( 25 - 25) =     -2.35114  eV     1   --> A              
     e( 26 - 26) =     -2.02836  eV     1   --> A              
     e( 27 - 27) =     -1.59504  eV     1   --> A              
     e( 28 - 28) =      1.68813  eV     1   --> A              
     e( 29 - 29) =      2.28248  eV     1   --> A              
     e( 30 - 30) =      3.71391  eV     1   --> A              
     e( 31 - 31) =      4.51207  eV     1   --> A              
     e( 32 - 32) =      5.31005  eV     1   --> A              
     e( 33 - 33) =      5.59338  eV     1   --> A              
     e( 34 - 34) =      5.81673  eV     1   --> A              
     e( 35 - 35) =      6.38161  eV     1   --> A              

 **************************************************************************

 **************************************************************************

                    xk=(   0.44500,   0.25692,   0.00000  )

     Band symmetry, C_1 (1)     point group:

     e(  1 -  1) =    -77.85281  eV     1   --> A              
     e(  2 -  2) =    -49.42816  eV     1   --> A              
     e(  3 -  3) =    -49.15403  eV     1   --> A              
     e(  4 -  4) =    -49.04777  eV     1   --> A              
     e(  5 -  5) =    -22.29457  eV     1   --> A              
     e(  6 -  6) =    -22.27467  eV     1   --> A              
     e(  7 -  7) =    -20.65782  eV     1   --> A              
     e(  8 -  8) =    -20.09443  eV     1   --> A              
     e(  9 -  9) =    -15.75297  eV     1   --> A              
     e( 10 - 10) =    -15.54972  eV     1   --> A              
     e( 11 - 11) =    -12.62793  eV     1   --> A              
     e( 12 - 12) =    -11.91715  eV     1   --> A              
     e( 13 - 13) =    -11.38829  eV     1   --> A              
     e( 14 - 14) =    -10.63515  eV     1   --> A              
     e( 15 - 15) =    -10.59342  eV     1   --> A              
     e( 16 - 16) =     -9.83333  eV     1   --> A              
     e( 17 - 17) =     -9.13082  eV     1   --> A              
     e( 18 - 18) =     -8.46720  eV     1   --> A              
     e( 19 - 19) =     -8.02462  eV     1   --> A              
     e( 20 - 20) =     -7.51745  eV     1   --> A              
     e( 21 - 21) =     -6.58626  eV     1   --> A              
     e( 22 - 22) =     -4.19154  eV     1   --> A              
     e( 23 - 23) =     -3.97491  eV     1   --> A              
     e( 24 - 24) =     -2.97788  eV     1   --> A              
     e( 25 - 25) =     -2.32697  eV     1   --> A              
     e( 26 - 26) =     -2.03210  eV     1   --> A              
     e( 27 - 27) =     -1.58827  eV     1   --> A              
     e( 28 - 28) =      1.69964  eV     1   --> A              
     e( 29 - 29) =      2.29491  eV     1   --> A              
     e( 30 - 30) =      3.70859  eV     1   --> A              
     e( 31 - 31) =      4.48964  eV     1   --> A              
     e( 32 - 32) =      5.29290  eV     1   --> A              
     e( 33 - 33) =      5.59671  eV     1   --> A              
     e( 34 - 34) =      5.82300  eV     1   --> A              
     e( 35 - 35) =      6.38266  eV     1   --> A              

 **************************************************************************

 **************************************************************************

                    xk=(   0.44000,   0.25403,   0.00000  )

     Band symmetry, C_1 (1)     point group:

     e(  1 -  1) =    -77.85310  eV     1   --> A              
     e(  2 -  2) =    -49.42617  eV     1   --> A              
     e(  3 -  3) =    -49.15357  eV     1   --> A              
     e(  4 -  4) =    -49.04816  eV     1   --> A              
     e(  5 -  5) =    -22.32483  eV     1   --> A              
     e(  6 -  6) =    -22.30392  eV     1   --> A              
     e(  7 -  7) =    -20.66256  eV     1   --> A              
     e(  8 -  8) =    -20.09300  eV     1   --> A              
     e(  9 -  9) =    -15.71788  eV     1   --> A              
     e( 10 - 10) =    -15.51437  eV     1   --> A              
     e( 11 - 11) =    -12.63493  eV     1   --> A              
     e( 12 - 12) =    -11.89970  eV     1   --> A              
     e( 13 - 13) =    -11.38067  eV     1   --> A              
     e( 14 - 14) =    -10.62813  eV     1   --> A              
     e( 15 - 15) =    -10.58664  eV     1   --> A              
     e( 16 - 16) =     -9.82805  eV     1   --> A              
     e( 17 - 17) =     -9.12404  eV     1   --> A              
     e( 18 - 18) =     -8.48094  eV     1   --> A              
     e( 19 - 19) =     -8.02452  eV     1   --> A              
     e( 20 - 20) =     -7.52640  eV     1   --> A              
     e( 21 - 21) =     -6.58905  eV     1   --> A              
     e( 22 - 22) =     -4.18628  eV     1   --> A              
     e( 23 - 23) =     -3.97123  eV     1   --> A              
     e( 24 - 24) =     -2.96905  eV     1   --> A              
     e( 25 - 25) =     -2.30067  eV     1   --> A              
     e( 26 - 26) =     -2.03621  eV     1   --> A              
     e( 27 - 27) =     -1.58052  eV     1   --> A              
     e( 28 - 28) =      1.71220  eV     1   --> A              
     e( 29 - 29) =      2.30840  eV     1   --> A              
     e( 30 - 30) =      3.70255  eV     1   --> A              
     e( 31 - 31) =      4.46511  eV     1   --> A              
     e( 32 - 32) =      5.27511  eV     1   --> A              
     e( 33 - 33) =      5.60022  eV     1   --> A              
     e( 34 - 34) =      5.82975  eV     1   --> A              
     e( 35 - 35) =      6.38372  eV     1   --> A              

 **************************************************************************

 **************************************************************************

                    xk=(   0.43500,   0.25115,   0.00000  )

     Band symmetry, C_1 (1)     point group:

     e(  1 -  1) =    -77.85341  eV     1   --> A              
     e(  2 -  2) =    -49.42402  eV     1   --> A              
     e(  3 -  3) =    -49.15308  eV     1   --> A              
     e(  4 -  4) =    -49.04858  eV     1   --> A              
     e(  5 -  5) =    -22.35700  eV     1   --> A              
     e(  6 -  6) =    -22.33506  eV     1   --> A              
     e(  7 -  7) =    -20.66806  eV     1   --> A              
     e(  8 -  8) =    -20.09183  eV     1   --> A              
     e(  9 -  9) =    -15.68004  eV     1   --> A              
     e( 10 - 10) =    -15.47619  eV     1   --> A              
     e( 11 - 11) =    -12.64236  eV     1   --> A              
     e( 12 - 12) =    -11.88118  eV     1   --> A              
     e( 13 - 13) =    -11.37252  eV     1   --> A              
     e( 14 - 14) =    -10.62052  eV     1   --> A              
     e( 15 - 15) =    -10.57929  eV     1   --> A              
     e( 16 - 16) =     -9.82212  eV     1   --> A              
     e( 17 - 17) =     -9.11668  eV     1   --> A              
     e( 18 - 18) =     -8.49538  eV     1   --> A              
     e( 19 - 19) =     -8.02447  eV     1   --> A              
     e( 20 - 20) =     -7.53607  eV     1   --> A              
     e( 21 - 21) =     -6.59200  eV     1   --> A              
     e( 22 - 22) =     -4.18056  eV     1   --> A              
     e( 23 - 23) =     -3.96726  eV     1   --> A              
     e( 24 - 24) =     -2.96004  eV     1   --> A              
     e( 25 - 25) =     -2.27230  eV     1   --> A              
     e( 26 - 26) =     -2.04068  eV     1   --> A              
     e( 27 - 27) =     -1.57171  eV     1   --> A              
     e( 28 - 28) =      1.72580  eV     1   --> A              
     e( 29 - 29) =      2.32291  eV     1   --> A              
     e( 30 - 30) =      3.69574  eV     1   --> A              
     e( 31 - 31) =      4.43855  eV     1   --> A              
     e( 32 - 32) =      5.25689  eV     1   --> A              
     e( 33 - 33) =      5.60390  eV     1   --> A              
     e( 34 - 34) =      5.83695  eV     1   --> A              
     e( 35 - 35) =      6.38478  eV     1   --> A              

 **************************************************************************

 **************************************************************************

                    xk=(   0.43000,   0.24826,   0.00000  )

     Band symmetry, C_1 (1)     point group:

     e(  1 -  1) =    -77.85374  eV     1   --> A              
     e(  2 -  2) =    -49.42170  eV     1   --> A              
     e(  3 -  3) =    -49.15255  eV     1   --> A              
     e(  4 -  4) =    -49.04903  eV     1   --> A              
     e(  5 -  5) =    -22.39094  eV     1   --> A              
     e(  6 -  6) =    -22.36794  eV     1   --> A              
     e(  7 -  7) =    -20.67438  eV     1   --> A              
     e(  8 -  8) =    -20.09097  eV     1   --> A              
     e(  9 -  9) =    -15.63954  eV     1   --> A              
     e( 10 - 10) =    -15.43521  eV     1   --> A              
     e( 11 - 11) =    -12.65019  eV     1   --> A              
     e( 12 - 12) =    -11.86168  eV     1   --> A              
     e( 13 - 13) =    -11.36387  eV     1   --> A              
     e( 14 - 14) =    -10.61232  eV     1   --> A              
     e( 15 - 15) =    -10.57137  eV     1   --> A              
     e( 16 - 16) =     -9.81551  eV     1   --> A              
     e( 17 - 17) =     -9.10875  eV     1   --> A              
     e( 18 - 18) =     -8.51045  eV     1   --> A              
     e( 19 - 19) =     -8.02447  eV     1   --> A              
     e( 20 - 20) =     -7.54646  eV     1   --> A              
     e( 21 - 21) =     -6.59508  eV     1   --> A              
     e( 22 - 22) =     -4.17440  eV     1   --> A              
     e( 23 - 23) =     -3.96300  eV     1   --> A              
     e( 24 - 24) =     -2.95098  eV     1   --> A              
     e( 25 - 25) =     -2.24190  eV     1   --> A              
     e( 26 - 26) =     -2.04551  eV     1   --> A              
     e( 27 - 27) =     -1.56174  eV     1   --> A              
     e( 28 - 28) =      1.74043  eV     1   --> A              
     e( 29 - 29) =      2.33840  eV     1   --> A              
     e( 30 - 30) =      3.68811  eV     1   --> A              
     e( 31 - 31) =      4.40997  eV     1   --> A              
     e( 32 - 32) =      5.23844  eV     1   --> A              
     e( 33 - 33) =      5.60775  eV     1   --> A              
     e( 34 - 34) =      5.84456  eV     1   --> A              
     e( 35 - 35) =      6.38580  eV     1   --> A              

 **************************************************************************

 **************************************************************************

                    xk=(   0.42500,   0.24537,   0.00000  )

     Band symmetry, C_1 (1)     point group:

     e(  1 -  1) =    -77.85410  eV     1   --> A              
     e(  2 -  2) =    -49.41923  eV     1   --> A              
     e(  3 -  3) =    -49.15198  eV     1   --> A              
     e(  4 -  4) =    -49.04952  eV     1   --> A              
     e(  5 -  5) =    -22.42652  eV     1   --> A              
     e(  6 -  6) =    -22.40247  eV     1   --> A              
     e(  7 -  7) =    -20.68156  eV     1   --> A              
     e(  8 -  8) =    -20.09050  eV     1   --> A              
     e(  9 -  9) =    -15.59644  eV     1   --> A              
     e( 10 - 10) =    -15.39151  eV     1   --> A              
     e( 11 - 11) =    -12.65842  eV     1   --> A              
     e( 12 - 12) =    -11.84131  eV     1   --> A              
     e( 13 - 13) =    -11.35474  eV     1   --> A              
     e( 14 - 14) =    -10.60354  eV     1   --> A              
     e( 15 - 15) =    -10.56289  eV     1   --> A              
     e( 16 - 16) =     -9.80818  eV     1   --> A              
     e( 17 - 17) =     -9.10025  eV     1   --> A              
     e( 18 - 18) =     -8.52608  eV     1   --> A              
     e( 19 - 19) =     -8.02451  eV     1   --> A              
     e( 20 - 20) =     -7.55756  eV     1   --> A              
     e( 21 - 21) =     -6.59825  eV     1   --> A              
     e( 22 - 22) =     -4.16779  eV     1   --> A              
     e( 23 - 23) =     -3.95845  eV     1   --> A              
     e( 24 - 24) =     -2.94201  eV     1   --> A              
     e( 25 - 25) =     -2.20953  eV     1   --> A              
     e( 26 - 26) =     -2.05072  eV     1   --> A              
     e( 27 - 27) =     -1.55054  eV     1   --> A              
     e( 28 - 28) =      1.75606  eV     1   --> A              
     e( 29 - 29) =      2.35482  eV     1   --> A              
     e( 30 - 30) =      3.67962  eV     1   --> A              
     e( 31 - 31) =      4.37943  eV     1   --> A              
     e( 32 - 32) =      5.21999  eV     1   --> A              
     e( 33 - 33) =      5.61176  eV     1   --> A              
     e( 34 - 34) =      5.85254  eV     1   --> A              
     e( 35 - 35) =      6.38677  eV     1   --> A              

 **************************************************************************

 **************************************************************************

                    xk=(   0.42000,   0.24249,   0.00000  )

     Band symmetry, C_1 (1)     point group:

     e(  1 -  1) =    -77.85448  eV     1   --> A              
     e(  2 -  2) =    -49.41659  eV     1   --> A              
     e(  3 -  3) =    -49.15137  eV     1   --> A              
     e(  4 -  4) =    -49.05003  eV     1   --> A              
     e(  5 -  5) =    -22.46362  eV     1   --> A              
     e(  6 -  6) =    -22.43850  eV     1   --> A              
     e(  7 -  7) =    -20.68963  eV     1   --> A              
     e(  8 -  8) =    -20.09046  eV     1   --> A              
     e(  9 -  9) =    -15.55085  eV     1   --> A              
     e( 10 - 10) =    -15.34515  eV     1   --> A              
     e( 11 - 11) =    -12.66702  eV     1   --> A              
     e( 12 - 12) =    -11.82015  eV     1   --> A              
     e( 13 - 13) =    -11.34514  eV     1   --> A              
     e( 14 - 14) =    -10.59417  eV     1   --> A              
     e( 15 - 15) =    -10.55385  eV     1   --> A              
     e( 16 - 16) =     -9.80008  eV     1   --> A              
     e( 17 - 17) =     -9.09119  eV     1   --> A              
     e( 18 - 18) =     -8.54218  eV     1   --> A              
     e( 19 - 19) =     -8.02458  eV     1   --> A              
     e( 20 - 20) =     -7.56934  eV     1   --> A              
     e( 21 - 21) =     -6.60149  eV     1   --> A              
     e( 22 - 22) =     -4.16074  eV     1   --> A              
     e( 23 - 23) =     -3.95363  eV     1   --> A              
     e( 24 - 24) =     -2.93324  eV     1   --> A              
     e( 25 - 25) =     -2.17525  eV     1   --> A              
     e( 26 - 26) =     -2.05629  eV     1   --> A              
     e( 27 - 27) =     -1.53799  eV     1   --> A              
     e( 28 - 28) =      1.77267  eV     1   --> A              
     e( 29 - 29) =      2.37212  eV     1   --> A              
     e( 30 - 30) =      3.67024  eV     1   --> A              
     e( 31 - 31) =      4.34701  eV     1   --> A              
     e( 32 - 32) =      5.20174  eV     1   --> A              
     e( 33 - 33) =      5.61596  eV     1   --> A              
     e( 34 - 34) =      5.86086  eV     1   --> A              
     e( 35 - 35) =      6.38763  eV     1   --> A              

 **************************************************************************

 **************************************************************************

                    xk=(   0.41500,   0.23960,   0.00000  )

     Band symmetry, C_1 (1)     point group:

     e(  1 -  1) =    -77.85489  eV     1   --> A              
     e(  2 -  2) =    -49.41380  eV     1   --> A              
     e(  3 -  3) =    -49.15073  eV     1   --> A              
     e(  4 -  4) =    -49.05058  eV     1   --> A              
     e(  5 -  5) =    -22.50211  eV     1   --> A              
     e(  6 -  6) =    -22.47592  eV     1   --> A              
     e(  7 -  7) =    -20.69862  eV     1   --> A              
     e(  8 -  8) =    -20.09088  eV     1   --> A              
     e(  9 -  9) =    -15.50284  eV     1   --> A              
     e( 10 - 10) =    -15.29618  eV     1   --> A              
     e( 11 - 11) =    -12.67597  eV     1   --> A              
     e( 12 - 12) =    -11.79831  eV     1   --> A              
     e( 13 - 13) =    -11.33507  eV     1   --> A              
     e( 14 - 14) =    -10.58422  eV     1   --> A              
     e( 15 - 15) =    -10.54424  eV     1   --> A              
     e( 16 - 16) =     -9.79116  eV     1   --> A              
     e( 17 - 17) =     -9.08156  eV     1   --> A              
     e( 18 - 18) =     -8.55867  eV     1   --> A              
     e( 19 - 19) =     -8.02465  eV     1   --> A              
     e( 20 - 20) =     -7.58180  eV     1   --> A              
     e( 21 - 21) =     -6.60475  eV     1   --> A              
     e( 22 - 22) =     -4.15325  eV     1   --> A              
     e( 23 - 23) =     -3.94854  eV     1   --> A              
     e( 24 - 24) =     -2.92483  eV     1   --> A              
     e( 25 - 25) =     -2.13911  eV     1   --> A              
     e( 26 - 26) =     -2.06222  eV     1   --> A              
     e( 27 - 27) =     -1.52402  eV     1   --> A              
     e( 28 - 28) =      1.79023  eV     1   --> A              
     e( 29 - 29) =      2.39024  eV     1   --> A              
     e( 30 - 30) =      3.65992  eV     1   --> A              
     e( 31 - 31) =      4.31278  eV     1   --> A              
     e( 32 - 32) =      5.18388  eV     1   --> A              
     e( 33 - 33) =      5.62036  eV     1   --> A              
     e( 34 - 34) =      5.86947  eV     1   --> A              
     e( 35 - 35) =      6.38839  eV     1   --> A              

 **************************************************************************

 **************************************************************************

                    xk=(   0.41000,   0.23671,   0.00000  )

     Band symmetry, C_1 (1)     point group:

     e(  1 -  1) =    -77.85531  eV     1   --> A              
     e(  2 -  2) =    -49.41086  eV     1   --> A              
     e(  3 -  3) =    -49.15005  eV     1   --> A              
     e(  4 -  4) =    -49.05115  eV     1   --> A              
     e(  5 -  5) =    -22.54186  eV     1   --> A              
     e(  6 -  6) =    -22.51461  eV     1   --> A              
     e(  7 -  7) =    -20.70855  eV     1   --> A              
     e(  8 -  8) =    -20.09183  eV     1   --> A              
     e(  9 -  9) =    -15.45250  eV     1   --> A              
     e( 10 - 10) =    -15.24468  eV     1   --> A              
     e( 11 - 11) =    -12.68526  eV     1   --> A              
     e( 12 - 12) =    -11.77591  eV     1   --> A              
     e( 13 - 13) =    -11.32453  eV     1   --> A              
     e( 14 - 14) =    -10.57370  eV     1   --> A              
     e( 15 - 15) =    -10.53409  eV     1   --> A              
     e( 16 - 16) =     -9.78138  eV     1   --> A              
     e( 17 - 17) =     -9.07138  eV     1   --> A              
     e( 18 - 18) =     -8.57550  eV     1   --> A              
     e( 19 - 19) =     -8.02471  eV     1   --> A              
     e( 20 - 20) =     -7.59493  eV     1   --> A              
     e( 21 - 21) =     -6.60799  eV     1   --> A              
     e( 22 - 22) =     -4.14531  eV     1   --> A              
     e( 23 - 23) =     -3.94320  eV     1   --> A              
     e( 24 - 24) =     -2.91688  eV     1   --> A              
     e( 25 - 25) =     -2.10119  eV     1   --> A              
     e( 26 - 26) =     -2.06853  eV     1   --> A              
     e( 27 - 27) =     -1.50853  eV     1   --> A              
     e( 28 - 28) =      1.80871  eV     1   --> A              
     e( 29 - 29) =      2.40912  eV     1   --> A              
     e( 30 - 30) =      3.64863  eV     1   --> A              
     e( 31 - 31) =      4.27684  eV     1   --> A              
     e( 32 - 32) =      5.16659  eV     1   --> A              
     e( 33 - 33) =      5.62499  eV     1   --> A              
     e( 34 - 34) =      5.87832  eV     1   --> A              
     e( 35 - 35) =      6.38897  eV     1   --> A              

 **************************************************************************

 **************************************************************************

                    xk=(   0.40500,   0.23383,   0.00000  )

     Band symmetry, C_1 (1)     point group:

     e(  1 -  1) =    -77.85576  eV     1   --> A              
     e(  2 -  2) =    -49.40777  eV     1   --> A              
     e(  3 -  3) =    -49.14934  eV     1   --> A              
     e(  4 -  4) =    -49.05176  eV     1   --> A              
     e(  5 -  5) =    -22.58277  eV     1   --> A              
     e(  6 -  6) =    -22.55446  eV     1   --> A              
     e(  7 -  7) =    -20.71944  eV     1   --> A              
     e(  8 -  8) =    -20.09331  eV     1   --> A              
     e(  9 -  9) =    -15.39995  eV     1   --> A              
     e( 10 - 10) =    -15.19072  eV     1   --> A              
     e( 11 - 11) =    -12.69486  eV     1   --> A              
     e( 12 - 12) =    -11.75307  eV     1   --> A              
     e( 13 - 13) =    -11.31352  eV     1   --> A              
     e( 14 - 14) =    -10.56262  eV     1   --> A              
     e( 15 - 15) =    -10.52339  eV     1   --> A              
     e( 16 - 16) =     -9.77071  eV     1   --> A              
     e( 17 - 17) =     -9.06066  eV     1   --> A              
     e( 18 - 18) =     -8.59260  eV     1   --> A              
     e( 19 - 19) =     -8.02475  eV     1   --> A              
     e( 20 - 20) =     -7.60869  eV     1   --> A              
     e( 21 - 21) =     -6.61117  eV     1   --> A              
     e( 22 - 22) =     -4.13695  eV     1   --> A              
     e( 23 - 23) =     -3.93762  eV     1   --> A              
     e( 24 - 24) =     -2.90953  eV     1   --> A              
     e( 25 - 25) =     -2.07521  eV     1   --> A              
     e( 26 - 26) =     -2.06154  eV     1   --> A              
     e( 27 - 27) =     -1.49143  eV     1   --> A              
     e( 28 - 28) =      1.82808  eV     1   --> A              
     e( 29 - 29) =      2.42868  eV     1   --> A              
     e( 30 - 30) =      3.63637  eV     1   --> A              
     e( 31 - 31) =      4.23930  eV     1   --> A              
     e( 32 - 32) =      5.15004  eV     1   --> A              
     e( 33 - 33) =      5.62985  eV     1   --> A              
     e( 34 - 34) =      5.88734  eV     1   --> A              
     e( 35 - 35) =      6.38934  eV     1   --> A              

 **************************************************************************

 **************************************************************************

                    xk=(   0.40000,   0.23094,   0.00000  )

     Band symmetry, C_1 (1)     point group:

     e(  1 -  1) =    -77.85623  eV     1   --> A              
     e(  2 -  2) =    -49.40453  eV     1   --> A              
     e(  3 -  3) =    -49.14860  eV     1   --> A              
     e(  4 -  4) =    -49.05239  eV     1   --> A              
     e(  5 -  5) =    -22.62471  eV     1   --> A              
     e(  6 -  6) =    -22.59536  eV     1   --> A              
     e(  7 -  7) =    -20.73129  eV     1   --> A              
     e(  8 -  8) =    -20.09537  eV     1   --> A              
     e(  9 -  9) =    -15.34528  eV     1   --> A              
     e( 10 - 10) =    -15.13436  eV     1   --> A              
     e( 11 - 11) =    -12.70475  eV     1   --> A              
     e( 12 - 12) =    -11.72994  eV     1   --> A              
     e( 13 - 13) =    -11.30199  eV     1   --> A              
     e( 14 - 14) =    -10.55097  eV     1   --> A              
     e( 15 - 15) =    -10.51216  eV     1   --> A              
     e( 16 - 16) =     -9.75910  eV     1   --> A              
     e( 17 - 17) =     -9.04939  eV     1   --> A              
     e( 18 - 18) =     -8.60991  eV     1   --> A              
     e( 19 - 19) =     -8.02473  eV     1   --> A              
     e( 20 - 20) =     -7.62309  eV     1   --> A              
     e( 21 - 21) =     -6.61424  eV     1   --> A              
     e( 22 - 22) =     -4.12815  eV     1   --> A              
     e( 23 - 23) =     -3.93181  eV     1   --> A              
     e( 24 - 24) =     -2.90289  eV     1   --> A              
     e( 25 - 25) =     -2.08227  eV     1   --> A              
     e( 26 - 26) =     -2.02023  eV     1   --> A              
     e( 27 - 27) =     -1.47265  eV     1   --> A              
     e( 28 - 28) =      1.84829  eV     1   --> A              
     e( 29 - 29) =      2.44884  eV     1   --> A              
     e( 30 - 30) =      3.62313  eV     1   --> A              
     e( 31 - 31) =      4.20025  eV     1   --> A              
     e( 32 - 32) =      5.13437  eV     1   --> A              
     e( 33 - 33) =      5.63498  eV     1   --> A              
     e( 34 - 34) =      5.89648  eV     1   --> A              
     e( 35 - 35) =      6.38946  eV     1   --> A              

 **************************************************************************

 **************************************************************************

                    xk=(   0.39500,   0.22805,   0.00000  )

     Band symmetry, C_1 (1)     point group:

     e(  1 -  1) =    -77.85672  eV     1   --> A              
     e(  2 -  2) =    -49.40114  eV     1   --> A              
     e(  3 -  3) =    -49.14782  eV     1   --> A              
     e(  4 -  4) =    -49.05305  eV     1   --> A              
     e(  5 -  5) =    -22.66759  eV     1   --> A              
     e(  6 -  6) =    -22.63722  eV     1   --> A              
     e(  7 -  7) =    -20.74410  eV     1   --> A              
     e(  8 -  8) =    -20.09803  eV     1   --> A              
     e(  9 -  9) =    -15.28860  eV     1   --> A              
     e( 10 - 10) =    -15.07567  eV     1   --> A              
     e( 11 - 11) =    -12.71492  eV     1   --> A              
     e( 12 - 12) =    -11.70665  eV     1   --> A              
     e( 13 - 13) =    -11.28990  eV     1   --> A              
     e( 14 - 14) =    -10.53877  eV     1   --> A              
     e( 15 - 15) =    -10.50039  eV     1   --> A              
     e( 16 - 16) =     -9.74651  eV     1   --> A              
     e( 17 - 17) =     -9.03758  eV     1   --> A              
     e( 18 - 18) =     -8.62737  eV     1   --> A              
     e( 19 - 19) =     -8.02464  eV     1   --> A              
     e( 20 - 20) =     -7.63808  eV     1   --> A              
     e( 21 - 21) =     -6.61715  eV     1   --> A              
     e( 22 - 22) =     -4.11893  eV     1   --> A              
     e( 23 - 23) =     -3.92578  eV     1   --> A              
     e( 24 - 24) =     -2.89706  eV     1   --> A              
     e( 25 - 25) =     -2.08970  eV     1   --> A              
     e( 26 - 26) =     -1.97733  eV     1   --> A              
     e( 27 - 27) =     -1.45212  eV     1   --> A              
     e( 28 - 28) =      1.86929  eV     1   --> A              
     e( 29 - 29) =      2.46951  eV     1   --> A              
     e( 30 - 30) =      3.60894  eV     1   --> A              
     e( 31 - 31) =      4.15983  eV     1   --> A              
     e( 32 - 32) =      5.11971  eV     1   --> A              
     e( 33 - 33) =      5.64040  eV     1   --> A              
     e( 34 - 34) =      5.90570  eV     1   --> A              
     e( 35 - 35) =      6.38928  eV     1   --> A              

 **************************************************************************

 **************************************************************************

                    xk=(   0.39000,   0.22517,   0.00000  )

     Band symmetry, C_1 (1)     point group:

     e(  1 -  1) =    -77.85723  eV     1   --> A              
     e(  2 -  2) =    -49.39761  eV     1   --> A              
     e(  3 -  3) =    -49.14701  eV     1   --> A              
     e(  4 -  4) =    -49.05374  eV     1   --> A              
     e(  5 -  5) =    -22.71131  eV     1   --> A              
     e(  6 -  6) =    -22.67992  eV     1   --> A              
     e(  7 -  7) =    -20.75787  eV     1   --> A              
     e(  8 -  8) =    -20.10129  eV     1   --> A              
     e(  9 -  9) =    -15.23003  eV     1   --> A              
     e( 10 - 10) =    -15.01474  eV     1   --> A              
     e( 11 - 11) =    -12.72532  eV     1   --> A              
     e( 12 - 12) =    -11.68339  eV     1   --> A              
     e( 13 - 13) =    -11.27719  eV     1   --> A              
     e( 14 - 14) =    -10.52603  eV     1   --> A              
     e( 15 - 15) =    -10.48809  eV     1   --> A              
     e( 16 - 16) =     -9.73290  eV     1   --> A              
     e( 17 - 17) =     -9.02524  eV     1   --> A              
     e( 18 - 18) =     -8.64495  eV     1   --> A              
     e( 19 - 19) =     -8.02446  eV     1   --> A              
     e( 20 - 20) =     -7.65367  eV     1   --> A              
     e( 21 - 21) =     -6.61984  eV     1   --> A              
     e( 22 - 22) =     -4.10929  eV     1   --> A              
     e( 23 - 23) =     -3.91955  eV     1   --> A              
     e( 24 - 24) =     -2.89215  eV     1   --> A              
     e( 25 - 25) =     -2.09751  eV     1   --> A              
     e( 26 - 26) =     -1.93292  eV     1   --> A              
     e( 27 - 27) =     -1.42977  eV     1   --> A              
     e( 28 - 28) =      1.89103  eV     1   --> A              
     e( 29 - 29) =      2.49056  eV     1   --> A              
     e( 30 - 30) =      3.59382  eV     1   --> A              
     e( 31 - 31) =      4.11817  eV     1   --> A              
     e( 32 - 32) =      5.10617  eV     1   --> A              
     e( 33 - 33) =      5.64614  eV     1   --> A              
     e( 34 - 34) =      5.91490  eV     1   --> A              
     e( 35 - 35) =      6.38876  eV     1   --> A              

 **************************************************************************

 **************************************************************************

                    xk=(   0.38500,   0.22228,   0.00000  )

     Band symmetry, C_1 (1)     point group:

     e(  1 -  1) =    -77.85776  eV     1   --> A              
     e(  2 -  2) =    -49.39395  eV     1   --> A              
     e(  3 -  3) =    -49.14617  eV     1   --> A              
     e(  4 -  4) =    -49.05445  eV     1   --> A              
     e(  5 -  5) =    -22.75577  eV     1   --> A              
     e(  6 -  6) =    -22.72337  eV     1   --> A              
     e(  7 -  7) =    -20.77258  eV     1   --> A              
     e(  8 -  8) =    -20.10517  eV     1   --> A              
     e(  9 -  9) =    -15.16969  eV     1   --> A              
     e( 10 - 10) =    -14.95163  eV     1   --> A              
     e( 11 - 11) =    -12.73593  eV     1   --> A              
     e( 12 - 12) =    -11.66032  eV     1   --> A              
     e( 13 - 13) =    -11.26377  eV     1   --> A              
     e( 14 - 14) =    -10.51274  eV     1   --> A              
     e( 15 - 15) =    -10.47528  eV     1   --> A              
     e( 16 - 16) =     -9.71824  eV     1   --> A              
     e( 17 - 17) =     -9.01237  eV     1   --> A              
     e( 18 - 18) =     -8.66259  eV     1   --> A              
     e( 19 - 19) =     -8.02415  eV     1   --> A              
     e( 20 - 20) =     -7.66984  eV     1   --> A              
     e( 21 - 21) =     -6.62227  eV     1   --> A              
     e( 22 - 22) =     -4.09923  eV     1   --> A              
     e( 23 - 23) =     -3.91312  eV     1   --> A              
     e( 24 - 24) =     -2.88823  eV     1   --> A              
     e( 25 - 25) =     -2.10569  eV     1   --> A              
     e( 26 - 26) =     -1.88705  eV     1   --> A              
     e( 27 - 27) =     -1.40556  eV     1   --> A              
     e( 28 - 28) =      1.91344  eV     1   --> A              
     e( 29 - 29) =      2.51189  eV     1   --> A              
     e( 30 - 30) =      3.57784  eV     1   --> A              
     e( 31 - 31) =      4.07541  eV     1   --> A              
     e( 32 - 32) =      5.09383  eV     1   --> A              
     e( 33 - 33) =      5.65223  eV     1   --> A              
     e( 34 - 34) =      5.92403  eV     1   --> A              
     e( 35 - 35) =      6.38782  eV     1   --> A              

 **************************************************************************

 **************************************************************************

                    xk=(   0.38000,   0.21939,   0.00000  )

     Band symmetry, C_1 (1)     point group:

     e(  1 -  1) =    -77.85830  eV     1   --> A              
     e(  2 -  2) =    -49.39015  eV     1   --> A              
     e(  3 -  3) =    -49.14529  eV     1   --> A              
     e(  4 -  4) =    -49.05519  eV     1   --> A              
     e(  5 -  5) =    -22.80087  eV     1   --> A              
     e(  6 -  6) =    -22.76749  eV     1   --> A              
     e(  7 -  7) =    -20.78822  eV     1   --> A              
     e(  8 -  8) =    -20.10967  eV     1   --> A              
     e(  9 -  9) =    -15.10770  eV     1   --> A              
     e( 10 - 10) =    -14.88643  eV     1   --> A              
     e( 11 - 11) =    -12.74671  eV     1   --> A              
     e( 12 - 12) =    -11.63766  eV     1   --> A              
     e( 13 - 13) =    -11.24953  eV     1   --> A              
     e( 14 - 14) =    -10.49892  eV     1   --> A              
     e( 15 - 15) =    -10.46195  eV     1   --> A              
     e( 16 - 16) =     -9.70251  eV     1   --> A              
     e( 17 - 17) =     -8.99899  eV     1   --> A              
     e( 18 - 18) =     -8.68026  eV     1   --> A              
     e( 19 - 19) =     -8.02369  eV     1   --> A              
     e( 20 - 20) =     -7.68655  eV     1   --> A              
     e( 21 - 21) =     -6.62437  eV     1   --> A              
     e( 22 - 22) =     -4.08876  eV     1   --> A              
     e( 23 - 23) =     -3.90652  eV     1   --> A              
     e( 24 - 24) =     -2.88537  eV     1   --> A              
     e( 25 - 25) =     -2.11426  eV     1   --> A              
     e( 26 - 26) =     -1.83980  eV     1   --> A              
     e( 27 - 27) =     -1.37945  eV     1   --> A              
     e( 28 - 28) =      1.93645  eV     1   --> A              
     e( 29 - 29) =      2.53335  eV     1   --> A              
     e( 30 - 30) =      3.56110  eV     1   --> A              
     e( 31 - 31) =      4.03169  eV     1   --> A              
     e( 32 - 32) =      5.08275  eV     1   --> A              
     e( 33 - 33) =      5.65869  eV     1   --> A              
     e( 34 - 34) =      5.93300  eV     1   --> A              
     e( 35 - 35) =      6.38641  eV     1   --> A              

 **************************************************************************

 **************************************************************************

                    xk=(   0.37500,   0.21651,   0.00000  )

     Band symmetry, C_1 (1)     point group:

     e(  1 -  1) =    -77.85887  eV     1   --> A              
     e(  2 -  2) =    -49.38622  eV     1   --> A              
     e(  3 -  3) =    -49.14439  eV     1   --> A              
     e(  4 -  4) =    -49.05596  eV     1   --> A              
     e(  5 -  5) =    -22.84654  eV     1   --> A              
     e(  6 -  6) =    -22.81219  eV     1   --> A              
     e(  7 -  7) =    -20.80476  eV     1   --> A              
     e(  8 -  8) =    -20.11479  eV     1   --> A              
     e(  9 -  9) =    -15.04421  eV     1   --> A              
     e( 10 - 10) =    -14.81920  eV     1   --> A              
     e( 11 - 11) =    -12.75760  eV     1   --> A              
     e( 12 - 12) =    -11.61562  eV     1   --> A              
     e( 13 - 13) =    -11.23434  eV     1   --> A              
     e( 14 - 14) =    -10.48458  eV     1   --> A              
     e( 15 - 15) =    -10.44812  eV     1   --> A              
     e( 16 - 16) =     -9.68568  eV     1   --> A              
     e( 17 - 17) =     -8.98509  eV     1   --> A              
     e( 18 - 18) =     -8.69792  eV     1   --> A              
     e( 19 - 19) =     -8.02305  eV     1   --> A              
     e( 20 - 20) =     -7.70380  eV     1   --> A              
     e( 21 - 21) =     -6.62608  eV     1   --> A              
     e( 22 - 22) =     -4.07788  eV     1   --> A              
     e( 23 - 23) =     -3.89975  eV     1   --> A              
     e( 24 - 24) =     -2.88362  eV     1   --> A              
     e( 25 - 25) =     -2.12321  eV     1   --> A              
     e( 26 - 26) =     -1.79123  eV     1   --> A              
     e( 27 - 27) =     -1.35142  eV     1   --> A              
     e( 28 - 28) =      1.96000  eV     1   --> A              
     e( 29 - 29) =      2.55477  eV     1   --> A              
     e( 30 - 30) =      3.54370  eV     1   --> A              
     e( 31 - 31) =      3.98716  eV     1   --> A              
     e( 32 - 32) =      5.07298  eV     1   --> A              
     e( 33 - 33) =      5.66554  eV     1   --> A              
     e( 34 - 34) =      5.94175  eV     1   --> A              
     e( 35 - 35) =      6.38447  eV     1   --> A              

 **************************************************************************

 **************************************************************************

                    xk=(   0.37000,   0.21362,   0.00000  )

     Band symmetry, C_1 (1)     point group:

     e(  1 -  1) =    -77.85946  eV     1   --> A              
     e(  2 -  2) =    -49.38216  eV     1   --> A              
     e(  3 -  3) =    -49.14346  eV     1   --> A              
     e(  4 -  4) =    -49.05675  eV     1   --> A              
     e(  5 -  5) =    -22.89269  eV     1   --> A              
     e(  6 -  6) =    -22.85739  eV     1   --> A              
     e(  7 -  7) =    -20.82219  eV     1   --> A              
     e(  8 -  8) =    -20.12054  eV     1   --> A              
     e(  9 -  9) =    -14.97937  eV     1   --> A              
     e( 10 - 10) =    -14.75002  eV     1   --> A              
     e( 11 - 11) =    -12.76854  eV     1   --> A              
     e( 12 - 12) =    -11.59442  eV     1   --> A              
     e( 13 - 13) =    -11.21806  eV     1   --> A              
     e( 14 - 14) =    -10.46972  eV     1   --> A              
     e( 15 - 15) =    -10.43380  eV     1   --> A              
     e( 16 - 16) =     -9.66774  eV     1   --> A              
     e( 17 - 17) =     -8.97069  eV     1   --> A              
     e( 18 - 18) =     -8.71555  eV     1   --> A              
     e( 19 - 19) =     -8.02221  eV     1   --> A              
     e( 20 - 20) =     -7.72156  eV     1   --> A              
     e( 21 - 21) =     -6.62736  eV     1   --> A              
     e( 22 - 22) =     -4.06661  eV     1   --> A              
     e( 23 - 23) =     -3.89283  eV     1   --> A              
     e( 24 - 24) =     -2.88303  eV     1   --> A              
     e( 25 - 25) =     -2.13254  eV     1   --> A              
     e( 26 - 26) =     -1.74141  eV     1   --> A              
     e( 27 - 27) =     -1.32146  eV     1   --> A              
     e( 28 - 28) =      1.98397  eV     1   --> A              
     e( 29 - 29) =      2.57598  eV     1   --> A              
     e( 30 - 30) =      3.52581  eV     1   --> A              
     e( 31 - 31) =      3.94199  eV     1   --> A              
     e( 32 - 32) =      5.06453  eV     1   --> A              
     e( 33 - 33) =      5.67280  eV     1   --> A              
     e( 34 - 34) =      5.95017  eV     1   --> A              
     e( 35 - 35) =      6.38192  eV     1   --> A              

 **************************************************************************

 **************************************************************************

                    xk=(   0.36500,   0.21073,   0.00000  )

     Band symmetry, C_1 (1)     point group:

     e(  1 -  1) =    -77.86006  eV     1   --> A              
     e(  2 -  2) =    -49.37798  eV     1   --> A              
     e(  3 -  3) =    -49.14250  eV     1   --> A              
     e(  4 -  4) =    -49.05756  eV     1   --> A              
     e(  5 -  5) =    -22.93924  eV     1   --> A              
     e(  6 -  6) =    -22.90301  eV     1   --> A              
     e(  7 -  7) =    -20.84047  eV     1   --> A              
     e(  8 -  8) =    -20.12689  eV     1   --> A              
     e(  9 -  9) =    -14.91332  eV     1   --> A              
     e( 10 - 10) =    -14.67897  eV     1   --> A              
     e( 11 - 11) =    -12.77945  eV     1   --> A              
     e( 12 - 12) =    -11.57429  eV     1   --> A              
     e( 13 - 13) =    -11.20055  eV     1   --> A              
     e( 14 - 14) =    -10.45435  eV     1   --> A              
     e( 15 - 15) =    -10.41899  eV     1   --> A              
     e( 16 - 16) =     -9.64868  eV     1   --> A              
     e( 17 - 17) =     -8.95579  eV     1   --> A              
     e( 18 - 18) =     -8.73312  eV     1   --> A              
     e( 19 - 19) =     -8.02115  eV     1   --> A              
     e( 20 - 20) =     -7.73981  eV     1   --> A              
     e( 21 - 21) =     -6.62812  eV     1   --> A              
     e( 22 - 22) =     -4.05495  eV     1   --> A              
     e( 23 - 23) =     -3.88578  eV     1   --> A              
     e( 24 - 24) =     -2.88362  eV     1   --> A              
     e( 25 - 25) =     -2.14226  eV     1   --> A              
     e( 26 - 26) =     -1.69042  eV     1   --> A              
     e( 27 - 27) =     -1.28957  eV     1   --> A              
     e( 28 - 28) =      2.00829  eV     1   --> A              
     e( 29 - 29) =      2.59676  eV     1   --> A              
     e( 30 - 30) =      3.50759  eV     1   --> A              
     e( 31 - 31) =      3.89631  eV     1   --> A              
     e( 32 - 32) =      5.05739  eV     1   --> A              
     e( 33 - 33) =      5.68047  eV     1   --> A              
     e( 34 - 34) =      5.95818  eV     1   --> A              
     e( 35 - 35) =      6.37870  eV     1   --> A              

 **************************************************************************

 **************************************************************************

                    xk=(   0.36000,   0.20785,   0.00000  )

     Band symmetry, C_1 (1)     point group:

     e(  1 -  1) =    -77.86068  eV     1   --> A              
     e(  2 -  2) =    -49.37367  eV     1   --> A              
     e(  3 -  3) =    -49.14152  eV     1   --> A              
     e(  4 -  4) =    -49.05840  eV     1   --> A              
     e(  5 -  5) =    -22.98613  eV     1   --> A              
     e(  6 -  6) =    -22.94898  eV     1   --> A              
     e(  7 -  7) =    -20.85957  eV     1   --> A              
     e(  8 -  8) =    -20.13384  eV     1   --> A              
     e(  9 -  9) =    -14.84625  eV     1   --> A              
     e( 10 - 10) =    -14.60612  eV     1   --> A              
     e( 11 - 11) =    -12.79025  eV     1   --> A              
     e( 12 - 12) =    -11.55544  eV     1   --> A              
     e( 13 - 13) =    -11.18164  eV     1   --> A              
     e( 14 - 14) =    -10.43848  eV     1   --> A              
     e( 15 - 15) =    -10.40370  eV     1   --> A              
     e( 16 - 16) =     -9.62850  eV     1   --> A              
     e( 17 - 17) =     -8.94041  eV     1   --> A              
     e( 18 - 18) =     -8.75060  eV     1   --> A              
     e( 19 - 19) =     -8.01983  eV     1   --> A              
     e( 20 - 20) =     -7.75852  eV     1   --> A              
     e( 21 - 21) =     -6.62833  eV     1   --> A              
     e( 22 - 22) =     -4.04290  eV     1   --> A              
     e( 23 - 23) =     -3.87860  eV     1   --> A              
     e( 24 - 24) =     -2.88541  eV     1   --> A              
     e( 25 - 25) =     -2.15235  eV     1   --> A              
     e( 26 - 26) =     -1.63831  eV     1   --> A              
     e( 27 - 27) =     -1.25578  eV     1   --> A              
     e( 28 - 28) =      2.03282  eV     1   --> A              
     e( 29 - 29) =      2.61686  eV     1   --> A              
     e( 30 - 30) =      3.48928  eV     1   --> A              
     e( 31 - 31) =      3.85030  eV     1   --> A              
     e( 32 - 32) =      5.05153  eV     1   --> A              
     e( 33 - 33) =      5.68856  eV     1   --> A              
     e( 34 - 34) =      5.96568  eV     1   --> A              
     e( 35 - 35) =      6.37473  eV     1   --> A              

 **************************************************************************

 **************************************************************************

                    xk=(   0.35500,   0.20496,   0.00000  )

     Band symmetry, C_1 (1)     point group:

     e(  1 -  1) =    -77.86131  eV     1   --> A              
     e(  2 -  2) =    -49.36926  eV     1   --> A              
     e(  3 -  3) =    -49.14050  eV     1   --> A              
     e(  4 -  4) =    -49.05926  eV     1   --> A              
     e(  5 -  5) =    -23.03329  eV     1   --> A              
     e(  6 -  6) =    -22.99522  eV     1   --> A              
     e(  7 -  7) =    -20.87946  eV     1   --> A              
     e(  8 -  8) =    -20.14138  eV     1   --> A              
     e(  9 -  9) =    -14.77834  eV     1   --> A              
     e( 10 - 10) =    -14.53156  eV     1   --> A              
     e( 11 - 11) =    -12.80081  eV     1   --> A              
     e( 12 - 12) =    -11.53807  eV     1   --> A              
     e( 13 - 13) =    -11.16122  eV     1   --> A              
     e( 14 - 14) =    -10.42213  eV     1   --> A              
     e( 15 - 15) =    -10.38794  eV     1   --> A              
     e( 16 - 16) =     -9.60720  eV     1   --> A              
     e( 17 - 17) =     -8.92455  eV     1   --> A              
     e( 18 - 18) =     -8.76799  eV     1   --> A              
     e( 19 - 19) =     -8.01824  eV     1   --> A              
     e( 20 - 20) =     -7.77768  eV     1   --> A              
     e( 21 - 21) =     -6.62792  eV     1   --> A              
     e( 22 - 22) =     -4.03047  eV     1   --> A              
     e( 23 - 23) =     -3.87131  eV     1   --> A              
     e( 24 - 24) =     -2.88838  eV     1   --> A              
     e( 25 - 25) =     -2.16283  eV     1   --> A              
     e( 26 - 26) =     -1.58515  eV     1   --> A              
     e( 27 - 27) =     -1.22011  eV     1   --> A              
     e( 28 - 28) =      2.05746  eV     1   --> A              
     e( 29 - 29) =      2.63601  eV     1   --> A              
     e( 30 - 30) =      3.47114  eV     1   --> A              
     e( 31 - 31) =      3.80414  eV     1   --> A              
     e( 32 - 32) =      5.04691  eV     1   --> A              
     e( 33 - 33) =      5.69708  eV     1   --> A              
     e( 34 - 34) =      5.97258  eV     1   --> A              
     e( 35 - 35) =      6.36992  eV     1   --> A              

 **************************************************************************

 **************************************************************************

                    xk=(   0.35000,   0.20207,   0.00000  )

     Band symmetry, C_1 (1)     point group:

     e(  1 -  1) =    -77.86196  eV     1   --> A              
     e(  2 -  2) =    -49.36473  eV     1   --> A              
     e(  3 -  3) =    -49.13947  eV     1   --> A              
     e(  4 -  4) =    -49.06014  eV     1   --> A              
     e(  5 -  5) =    -23.08064  eV     1   --> A              
     e(  6 -  6) =    -23.04169  eV     1   --> A              
     e(  7 -  7) =    -20.90011  eV     1   --> A              
     e(  8 -  8) =    -20.14949  eV     1   --> A              
     e(  9 -  9) =    -14.70979  eV     1   --> A              
     e( 10 - 10) =    -14.45535  eV     1   --> A              
     e( 11 - 11) =    -12.81101  eV     1   --> A              
     e( 12 - 12) =    -11.52233  eV     1   --> A              
     e( 13 - 13) =    -11.13918  eV     1   --> A              
     e( 14 - 14) =    -10.40529  eV     1   --> A              
     e( 15 - 15) =    -10.37173  eV     1   --> A              
     e( 16 - 16) =     -9.58480  eV     1   --> A              
     e( 17 - 17) =     -8.90822  eV     1   --> A              
     e( 18 - 18) =     -8.78526  eV     1   --> A              
     e( 19 - 19) =     -8.01636  eV     1   --> A              
     e( 20 - 20) =     -7.79728  eV     1   --> A              
     e( 21 - 21) =     -6.62682  eV     1   --> A              
     e( 22 - 22) =     -4.01769  eV     1   --> A              
     e( 23 - 23) =     -3.86392  eV     1   --> A              
     e( 24 - 24) =     -2.89253  eV     1   --> A              
     e( 25 - 25) =     -2.17370  eV     1   --> A              
     e( 26 - 26) =     -1.53100  eV     1   --> A              
     e( 27 - 27) =     -1.18260  eV     1   --> A              
     e( 28 - 28) =      2.08205  eV     1   --> A              
     e( 29 - 29) =      2.65391  eV     1   --> A              
     e( 30 - 30) =      3.45347  eV     1   --> A              
     e( 31 - 31) =      3.75800  eV     1   --> A              
     e( 32 - 32) =      5.04345  eV     1   --> A              
     e( 33 - 33) =      5.70600  eV     1   --> A              
     e( 34 - 34) =      5.97875  eV     1   --> A              
     e( 35 - 35) =      6.36419  eV     1   --> A              

 **************************************************************************

 **************************************************************************

                    xk=(   0.34500,   0.19919,   0.00000  )

     Band symmetry, C_1 (1)     point group:

     e(  1 -  1) =    -77.86263  eV     1   --> A              
     e(  2 -  2) =    -49.36009  eV     1   --> A              
     e(  3 -  3) =    -49.13841  eV     1   --> A              
     e(  4 -  4) =    -49.06103  eV     1   --> A              
     e(  5 -  5) =    -23.12813  eV     1   --> A              
     e(  6 -  6) =    -23.08830  eV     1   --> A              
     e(  7 -  7) =    -20.92147  eV     1   --> A              
     e(  8 -  8) =    -20.15815  eV     1   --> A              
     e(  9 -  9) =    -14.64085  eV     1   --> A              
     e( 10 - 10) =    -14.37757  eV     1   --> A              
     e( 11 - 11) =    -12.82069  eV     1   --> A              
     e( 12 - 12) =    -11.50833  eV     1   --> A              
     e( 13 - 13) =    -11.11545  eV     1   --> A              
     e( 14 - 14) =    -10.38798  eV     1   --> A              
     e( 15 - 15) =    -10.35506  eV     1   --> A              
     e( 16 - 16) =     -9.56133  eV     1   --> A              
     e( 17 - 17) =     -8.89142  eV     1   --> A              
     e( 18 - 18) =     -8.80240  eV     1   --> A              
     e( 19 - 19) =     -8.01415  eV     1   --> A              
     e( 20 - 20) =     -7.81726  eV     1   --> A              
     e( 21 - 21) =     -6.62499  eV     1   --> A              
     e( 22 - 22) =     -4.00453  eV     1   --> A              
     e( 23 - 23) =     -3.85644  eV     1   --> A              
     e( 24 - 24) =     -2.89783  eV     1   --> A              
     e( 25 - 25) =     -2.18494  eV     1   --> A              
     e( 26 - 26) =     -1.47593  eV     1   --> A              
     e( 27 - 27) =     -1.14332  eV     1   --> A              
     e( 28 - 28) =      2.10644  eV     1   --> A              
     e( 29 - 29) =      2.67019  eV     1   --> A              
     e( 30 - 30) =      3.43657  eV     1   --> A              
     e( 31 - 31) =      3.71210  eV     1   --> A              
     e( 32 - 32) =      5.04104  eV     1   --> A              
     e( 33 - 33) =      5.71529  eV     1   --> A              
     e( 34 - 34) =      5.98410  eV     1   --> A              
     e( 35 - 35) =      6.35745  eV     1   --> A              

 **************************************************************************

 **************************************************************************

                    xk=(   0.34000,   0.19630,   0.00000  )

     Band symmetry, C_1 (1)     point group:

     e(  1 -  1) =    -77.86331  eV     1   --> A              
     e(  2 -  2) =    -49.35536  eV     1   --> A              
     e(  3 -  3) =    -49.13732  eV     1   --> A              
     e(  4 -  4) =    -49.06195  eV     1   --> A              
     e(  5 -  5) =    -23.17570  eV     1   --> A              
     e(  6 -  6) =    -23.13502  eV     1   --> A              
     e(  7 -  7) =    -20.94350  eV     1   --> A              
     e(  8 -  8) =    -20.16733  eV     1   --> A              
     e(  9 -  9) =    -14.57177  eV     1   --> A              
     e( 10 - 10) =    -14.29830  eV     1   --> A              
     e( 11 - 11) =    -12.82964  eV     1   --> A              
     e( 12 - 12) =    -11.49613  eV     1   --> A              
     e( 13 - 13) =    -11.09003  eV     1   --> A              
     e( 14 - 14) =    -10.37022  eV     1   --> A              
     e( 15 - 15) =    -10.33796  eV     1   --> A              
     e( 16 - 16) =     -9.53683  eV     1   --> A              
     e( 17 - 17) =     -8.87418  eV     1   --> A              
     e( 18 - 18) =     -8.81940  eV     1   --> A              
     e( 19 - 19) =     -8.01161  eV     1   --> A              
     e( 20 - 20) =     -7.83762  eV     1   --> A              
     e( 21 - 21) =     -6.62238  eV     1   --> A              
     e( 22 - 22) =     -3.99103  eV     1   --> A              
     e( 23 - 23) =     -3.84889  eV     1   --> A              
     e( 24 - 24) =     -2.90424  eV     1   --> A              
     e( 25 - 25) =     -2.19657  eV     1   --> A              
     e( 26 - 26) =     -1.42000  eV     1   --> A              
     e( 27 - 27) =     -1.10232  eV     1   --> A              
     e( 28 - 28) =      2.13045  eV     1   --> A              
     e( 29 - 29) =      2.68449  eV     1   --> A              
     e( 30 - 30) =      3.42080  eV     1   --> A              
     e( 31 - 31) =      3.66663  eV     1   --> A              
     e( 32 - 32) =      5.03957  eV     1   --> A              
     e( 33 - 33) =      5.72491  eV     1   --> A              
     e( 34 - 34) =      5.98850  eV     1   --> A              
     e( 35 - 35) =      6.34962  eV     1   --> A              

 **************************************************************************

 **************************************************************************

                    xk=(   0.33500,   0.19341,   0.00000  )

     Band symmetry, C_1 (1)     point group:

     e(  1 -  1) =    -77.86400  eV     1   --> A              
     e(  2 -  2) =    -49.35052  eV     1   --> A              
     e(  3 -  3) =    -49.13621  eV     1   --> A              
     e(  4 -  4) =    -49.06289  eV     1   --> A              
     e(  5 -  5) =    -23.22330  eV     1   --> A              
     e(  6 -  6) =    -23.18177  eV     1   --> A              
     e(  7 -  7) =    -20.96617  eV     1   --> A              
     e(  8 -  8) =    -20.17703  eV     1   --> A              
     e(  9 -  9) =    -14.50285  eV     1   --> A              
     e( 10 - 10) =    -14.21761  eV     1   --> A              
     e( 11 - 11) =    -12.83764  eV     1   --> A              
     e( 12 - 12) =    -11.48574  eV     1   --> A              
     e( 13 - 13) =    -11.06292  eV     1   --> A              
     e( 14 - 14) =    -10.35200  eV     1   --> A              
     e( 15 - 15) =    -10.32043  eV     1   --> A              
     e( 16 - 16) =     -9.51133  eV     1   --> A              
     e( 17 - 17) =     -8.85650  eV     1   --> A              
     e( 18 - 18) =     -8.83624  eV     1   --> A              
     e( 19 - 19) =     -8.00871  eV     1   --> A              
     e( 20 - 20) =     -7.85833  eV     1   --> A              
     e( 21 - 21) =     -6.61893  eV     1   --> A              
     e( 22 - 22) =     -3.97718  eV     1   --> A              
     e( 23 - 23) =     -3.84127  eV     1   --> A              
     e( 24 - 24) =     -2.91174  eV     1   --> A              
     e( 25 - 25) =     -2.20858  eV     1   --> A              
     e( 26 - 26) =     -1.36326  eV     1   --> A              
     e( 27 - 27) =     -1.05968  eV     1   --> A              
     e( 28 - 28) =      2.15390  eV     1   --> A              
     e( 29 - 29) =      2.69642  eV     1   --> A              
     e( 30 - 30) =      3.40646  eV     1   --> A              
     e( 31 - 31) =      3.62186  eV     1   --> A              
     e( 32 - 32) =      5.03890  eV     1   --> A              
     e( 33 - 33) =      5.73481  eV     1   --> A              
     e( 34 - 34) =      5.99184  eV     1   --> A              
     e( 35 - 35) =      6.34057  eV     1   --> A              

 **************************************************************************

 **************************************************************************

                    xk=(   0.33000,   0.19053,   0.00000  )

     Band symmetry, C_1 (1)     point group:

     e(  1 -  1) =    -77.86471  eV     1   --> A              
     e(  2 -  2) =    -49.34559  eV     1   --> A              
     e(  3 -  3) =    -49.13509  eV     1   --> A              
     e(  4 -  4) =    -49.06384  eV     1   --> A              
     e(  5 -  5) =    -23.27088  eV     1   --> A              
     e(  6 -  6) =    -23.22852  eV     1   --> A              
     e(  7 -  7) =    -20.98944  eV     1   --> A              
     e(  8 -  8) =    -20.18720  eV     1   --> A              
     e(  9 -  9) =    -14.43443  eV     1   --> A              
     e( 10 - 10) =    -14.13557  eV     1   --> A              
     e( 11 - 11) =    -12.84440  eV     1   --> A              
     e( 12 - 12) =    -11.47713  eV     1   --> A              
     e( 13 - 13) =    -11.03421  eV     1   --> A              
     e( 14 - 14) =    -10.33335  eV     1   --> A              
     e( 15 - 15) =    -10.30248  eV     1   --> A              
     e( 16 - 16) =     -9.48490  eV     1   --> A              
     e( 17 - 17) =     -8.85291  eV     1   --> A              
     e( 18 - 18) =     -8.83839  eV     1   --> A              
     e( 19 - 19) =     -8.00542  eV     1   --> A              
     e( 20 - 20) =     -7.87936  eV     1   --> A              
     e( 21 - 21) =     -6.61459  eV     1   --> A              
     e( 22 - 22) =     -3.96301  eV     1   --> A              
     e( 23 - 23) =     -3.83359  eV     1   --> A              
     e( 24 - 24) =     -2.92026  eV     1   --> A              
     e( 25 - 25) =     -2.22097  eV     1   --> A              
     e( 26 - 26) =     -1.30578  eV     1   --> A              
     e( 27 - 27) =     -1.01547  eV     1   --> A              
     e( 28 - 28) =      2.17655  eV     1   --> A              
     e( 29 - 29) =      2.70562  eV     1   --> A              
     e( 30 - 30) =      3.39383  eV     1   --> A              
     e( 31 - 31) =      3.57813  eV     1   --> A              
     e( 32 - 32) =      5.03886  eV     1   --> A              
     e( 33 - 33) =      5.74490  eV     1   --> A              
     e( 34 - 34) =      5.99398  eV     1   --> A              
     e( 35 - 35) =      6.33023  eV     1   --> A              

 **************************************************************************

 **************************************************************************

                    xk=(   0.32500,   0.18764,   0.00000  )

     Band symmetry, C_1 (1)     point group:

     e(  1 -  1) =    -77.86543  eV     1   --> A              
     e(  2 -  2) =    -49.34057  eV     1   --> A              
     e(  3 -  3) =    -49.13394  eV     1   --> A              
     e(  4 -  4) =    -49.06482  eV     1   --> A              
     e(  5 -  5) =    -23.31838  eV     1   --> A              
     e(  6 -  6) =    -23.27520  eV     1   --> A              
     e(  7 -  7) =    -21.01326  eV     1   --> A              
     e(  8 -  8) =    -20.19783  eV     1   --> A              
     e(  9 -  9) =    -14.36690  eV     1   --> A              
     e( 10 - 10) =    -14.05225  eV     1   --> A              
     e( 11 - 11) =    -12.84960  eV     1   --> A              
     e( 12 - 12) =    -11.47022  eV     1   --> A              
     e( 13 - 13) =    -11.00397  eV     1   --> A              
     e( 14 - 14) =    -10.31428  eV     1   --> A              
     e( 15 - 15) =    -10.28413  eV     1   --> A              
     e( 16 - 16) =     -9.45762  eV     1   --> A              
     e( 17 - 17) =     -8.86937  eV     1   --> A              
     e( 18 - 18) =     -8.81986  eV     1   --> A              
     e( 19 - 19) =     -8.00173  eV     1   --> A              
     e( 20 - 20) =     -7.90070  eV     1   --> A              
     e( 21 - 21) =     -6.60934  eV     1   --> A              
     e( 22 - 22) =     -3.94851  eV     1   --> A              
     e( 23 - 23) =     -3.82586  eV     1   --> A              
     e( 24 - 24) =     -2.92974  eV     1   --> A              
     e( 25 - 25) =     -2.23374  eV     1   --> A              
     e( 26 - 26) =     -1.24762  eV     1   --> A              
     e( 27 - 27) =     -0.96979  eV     1   --> A              
     e( 28 - 28) =      2.19818  eV     1   --> A              
     e( 29 - 29) =      2.71172  eV     1   --> A              
     e( 30 - 30) =      3.38300  eV     1   --> A              
     e( 31 - 31) =      3.53588  eV     1   --> A              
     e( 32 - 32) =      5.03925  eV     1   --> A              
     e( 33 - 33) =      5.75508  eV     1   --> A              
     e( 34 - 34) =      5.99481  eV     1   --> A              
     e( 35 - 35) =      6.31850  eV     1   --> A              

 **************************************************************************

 **************************************************************************

                    xk=(   0.32000,   0.18475,   0.00000  )

     Band symmetry, C_1 (1)     point group:

     e(  1 -  1) =    -77.86616  eV     1   --> A              
     e(  2 -  2) =    -49.33547  eV     1   --> A              
     e(  3 -  3) =    -49.13277  eV     1   --> A              
     e(  4 -  4) =    -49.06580  eV     1   --> A              
     e(  5 -  5) =    -23.36577  eV     1   --> A              
     e(  6 -  6) =    -23.32178  eV     1   --> A              
     e(  7 -  7) =    -21.03759  eV     1   --> A              
     e(  8 -  8) =    -20.20890  eV     1   --> A              
     e(  9 -  9) =    -14.30070  eV     1   --> A              
     e( 10 - 10) =    -13.96774  eV     1   --> A              
     e( 11 - 11) =    -12.85284  eV     1   --> A              
     e( 12 - 12) =    -11.46492  eV     1   --> A              
     e( 13 - 13) =    -10.97231  eV     1   --> A              
     e( 14 - 14) =    -10.29479  eV     1   --> A              
     e( 15 - 15) =    -10.26540  eV     1   --> A              
     e( 16 - 16) =     -9.42956  eV     1   --> A              
     e( 17 - 17) =     -8.88561  eV     1   --> A              
     e( 18 - 18) =     -8.80093  eV     1   --> A              
     e( 19 - 19) =     -7.99762  eV     1   --> A              
     e( 20 - 20) =     -7.92231  eV     1   --> A              
     e( 21 - 21) =     -6.60312  eV     1   --> A              
     e( 22 - 22) =     -3.93370  eV     1   --> A              
     e( 23 - 23) =     -3.81808  eV     1   --> A              
     e( 24 - 24) =     -2.94014  eV     1   --> A              
     e( 25 - 25) =     -2.24688  eV     1   --> A              
     e( 26 - 26) =     -1.18883  eV     1   --> A              
     e( 27 - 27) =     -0.92271  eV     1   --> A              
     e( 28 - 28) =      2.21851  eV     1   --> A              
     e( 29 - 29) =      2.71448  eV     1   --> A              
     e( 30 - 30) =      3.37372  eV     1   --> A              
     e( 31 - 31) =      3.49587  eV     1   --> A              
     e( 32 - 32) =      5.03984  eV     1   --> A              
     e( 33 - 33) =      5.76521  eV     1   --> A              
     e( 34 - 34) =      5.99418  eV     1   --> A              
     e( 35 - 35) =      6.30526  eV     1   --> A              

 **************************************************************************

 **************************************************************************

                    xk=(   0.31500,   0.18187,   0.00000  )

     Band symmetry, C_1 (1)     point group:

     e(  1 -  1) =    -77.86690  eV     1   --> A              
     e(  2 -  2) =    -49.33029  eV     1   --> A              
     e(  3 -  3) =    -49.13159  eV     1   --> A              
     e(  4 -  4) =    -49.06680  eV     1   --> A              
     e(  5 -  5) =    -23.41299  eV     1   --> A              
     e(  6 -  6) =    -23.36821  eV     1   --> A              
     e(  7 -  7) =    -21.06240  eV     1   --> A              
     e(  8 -  8) =    -20.22036  eV     1   --> A              
     e(  9 -  9) =    -14.23635  eV     1   --> A              
     e( 10 - 10) =    -13.88210  eV     1   --> A              
     e( 11 - 11) =    -12.85367  eV     1   --> A              
     e( 12 - 12) =    -11.46113  eV     1   --> A              
     e( 13 - 13) =    -10.93936  eV     1   --> A              
     e( 14 - 14) =    -10.27491  eV     1   --> A              
     e( 15 - 15) =    -10.24628  eV     1   --> A              
     e( 16 - 16) =     -9.40084  eV     1   --> A              
     e( 17 - 17) =     -8.90156  eV     1   --> A              
     e( 18 - 18) =     -8.78160  eV     1   --> A              
     e( 19 - 19) =     -7.99308  eV     1   --> A              
     e( 20 - 20) =     -7.94417  eV     1   --> A              
     e( 21 - 21) =     -6.59590  eV     1   --> A              
     e( 22 - 22) =     -3.91860  eV     1   --> A              
     e( 23 - 23) =     -3.81027  eV     1   --> A              
     e( 24 - 24) =     -2.95138  eV     1   --> A              
     e( 25 - 25) =     -2.26040  eV     1   --> A              
     e( 26 - 26) =     -1.12948  eV     1   --> A              
     e( 27 - 27) =     -0.87435  eV     1   --> A              
     e( 28 - 28) =      2.23726  eV     1   --> A              
     e( 29 - 29) =      2.71371  eV     1   --> A              
     e( 30 - 30) =      3.36494  eV     1   --> A              
     e( 31 - 31) =      3.45955  eV     1   --> A              
     e( 32 - 32) =      5.04039  eV     1   --> A              
     e( 33 - 33) =      5.77509  eV     1   --> A              
     e( 34 - 34) =      5.99197  eV     1   --> A              
     e( 35 - 35) =      6.29042  eV     1   --> A              

 **************************************************************************

 **************************************************************************

                    xk=(   0.31000,   0.17898,   0.00000  )

     Band symmetry, C_1 (1)     point group:

     e(  1 -  1) =    -77.86765  eV     1   --> A              
     e(  2 -  2) =    -49.32503  eV     1   --> A              
     e(  3 -  3) =    -49.13039  eV     1   --> A              
     e(  4 -  4) =    -49.06782  eV     1   --> A              
     e(  5 -  5) =    -23.46001  eV     1   --> A              
     e(  6 -  6) =    -23.41444  eV     1   --> A              
     e(  7 -  7) =    -21.08763  eV     1   --> A              
     e(  8 -  8) =    -20.23221  eV     1   --> A              
     e(  9 -  9) =    -14.17440  eV     1   --> A              
     e( 10 - 10) =    -13.79540  eV     1   --> A              
     e( 11 - 11) =    -12.85155  eV     1   --> A              
     e( 12 - 12) =    -11.45873  eV     1   --> A              
     e( 13 - 13) =    -10.90523  eV     1   --> A              
     e( 14 - 14) =    -10.25465  eV     1   --> A              
     e( 15 - 15) =    -10.22680  eV     1   --> A              
     e( 16 - 16) =     -9.37161  eV     1   --> A              
     e( 17 - 17) =     -8.91717  eV     1   --> A              
     e( 18 - 18) =     -8.76190  eV     1   --> A              
     e( 19 - 19) =     -7.98809  eV     1   --> A              
     e( 20 - 20) =     -7.96626  eV     1   --> A              
     e( 21 - 21) =     -6.58766  eV     1   --> A              
     e( 22 - 22) =     -3.90322  eV     1   --> A              
     e( 23 - 23) =     -3.80243  eV     1   --> A              
     e( 24 - 24) =     -2.96341  eV     1   --> A              
     e( 25 - 25) =     -2.27429  eV     1   --> A              
     e( 26 - 26) =     -1.06962  eV     1   --> A              
     e( 27 - 27) =     -0.82479  eV     1   --> A              
     e( 28 - 28) =      2.25412  eV     1   --> A              
     e( 29 - 29) =      2.70938  eV     1   --> A              
     e( 30 - 30) =      3.35384  eV     1   --> A              
     e( 31 - 31) =      3.43004  eV     1   --> A              
     e( 32 - 32) =      5.04061  eV     1   --> A              
     e( 33 - 33) =      5.78451  eV     1   --> A              
     e( 34 - 34) =      5.98805  eV     1   --> A              
     e( 35 - 35) =      6.27388  eV     1   --> A              

 **************************************************************************

 **************************************************************************

                    xk=(   0.30500,   0.17609,   0.00000  )

     Band symmetry, C_1 (1)     point group:

     e(  1 -  1) =    -77.86841  eV     1   --> A              
     e(  2 -  2) =    -49.31971  eV     1   --> A              
     e(  3 -  3) =    -49.12917  eV     1   --> A              
     e(  4 -  4) =    -49.06884  eV     1   --> A              
     e(  5 -  5) =    -23.50678  eV     1   --> A              
     e(  6 -  6) =    -23.46045  eV     1   --> A              
     e(  7 -  7) =    -21.11325  eV     1   --> A              
     e(  8 -  8) =    -20.24441  eV     1   --> A              
     e(  9 -  9) =    -14.11550  eV     1   --> A              
     e( 10 - 10) =    -13.70772  eV     1   --> A              
     e( 11 - 11) =    -12.84591  eV     1   --> A              
     e( 12 - 12) =    -11.45761  eV     1   --> A              
     e( 13 - 13) =    -10.87003  eV     1   --> A              
     e( 14 - 14) =    -10.23401  eV     1   --> A              
     e( 15 - 15) =    -10.20696  eV     1   --> A              
     e( 16 - 16) =     -9.34204  eV     1   --> A              
     e( 17 - 17) =     -8.93231  eV     1   --> A              
     e( 18 - 18) =     -8.74184  eV     1   --> A              
     e( 19 - 19) =     -7.98855  eV     1   --> A              
     e( 20 - 20) =     -7.98263  eV     1   --> A              
     e( 21 - 21) =     -6.57839  eV     1   --> A              
     e( 22 - 22) =     -3.88756  eV     1   --> A              
     e( 23 - 23) =     -3.79456  eV     1   --> A              
     e( 24 - 24) =     -2.97615  eV     1   --> A              
     e( 25 - 25) =     -2.28854  eV     1   --> A              
     e( 26 - 26) =     -1.00932  eV     1   --> A              
     e( 27 - 27) =     -0.77414  eV     1   --> A              
     e( 28 - 28) =      2.26878  eV     1   --> A              
     e( 29 - 29) =      2.70158  eV     1   --> A              
     e( 30 - 30) =      3.33602  eV     1   --> A              
     e( 31 - 31) =      3.41188  eV     1   --> A              
     e( 32 - 32) =      5.04018  eV     1   --> A              
     e( 33 - 33) =      5.79317  eV     1   --> A              
     e( 34 - 34) =      5.98228  eV     1   --> A              
     e( 35 - 35) =      6.25555  eV     1   --> A              

 **************************************************************************

 **************************************************************************

                    xk=(   0.30000,   0.17321,   0.00000  )

     Band symmetry, C_1 (1)     point group:

     e(  1 -  1) =    -77.86918  eV     1   --> A              
     e(  2 -  2) =    -49.31432  eV     1   --> A              
     e(  3 -  3) =    -49.12794  eV     1   --> A              
     e(  4 -  4) =    -49.06988  eV     1   --> A              
     e(  5 -  5) =    -23.55328  eV     1   --> A              
     e(  6 -  6) =    -23.50619  eV     1   --> A              
     e(  7 -  7) =    -21.13922  eV     1   --> A              
     e(  8 -  8) =    -20.25694  eV     1   --> A              
     e(  9 -  9) =    -14.06031  eV     1   --> A              
     e( 10 - 10) =    -13.61913  eV     1   --> A              
     e( 11 - 11) =    -12.83611  eV     1   --> A              
     e( 12 - 12) =    -11.45766  eV     1   --> A              
     e( 13 - 13) =    -10.83387  eV     1   --> A              
     e( 14 - 14) =    -10.21302  eV     1   --> A              
     e( 15 - 15) =    -10.18679  eV     1   --> A              
     e( 16 - 16) =     -9.31237  eV     1   --> A              
     e( 17 - 17) =     -8.94683  eV     1   --> A              
     e( 18 - 18) =     -8.72143  eV     1   --> A              
     e( 19 - 19) =     -8.01101  eV     1   --> A              
     e( 20 - 20) =     -7.97670  eV     1   --> A              
     e( 21 - 21) =     -6.56805  eV     1   --> A              
     e( 22 - 22) =     -3.87164  eV     1   --> A              
     e( 23 - 23) =     -3.78666  eV     1   --> A              
     e( 24 - 24) =     -2.98953  eV     1   --> A              
     e( 25 - 25) =     -2.30316  eV     1   --> A              
     e( 26 - 26) =     -0.94863  eV     1   --> A              
     e( 27 - 27) =     -0.72251  eV     1   --> A              
     e( 28 - 28) =      2.28090  eV     1   --> A              
     e( 29 - 29) =      2.69051  eV     1   --> A              
     e( 30 - 30) =      3.31108  eV     1   --> A              
     e( 31 - 31) =      3.40553  eV     1   --> A              
     e( 32 - 32) =      5.03876  eV     1   --> A              
     e( 33 - 33) =      5.80071  eV     1   --> A              
     e( 34 - 34) =      5.97455  eV     1   --> A              
     e( 35 - 35) =      6.23534  eV     1   --> A              

 **************************************************************************

 **************************************************************************

                    xk=(   0.29500,   0.17032,   0.00000  )

     Band symmetry, C_1 (1)     point group:

     e(  1 -  1) =    -77.86996  eV     1   --> A              
     e(  2 -  2) =    -49.30887  eV     1   --> A              
     e(  3 -  3) =    -49.12670  eV     1   --> A              
     e(  4 -  4) =    -49.07093  eV     1   --> A              
     e(  5 -  5) =    -23.59947  eV     1   --> A              
     e(  6 -  6) =    -23.55163  eV     1   --> A              
     e(  7 -  7) =    -21.16550  eV     1   --> A              
     e(  8 -  8) =    -20.26976  eV     1   --> A              
     e(  9 -  9) =    -14.00953  eV     1   --> A              
     e( 10 - 10) =    -13.52970  eV     1   --> A              
     e( 11 - 11) =    -12.82150  eV     1   --> A              
     e( 12 - 12) =    -11.45876  eV     1   --> A              
     e( 13 - 13) =    -10.79685  eV     1   --> A              
     e( 14 - 14) =    -10.19168  eV     1   --> A              
     e( 15 - 15) =    -10.16630  eV     1   --> A              
     e( 16 - 16) =     -9.28297  eV     1   --> A              
     e( 17 - 17) =     -8.96046  eV     1   --> A              
     e( 18 - 18) =     -8.70069  eV     1   --> A              
     e( 19 - 19) =     -8.03361  eV     1   --> A              
     e( 20 - 20) =     -7.97028  eV     1   --> A              
     e( 21 - 21) =     -6.55665  eV     1   --> A              
     e( 22 - 22) =     -3.85547  eV     1   --> A              
     e( 23 - 23) =     -3.77874  eV     1   --> A              
     e( 24 - 24) =     -3.00349  eV     1   --> A              
     e( 25 - 25) =     -2.31814  eV     1   --> A              
     e( 26 - 26) =     -0.88764  eV     1   --> A              
     e( 27 - 27) =     -0.67000  eV     1   --> A              
     e( 28 - 28) =      2.29018  eV     1   --> A              
     e( 29 - 29) =      2.67645  eV     1   --> A              
     e( 30 - 30) =      3.28324  eV     1   --> A              
     e( 31 - 31) =      3.40671  eV     1   --> A              
     e( 32 - 32) =      5.03597  eV     1   --> A              
     e( 33 - 33) =      5.80665  eV     1   --> A              
     e( 34 - 34) =      5.96472  eV     1   --> A              
     e( 35 - 35) =      6.21317  eV     1   --> A              

 **************************************************************************

 **************************************************************************

                    xk=(   0.29000,   0.16743,   0.00000  )

     Band symmetry, C_1 (1)     point group:

     e(  1 -  1) =    -77.87074  eV     1   --> A              
     e(  2 -  2) =    -49.30337  eV     1   --> A              
     e(  3 -  3) =    -49.12545  eV     1   --> A              
     e(  4 -  4) =    -49.07199  eV     1   --> A              
     e(  5 -  5) =    -23.64530  eV     1   --> A              
     e(  6 -  6) =    -23.59673  eV     1   --> A              
     e(  7 -  7) =    -21.19204  eV     1   --> A              
     e(  8 -  8) =    -20.28286  eV     1   --> A              
     e(  9 -  9) =    -13.96380  eV     1   --> A              
     e( 10 - 10) =    -13.43951  eV     1   --> A              
     e( 11 - 11) =    -12.80146  eV     1   --> A              
     e( 12 - 12) =    -11.46082  eV     1   --> A              
     e( 13 - 13) =    -10.75907  eV     1   --> A              
     e( 14 - 14) =    -10.17003  eV     1   --> A              
     e( 15 - 15) =    -10.14550  eV     1   --> A              
     e( 16 - 16) =     -9.25433  eV     1   --> A              
     e( 17 - 17) =     -8.97276  eV     1   --> A              
     e( 18 - 18) =     -8.67963  eV     1   --> A              
     e( 19 - 19) =     -8.05632  eV     1   --> A              
     e( 20 - 20) =     -7.96336  eV     1   --> A              
     e( 21 - 21) =     -6.54418  eV     1   --> A              
     e( 22 - 22) =     -3.83907  eV     1   --> A              
     e( 23 - 23) =     -3.77079  eV     1   --> A              
     e( 24 - 24) =     -3.01795  eV     1   --> A              
     e( 25 - 25) =     -2.33347  eV     1   --> A              
     e( 26 - 26) =     -0.82641  eV     1   --> A              
     e( 27 - 27) =     -0.61675  eV     1   --> A              
     e( 28 - 28) =      2.29634  eV     1   --> A              
     e( 29 - 29) =      2.65970  eV     1   --> A              
     e( 30 - 30) =      3.25572  eV     1   --> A              
     e( 31 - 31) =      3.41207  eV     1   --> A              
     e( 32 - 32) =      5.03141  eV     1   --> A              
     e( 33 - 33) =      5.81046  eV     1   --> A              
     e( 34 - 34) =      5.95270  eV     1   --> A              
     e( 35 - 35) =      6.18897  eV     1   --> A              

 **************************************************************************

 **************************************************************************

                    xk=(   0.28500,   0.16454,   0.00000  )

     Band symmetry, C_1 (1)     point group:

     e(  1 -  1) =    -77.87153  eV     1   --> A              
     e(  2 -  2) =    -49.29782  eV     1   --> A              
     e(  3 -  3) =    -49.12418  eV     1   --> A              
     e(  4 -  4) =    -49.07306  eV     1   --> A              
     e(  5 -  5) =    -23.69076  eV     1   --> A              
     e(  6 -  6) =    -23.64147  eV     1   --> A              
     e(  7 -  7) =    -21.21882  eV     1   --> A              
     e(  8 -  8) =    -20.29620  eV     1   --> A              
     e(  9 -  9) =    -13.92368  eV     1   --> A              
     e( 10 - 10) =    -13.34864  eV     1   --> A              
     e( 11 - 11) =    -12.77548  eV     1   --> A              
     e( 12 - 12) =    -11.46374  eV     1   --> A              
     e( 13 - 13) =    -10.72061  eV     1   --> A              
     e( 14 - 14) =    -10.14807  eV     1   --> A              
     e( 15 - 15) =    -10.12441  eV     1   --> A              
     e( 16 - 16) =     -9.22723  eV     1   --> A              
     e( 17 - 17) =     -8.98304  eV     1   --> A              
     e( 18 - 18) =     -8.65828  eV     1   --> A              
     e( 19 - 19) =     -8.07911  eV     1   --> A              
     e( 20 - 20) =     -7.95593  eV     1   --> A              
     e( 21 - 21) =     -6.53065  eV     1   --> A              
     e( 22 - 22) =     -3.82246  eV     1   --> A              
     e( 23 - 23) =     -3.76281  eV     1   --> A              
     e( 24 - 24) =     -3.03284  eV     1   --> A              
     e( 25 - 25) =     -2.34915  eV     1   --> A              
     e( 26 - 26) =     -0.76501  eV     1   --> A              
     e( 27 - 27) =     -0.56285  eV     1   --> A              
     e( 28 - 28) =      2.29919  eV     1   --> A              
     e( 29 - 29) =      2.64060  eV     1   --> A              
     e( 30 - 30) =      3.23007  eV     1   --> A              
     e( 31 - 31) =      3.41987  eV     1   --> A              
     e( 32 - 32) =      5.02468  eV     1   --> A              
     e( 33 - 33) =      5.81149  eV     1   --> A              
     e( 34 - 34) =      5.93838  eV     1   --> A              
     e( 35 - 35) =      6.16267  eV     1   --> A              

 **************************************************************************

 **************************************************************************

                    xk=(   0.28000,   0.16166,   0.00000  )

     Band symmetry, C_1 (1)     point group:

     e(  1 -  1) =    -77.87233  eV     1   --> A              
     e(  2 -  2) =    -49.29223  eV     1   --> A              
     e(  3 -  3) =    -49.12291  eV     1   --> A              
     e(  4 -  4) =    -49.07413  eV     1   --> A              
     e(  5 -  5) =    -23.73581  eV     1   --> A              
     e(  6 -  6) =    -23.68581  eV     1   --> A              
     e(  7 -  7) =    -21.24578  eV     1   --> A              
     e(  8 -  8) =    -20.30976  eV     1   --> A              
     e(  9 -  9) =    -13.88958  eV     1   --> A              
     e( 10 - 10) =    -13.25715  eV     1   --> A              
     e( 11 - 11) =    -12.74318  eV     1   --> A              
     e( 12 - 12) =    -11.46741  eV     1   --> A              
     e( 13 - 13) =    -10.68154  eV     1   --> A              
     e( 14 - 14) =    -10.12581  eV     1   --> A              
     e( 15 - 15) =    -10.10304  eV     1   --> A              
     e( 16 - 16) =     -9.20288  eV     1   --> A              
     e( 17 - 17) =     -8.99018  eV     1   --> A              
     e( 18 - 18) =     -8.63666  eV     1   --> A              
     e( 19 - 19) =     -8.10195  eV     1   --> A              
     e( 20 - 20) =     -7.94797  eV     1   --> A              
     e( 21 - 21) =     -6.51607  eV     1   --> A              
     e( 22 - 22) =     -3.80563  eV     1   --> A              
     e( 23 - 23) =     -3.75480  eV     1   --> A              
     e( 24 - 24) =     -3.04809  eV     1   --> A              
     e( 25 - 25) =     -2.36517  eV     1   --> A              
     e( 26 - 26) =     -0.70353  eV     1   --> A              
     e( 27 - 27) =     -0.50843  eV     1   --> A              
     e( 28 - 28) =      2.29859  eV     1   --> A              
     e( 29 - 29) =      2.61945  eV     1   --> A              
     e( 30 - 30) =      3.20700  eV     1   --> A              
     e( 31 - 31) =      3.42912  eV     1   --> A              
     e( 32 - 32) =      5.01535  eV     1   --> A              
     e( 33 - 33) =      5.80901  eV     1   --> A              
     e( 34 - 34) =      5.92167  eV     1   --> A              
     e( 35 - 35) =      6.13423  eV     1   --> A              

 **************************************************************************

 **************************************************************************

                    xk=(   0.27500,   0.15877,   0.00000  )

     Band symmetry, C_1 (1)     point group:

     e(  1 -  1) =    -77.87313  eV     1   --> A              
     e(  2 -  2) =    -49.28660  eV     1   --> A              
     e(  3 -  3) =    -49.12163  eV     1   --> A              
     e(  4 -  4) =    -49.07521  eV     1   --> A              
     e(  5 -  5) =    -23.78043  eV     1   --> A              
     e(  6 -  6) =    -23.72972  eV     1   --> A              
     e(  7 -  7) =    -21.27289  eV     1   --> A              
     e(  8 -  8) =    -20.32351  eV     1   --> A              
     e(  9 -  9) =    -13.86168  eV     1   --> A              
     e( 10 - 10) =    -13.16514  eV     1   --> A              
     e( 11 - 11) =    -12.70440  eV     1   --> A              
     e( 12 - 12) =    -11.47176  eV     1   --> A              
     e( 13 - 13) =    -10.64193  eV     1   --> A              
     e( 14 - 14) =    -10.10329  eV     1   --> A              
     e( 15 - 15) =    -10.08141  eV     1   --> A              
     e( 16 - 16) =     -9.18300  eV     1   --> A              
     e( 17 - 17) =     -8.99255  eV     1   --> A              
     e( 18 - 18) =     -8.61480  eV     1   --> A              
     e( 19 - 19) =     -8.12482  eV     1   --> A              
     e( 20 - 20) =     -7.93950  eV     1   --> A              
     e( 21 - 21) =     -6.50045  eV     1   --> A              
     e( 22 - 22) =     -3.78863  eV     1   --> A              
     e( 23 - 23) =     -3.74675  eV     1   --> A              
     e( 24 - 24) =     -3.06363  eV     1   --> A              
     e( 25 - 25) =     -2.38152  eV     1   --> A              
     e( 26 - 26) =     -0.64206  eV     1   --> A              
     e( 27 - 27) =     -0.45362  eV     1   --> A              
     e( 28 - 28) =      2.29455  eV     1   --> A              
     e( 29 - 29) =      2.59649  eV     1   --> A              
     e( 30 - 30) =      3.18689  eV     1   --> A              
     e( 31 - 31) =      3.43912  eV     1   --> A              
     e( 32 - 32) =      5.00302  eV     1   --> A              
     e( 33 - 33) =      5.80228  eV     1   --> A              
     e( 34 - 34) =      5.90250  eV     1   --> A              
     e( 35 - 35) =      6.10362  eV     1   --> A              

 **************************************************************************

 **************************************************************************

                    xk=(   0.27000,   0.15588,   0.00000  )

     Band symmetry, C_1 (1)     point group:

     e(  1 -  1) =    -77.87393  eV     1   --> A              
     e(  2 -  2) =    -49.28094  eV     1   --> A              
     e(  3 -  3) =    -49.12034  eV     1   --> A              
     e(  4 -  4) =    -49.07630  eV     1   --> A              
     e(  5 -  5) =    -23.82458  eV     1   --> A              
     e(  6 -  6) =    -23.77318  eV     1   --> A              
     e(  7 -  7) =    -21.30012  eV     1   --> A              
     e(  8 -  8) =    -20.33743  eV     1   --> A              
     e(  9 -  9) =    -13.83995  eV     1   --> A              
     e( 10 - 10) =    -13.07269  eV     1   --> A              
     e( 11 - 11) =    -12.65920  eV     1   --> A              
     e( 12 - 12) =    -11.47668  eV     1   --> A              
     e( 13 - 13) =    -10.60184  eV     1   --> A              
     e( 14 - 14) =    -10.08051  eV     1   --> A              
     e( 15 - 15) =    -10.05954  eV     1   --> A              
     e( 16 - 16) =     -9.16949  eV     1   --> A              
     e( 17 - 17) =     -8.98830  eV     1   --> A              
     e( 18 - 18) =     -8.59272  eV     1   --> A              
     e( 19 - 19) =     -8.14765  eV     1   --> A              
     e( 20 - 20) =     -7.93049  eV     1   --> A              
     e( 21 - 21) =     -6.48382  eV     1   --> A              
     e( 22 - 22) =     -3.77145  eV     1   --> A              
     e( 23 - 23) =     -3.73865  eV     1   --> A              
     e( 24 - 24) =     -3.07938  eV     1   --> A              
     e( 25 - 25) =     -2.39820  eV     1   --> A              
     e( 26 - 26) =     -0.58070  eV     1   --> A              
     e( 27 - 27) =     -0.39856  eV     1   --> A              
     e( 28 - 28) =      2.28719  eV     1   --> A              
     e( 29 - 29) =      2.57198  eV     1   --> A              
     e( 30 - 30) =      3.16984  eV     1   --> A              
     e( 31 - 31) =      3.44933  eV     1   --> A              
     e( 32 - 32) =      4.98731  eV     1   --> A              
     e( 33 - 33) =      5.79059  eV     1   --> A              
     e( 34 - 34) =      5.88081  eV     1   --> A              
     e( 35 - 35) =      6.07081  eV     1   --> A              

 **************************************************************************

 **************************************************************************

                    xk=(   0.26500,   0.15300,   0.00000  )

     Band symmetry, C_1 (1)     point group:

     e(  1 -  1) =    -77.87474  eV     1   --> A              
     e(  2 -  2) =    -49.27526  eV     1   --> A              
     e(  3 -  3) =    -49.11905  eV     1   --> A              
     e(  4 -  4) =    -49.07739  eV     1   --> A              
     e(  5 -  5) =    -23.86825  eV     1   --> A              
     e(  6 -  6) =    -23.81617  eV     1   --> A              
     e(  7 -  7) =    -21.32743  eV     1   --> A              
     e(  8 -  8) =    -20.35149  eV     1   --> A              
     e(  9 -  9) =    -13.82415  eV     1   --> A              
     e( 10 - 10) =    -12.97990  eV     1   --> A              
     e( 11 - 11) =    -12.60787  eV     1   --> A              
     e( 12 - 12) =    -11.48208  eV     1   --> A              
     e( 13 - 13) =    -10.56134  eV     1   --> A              
     e( 14 - 14) =    -10.05750  eV     1   --> A              
     e( 15 - 15) =    -10.03744  eV     1   --> A              
     e( 16 - 16) =     -9.16351  eV     1   --> A              
     e( 17 - 17) =     -8.97638  eV     1   --> A              
     e( 18 - 18) =     -8.57047  eV     1   --> A              
     e( 19 - 19) =     -8.17042  eV     1   --> A              
     e( 20 - 20) =     -7.92096  eV     1   --> A              
     e( 21 - 21) =     -6.46621  eV     1   --> A              
     e( 22 - 22) =     -3.75411  eV     1   --> A              
     e( 23 - 23) =     -3.73051  eV     1   --> A              
     e( 24 - 24) =     -3.09528  eV     1   --> A              
     e( 25 - 25) =     -2.41519  eV     1   --> A              
     e( 26 - 26) =     -0.51955  eV     1   --> A              
     e( 27 - 27) =     -0.34339  eV     1   --> A              
     e( 28 - 28) =      2.27675  eV     1   --> A              
     e( 29 - 29) =      2.54612  eV     1   --> A              
     e( 30 - 30) =      3.15579  eV     1   --> A              
     e( 31 - 31) =      3.45930  eV     1   --> A              
     e( 32 - 32) =      4.96792  eV     1   --> A              
     e( 33 - 33) =      5.77342  eV     1   --> A              
     e( 34 - 34) =      5.85658  eV     1   --> A              
     e( 35 - 35) =      6.03580  eV     1   --> A              

 **************************************************************************

 **************************************************************************

                    xk=(   0.26000,   0.15011,   0.00000  )

     Band symmetry, C_1 (1)     point group:

     e(  1 -  1) =    -77.87555  eV     1   --> A              
     e(  2 -  2) =    -49.26955  eV     1   --> A              
     e(  3 -  3) =    -49.11775  eV     1   --> A              
     e(  4 -  4) =    -49.07848  eV     1   --> A              
     e(  5 -  5) =    -23.91140  eV     1   --> A              
     e(  6 -  6) =    -23.85865  eV     1   --> A              
     e(  7 -  7) =    -21.35478  eV     1   --> A              
     e(  8 -  8) =    -20.36567  eV     1   --> A              
     e(  9 -  9) =    -13.81386  eV     1   --> A              
     e( 10 - 10) =    -12.88685  eV     1   --> A              
     e( 11 - 11) =    -12.55083  eV     1   --> A              
     e( 12 - 12) =    -11.48788  eV     1   --> A              
     e( 13 - 13) =    -10.52048  eV     1   --> A              
     e( 14 - 14) =    -10.03428  eV     1   --> A              
     e( 15 - 15) =    -10.01513  eV     1   --> A              
     e( 16 - 16) =     -9.16448  eV     1   --> A              
     e( 17 - 17) =     -8.95743  eV     1   --> A              
     e( 18 - 18) =     -8.54810  eV     1   --> A              
     e( 19 - 19) =     -8.19306  eV     1   --> A              
     e( 20 - 20) =     -7.91090  eV     1   --> A              
     e( 21 - 21) =     -6.44766  eV     1   --> A              
     e( 22 - 22) =     -3.73664  eV     1   --> A              
     e( 23 - 23) =     -3.72231  eV     1   --> A              
     e( 24 - 24) =     -3.11127  eV     1   --> A              
     e( 25 - 25) =     -2.43249  eV     1   --> A              
     e( 26 - 26) =     -0.45873  eV     1   --> A              
     e( 27 - 27) =     -0.28826  eV     1   --> A              
     e( 28 - 28) =      2.26358  eV     1   --> A              
     e( 29 - 29) =      2.51912  eV     1   --> A              
     e( 30 - 30) =      3.14455  eV     1   --> A              
     e( 31 - 31) =      3.46865  eV     1   --> A              
     e( 32 - 32) =      4.94458  eV     1   --> A              
     e( 33 - 33) =      5.75053  eV     1   --> A              
     e( 34 - 34) =      5.82978  eV     1   --> A              
     e( 35 - 35) =      5.99861  eV     1   --> A              

 **************************************************************************

 **************************************************************************

                    xk=(   0.25500,   0.14722,   0.00000  )

     Band symmetry, C_1 (1)     point group:

     e(  1 -  1) =    -77.87636  eV     1   --> A              
     e(  2 -  2) =    -49.26383  eV     1   --> A              
     e(  3 -  3) =    -49.11645  eV     1   --> A              
     e(  4 -  4) =    -49.07958  eV     1   --> A              
     e(  5 -  5) =    -23.95402  eV     1   --> A              
     e(  6 -  6) =    -23.90061  eV     1   --> A              
     e(  7 -  7) =    -21.38214  eV     1   --> A              
     e(  8 -  8) =    -20.37994  eV     1   --> A              
     e(  9 -  9) =    -13.80855  eV     1   --> A              
     e( 10 - 10) =    -12.79366  eV     1   --> A              
     e( 11 - 11) =    -12.48864  eV     1   --> A              
     e( 12 - 12) =    -11.49395  eV     1   --> A              
     e( 13 - 13) =    -10.47929  eV     1   --> A              
     e( 14 - 14) =    -10.01087  eV     1   --> A              
     e( 15 - 15) =     -9.99263  eV     1   --> A              
     e( 16 - 16) =     -9.17072  eV     1   --> A              
     e( 17 - 17) =     -8.93321  eV     1   --> A              
     e( 18 - 18) =     -8.52567  eV     1   --> A              
     e( 19 - 19) =     -8.21550  eV     1   --> A              
     e( 20 - 20) =     -7.90031  eV     1   --> A              
     e( 21 - 21) =     -6.42820  eV     1   --> A              
     e( 22 - 22) =     -3.71904  eV     1   --> A              
     e( 23 - 23) =     -3.71403  eV     1   --> A              
     e( 24 - 24) =     -3.12725  eV     1   --> A              
     e( 25 - 25) =     -2.45010  eV     1   --> A              
     e( 26 - 26) =     -0.39839  eV     1   --> A              
     e( 27 - 27) =     -0.23332  eV     1   --> A              
     e( 28 - 28) =      2.24810  eV     1   --> A              
     e( 29 - 29) =      2.49121  eV     1   --> A              
     e( 30 - 30) =      3.13580  eV     1   --> A              
     e( 31 - 31) =      3.47705  eV     1   --> A              
     e( 32 - 32) =      4.91712  eV     1   --> A              
     e( 33 - 33) =      5.72206  eV     1   --> A              
     e( 34 - 34) =      5.80042  eV     1   --> A              
     e( 35 - 35) =      5.95928  eV     1   --> A              

 **************************************************************************

 **************************************************************************

                    xk=(   0.25000,   0.14434,   0.00000  )

     Band symmetry, C_1 (1)     point group:

     e(  1 -  1) =    -77.87717  eV     1   --> A              
     e(  2 -  2) =    -49.25809  eV     1   --> A              
     e(  3 -  3) =    -49.11515  eV     1   --> A              
     e(  4 -  4) =    -49.08067  eV     1   --> A              
     e(  5 -  5) =    -23.99609  eV     1   --> A              
     e(  6 -  6) =    -23.94203  eV     1   --> A              
     e(  7 -  7) =    -21.40948  eV     1   --> A              
     e(  8 -  8) =    -20.39429  eV     1   --> A              
     e(  9 -  9) =    -13.80767  eV     1   --> A              
     e( 10 - 10) =    -12.70046  eV     1   --> A              
     e( 11 - 11) =    -12.42190  eV     1   --> A              
     e( 12 - 12) =    -11.50020  eV     1   --> A              
     e( 13 - 13) =    -10.43785  eV     1   --> A              
     e( 14 - 14) =     -9.98728  eV     1   --> A              
     e( 15 - 15) =     -9.96995  eV     1   --> A              
     e( 16 - 16) =     -9.18049  eV     1   --> A              
     e( 17 - 17) =     -8.90551  eV     1   --> A              
     e( 18 - 18) =     -8.50328  eV     1   --> A              
     e( 19 - 19) =     -8.23763  eV     1   --> A              
     e( 20 - 20) =     -7.88921  eV     1   --> A              
     e( 21 - 21) =     -6.40789  eV     1   --> A              
     e( 22 - 22) =     -3.70567  eV     1   --> A              
     e( 23 - 23) =     -3.70133  eV     1   --> A              
     e( 24 - 24) =     -3.14318  eV     1   --> A              
     e( 25 - 25) =     -2.46798  eV     1   --> A              
     e( 26 - 26) =     -0.33866  eV     1   --> A              
     e( 27 - 27) =     -0.17873  eV     1   --> A              
     e( 28 - 28) =      2.23081  eV     1   --> A              
     e( 29 - 29) =      2.46263  eV     1   --> A              
     e( 30 - 30) =      3.12916  eV     1   --> A              
     e( 31 - 31) =      3.48422  eV     1   --> A              
     e( 32 - 32) =      4.88549  eV     1   --> A              
     e( 33 - 33) =      5.68847  eV     1   --> A              
     e( 34 - 34) =      5.76854  eV     1   --> A              
     e( 35 - 35) =      5.91786  eV     1   --> A              

 **************************************************************************

 **************************************************************************

                    xk=(   0.24500,   0.14145,   0.00000  )

     Band symmetry, C_1 (1)     point group:

     e(  1 -  1) =    -77.87798  eV     1   --> A              
     e(  2 -  2) =    -49.25236  eV     1   --> A              
     e(  3 -  3) =    -49.11384  eV     1   --> A              
     e(  4 -  4) =    -49.08177  eV     1   --> A              
     e(  5 -  5) =    -24.03757  eV     1   --> A              
     e(  6 -  6) =    -23.98287  eV     1   --> A              
     e(  7 -  7) =    -21.43676  eV     1   --> A              
     e(  8 -  8) =    -20.40868  eV     1   --> A              
     e(  9 -  9) =    -13.81062  eV     1   --> A              
     e( 10 - 10) =    -12.60741  eV     1   --> A              
     e( 11 - 11) =    -12.35121  eV     1   --> A              
     e( 12 - 12) =    -11.50648  eV     1   --> A              
     e( 13 - 13) =    -10.39619  eV     1   --> A              
     e( 14 - 14) =     -9.96356  eV     1   --> A              
     e( 15 - 15) =     -9.94712  eV     1   --> A              
     e( 16 - 16) =     -9.19254  eV     1   --> A              
     e( 17 - 17) =     -8.87566  eV     1   --> A              
     e( 18 - 18) =     -8.48112  eV     1   --> A              
     e( 19 - 19) =     -8.25927  eV     1   --> A              
     e( 20 - 20) =     -7.87760  eV     1   --> A              
     e( 21 - 21) =     -6.38677  eV     1   --> A              
     e( 22 - 22) =     -3.69721  eV     1   --> A              
     e( 23 - 23) =     -3.68355  eV     1   --> A              
     e( 24 - 24) =     -3.15897  eV     1   --> A              
     e( 25 - 25) =     -2.48613  eV     1   --> A              
     e( 26 - 26) =     -0.27973  eV     1   --> A              
     e( 27 - 27) =     -0.12470  eV     1   --> A              
     e( 28 - 28) =      2.21218  eV     1   --> A              
     e( 29 - 29) =      2.43363  eV     1   --> A              
     e( 30 - 30) =      3.12419  eV     1   --> A              
     e( 31 - 31) =      3.48990  eV     1   --> A              
     e( 32 - 32) =      4.84969  eV     1   --> A              
     e( 33 - 33) =      5.65049  eV     1   --> A              
     e( 34 - 34) =      5.73418  eV     1   --> A              
     e( 35 - 35) =      5.87442  eV     1   --> A              

 **************************************************************************

 **************************************************************************

                    xk=(   0.24000,   0.13856,   0.00000  )

     Band symmetry, C_1 (1)     point group:

     e(  1 -  1) =    -77.87879  eV     1   --> A              
     e(  2 -  2) =    -49.24662  eV     1   --> A              
     e(  3 -  3) =    -49.11254  eV     1   --> A              
     e(  4 -  4) =    -49.08286  eV     1   --> A              
     e(  5 -  5) =    -24.07846  eV     1   --> A              
     e(  6 -  6) =    -24.02313  eV     1   --> A              
     e(  7 -  7) =    -21.46395  eV     1   --> A              
     e(  8 -  8) =    -20.42309  eV     1   --> A              
     e(  9 -  9) =    -13.81687  eV     1   --> A              
     e( 10 - 10) =    -12.51467  eV     1   --> A              
     e( 11 - 11) =    -12.27713  eV     1   --> A              
     e( 12 - 12) =    -11.51262  eV     1   --> A              
     e( 13 - 13) =    -10.35435  eV     1   --> A              
     e( 14 - 14) =     -9.93971  eV     1   --> A              
     e( 15 - 15) =     -9.92415  eV     1   --> A              
     e( 16 - 16) =     -9.20606  eV     1   --> A              
     e( 17 - 17) =     -8.84452  eV     1   --> A              
     e( 18 - 18) =     -8.45950  eV     1   --> A              
     e( 19 - 19) =     -8.28009  eV     1   --> A              
     e( 20 - 20) =     -7.86550  eV     1   --> A              
     e( 21 - 21) =     -6.36491  eV     1   --> A              
     e( 22 - 22) =     -3.68865  eV     1   --> A              
     e( 23 - 23) =     -3.66569  eV     1   --> A              
     e( 24 - 24) =     -3.17456  eV     1   --> A              
     e( 25 - 25) =     -2.50455  eV     1   --> A              
     e( 26 - 26) =     -0.22177  eV     1   --> A              
     e( 27 - 27) =     -0.07140  eV     1   --> A              
     e( 28 - 28) =      2.19273  eV     1   --> A              
     e( 29 - 29) =      2.40450  eV     1   --> A              
     e( 30 - 30) =      3.12046  eV     1   --> A              
     e( 31 - 31) =      3.49389  eV     1   --> A              
     e( 32 - 32) =      4.80983  eV     1   --> A              
     e( 33 - 33) =      5.60895  eV     1   --> A              
     e( 34 - 34) =      5.69742  eV     1   --> A              
     e( 35 - 35) =      5.82904  eV     1   --> A              

 **************************************************************************

 **************************************************************************

                    xk=(   0.23500,   0.13568,   0.00000  )

     Band symmetry, C_1 (1)     point group:

     e(  1 -  1) =    -77.87960  eV     1   --> A              
     e(  2 -  2) =    -49.24090  eV     1   --> A              
     e(  3 -  3) =    -49.11124  eV     1   --> A              
     e(  4 -  4) =    -49.08396  eV     1   --> A              
     e(  5 -  5) =    -24.11873  eV     1   --> A              
     e(  6 -  6) =    -24.06279  eV     1   --> A              
     e(  7 -  7) =    -21.49102  eV     1   --> A              
     e(  8 -  8) =    -20.43751  eV     1   --> A              
     e(  9 -  9) =    -13.82593  eV     1   --> A              
     e( 10 - 10) =    -12.42250  eV     1   --> A              
     e( 11 - 11) =    -12.20019  eV     1   --> A              
     e( 12 - 12) =    -11.51843  eV     1   --> A              
     e( 13 - 13) =    -10.31237  eV     1   --> A              
     e( 14 - 14) =     -9.91577  eV     1   --> A              
     e( 15 - 15) =     -9.90106  eV     1   --> A              
     e( 16 - 16) =     -9.22055  eV     1   --> A              
     e( 17 - 17) =     -8.81266  eV     1   --> A              
     e( 18 - 18) =     -8.43910  eV     1   --> A              
     e( 19 - 19) =     -8.29941  eV     1   --> A              
     e( 20 - 20) =     -7.85293  eV     1   --> A              
     e( 21 - 21) =     -6.34236  eV     1   --> A              
     e( 22 - 22) =     -3.67995  eV     1   --> A              
     e( 23 - 23) =     -3.64778  eV     1   --> A              
     e( 24 - 24) =     -3.18989  eV     1   --> A              
     e( 25 - 25) =     -2.52321  eV     1   --> A              
     e( 26 - 26) =     -0.16502  eV     1   --> A              
     e( 27 - 27) =     -0.01904  eV     1   --> A              
     e( 28 - 28) =      2.17296  eV     1   --> A              
     e( 29 - 29) =      2.37550  eV     1   --> A              
     e( 30 - 30) =      3.11756  eV     1   --> A              
     e( 31 - 31) =      3.49600  eV     1   --> A              
     e( 32 - 32) =      4.76610  eV     1   --> A              
     e( 33 - 33) =      5.56472  eV     1   --> A              
     e( 34 - 34) =      5.65834  eV     1   --> A              
     e( 35 - 35) =      5.78184  eV     1   --> A              

 **************************************************************************

 **************************************************************************

                    xk=(   0.23000,   0.13279,   0.00000  )

     Band symmetry, C_1 (1)     point group:

     e(  1 -  1) =    -77.88041  eV     1   --> A              
     e(  2 -  2) =    -49.23518  eV     1   --> A              
     e(  3 -  3) =    -49.10995  eV     1   --> A              
     e(  4 -  4) =    -49.08505  eV     1   --> A              
     e(  5 -  5) =    -24.15837  eV     1   --> A              
     e(  6 -  6) =    -24.10182  eV     1   --> A              
     e(  7 -  7) =    -21.51795  eV     1   --> A              
     e(  8 -  8) =    -20.45192  eV     1   --> A              
     e(  9 -  9) =    -13.83735  eV     1   --> A              
     e( 10 - 10) =    -12.33119  eV     1   --> A              
     e( 11 - 11) =    -12.12086  eV     1   --> A              
     e( 12 - 12) =    -11.52361  eV     1   --> A              
     e( 13 - 13) =    -10.27031  eV     1   --> A              
     e( 14 - 14) =     -9.89176  eV     1   --> A              
     e( 15 - 15) =     -9.87785  eV     1   --> A              
     e( 16 - 16) =     -9.23568  eV     1   --> A              
     e( 17 - 17) =     -8.78044  eV     1   --> A              
     e( 18 - 18) =     -8.42149  eV     1   --> A              
     e( 19 - 19) =     -8.31566  eV     1   --> A              
     e( 20 - 20) =     -7.83992  eV     1   --> A              
     e( 21 - 21) =     -6.31920  eV     1   --> A              
     e( 22 - 22) =     -3.67112  eV     1   --> A              
     e( 23 - 23) =     -3.62984  eV     1   --> A              
     e( 24 - 24) =     -3.20489  eV     1   --> A              
     e( 25 - 25) =     -2.54211  eV     1   --> A              
     e( 26 - 26) =     -0.10970  eV     1   --> A              
     e( 27 - 27) =      0.03217  eV     1   --> A              
     e( 28 - 28) =      2.15334  eV     1   --> A              
     e( 29 - 29) =      2.34696  eV     1   --> A              
     e( 30 - 30) =      3.11511  eV     1   --> A              
     e( 31 - 31) =      3.49610  eV     1   --> A              
     e( 32 - 32) =      4.71875  eV     1   --> A              
     e( 33 - 33) =      5.51857  eV     1   --> A              
     e( 34 - 34) =      5.61708  eV     1   --> A              
     e( 35 - 35) =      5.73293  eV     1   --> A              

 **************************************************************************

 **************************************************************************

                    xk=(   0.22500,   0.12990,   0.00000  )

     Band symmetry, C_1 (1)     point group:

     e(  1 -  1) =    -77.88121  eV     1   --> A              
     e(  2 -  2) =    -49.22949  eV     1   --> A              
     e(  3 -  3) =    -49.10866  eV     1   --> A              
     e(  4 -  4) =    -49.08613  eV     1   --> A              
     e(  5 -  5) =    -24.19736  eV     1   --> A              
     e(  6 -  6) =    -24.14021  eV     1   --> A              
     e(  7 -  7) =    -21.54469  eV     1   --> A              
     e(  8 -  8) =    -20.46628  eV     1   --> A              
     e(  9 -  9) =    -13.85075  eV     1   --> A              
     e( 10 - 10) =    -12.24121  eV     1   --> A              
     e( 11 - 11) =    -12.03953  eV     1   --> A              
     e( 12 - 12) =    -11.52774  eV     1   --> A              
     e( 13 - 13) =    -10.22820  eV     1   --> A              
     e( 14 - 14) =     -9.86772  eV     1   --> A              
     e( 15 - 15) =     -9.85456  eV     1   --> A              
     e( 16 - 16) =     -9.25122  eV     1   --> A              
     e( 17 - 17) =     -8.74814  eV     1   --> A              
     e( 18 - 18) =     -8.41033  eV     1   --> A              
     e( 19 - 19) =     -8.32519  eV     1   --> A              
     e( 20 - 20) =     -7.82650  eV     1   --> A              
     e( 21 - 21) =     -6.29548  eV     1   --> A              
     e( 22 - 22) =     -3.66212  eV     1   --> A              
     e( 23 - 23) =     -3.61189  eV     1   --> A              
     e( 24 - 24) =     -3.21949  eV     1   --> A              
     e( 25 - 25) =     -2.56122  eV     1   --> A              
     e( 26 - 26) =     -0.05610  eV     1   --> A              
     e( 27 - 27) =      0.08199  eV     1   --> A              
     e( 28 - 28) =      2.13434  eV     1   --> A              
     e( 29 - 29) =      2.31918  eV     1   --> A              
     e( 30 - 30) =      3.11278  eV     1   --> A              
     e( 31 - 31) =      3.49408  eV     1   --> A              
     e( 32 - 32) =      4.66807  eV     1   --> A              
     e( 33 - 33) =      5.47118  eV     1   --> A              
     e( 34 - 34) =      5.57375  eV     1   --> A              
     e( 35 - 35) =      5.68243  eV     1   --> A              

 **************************************************************************

 **************************************************************************

                    xk=(   0.22000,   0.12702,   0.00000  )

     Band symmetry, C_1 (1)     point group:

     e(  1 -  1) =    -77.88201  eV     1   --> A              
     e(  2 -  2) =    -49.22382  eV     1   --> A              
     e(  3 -  3) =    -49.10737  eV     1   --> A              
     e(  4 -  4) =    -49.08721  eV     1   --> A              
     e(  5 -  5) =    -24.23568  eV     1   --> A              
     e(  6 -  6) =    -24.17794  eV     1   --> A              
     e(  7 -  7) =    -21.57123  eV     1   --> A              
     e(  8 -  8) =    -20.48059  eV     1   --> A              
     e(  9 -  9) =    -13.86580  eV     1   --> A              
     e( 10 - 10) =    -12.15320  eV     1   --> A              
     e( 11 - 11) =    -11.95659  eV     1   --> A              
     e( 12 - 12) =    -11.53020  eV     1   --> A              
     e( 13 - 13) =    -10.18608  eV     1   --> A              
     e( 14 - 14) =     -9.84368  eV     1   --> A              
     e( 15 - 15) =     -9.83118  eV     1   --> A              
     e( 16 - 16) =     -9.26701  eV     1   --> A              
     e( 17 - 17) =     -8.71592  eV     1   --> A              
     e( 18 - 18) =     -8.41050  eV     1   --> A              
     e( 19 - 19) =     -8.32310  eV     1   --> A              
     e( 20 - 20) =     -7.81270  eV     1   --> A              
     e( 21 - 21) =     -6.27128  eV     1   --> A              
     e( 22 - 22) =     -3.65294  eV     1   --> A              
     e( 23 - 23) =     -3.59394  eV     1   --> A              
     e( 24 - 24) =     -3.23363  eV     1   --> A              
     e( 25 - 25) =     -2.58053  eV     1   --> A              
     e( 26 - 26) =     -0.00451  eV     1   --> A              
     e( 27 - 27) =      0.13019  eV     1   --> A              
     e( 28 - 28) =      2.11642  eV     1   --> A              
     e( 29 - 29) =      2.29246  eV     1   --> A              
     e( 30 - 30) =      3.11029  eV     1   --> A              
     e( 31 - 31) =      3.48986  eV     1   --> A              
     e( 32 - 32) =      4.61441  eV     1   --> A              
     e( 33 - 33) =      5.42313  eV     1   --> A              
     e( 34 - 34) =      5.52851  eV     1   --> A              
     e( 35 - 35) =      5.63050  eV     1   --> A              

 **************************************************************************

 **************************************************************************

                    xk=(   0.21500,   0.12413,   0.00000  )

     Band symmetry, C_1 (1)     point group:

     e(  1 -  1) =    -77.88281  eV     1   --> A              
     e(  2 -  2) =    -49.21818  eV     1   --> A              
     e(  3 -  3) =    -49.10609  eV     1   --> A              
     e(  4 -  4) =    -49.08828  eV     1   --> A              
     e(  5 -  5) =    -24.27332  eV     1   --> A              
     e(  6 -  6) =    -24.21501  eV     1   --> A              
     e(  7 -  7) =    -21.59753  eV     1   --> A              
     e(  8 -  8) =    -20.49482  eV     1   --> A              
     e(  9 -  9) =    -13.88222  eV     1   --> A              
     e( 10 - 10) =    -12.06818  eV     1   --> A              
     e( 11 - 11) =    -11.87232  eV     1   --> A              
     e( 12 - 12) =    -11.53002  eV     1   --> A              
     e( 13 - 13) =    -10.14398  eV     1   --> A              
     e( 14 - 14) =     -9.81967  eV     1   --> A              
     e( 15 - 15) =     -9.80775  eV     1   --> A              
     e( 16 - 16) =     -9.28294  eV     1   --> A              
     e( 17 - 17) =     -8.68395  eV     1   --> A              
     e( 18 - 18) =     -8.42123  eV     1   --> A              
     e( 19 - 19) =     -8.31017  eV     1   --> A              
     e( 20 - 20) =     -7.79858  eV     1   --> A              
     e( 21 - 21) =     -6.24667  eV     1   --> A              
     e( 22 - 22) =     -3.64356  eV     1   --> A              
     e( 23 - 23) =     -3.57601  eV     1   --> A              
     e( 24 - 24) =     -3.24725  eV     1   --> A              
     e( 25 - 25) =     -2.60002  eV     1   --> A              
     e( 26 - 26) =      0.04471  eV     1   --> A              
     e( 27 - 27) =      0.17652  eV     1   --> A              
     e( 28 - 28) =      2.10000  eV     1   --> A              
     e( 29 - 29) =      2.26711  eV     1   --> A              
     e( 30 - 30) =      3.10739  eV     1   --> A              
     e( 31 - 31) =      3.48339  eV     1   --> A              
     e( 32 - 32) =      4.55811  eV     1   --> A              
     e( 33 - 33) =      5.37487  eV     1   --> A              
     e( 34 - 34) =      5.48150  eV     1   --> A              
     e( 35 - 35) =      5.57727  eV     1   --> A              

 **************************************************************************

 **************************************************************************

                    xk=(   0.21000,   0.12124,   0.00000  )

     Band symmetry, C_1 (1)     point group:

     e(  1 -  1) =    -77.88359  eV     1   --> A              
     e(  2 -  2) =    -49.21257  eV     1   --> A              
     e(  3 -  3) =    -49.10483  eV     1   --> A              
     e(  4 -  4) =    -49.08935  eV     1   --> A              
     e(  5 -  5) =    -24.31026  eV     1   --> A              
     e(  6 -  6) =    -24.25138  eV     1   --> A              
     e(  7 -  7) =    -21.62357  eV     1   --> A              
     e(  8 -  8) =    -20.50896  eV     1   --> A              
     e(  9 -  9) =    -13.89976  eV     1   --> A              
     e( 10 - 10) =    -11.98778  eV     1   --> A              
     e( 11 - 11) =    -11.78703  eV     1   --> A              
     e( 12 - 12) =    -11.52563  eV     1   --> A              
     e( 13 - 13) =    -10.10197  eV     1   --> A              
     e( 14 - 14) =     -9.79573  eV     1   --> A              
     e( 15 - 15) =     -9.78426  eV     1   --> A              
     e( 16 - 16) =     -9.29892  eV     1   --> A              
     e( 17 - 17) =     -8.65232  eV     1   --> A              
     e( 18 - 18) =     -8.43740  eV     1   --> A              
     e( 19 - 19) =     -8.29152  eV     1   --> A              
     e( 20 - 20) =     -7.78418  eV     1   --> A              
     e( 21 - 21) =     -6.22173  eV     1   --> A              
     e( 22 - 22) =     -3.63397  eV     1   --> A              
     e( 23 - 23) =     -3.55813  eV     1   --> A              
     e( 24 - 24) =     -3.26029  eV     1   --> A              
     e( 25 - 25) =     -2.61967  eV     1   --> A              
     e( 26 - 26) =      0.09120  eV     1   --> A              
     e( 27 - 27) =      0.22073  eV     1   --> A              
     e( 28 - 28) =      2.08551  eV     1   --> A              
     e( 29 - 29) =      2.24347  eV     1   --> A              
     e( 30 - 30) =      3.10390  eV     1   --> A              
     e( 31 - 31) =      3.47465  eV     1   --> A              
     e( 32 - 32) =      4.49950  eV     1   --> A              
     e( 33 - 33) =      5.32676  eV     1   --> A              
     e( 34 - 34) =      5.43290  eV     1   --> A              
     e( 35 - 35) =      5.52290  eV     1   --> A              

 **************************************************************************

 **************************************************************************

                    xk=(   0.20500,   0.11836,   0.00000  )

     Band symmetry, C_1 (1)     point group:

     e(  1 -  1) =    -77.88438  eV     1   --> A              
     e(  2 -  2) =    -49.20701  eV     1   --> A              
     e(  3 -  3) =    -49.10357  eV     1   --> A              
     e(  4 -  4) =    -49.09040  eV     1   --> A              
     e(  5 -  5) =    -24.34649  eV     1   --> A              
     e(  6 -  6) =    -24.28706  eV     1   --> A              
     e(  7 -  7) =    -21.64933  eV     1   --> A              
     e(  8 -  8) =    -20.52298  eV     1   --> A              
     e(  9 -  9) =    -13.91820  eV     1   --> A              
     e( 10 - 10) =    -11.91453  eV     1   --> A              
     e( 11 - 11) =    -11.70094  eV     1   --> A              
     e( 12 - 12) =    -11.51452  eV     1   --> A              
     e( 13 - 13) =    -10.06008  eV     1   --> A              
     e( 14 - 14) =     -9.77190  eV     1   --> A              
     e( 15 - 15) =     -9.76073  eV     1   --> A              
     e( 16 - 16) =     -9.31487  eV     1   --> A              
     e( 17 - 17) =     -8.62113  eV     1   --> A              
     e( 18 - 18) =     -8.45584  eV     1   --> A              
     e( 19 - 19) =     -8.27032  eV     1   --> A              
     e( 20 - 20) =     -7.76955  eV     1   --> A              
     e( 21 - 21) =     -6.19654  eV     1   --> A              
     e( 22 - 22) =     -3.62415  eV     1   --> A              
     e( 23 - 23) =     -3.54032  eV     1   --> A              
     e( 24 - 24) =     -3.27269  eV     1   --> A              
     e( 25 - 25) =     -2.63947  eV     1   --> A              
     e( 26 - 26) =      0.13455  eV     1   --> A              
     e( 27 - 27) =      0.26258  eV     1   --> A              
     e( 28 - 28) =      2.07334  eV     1   --> A              
     e( 29 - 29) =      2.22184  eV     1   --> A              
     e( 30 - 30) =      3.09969  eV     1   --> A              
     e( 31 - 31) =      3.46369  eV     1   --> A              
     e( 32 - 32) =      4.43896  eV     1   --> A              
     e( 33 - 33) =      5.27911  eV     1   --> A              
     e( 34 - 34) =      5.38289  eV     1   --> A              
     e( 35 - 35) =      5.46754  eV     1   --> A              

 **************************************************************************

 **************************************************************************

                    xk=(   0.20000,   0.11547,   0.00000  )

     Band symmetry, C_1 (1)     point group:

     e(  1 -  1) =    -77.88515  eV     1   --> A              
     e(  2 -  2) =    -49.20149  eV     1   --> A              
     e(  3 -  3) =    -49.10232  eV     1   --> A              
     e(  4 -  4) =    -49.09145  eV     1   --> A              
     e(  5 -  5) =    -24.38200  eV     1   --> A              
     e(  6 -  6) =    -24.32202  eV     1   --> A              
     e(  7 -  7) =    -21.67478  eV     1   --> A              
     e(  8 -  8) =    -20.53687  eV     1   --> A              
     e(  9 -  9) =    -13.93737  eV     1   --> A              
     e( 10 - 10) =    -11.85201  eV     1   --> A              
     e( 11 - 11) =    -11.61429  eV     1   --> A              
     e( 12 - 12) =    -11.49316  eV     1   --> A              
     e( 13 - 13) =    -10.01835  eV     1   --> A              
     e( 14 - 14) =     -9.74822  eV     1   --> A              
     e( 15 - 15) =     -9.73717  eV     1   --> A              
     e( 16 - 16) =     -9.33071  eV     1   --> A              
     e( 17 - 17) =     -8.59043  eV     1   --> A              
     e( 18 - 18) =     -8.47520  eV     1   --> A              
     e( 19 - 19) =     -8.24793  eV     1   --> A              
     e( 20 - 20) =     -7.75476  eV     1   --> A              
     e( 21 - 21) =     -6.17118  eV     1   --> A              
     e( 22 - 22) =     -3.61407  eV     1   --> A              
     e( 23 - 23) =     -3.52259  eV     1   --> A              
     e( 24 - 24) =     -3.28439  eV     1   --> A              
     e( 25 - 25) =     -2.65939  eV     1   --> A              
     e( 26 - 26) =      0.17434  eV     1   --> A              
     e( 27 - 27) =      0.30181  eV     1   --> A              
     e( 28 - 28) =      2.06386  eV     1   --> A              
     e( 29 - 29) =      2.20257  eV     1   --> A              
     e( 30 - 30) =      3.09468  eV     1   --> A              
     e( 31 - 31) =      3.45055  eV     1   --> A              
     e( 32 - 32) =      4.37681  eV     1   --> A              
     e( 33 - 33) =      5.23214  eV     1   --> A              
     e( 34 - 34) =      5.33163  eV     1   --> A              
     e( 35 - 35) =      5.41137  eV     1   --> A              

 **************************************************************************

 **************************************************************************

                    xk=(   0.19500,   0.11258,   0.00000  )

     Band symmetry, C_1 (1)     point group:

     e(  1 -  1) =    -77.88592  eV     1   --> A              
     e(  2 -  2) =    -49.19603  eV     1   --> A              
     e(  3 -  3) =    -49.10109  eV     1   --> A              
     e(  4 -  4) =    -49.09248  eV     1   --> A              
     e(  5 -  5) =    -24.41676  eV     1   --> A              
     e(  6 -  6) =    -24.35626  eV     1   --> A              
     e(  7 -  7) =    -21.69989  eV     1   --> A              
     e(  8 -  8) =    -20.55062  eV     1   --> A              
     e(  9 -  9) =    -13.95710  eV     1   --> A              
     e( 10 - 10) =    -11.80388  eV     1   --> A              
     e( 11 - 11) =    -11.52730  eV     1   --> A              
     e( 12 - 12) =    -11.45791  eV     1   --> A              
     e( 13 - 13) =     -9.97683  eV     1   --> A              
     e( 14 - 14) =     -9.72472  eV     1   --> A              
     e( 15 - 15) =     -9.71361  eV     1   --> A              
     e( 16 - 16) =     -9.34638  eV     1   --> A              
     e( 17 - 17) =     -8.56028  eV     1   --> A              
     e( 18 - 18) =     -8.49490  eV     1   --> A              
     e( 19 - 19) =     -8.22493  eV     1   --> A              
     e( 20 - 20) =     -7.73988  eV     1   --> A              
     e( 21 - 21) =     -6.14572  eV     1   --> A              
     e( 22 - 22) =     -3.60371  eV     1   --> A              
     e( 23 - 23) =     -3.50498  eV     1   --> A              
     e( 24 - 24) =     -3.29534  eV     1   --> A              
     e( 25 - 25) =     -2.67941  eV     1   --> A              
     e( 26 - 26) =      0.21015  eV     1   --> A              
     e( 27 - 27) =      0.33819  eV     1   --> A              
     e( 28 - 28) =      2.05740  eV     1   --> A              
     e( 29 - 29) =      2.18596  eV     1   --> A              
     e( 30 - 30) =      3.08881  eV     1   --> A              
     e( 31 - 31) =      3.43533  eV     1   --> A              
     e( 32 - 32) =      4.31341  eV     1   --> A              
     e( 33 - 33) =      5.18599  eV     1   --> A              
     e( 34 - 34) =      5.27931  eV     1   --> A              
     e( 35 - 35) =      5.35454  eV     1   --> A              

 **************************************************************************

 **************************************************************************

                    xk=(   0.19000,   0.10970,   0.00000  )

     Band symmetry, C_1 (1)     point group:

     e(  1 -  1) =    -77.88668  eV     1   --> A              
     e(  2 -  2) =    -49.19062  eV     1   --> A              
     e(  3 -  3) =    -49.09986  eV     1   --> A              
     e(  4 -  4) =    -49.09351  eV     1   --> A              
     e(  5 -  5) =    -24.45078  eV     1   --> A              
     e(  6 -  6) =    -24.38976  eV     1   --> A              
     e(  7 -  7) =    -21.72464  eV     1   --> A              
     e(  8 -  8) =    -20.56420  eV     1   --> A              
     e(  9 -  9) =    -13.97726  eV     1   --> A              
     e( 10 - 10) =    -11.77147  eV     1   --> A              
     e( 11 - 11) =    -11.44032  eV     1   --> A              
     e( 12 - 12) =    -11.40733  eV     1   --> A              
     e( 13 - 13) =     -9.93557  eV     1   --> A              
     e( 14 - 14) =     -9.70142  eV     1   --> A              
     e( 15 - 15) =     -9.69006  eV     1   --> A              
     e( 16 - 16) =     -9.36181  eV     1   --> A              
     e( 17 - 17) =     -8.53072  eV     1   --> A              
     e( 18 - 18) =     -8.51466  eV     1   --> A              
     e( 19 - 19) =     -8.20160  eV     1   --> A              
     e( 20 - 20) =     -7.72498  eV     1   --> A              
     e( 21 - 21) =     -6.12024  eV     1   --> A              
     e( 22 - 22) =     -3.59307  eV     1   --> A              
     e( 23 - 23) =     -3.48749  eV     1   --> A              
     e( 24 - 24) =     -3.30549  eV     1   --> A              
     e( 25 - 25) =     -2.69951  eV     1   --> A              
     e( 26 - 26) =      0.24160  eV     1   --> A              
     e( 27 - 27) =      0.37146  eV     1   --> A              
     e( 28 - 28) =      2.05423  eV     1   --> A              
     e( 29 - 29) =      2.17233  eV     1   --> A              
     e( 30 - 30) =      3.08208  eV     1   --> A              
     e( 31 - 31) =      3.41816  eV     1   --> A              
     e( 32 - 32) =      4.24906  eV     1   --> A              
     e( 33 - 33) =      5.14080  eV     1   --> A              
     e( 34 - 34) =      5.22612  eV     1   --> A              
     e( 35 - 35) =      5.29720  eV     1   --> A              

 **************************************************************************

 **************************************************************************

                    xk=(   0.18500,   0.10681,   0.00000  )

     Band symmetry, C_1 (1)     point group:

     e(  1 -  1) =    -77.88742  eV     1   --> A              
     e(  2 -  2) =    -49.18528  eV     1   --> A              
     e(  3 -  3) =    -49.09866  eV     1   --> A              
     e(  4 -  4) =    -49.09452  eV     1   --> A              
     e(  5 -  5) =    -24.48404  eV     1   --> A              
     e(  6 -  6) =    -24.42250  eV     1   --> A              
     e(  7 -  7) =    -21.74901  eV     1   --> A              
     e(  8 -  8) =    -20.57761  eV     1   --> A              
     e(  9 -  9) =    -13.99774  eV     1   --> A              
     e( 10 - 10) =    -11.75255  eV     1   --> A              
     e( 11 - 11) =    -11.35480  eV     1   --> A              
     e( 12 - 12) =    -11.34245  eV     1   --> A              
     e( 13 - 13) =     -9.89464  eV     1   --> A              
     e( 14 - 14) =     -9.67837  eV     1   --> A              
     e( 15 - 15) =     -9.66655  eV     1   --> A              
     e( 16 - 16) =     -9.37694  eV     1   --> A              
     e( 17 - 17) =     -8.53431  eV     1   --> A              
     e( 18 - 18) =     -8.50178  eV     1   --> A              
     e( 19 - 19) =     -8.17812  eV     1   --> A              
     e( 20 - 20) =     -7.71013  eV     1   --> A              
     e( 21 - 21) =     -6.09483  eV     1   --> A              
     e( 22 - 22) =     -3.58213  eV     1   --> A              
     e( 23 - 23) =     -3.47014  eV     1   --> A              
     e( 24 - 24) =     -3.31478  eV     1   --> A              
     e( 25 - 25) =     -2.71966  eV     1   --> A              
     e( 26 - 26) =      0.26834  eV     1   --> A              
     e( 27 - 27) =      0.40139  eV     1   --> A              
     e( 28 - 28) =      2.05455  eV     1   --> A              
     e( 29 - 29) =      2.16196  eV     1   --> A              
     e( 30 - 30) =      3.07452  eV     1   --> A              
     e( 31 - 31) =      3.39922  eV     1   --> A              
     e( 32 - 32) =      4.18407  eV     1   --> A              
     e( 33 - 33) =      5.09661  eV     1   --> A              
     e( 34 - 34) =      5.17223  eV     1   --> A              
     e( 35 - 35) =      5.23953  eV     1   --> A              

 **************************************************************************

 **************************************************************************

                    xk=(   0.18000,   0.10392,   0.00000  )

     Band symmetry, C_1 (1)     point group:

     e(  1 -  1) =    -77.88816  eV     1   --> A              
     e(  2 -  2) =    -49.18001  eV     1   --> A              
     e(  3 -  3) =    -49.09747  eV     1   --> A              
     e(  4 -  4) =    -49.09552  eV     1   --> A              
     e(  5 -  5) =    -24.51653  eV     1   --> A              
     e(  6 -  6) =    -24.45449  eV     1   --> A              
     e(  7 -  7) =    -21.77297  eV     1   --> A              
     e(  8 -  8) =    -20.59082  eV     1   --> A              
     e(  9 -  9) =    -14.01841  eV     1   --> A              
     e( 10 - 10) =    -11.74321  eV     1   --> A              
     e( 11 - 11) =    -11.27613  eV     1   --> A              
     e( 12 - 12) =    -11.26198  eV     1   --> A              
     e( 13 - 13) =     -9.85408  eV     1   --> A              
     e( 14 - 14) =     -9.65557  eV     1   --> A              
     e( 15 - 15) =     -9.64312  eV     1   --> A              
     e( 16 - 16) =     -9.39167  eV     1   --> A              
     e( 17 - 17) =     -8.55376  eV     1   --> A              
     e( 18 - 18) =     -8.47349  eV     1   --> A              
     e( 19 - 19) =     -8.15458  eV     1   --> A              
     e( 20 - 20) =     -7.69544  eV     1   --> A              
     e( 21 - 21) =     -6.06956  eV     1   --> A              
     e( 22 - 22) =     -3.57087  eV     1   --> A              
     e( 23 - 23) =     -3.45296  eV     1   --> A              
     e( 24 - 24) =     -3.32318  eV     1   --> A              
     e( 25 - 25) =     -2.73984  eV     1   --> A              
     e( 26 - 26) =      0.29010  eV     1   --> A              
     e( 27 - 27) =      0.42774  eV     1   --> A              
     e( 28 - 28) =      2.05846  eV     1   --> A              
     e( 29 - 29) =      2.15511  eV     1   --> A              
     e( 30 - 30) =      3.06619  eV     1   --> A              
     e( 31 - 31) =      3.37869  eV     1   --> A              
     e( 32 - 32) =      4.11875  eV     1   --> A              
     e( 33 - 33) =      5.05348  eV     1   --> A              
     e( 34 - 34) =      5.11782  eV     1   --> A              
     e( 35 - 35) =      5.18168  eV     1   --> A              

 **************************************************************************

 **************************************************************************

                    xk=(   0.17500,   0.10104,   0.00000  )

     Band symmetry, C_1 (1)     point group:

     e(  1 -  1) =    -77.88889  eV     1   --> A              
     e(  2 -  2) =    -49.17481  eV     1   --> A              
     e(  3 -  3) =    -49.09650  eV     1   --> A              
     e(  4 -  4) =    -49.09629  eV     1   --> A              
     e(  5 -  5) =    -24.54823  eV     1   --> A              
     e(  6 -  6) =    -24.48571  eV     1   --> A              
     e(  7 -  7) =    -21.79652  eV     1   --> A              
     e(  8 -  8) =    -20.60382  eV     1   --> A              
     e(  9 -  9) =    -14.03919  eV     1   --> A              
     e( 10 - 10) =    -11.74006  eV     1   --> A              
     e( 11 - 11) =    -11.19832  eV     1   --> A              
     e( 12 - 12) =    -11.17554  eV     1   --> A              
     e( 13 - 13) =     -9.81398  eV     1   --> A              
     e( 14 - 14) =     -9.63306  eV     1   --> A              
     e( 15 - 15) =     -9.61980  eV     1   --> A              
     e( 16 - 16) =     -9.40593  eV     1   --> A              
     e( 17 - 17) =     -8.57294  eV     1   --> A              
     e( 18 - 18) =     -8.44586  eV     1   --> A              
     e( 19 - 19) =     -8.13107  eV     1   --> A              
     e( 20 - 20) =     -7.68096  eV     1   --> A              
     e( 21 - 21) =     -6.04451  eV     1   --> A              
     e( 22 - 22) =     -3.55928  eV     1   --> A              
     e( 23 - 23) =     -3.43597  eV     1   --> A              
     e( 24 - 24) =     -3.33064  eV     1   --> A              
     e( 25 - 25) =     -2.76002  eV     1   --> A              
     e( 26 - 26) =      0.30674  eV     1   --> A              
     e( 27 - 27) =      0.45030  eV     1   --> A              
     e( 28 - 28) =      2.06595  eV     1   --> A              
     e( 29 - 29) =      2.15199  eV     1   --> A              
     e( 30 - 30) =      3.05719  eV     1   --> A              
     e( 31 - 31) =      3.35682  eV     1   --> A              
     e( 32 - 32) =      4.05338  eV     1   --> A              
     e( 33 - 33) =      5.01140  eV     1   --> A              
     e( 34 - 34) =      5.06307  eV     1   --> A              
     e( 35 - 35) =      5.12380  eV     1   --> A              

 **************************************************************************

 **************************************************************************

                    xk=(   0.17000,   0.09815,   0.00000  )

     Band symmetry, C_1 (1)     point group:

     e(  1 -  1) =    -77.88961  eV     1   --> A              
     e(  2 -  2) =    -49.16969  eV     1   --> A              
     e(  3 -  3) =    -49.09747  eV     1   --> A              
     e(  4 -  4) =    -49.09514  eV     1   --> A              
     e(  5 -  5) =    -24.57914  eV     1   --> A              
     e(  6 -  6) =    -24.51614  eV     1   --> A              
     e(  7 -  7) =    -21.81962  eV     1   --> A              
     e(  8 -  8) =    -20.61661  eV     1   --> A              
     e(  9 -  9) =    -14.06000  eV     1   --> A              
     e( 10 - 10) =    -11.74082  eV     1   --> A              
     e( 11 - 11) =    -11.11842  eV     1   --> A              
     e( 12 - 12) =    -11.08858  eV     1   --> A              
     e( 13 - 13) =     -9.77444  eV     1   --> A              
     e( 14 - 14) =     -9.61084  eV     1   --> A              
     e( 15 - 15) =     -9.59663  eV     1   --> A              
     e( 16 - 16) =     -9.41960  eV     1   --> A              
     e( 17 - 17) =     -8.59180  eV     1   --> A              
     e( 18 - 18) =     -8.41890  eV     1   --> A              
     e( 19 - 19) =     -8.10764  eV     1   --> A              
     e( 20 - 20) =     -7.66680  eV     1   --> A              
     e( 21 - 21) =     -6.01976  eV     1   --> A              
     e( 22 - 22) =     -3.54735  eV     1   --> A              
     e( 23 - 23) =     -3.41918  eV     1   --> A              
     e( 24 - 24) =     -3.33712  eV     1   --> A              
     e( 25 - 25) =     -2.78018  eV     1   --> A              
     e( 26 - 26) =      0.31820  eV     1   --> A              
     e( 27 - 27) =      0.46886  eV     1   --> A              
     e( 28 - 28) =      2.07691  eV     1   --> A              
     e( 29 - 29) =      2.15274  eV     1   --> A              
     e( 30 - 30) =      3.04765  eV     1   --> A              
     e( 31 - 31) =      3.33387  eV     1   --> A              
     e( 32 - 32) =      3.98827  eV     1   --> A              
     e( 33 - 33) =      4.97035  eV     1   --> A              
     e( 34 - 34) =      5.00815  eV     1   --> A              
     e( 35 - 35) =      5.06603  eV     1   --> A              

 **************************************************************************

 **************************************************************************

                    xk=(   0.16500,   0.09526,   0.00000  )

     Band symmetry, C_1 (1)     point group:

     e(  1 -  1) =    -77.89031  eV     1   --> A              
     e(  2 -  2) =    -49.16465  eV     1   --> A              
     e(  3 -  3) =    -49.09842  eV     1   --> A              
     e(  4 -  4) =    -49.09400  eV     1   --> A              
     e(  5 -  5) =    -24.60925  eV     1   --> A              
     e(  6 -  6) =    -24.54579  eV     1   --> A              
     e(  7 -  7) =    -21.84225  eV     1   --> A              
     e(  8 -  8) =    -20.62915  eV     1   --> A              
     e(  9 -  9) =    -14.08075  eV     1   --> A              
     e( 10 - 10) =    -11.74408  eV     1   --> A              
     e( 11 - 11) =    -11.03741  eV     1   --> A              
     e( 12 - 12) =    -11.00174  eV     1   --> A              
     e( 13 - 13) =     -9.73557  eV     1   --> A              
     e( 14 - 14) =     -9.58895  eV     1   --> A              
     e( 15 - 15) =     -9.57364  eV     1   --> A              
     e( 16 - 16) =     -9.43252  eV     1   --> A              
     e( 17 - 17) =     -8.61030  eV     1   --> A              
     e( 18 - 18) =     -8.39260  eV     1   --> A              
     e( 19 - 19) =     -8.08434  eV     1   --> A              
     e( 20 - 20) =     -7.65304  eV     1   --> A              
     e( 21 - 21) =     -5.99537  eV     1   --> A              
     e( 22 - 22) =     -3.53508  eV     1   --> A              
     e( 23 - 23) =     -3.40262  eV     1   --> A              
     e( 24 - 24) =     -3.34259  eV     1   --> A              
     e( 25 - 25) =     -2.80028  eV     1   --> A              
     e( 26 - 26) =      0.32455  eV     1   --> A              
     e( 27 - 27) =      0.48328  eV     1   --> A              
     e( 28 - 28) =      2.09105  eV     1   --> A              
     e( 29 - 29) =      2.15744  eV     1   --> A              
     e( 30 - 30) =      3.03771  eV     1   --> A              
     e( 31 - 31) =      3.31015  eV     1   --> A              
     e( 32 - 32) =      3.92369  eV     1   --> A              
     e( 33 - 33) =      4.93029  eV     1   --> A              
     e( 34 - 34) =      4.95322  eV     1   --> A              
     e( 35 - 35) =      5.00853  eV     1   --> A              

 **************************************************************************

 **************************************************************************

                    xk=(   0.16000,   0.09238,   0.00000  )

     Band symmetry, C_1 (1)     point group:

     e(  1 -  1) =    -77.89100  eV     1   --> A              
     e(  2 -  2) =    -49.15971  eV     1   --> A              
     e(  3 -  3) =    -49.09935  eV     1   --> A              
     e(  4 -  4) =    -49.09289  eV     1   --> A              
     e(  5 -  5) =    -24.63855  eV     1   --> A              
     e(  6 -  6) =    -24.57463  eV     1   --> A              
     e(  7 -  7) =    -21.86440  eV     1   --> A              
     e(  8 -  8) =    -20.64145  eV     1   --> A              
     e(  9 -  9) =    -14.10137  eV     1   --> A              
     e( 10 - 10) =    -11.74895  eV     1   --> A              
     e( 11 - 11) =    -10.95619  eV     1   --> A              
     e( 12 - 12) =    -10.91526  eV     1   --> A              
     e( 13 - 13) =     -9.69759  eV     1   --> A              
     e( 14 - 14) =     -9.56740  eV     1   --> A              
     e( 15 - 15) =     -9.55089  eV     1   --> A              
     e( 16 - 16) =     -9.44448  eV     1   --> A              
     e( 17 - 17) =     -8.62841  eV     1   --> A              
     e( 18 - 18) =     -8.36697  eV     1   --> A              
     e( 19 - 19) =     -8.06122  eV     1   --> A              
     e( 20 - 20) =     -7.63976  eV     1   --> A              
     e( 21 - 21) =     -5.97143  eV     1   --> A              
     e( 22 - 22) =     -3.52247  eV     1   --> A              
     e( 23 - 23) =     -3.38632  eV     1   --> A              
     e( 24 - 24) =     -3.34701  eV     1   --> A              
     e( 25 - 25) =     -2.82030  eV     1   --> A              
     e( 26 - 26) =      0.32594  eV     1   --> A              
     e( 27 - 27) =      0.49347  eV     1   --> A              
     e( 28 - 28) =      2.10799  eV     1   --> A              
     e( 29 - 29) =      2.16605  eV     1   --> A              
     e( 30 - 30) =      3.02755  eV     1   --> A              
     e( 31 - 31) =      3.28598  eV     1   --> A              
     e( 32 - 32) =      3.85996  eV     1   --> A              
     e( 33 - 33) =      4.89117  eV     1   --> A              
     e( 34 - 34) =      4.89843  eV     1   --> A              
     e( 35 - 35) =      4.95142  eV     1   --> A              

 **************************************************************************

 **************************************************************************

                    xk=(   0.15500,   0.08949,   0.00000  )

     Band symmetry, C_1 (1)     point group:

     e(  1 -  1) =    -77.89168  eV     1   --> A              
     e(  2 -  2) =    -49.15486  eV     1   --> A              
     e(  3 -  3) =    -49.10026  eV     1   --> A              
     e(  4 -  4) =    -49.09180  eV     1   --> A              
     e(  5 -  5) =    -24.66702  eV     1   --> A              
     e(  6 -  6) =    -24.60267  eV     1   --> A              
     e(  7 -  7) =    -21.88605  eV     1   --> A              
     e(  8 -  8) =    -20.65349  eV     1   --> A              
     e(  9 -  9) =    -14.12182  eV     1   --> A              
     e( 10 - 10) =    -11.75488  eV     1   --> A              
     e( 11 - 11) =    -10.87540  eV     1   --> A              
     e( 12 - 12) =    -10.82926  eV     1   --> A              
     e( 13 - 13) =     -9.66083  eV     1   --> A              
     e( 14 - 14) =     -9.54622  eV     1   --> A              
     e( 15 - 15) =     -9.52839  eV     1   --> A              
     e( 16 - 16) =     -9.45510  eV     1   --> A              
     e( 17 - 17) =     -8.64610  eV     1   --> A              
     e( 18 - 18) =     -8.34201  eV     1   --> A              
     e( 19 - 19) =     -8.03830  eV     1   --> A              
     e( 20 - 20) =     -7.62706  eV     1   --> A              
     e( 21 - 21) =     -5.94799  eV     1   --> A              
     e( 22 - 22) =     -3.50954  eV     1   --> A              
     e( 23 - 23) =     -3.37029  eV     1   --> A              
     e( 24 - 24) =     -3.35036  eV     1   --> A              
     e( 25 - 25) =     -2.84021  eV     1   --> A              
     e( 26 - 26) =      0.32262  eV     1   --> A              
     e( 27 - 27) =      0.49943  eV     1   --> A              
     e( 28 - 28) =      2.12722  eV     1   --> A              
     e( 29 - 29) =      2.17846  eV     1   --> A              
     e( 30 - 30) =      3.01734  eV     1   --> A              
     e( 31 - 31) =      3.26175  eV     1   --> A              
     e( 32 - 32) =      3.79741  eV     1   --> A              
     e( 33 - 33) =      4.84393  eV     1   --> A              
     e( 34 - 34) =      4.85293  eV     1   --> A              
     e( 35 - 35) =      4.89485  eV     1   --> A              

 **************************************************************************

 **************************************************************************

                    xk=(   0.15000,   0.08660,   0.00000  )

     Band symmetry, C_1 (1)     point group:

     e(  1 -  1) =    -77.89234  eV     1   --> A              
     e(  2 -  2) =    -49.15010  eV     1   --> A              
     e(  3 -  3) =    -49.10116  eV     1   --> A              
     e(  4 -  4) =    -49.09073  eV     1   --> A              
     e(  5 -  5) =    -24.69467  eV     1   --> A              
     e(  6 -  6) =    -24.62989  eV     1   --> A              
     e(  7 -  7) =    -21.90718  eV     1   --> A              
     e(  8 -  8) =    -20.66526  eV     1   --> A              
     e(  9 -  9) =    -14.14202  eV     1   --> A              
     e( 10 - 10) =    -11.76152  eV     1   --> A              
     e( 11 - 11) =    -10.79554  eV     1   --> A              
     e( 12 - 12) =    -10.74386  eV     1   --> A              
     e( 13 - 13) =     -9.62590  eV     1   --> A              
     e( 14 - 14) =     -9.52542  eV     1   --> A              
     e( 15 - 15) =     -9.50619  eV     1   --> A              
     e( 16 - 16) =     -9.46372  eV     1   --> A              
     e( 17 - 17) =     -8.66335  eV     1   --> A              
     e( 18 - 18) =     -8.31771  eV     1   --> A              
     e( 19 - 19) =     -8.01564  eV     1   --> A              
     e( 20 - 20) =     -7.61502  eV     1   --> A              
     e( 21 - 21) =     -5.92513  eV     1   --> A              
     e( 22 - 22) =     -3.49629  eV     1   --> A              
     e( 23 - 23) =     -3.35455  eV     1   --> A              
     e( 24 - 24) =     -3.35259  eV     1   --> A              
     e( 25 - 25) =     -2.85997  eV     1   --> A              
     e( 26 - 26) =      0.31491  eV     1   --> A              
     e( 27 - 27) =      0.50123  eV     1   --> A              
     e( 28 - 28) =      2.14815  eV     1   --> A              
     e( 29 - 29) =      2.19436  eV     1   --> A              
     e( 30 - 30) =      3.00726  eV     1   --> A              
     e( 31 - 31) =      3.23788  eV     1   --> A              
     e( 32 - 32) =      3.73638  eV     1   --> A              
     e( 33 - 33) =      4.78990  eV     1   --> A              
     e( 34 - 34) =      4.81547  eV     1   --> A              
     e( 35 - 35) =      4.83894  eV     1   --> A              

 **************************************************************************

 **************************************************************************

                    xk=(   0.14500,   0.08372,   0.00000  )

     Band symmetry, C_1 (1)     point group:

     e(  1 -  1) =    -77.89299  eV     1   --> A              
     e(  2 -  2) =    -49.14546  eV     1   --> A              
     e(  3 -  3) =    -49.10203  eV     1   --> A              
     e(  4 -  4) =    -49.08968  eV     1   --> A              
     e(  5 -  5) =    -24.72148  eV     1   --> A              
     e(  6 -  6) =    -24.65628  eV     1   --> A              
     e(  7 -  7) =    -21.92778  eV     1   --> A              
     e(  8 -  8) =    -20.67674  eV     1   --> A              
     e(  9 -  9) =    -14.16193  eV     1   --> A              
     e( 10 - 10) =    -11.76863  eV     1   --> A              
     e( 11 - 11) =    -10.71699  eV     1   --> A              
     e( 12 - 12) =    -10.65920  eV     1   --> A              
     e( 13 - 13) =     -9.59411  eV     1   --> A              
     e( 14 - 14) =     -9.50505  eV     1   --> A              
     e( 15 - 15) =     -9.48432  eV     1   --> A              
     e( 16 - 16) =     -9.46899  eV     1   --> A              
     e( 17 - 17) =     -8.68012  eV     1   --> A              
     e( 18 - 18) =     -8.29406  eV     1   --> A              
     e( 19 - 19) =     -7.99326  eV     1   --> A              
     e( 20 - 20) =     -7.60370  eV     1   --> A              
     e( 21 - 21) =     -5.90290  eV     1   --> A              
     e( 22 - 22) =     -3.48276  eV     1   --> A              
     e( 23 - 23) =     -3.35370  eV     1   --> A              
     e( 24 - 24) =     -3.33910  eV     1   --> A              
     e( 25 - 25) =     -2.87956  eV     1   --> A              
     e( 26 - 26) =      0.30317  eV     1   --> A              
     e( 27 - 27) =      0.49903  eV     1   --> A              
     e( 28 - 28) =      2.17023  eV     1   --> A              
     e( 29 - 29) =      2.21327  eV     1   --> A              
     e( 30 - 30) =      2.99745  eV     1   --> A              
     e( 31 - 31) =      3.21482  eV     1   --> A              
     e( 32 - 32) =      3.67731  eV     1   --> A              
     e( 33 - 33) =      4.73644  eV     1   --> A              
     e( 34 - 34) =      4.77874  eV     1   --> A              
     e( 35 - 35) =      4.78381  eV     1   --> A              

 **************************************************************************

 **************************************************************************

                    xk=(   0.14000,   0.08083,   0.00000  )

     Band symmetry, C_1 (1)     point group:

     e(  1 -  1) =    -77.89362  eV     1   --> A              
     e(  2 -  2) =    -49.14092  eV     1   --> A              
     e(  3 -  3) =    -49.10288  eV     1   --> A              
     e(  4 -  4) =    -49.08866  eV     1   --> A              
     e(  5 -  5) =    -24.74745  eV     1   --> A              
     e(  6 -  6) =    -24.68184  eV     1   --> A              
     e(  7 -  7) =    -21.94782  eV     1   --> A              
     e(  8 -  8) =    -20.68793  eV     1   --> A              
     e(  9 -  9) =    -14.18150  eV     1   --> A              
     e( 10 - 10) =    -11.77602  eV     1   --> A              
     e( 11 - 11) =    -10.64008  eV     1   --> A              
     e( 12 - 12) =    -10.57538  eV     1   --> A              
     e( 13 - 13) =     -9.56811  eV     1   --> A              
     e( 14 - 14) =     -9.48511  eV     1   --> A              
     e( 15 - 15) =     -9.46816  eV     1   --> A              
     e( 16 - 16) =     -9.46281  eV     1   --> A              
     e( 17 - 17) =     -8.69640  eV     1   --> A              
     e( 18 - 18) =     -8.27105  eV     1   --> A              
     e( 19 - 19) =     -7.97120  eV     1   --> A              
     e( 20 - 20) =     -7.59318  eV     1   --> A              
     e( 21 - 21) =     -5.88135  eV     1   --> A              
     e( 22 - 22) =     -3.46899  eV     1   --> A              
     e( 23 - 23) =     -3.35364  eV     1   --> A              
     e( 24 - 24) =     -3.32399  eV     1   --> A              
     e( 25 - 25) =     -2.89893  eV     1   --> A              
     e( 26 - 26) =      0.28777  eV     1   --> A              
     e( 27 - 27) =      0.49303  eV     1   --> A              
     e( 28 - 28) =      2.19295  eV     1   --> A              
     e( 29 - 29) =      2.23444  eV     1   --> A              
     e( 30 - 30) =      2.98799  eV     1   --> A              
     e( 31 - 31) =      3.19314  eV     1   --> A              
     e( 32 - 32) =      3.62066  eV     1   --> A              
     e( 33 - 33) =      4.68370  eV     1   --> A              
     e( 34 - 34) =      4.72958  eV     1   --> A              
     e( 35 - 35) =      4.74267  eV     1   --> A              

 **************************************************************************

 **************************************************************************

                    xk=(   0.13500,   0.07794,   0.00000  )

     Band symmetry, C_1 (1)     point group:

     e(  1 -  1) =    -77.89423  eV     1   --> A              
     e(  2 -  2) =    -49.13650  eV     1   --> A              
     e(  3 -  3) =    -49.10371  eV     1   --> A              
     e(  4 -  4) =    -49.08766  eV     1   --> A              
     e(  5 -  5) =    -24.77256  eV     1   --> A              
     e(  6 -  6) =    -24.70657  eV     1   --> A              
     e(  7 -  7) =    -21.96730  eV     1   --> A              
     e(  8 -  8) =    -20.69882  eV     1   --> A              
     e(  9 -  9) =    -14.20069  eV     1   --> A              
     e( 10 - 10) =    -11.78357  eV     1   --> A              
     e( 11 - 11) =    -10.56514  eV     1   --> A              
     e( 12 - 12) =    -10.49255  eV     1   --> A              
     e( 13 - 13) =     -9.55162  eV     1   --> A              
     e( 14 - 14) =     -9.46565  eV     1   --> A              
     e( 15 - 15) =     -9.45745  eV     1   --> A              
     e( 16 - 16) =     -9.44170  eV     1   --> A              
     e( 17 - 17) =     -8.71217  eV     1   --> A              
     e( 18 - 18) =     -8.24869  eV     1   --> A              
     e( 19 - 19) =     -7.94950  eV     1   --> A              
     e( 20 - 20) =     -7.58355  eV     1   --> A              
     e( 21 - 21) =     -5.86055  eV     1   --> A              
     e( 22 - 22) =     -3.45505  eV     1   --> A              
     e( 23 - 23) =     -3.35239  eV     1   --> A              
     e( 24 - 24) =     -3.30923  eV     1   --> A              
     e( 25 - 25) =     -2.91806  eV     1   --> A              
     e( 26 - 26) =      0.26911  eV     1   --> A              
     e( 27 - 27) =      0.48352  eV     1   --> A              
     e( 28 - 28) =      2.21586  eV     1   --> A              
     e( 29 - 29) =      2.25693  eV     1   --> A              
     e( 30 - 30) =      2.97882  eV     1   --> A              
     e( 31 - 31) =      3.17344  eV     1   --> A              
     e( 32 - 32) =      3.56703  eV     1   --> A              
     e( 33 - 33) =      4.63180  eV     1   --> A              
     e( 34 - 34) =      4.67635  eV     1   --> A              
     e( 35 - 35) =      4.70716  eV     1   --> A              

 **************************************************************************

 **************************************************************************

                    xk=(   0.13000,   0.07506,   0.00000  )

     Band symmetry, C_1 (1)     point group:

     e(  1 -  1) =    -77.89483  eV     1   --> A              
     e(  2 -  2) =    -49.13219  eV     1   --> A              
     e(  3 -  3) =    -49.10452  eV     1   --> A              
     e(  4 -  4) =    -49.08670  eV     1   --> A              
     e(  5 -  5) =    -24.79682  eV     1   --> A              
     e(  6 -  6) =    -24.73045  eV     1   --> A              
     e(  7 -  7) =    -21.98620  eV     1   --> A              
     e(  8 -  8) =    -20.70939  eV     1   --> A              
     e(  9 -  9) =    -14.21947  eV     1   --> A              
     e( 10 - 10) =    -11.79120  eV     1   --> A              
     e( 11 - 11) =    -10.49247  eV     1   --> A              
     e( 12 - 12) =    -10.41083  eV     1   --> A              
     e( 13 - 13) =     -9.54499  eV     1   --> A              
     e( 14 - 14) =     -9.44669  eV     1   --> A              
     e( 15 - 15) =     -9.43636  eV     1   --> A              
     e( 16 - 16) =     -9.42103  eV     1   --> A              
     e( 17 - 17) =     -8.72741  eV     1   --> A              
     e( 18 - 18) =     -8.22696  eV     1   --> A              
     e( 19 - 19) =     -7.92819  eV     1   --> A              
     e( 20 - 20) =     -7.57486  eV     1   --> A              
     e( 21 - 21) =     -5.84053  eV     1   --> A              
     e( 22 - 22) =     -3.44101  eV     1   --> A              
     e( 23 - 23) =     -3.34988  eV     1   --> A              
     e( 24 - 24) =     -3.29484  eV     1   --> A              
     e( 25 - 25) =     -2.93691  eV     1   --> A              
     e( 26 - 26) =      0.24758  eV     1   --> A              
     e( 27 - 27) =      0.47082  eV     1   --> A              
     e( 28 - 28) =      2.23851  eV     1   --> A              
     e( 29 - 29) =      2.27969  eV     1   --> A              
     e( 30 - 30) =      2.96971  eV     1   --> A              
     e( 31 - 31) =      3.15648  eV     1   --> A              
     e( 32 - 32) =      3.51714  eV     1   --> A              
     e( 33 - 33) =      4.58086  eV     1   --> A              
     e( 34 - 34) =      4.62424  eV     1   --> A              
     e( 35 - 35) =      4.67218  eV     1   --> A              

 **************************************************************************

 **************************************************************************

                    xk=(   0.12500,   0.07217,   0.00000  )

     Band symmetry, C_1 (1)     point group:

     e(  1 -  1) =    -77.89541  eV     1   --> A              
     e(  2 -  2) =    -49.12801  eV     1   --> A              
     e(  3 -  3) =    -49.10531  eV     1   --> A              
     e(  4 -  4) =    -49.08576  eV     1   --> A              
     e(  5 -  5) =    -24.82021  eV     1   --> A              
     e(  6 -  6) =    -24.75347  eV     1   --> A              
     e(  7 -  7) =    -22.00449  eV     1   --> A              
     e(  8 -  8) =    -20.71963  eV     1   --> A              
     e(  9 -  9) =    -14.23778  eV     1   --> A              
     e( 10 - 10) =    -11.79882  eV     1   --> A              
     e( 11 - 11) =    -10.42239  eV     1   --> A              
     e( 12 - 12) =    -10.33035  eV     1   --> A              
     e( 13 - 13) =     -9.54400  eV     1   --> A              
     e( 14 - 14) =     -9.42827  eV     1   --> A              
     e( 15 - 15) =     -9.40897  eV     1   --> A              
     e( 16 - 16) =     -9.40081  eV     1   --> A              
     e( 17 - 17) =     -8.74210  eV     1   --> A              
     e( 18 - 18) =     -8.20585  eV     1   --> A              
     e( 19 - 19) =     -7.90731  eV     1   --> A              
     e( 20 - 20) =     -7.56714  eV     1   --> A              
     e( 21 - 21) =     -5.82134  eV     1   --> A              
     e( 22 - 22) =     -3.42699  eV     1   --> A              
     e( 23 - 23) =     -3.34607  eV     1   --> A              
     e( 24 - 24) =     -3.28085  eV     1   --> A              
     e( 25 - 25) =     -2.95545  eV     1   --> A              
     e( 26 - 26) =      0.22357  eV     1   --> A              
     e( 27 - 27) =      0.45527  eV     1   --> A              
     e( 28 - 28) =      2.26040  eV     1   --> A              
     e( 29 - 29) =      2.30173  eV     1   --> A              
     e( 30 - 30) =      2.96013  eV     1   --> A              
     e( 31 - 31) =      3.14308  eV     1   --> A              
     e( 32 - 32) =      3.47189  eV     1   --> A              
     e( 33 - 33) =      4.53099  eV     1   --> A              
     e( 34 - 34) =      4.57333  eV     1   --> A              
     e( 35 - 35) =      4.63765  eV     1   --> A              

 **************************************************************************

 **************************************************************************

                    xk=(   0.12000,   0.06928,   0.00000  )

     Band symmetry, C_1 (1)     point group:

     e(  1 -  1) =    -77.89598  eV     1   --> A              
     e(  2 -  2) =    -49.12396  eV     1   --> A              
     e(  3 -  3) =    -49.10607  eV     1   --> A              
     e(  4 -  4) =    -49.08485  eV     1   --> A              
     e(  5 -  5) =    -24.84273  eV     1   --> A              
     e(  6 -  6) =    -24.77564  eV     1   --> A              
     e(  7 -  7) =    -22.02218  eV     1   --> A              
     e(  8 -  8) =    -20.72955  eV     1   --> A              
     e(  9 -  9) =    -14.25561  eV     1   --> A              
     e( 10 - 10) =    -11.80638  eV     1   --> A              
     e( 11 - 11) =    -10.35526  eV     1   --> A              
     e( 12 - 12) =    -10.25123  eV     1   --> A              
     e( 13 - 13) =     -9.54488  eV     1   --> A              
     e( 14 - 14) =     -9.41040  eV     1   --> A              
     e( 15 - 15) =     -9.38109  eV     1   --> A              
     e( 16 - 16) =     -9.37887  eV     1   --> A              
     e( 17 - 17) =     -8.75621  eV     1   --> A              
     e( 18 - 18) =     -8.18537  eV     1   --> A              
     e( 19 - 19) =     -7.88689  eV     1   --> A              
     e( 20 - 20) =     -7.56047  eV     1   --> A              
     e( 21 - 21) =     -5.80301  eV     1   --> A              
     e( 22 - 22) =     -3.41316  eV     1   --> A              
     e( 23 - 23) =     -3.34087  eV     1   --> A              
     e( 24 - 24) =     -3.26725  eV     1   --> A              
     e( 25 - 25) =     -2.97363  eV     1   --> A              
     e( 26 - 26) =      0.19745  eV     1   --> A              
     e( 27 - 27) =      0.43722  eV     1   --> A              
     e( 28 - 28) =      2.28094  eV     1   --> A              
     e( 29 - 29) =      2.32215  eV     1   --> A              
     e( 30 - 30) =      2.94931  eV     1   --> A              
     e( 31 - 31) =      3.13414  eV     1   --> A              
     e( 32 - 32) =      3.43233  eV     1   --> A              
     e( 33 - 33) =      4.48230  eV     1   --> A              
     e( 34 - 34) =      4.52373  eV     1   --> A              
     e( 35 - 35) =      4.60352  eV     1   --> A              

 **************************************************************************

 **************************************************************************

                    xk=(   0.11500,   0.06640,   0.00000  )

     Band symmetry, C_1 (1)     point group:

     e(  1 -  1) =    -77.89652  eV     1   --> A              
     e(  2 -  2) =    -49.12004  eV     1   --> A              
     e(  3 -  3) =    -49.10680  eV     1   --> A              
     e(  4 -  4) =    -49.08396  eV     1   --> A              
     e(  5 -  5) =    -24.86438  eV     1   --> A              
     e(  6 -  6) =    -24.79695  eV     1   --> A              
     e(  7 -  7) =    -22.03925  eV     1   --> A              
     e(  8 -  8) =    -20.73912  eV     1   --> A              
     e(  9 -  9) =    -14.27291  eV     1   --> A              
     e( 10 - 10) =    -11.81383  eV     1   --> A              
     e( 11 - 11) =    -10.29149  eV     1   --> A              
     e( 12 - 12) =    -10.17361  eV     1   --> A              
     e( 13 - 13) =     -9.54556  eV     1   --> A              
     e( 14 - 14) =     -9.39312  eV     1   --> A              
     e( 15 - 15) =     -9.36190  eV     1   --> A              
     e( 16 - 16) =     -9.34786  eV     1   --> A              
     e( 17 - 17) =     -8.76974  eV     1   --> A              
     e( 18 - 18) =     -8.16550  eV     1   --> A              
     e( 19 - 19) =     -7.86696  eV     1   --> A              
     e( 20 - 20) =     -7.55485  eV     1   --> A              
     e( 21 - 21) =     -5.78557  eV     1   --> A              
     e( 22 - 22) =     -3.39966  eV     1   --> A              
     e( 23 - 23) =     -3.33419  eV     1   --> A              
     e( 24 - 24) =     -3.25410  eV     1   --> A              
     e( 25 - 25) =     -2.99142  eV     1   --> A              
     e( 26 - 26) =      0.16959  eV     1   --> A              
     e( 27 - 27) =      0.41703  eV     1   --> A              
     e( 28 - 28) =      2.29954  eV     1   --> A              
     e( 29 - 29) =      2.34019  eV     1   --> A              
     e( 30 - 30) =      2.93627  eV     1   --> A              
     e( 31 - 31) =      3.13040  eV     1   --> A              
     e( 32 - 32) =      3.39971  eV     1   --> A              
     e( 33 - 33) =      4.43489  eV     1   --> A              
     e( 34 - 34) =      4.47552  eV     1   --> A              
     e( 35 - 35) =      4.56976  eV     1   --> A              

 **************************************************************************

 **************************************************************************

                    xk=(   0.11000,   0.06351,   0.00000  )

     Band symmetry, C_1 (1)     point group:

     e(  1 -  1) =    -77.89705  eV     1   --> A              
     e(  2 -  2) =    -49.11625  eV     1   --> A              
     e(  3 -  3) =    -49.10751  eV     1   --> A              
     e(  4 -  4) =    -49.08311  eV     1   --> A              
     e(  5 -  5) =    -24.88514  eV     1   --> A              
     e(  6 -  6) =    -24.81738  eV     1   --> A              
     e(  7 -  7) =    -22.05568  eV     1   --> A              
     e(  8 -  8) =    -20.74834  eV     1   --> A              
     e(  9 -  9) =    -14.28966  eV     1   --> A              
     e( 10 - 10) =    -11.82114  eV     1   --> A              
     e( 11 - 11) =    -10.23151  eV     1   --> A              
     e( 12 - 12) =    -10.09760  eV     1   --> A              
     e( 13 - 13) =     -9.54493  eV     1   --> A              
     e( 14 - 14) =     -9.37647  eV     1   --> A              
     e( 15 - 15) =     -9.34326  eV     1   --> A              
     e( 16 - 16) =     -9.31677  eV     1   --> A              
     e( 17 - 17) =     -8.78267  eV     1   --> A              
     e( 18 - 18) =     -8.14624  eV     1   --> A              
     e( 19 - 19) =     -7.84756  eV     1   --> A              
     e( 20 - 20) =     -7.55032  eV     1   --> A              
     e( 21 - 21) =     -5.76904  eV     1   --> A              
     e( 22 - 22) =     -3.38668  eV     1   --> A              
     e( 23 - 23) =     -3.32595  eV     1   --> A              
     e( 24 - 24) =     -3.24140  eV     1   --> A              
     e( 25 - 25) =     -3.00877  eV     1   --> A              
     e( 26 - 26) =      0.14031  eV     1   --> A              
     e( 27 - 27) =      0.39504  eV     1   --> A              
     e( 28 - 28) =      2.31564  eV     1   --> A              
     e( 29 - 29) =      2.35533  eV     1   --> A              
     e( 30 - 30) =      2.92017  eV     1   --> A              
     e( 31 - 31) =      3.13229  eV     1   --> A              
     e( 32 - 32) =      3.37526  eV     1   --> A              
     e( 33 - 33) =      4.38885  eV     1   --> A              
     e( 34 - 34) =      4.42879  eV     1   --> A              
     e( 35 - 35) =      4.53631  eV     1   --> A              

 **************************************************************************

 **************************************************************************

                    xk=(   0.10500,   0.06062,   0.00000  )

     Band symmetry, C_1 (1)     point group:

     e(  1 -  1) =    -77.89755  eV     1   --> A              
     e(  2 -  2) =    -49.11261  eV     1   --> A              
     e(  3 -  3) =    -49.10818  eV     1   --> A              
     e(  4 -  4) =    -49.08230  eV     1   --> A              
     e(  5 -  5) =    -24.90501  eV     1   --> A              
     e(  6 -  6) =    -24.83695  eV     1   --> A              
     e(  7 -  7) =    -22.07146  eV     1   --> A              
     e(  8 -  8) =    -20.75721  eV     1   --> A              
     e(  9 -  9) =    -14.30583  eV     1   --> A              
     e( 10 - 10) =    -11.82826  eV     1   --> A              
     e( 11 - 11) =    -10.17582  eV     1   --> A              
     e( 12 - 12) =    -10.02335  eV     1   --> A              
     e( 13 - 13) =     -9.54225  eV     1   --> A              
     e( 14 - 14) =     -9.36047  eV     1   --> A              
     e( 15 - 15) =     -9.32521  eV     1   --> A              
     e( 16 - 16) =     -9.28603  eV     1   --> A              
     e( 17 - 17) =     -8.79498  eV     1   --> A              
     e( 18 - 18) =     -8.12760  eV     1   --> A              
     e( 19 - 19) =     -7.82873  eV     1   --> A              
     e( 20 - 20) =     -7.54688  eV     1   --> A              
     e( 21 - 21) =     -5.75344  eV     1   --> A              
     e( 22 - 22) =     -3.37437  eV     1   --> A              
     e( 23 - 23) =     -3.31612  eV     1   --> A              
     e( 24 - 24) =     -3.22918  eV     1   --> A              
     e( 25 - 25) =     -3.02565  eV     1   --> A              
     e( 26 - 26) =      0.10994  eV     1   --> A              
     e( 27 - 27) =      0.37160  eV     1   --> A              
     e( 28 - 28) =      2.32880  eV     1   --> A              
     e( 29 - 29) =      2.36721  eV     1   --> A              
     e( 30 - 30) =      2.90046  eV     1   --> A              
     e( 31 - 31) =      3.13977  eV     1   --> A              
     e( 32 - 32) =      3.36001  eV     1   --> A              
     e( 33 - 33) =      4.34427  eV     1   --> A              
     e( 34 - 34) =      4.38362  eV     1   --> A              
     e( 35 - 35) =      4.50315  eV     1   --> A              

 **************************************************************************

 **************************************************************************

                    xk=(   0.10000,   0.05774,   0.00000  )

     Band symmetry, C_1 (1)     point group:

     e(  1 -  1) =    -77.89804  eV     1   --> A              
     e(  2 -  2) =    -49.10924  eV     1   --> A              
     e(  3 -  3) =    -49.10870  eV     1   --> A              
     e(  4 -  4) =    -49.08151  eV     1   --> A              
     e(  5 -  5) =    -24.92399  eV     1   --> A              
     e(  6 -  6) =    -24.85563  eV     1   --> A              
     e(  7 -  7) =    -22.08658  eV     1   --> A              
     e(  8 -  8) =    -20.76571  eV     1   --> A              
     e(  9 -  9) =    -14.32140  eV     1   --> A              
     e( 10 - 10) =    -11.83519  eV     1   --> A              
     e( 11 - 11) =    -10.12491  eV     1   --> A              
     e( 12 - 12) =     -9.95098  eV     1   --> A              
     e( 13 - 13) =     -9.53691  eV     1   --> A              
     e( 14 - 14) =     -9.34514  eV     1   --> A              
     e( 15 - 15) =     -9.30776  eV     1   --> A              
     e( 16 - 16) =     -9.25588  eV     1   --> A              
     e( 17 - 17) =     -8.80666  eV     1   --> A              
     e( 18 - 18) =     -8.10957  eV     1   --> A              
     e( 19 - 19) =     -7.81049  eV     1   --> A              
     e( 20 - 20) =     -7.54454  eV     1   --> A              
     e( 21 - 21) =     -5.73878  eV     1   --> A              
     e( 22 - 22) =     -3.36276  eV     1   --> A              
     e( 23 - 23) =     -3.30478  eV     1   --> A              
     e( 24 - 24) =     -3.21746  eV     1   --> A              
     e( 25 - 25) =     -3.04199  eV     1   --> A              
     e( 26 - 26) =      0.07879  eV     1   --> A              
     e( 27 - 27) =      0.34704  eV     1   --> A              
     e( 28 - 28) =      2.33876  eV     1   --> A              
     e( 29 - 29) =      2.37573  eV     1   --> A              
     e( 30 - 30) =      2.87710  eV     1   --> A              
     e( 31 - 31) =      3.15242  eV     1   --> A              
     e( 32 - 32) =      3.35454  eV     1   --> A              
     e( 33 - 33) =      4.30124  eV     1   --> A              
     e( 34 - 34) =      4.34007  eV     1   --> A              
     e( 35 - 35) =      4.47024  eV     1   --> A              

 **************************************************************************

 **************************************************************************

                    xk=(   0.09500,   0.05485,   0.00000  )

     Band symmetry, C_1 (1)     point group:

     e(  1 -  1) =    -77.89850  eV     1   --> A              
     e(  2 -  2) =    -49.10950  eV     1   --> A              
     e(  3 -  3) =    -49.10572  eV     1   --> A              
     e(  4 -  4) =    -49.08076  eV     1   --> A              
     e(  5 -  5) =    -24.94208  eV     1   --> A              
     e(  6 -  6) =    -24.87343  eV     1   --> A              
     e(  7 -  7) =    -22.10103  eV     1   --> A              
     e(  8 -  8) =    -20.77384  eV     1   --> A              
     e(  9 -  9) =    -14.33634  eV     1   --> A              
     e( 10 - 10) =    -11.84188  eV     1   --> A              
     e( 11 - 11) =    -10.07928  eV     1   --> A              
     e( 12 - 12) =     -9.88063  eV     1   --> A              
     e( 13 - 13) =     -9.52844  eV     1   --> A              
     e( 14 - 14) =     -9.33052  eV     1   --> A              
     e( 15 - 15) =     -9.29097  eV     1   --> A              
     e( 16 - 16) =     -9.22646  eV     1   --> A              
     e( 17 - 17) =     -8.81769  eV     1   --> A              
     e( 18 - 18) =     -8.09217  eV     1   --> A              
     e( 19 - 19) =     -7.79288  eV     1   --> A              
     e( 20 - 20) =     -7.54330  eV     1   --> A              
     e( 21 - 21) =     -5.72506  eV     1   --> A              
     e( 22 - 22) =     -3.35179  eV     1   --> A              
     e( 23 - 23) =     -3.29214  eV     1   --> A              
     e( 24 - 24) =     -3.20628  eV     1   --> A              
     e( 25 - 25) =     -3.05776  eV     1   --> A              
     e( 26 - 26) =      0.04713  eV     1   --> A              
     e( 27 - 27) =      0.32165  eV     1   --> A              
     e( 28 - 28) =      2.34547  eV     1   --> A              
     e( 29 - 29) =      2.38095  eV     1   --> A              
     e( 30 - 30) =      2.85051  eV     1   --> A              
     e( 31 - 31) =      3.16965  eV     1   --> A              
     e( 32 - 32) =      3.35873  eV     1   --> A              
     e( 33 - 33) =      4.25983  eV     1   --> A              
     e( 34 - 34) =      4.29823  eV     1   --> A              
     e( 35 - 35) =      4.43757  eV     1   --> A              

 **************************************************************************

 **************************************************************************

                    xk=(   0.09000,   0.05196,   0.00000  )

     Band symmetry, C_1 (1)     point group:

     e(  1 -  1) =    -77.89895  eV     1   --> A              
     e(  2 -  2) =    -49.11009  eV     1   --> A              
     e(  3 -  3) =    -49.10252  eV     1   --> A              
     e(  4 -  4) =    -49.08004  eV     1   --> A              
     e(  5 -  5) =    -24.95926  eV     1   --> A              
     e(  6 -  6) =    -24.89034  eV     1   --> A              
     e(  7 -  7) =    -22.11480  eV     1   --> A              
     e(  8 -  8) =    -20.78159  eV     1   --> A              
     e(  9 -  9) =    -14.35063  eV     1   --> A              
     e( 10 - 10) =    -11.84833  eV     1   --> A              
     e( 11 - 11) =    -10.03931  eV     1   --> A              
     e( 12 - 12) =     -9.81244  eV     1   --> A              
     e( 13 - 13) =     -9.51650  eV     1   --> A              
     e( 14 - 14) =     -9.31663  eV     1   --> A              
     e( 15 - 15) =     -9.27485  eV     1   --> A              
     e( 16 - 16) =     -9.19787  eV     1   --> A              
     e( 17 - 17) =     -8.82807  eV     1   --> A              
     e( 18 - 18) =     -8.07539  eV     1   --> A              
     e( 19 - 19) =     -7.77594  eV     1   --> A              
     e( 20 - 20) =     -7.54312  eV     1   --> A              
     e( 21 - 21) =     -5.71227  eV     1   --> A              
     e( 22 - 22) =     -3.34134  eV     1   --> A              
     e( 23 - 23) =     -3.27847  eV     1   --> A              
     e( 24 - 24) =     -3.19570  eV     1   --> A              
     e( 25 - 25) =     -3.07287  eV     1   --> A              
     e( 26 - 26) =      0.01525  eV     1   --> A              
     e( 27 - 27) =      0.29575  eV     1   --> A              
     e( 28 - 28) =      2.34905  eV     1   --> A              
     e( 29 - 29) =      2.38307  eV     1   --> A              
     e( 30 - 30) =      2.82142  eV     1   --> A              
     e( 31 - 31) =      3.19088  eV     1   --> A              
     e( 32 - 32) =      3.37184  eV     1   --> A              
     e( 33 - 33) =      4.22013  eV     1   --> A              
     e( 34 - 34) =      4.25815  eV     1   --> A              
     e( 35 - 35) =      4.40512  eV     1   --> A              

 **************************************************************************

 **************************************************************************

                    xk=(   0.08500,   0.04907,   0.00000  )

     Band symmetry, C_1 (1)     point group:

     e(  1 -  1) =    -77.89937  eV     1   --> A              
     e(  2 -  2) =    -49.11065  eV     1   --> A              
     e(  3 -  3) =    -49.09947  eV     1   --> A              
     e(  4 -  4) =    -49.07935  eV     1   --> A              
     e(  5 -  5) =    -24.97553  eV     1   --> A              
     e(  6 -  6) =    -24.90636  eV     1   --> A              
     e(  7 -  7) =    -22.12788  eV     1   --> A              
     e(  8 -  8) =    -20.78895  eV     1   --> A              
     e(  9 -  9) =    -14.36425  eV     1   --> A              
     e( 10 - 10) =    -11.85451  eV     1   --> A              
     e( 11 - 11) =    -10.00520  eV     1   --> A              
     e( 12 - 12) =     -9.74655  eV     1   --> A              
     e( 13 - 13) =     -9.50096  eV     1   --> A              
     e( 14 - 14) =     -9.30350  eV     1   --> A              
     e( 15 - 15) =     -9.25943  eV     1   --> A              
     e( 16 - 16) =     -9.17022  eV     1   --> A              
     e( 17 - 17) =     -8.83779  eV     1   --> A              
     e( 18 - 18) =     -8.05925  eV     1   --> A              
     e( 19 - 19) =     -7.75969  eV     1   --> A              
     e( 20 - 20) =     -7.54397  eV     1   --> A              
     e( 21 - 21) =     -5.70043  eV     1   --> A              
     e( 22 - 22) =     -3.33127  eV     1   --> A              
     e( 23 - 23) =     -3.26408  eV     1   --> A              
     e( 24 - 24) =     -3.18577  eV     1   --> A              
     e( 25 - 25) =     -3.08725  eV     1   --> A              
     e( 26 - 26) =     -0.01660  eV     1   --> A              
     e( 27 - 27) =      0.26959  eV     1   --> A              
     e( 28 - 28) =      2.34980  eV     1   --> A              
     e( 29 - 29) =      2.38243  eV     1   --> A              
     e( 30 - 30) =      2.79067  eV     1   --> A              
     e( 31 - 31) =      3.21562  eV     1   --> A              
     e( 32 - 32) =      3.39263  eV     1   --> A              
     e( 33 - 33) =      4.18219  eV     1   --> A              
     e( 34 - 34) =      4.21991  eV     1   --> A              
     e( 35 - 35) =      4.37288  eV     1   --> A              

 **************************************************************************

 **************************************************************************

                    xk=(   0.08000,   0.04619,   0.00000  )

     Band symmetry, C_1 (1)     point group:

     e(  1 -  1) =    -77.89977  eV     1   --> A              
     e(  2 -  2) =    -49.11119  eV     1   --> A              
     e(  3 -  3) =    -49.09658  eV     1   --> A              
     e(  4 -  4) =    -49.07870  eV     1   --> A              
     e(  5 -  5) =    -24.99090  eV     1   --> A              
     e(  6 -  6) =    -24.92148  eV     1   --> A              
     e(  7 -  7) =    -22.14026  eV     1   --> A              
     e(  8 -  8) =    -20.79593  eV     1   --> A              
     e(  9 -  9) =    -14.37719  eV     1   --> A              
     e( 10 - 10) =    -11.86040  eV     1   --> A              
     e( 11 - 11) =     -9.97689  eV     1   --> A              
     e( 12 - 12) =     -9.68313  eV     1   --> A              
     e( 13 - 13) =     -9.48195  eV     1   --> A              
     e( 14 - 14) =     -9.29114  eV     1   --> A              
     e( 15 - 15) =     -9.24473  eV     1   --> A              
     e( 16 - 16) =     -9.14356  eV     1   --> A              
     e( 17 - 17) =     -8.84684  eV     1   --> A              
     e( 18 - 18) =     -8.04376  eV     1   --> A              
     e( 19 - 19) =     -7.74417  eV     1   --> A              
     e( 20 - 20) =     -7.54581  eV     1   --> A              
     e( 21 - 21) =     -5.68949  eV     1   --> A              
     e( 22 - 22) =     -3.32147  eV     1   --> A              
     e( 23 - 23) =     -3.24927  eV     1   --> A              
     e( 24 - 24) =     -3.17665  eV     1   --> A              
     e( 25 - 25) =     -3.10071  eV     1   --> A              
     e( 26 - 26) =     -0.04818  eV     1   --> A              
     e( 27 - 27) =      0.24346  eV     1   --> A              
     e( 28 - 28) =      2.34809  eV     1   --> A              
     e( 29 - 29) =      2.37944  eV     1   --> A              
     e( 30 - 30) =      2.75911  eV     1   --> A              
     e( 31 - 31) =      3.24342  eV     1   --> A              
     e( 32 - 32) =      3.41965  eV     1   --> A              
     e( 33 - 33) =      4.14609  eV     1   --> A              
     e( 34 - 34) =      4.18355  eV     1   --> A              
     e( 35 - 35) =      4.34082  eV     1   --> A              

 **************************************************************************

 **************************************************************************

                    xk=(   0.07500,   0.04330,   0.00000  )

     Band symmetry, C_1 (1)     point group:

     e(  1 -  1) =    -77.90015  eV     1   --> A              
     e(  2 -  2) =    -49.11170  eV     1   --> A              
     e(  3 -  3) =    -49.09384  eV     1   --> A              
     e(  4 -  4) =    -49.07809  eV     1   --> A              
     e(  5 -  5) =    -25.00535  eV     1   --> A              
     e(  6 -  6) =    -24.93570  eV     1   --> A              
     e(  7 -  7) =    -22.15193  eV     1   --> A              
     e(  8 -  8) =    -20.80251  eV     1   --> A              
     e(  9 -  9) =    -14.38942  eV     1   --> A              
     e( 10 - 10) =    -11.86600  eV     1   --> A              
     e( 11 - 11) =     -9.95405  eV     1   --> A              
     e( 12 - 12) =     -9.62233  eV     1   --> A              
     e( 13 - 13) =     -9.45989  eV     1   --> A              
     e( 14 - 14) =     -9.27958  eV     1   --> A              
     e( 15 - 15) =     -9.23078  eV     1   --> A              
     e( 16 - 16) =     -9.11794  eV     1   --> A              
     e( 17 - 17) =     -8.85520  eV     1   --> A              
     e( 18 - 18) =     -8.02892  eV     1   --> A              
     e( 19 - 19) =     -7.72941  eV     1   --> A              
     e( 20 - 20) =     -7.54856  eV     1   --> A              
     e( 21 - 21) =     -5.67946  eV     1   --> A              
     e( 22 - 22) =     -3.31189  eV     1   --> A              
     e( 23 - 23) =     -3.23426  eV     1   --> A              
     e( 24 - 24) =     -3.16864  eV     1   --> A              
     e( 25 - 25) =     -3.11294  eV     1   --> A              
     e( 26 - 26) =     -0.07922  eV     1   --> A              
     e( 27 - 27) =      0.21759  eV     1   --> A              
     e( 28 - 28) =      2.34435  eV     1   --> A              
     e( 29 - 29) =      2.37452  eV     1   --> A              
     e( 30 - 30) =      2.72748  eV     1   --> A              
     e( 31 - 31) =      3.27389  eV     1   --> A              
     e( 32 - 32) =      3.45148  eV     1   --> A              
     e( 33 - 33) =      4.11188  eV     1   --> A              
     e( 34 - 34) =      4.14913  eV     1   --> A              
     e( 35 - 35) =      4.30894  eV     1   --> A              

 **************************************************************************

 **************************************************************************

                    xk=(   0.07000,   0.04041,   0.00000  )

     Band symmetry, C_1 (1)     point group:

     e(  1 -  1) =    -77.90050  eV     1   --> A              
     e(  2 -  2) =    -49.11218  eV     1   --> A              
     e(  3 -  3) =    -49.09127  eV     1   --> A              
     e(  4 -  4) =    -49.07751  eV     1   --> A              
     e(  5 -  5) =    -25.01889  eV     1   --> A              
     e(  6 -  6) =    -24.94902  eV     1   --> A              
     e(  7 -  7) =    -22.16289  eV     1   --> A              
     e(  8 -  8) =    -20.80869  eV     1   --> A              
     e(  9 -  9) =    -14.40094  eV     1   --> A              
     e( 10 - 10) =    -11.87128  eV     1   --> A              
     e( 11 - 11) =     -9.93609  eV     1   --> A              
     e( 12 - 12) =     -9.56433  eV     1   --> A              
     e( 13 - 13) =     -9.43544  eV     1   --> A              
     e( 14 - 14) =     -9.26882  eV     1   --> A              
     e( 15 - 15) =     -9.21761  eV     1   --> A              
     e( 16 - 16) =     -9.09345  eV     1   --> A              
     e( 17 - 17) =     -8.86290  eV     1   --> A              
     e( 18 - 18) =     -8.01476  eV     1   --> A              
     e( 19 - 19) =     -7.71544  eV     1   --> A              
     e( 20 - 20) =     -7.55217  eV     1   --> A              
     e( 21 - 21) =     -5.67030  eV     1   --> A              
     e( 22 - 22) =     -3.30251  eV     1   --> A              
     e( 23 - 23) =     -3.21928  eV     1   --> A              
     e( 24 - 24) =     -3.16250  eV     1   --> A              
     e( 25 - 25) =     -3.12314  eV     1   --> A              
     e( 26 - 26) =     -0.10952  eV     1   --> A              
     e( 27 - 27) =      0.19222  eV     1   --> A              
     e( 28 - 28) =      2.33899  eV     1   --> A              
     e( 29 - 29) =      2.36813  eV     1   --> A              
     e( 30 - 30) =      2.69641  eV     1   --> A              
     e( 31 - 31) =      3.30660  eV     1   --> A              
     e( 32 - 32) =      3.48680  eV     1   --> A              
     e( 33 - 33) =      4.07962  eV     1   --> A              
     e( 34 - 34) =      4.11670  eV     1   --> A              
     e( 35 - 35) =      4.27721  eV     1   --> A              

 **************************************************************************

 **************************************************************************

                    xk=(   0.06500,   0.03753,   0.00000  )

     Band symmetry, C_1 (1)     point group:

     e(  1 -  1) =    -77.90084  eV     1   --> A              
     e(  2 -  2) =    -49.11263  eV     1   --> A              
     e(  3 -  3) =    -49.08886  eV     1   --> A              
     e(  4 -  4) =    -49.07697  eV     1   --> A              
     e(  5 -  5) =    -25.03151  eV     1   --> A              
     e(  6 -  6) =    -24.96144  eV     1   --> A              
     e(  7 -  7) =    -22.17312  eV     1   --> A              
     e(  8 -  8) =    -20.81446  eV     1   --> A              
     e(  9 -  9) =    -14.41172  eV     1   --> A              
     e( 10 - 10) =    -11.87625  eV     1   --> A              
     e( 11 - 11) =     -9.92231  eV     1   --> A              
     e( 12 - 12) =     -9.50936  eV     1   --> A              
     e( 13 - 13) =     -9.40933  eV     1   --> A              
     e( 14 - 14) =     -9.25888  eV     1   --> A              
     e( 15 - 15) =     -9.20523  eV     1   --> A              
     e( 16 - 16) =     -9.07012  eV     1   --> A              
     e( 17 - 17) =     -8.86992  eV     1   --> A              
     e( 18 - 18) =     -8.00128  eV     1   --> A              
     e( 19 - 19) =     -7.70229  eV     1   --> A              
     e( 20 - 20) =     -7.55652  eV     1   --> A              
     e( 21 - 21) =     -5.66199  eV     1   --> A              
     e( 22 - 22) =     -3.29335  eV     1   --> A              
     e( 23 - 23) =     -3.20451  eV     1   --> A              
     e( 24 - 24) =     -3.16017  eV     1   --> A              
     e( 25 - 25) =     -3.12937  eV     1   --> A              
     e( 26 - 26) =     -0.13884  eV     1   --> A              
     e( 27 - 27) =      0.16758  eV     1   --> A              
     e( 28 - 28) =      2.33241  eV     1   --> A              
     e( 29 - 29) =      2.36066  eV     1   --> A              
     e( 30 - 30) =      2.66639  eV     1   --> A              
     e( 31 - 31) =      3.34112  eV     1   --> A              
     e( 32 - 32) =      3.52448  eV     1   --> A              
     e( 33 - 33) =      4.04937  eV     1   --> A              
     e( 34 - 34) =      4.08632  eV     1   --> A              
     e( 35 - 35) =      4.24562  eV     1   --> A              

 **************************************************************************

 **************************************************************************

                    xk=(   0.06000,   0.03464,   0.00000  )

     Band symmetry, C_1 (1)     point group:

     e(  1 -  1) =    -77.90115  eV     1   --> A              
     e(  2 -  2) =    -49.11305  eV     1   --> A              
     e(  3 -  3) =    -49.08662  eV     1   --> A              
     e(  4 -  4) =    -49.07647  eV     1   --> A              
     e(  5 -  5) =    -25.04320  eV     1   --> A              
     e(  6 -  6) =    -24.97294  eV     1   --> A              
     e(  7 -  7) =    -22.18263  eV     1   --> A              
     e(  8 -  8) =    -20.81982  eV     1   --> A              
     e(  9 -  9) =    -14.42175  eV     1   --> A              
     e( 10 - 10) =    -11.88088  eV     1   --> A              
     e( 11 - 11) =     -9.91195  eV     1   --> A              
     e( 12 - 12) =     -9.45766  eV     1   --> A              
     e( 13 - 13) =     -9.38230  eV     1   --> A              
     e( 14 - 14) =     -9.24977  eV     1   --> A              
     e( 15 - 15) =     -9.19368  eV     1   --> A              
     e( 16 - 16) =     -9.04804  eV     1   --> A              
     e( 17 - 17) =     -8.87629  eV     1   --> A              
     e( 18 - 18) =     -7.98851  eV     1   --> A              
     e( 19 - 19) =     -7.68999  eV     1   --> A              
     e( 20 - 20) =     -7.56153  eV     1   --> A              
     e( 21 - 21) =     -5.65449  eV     1   --> A              
     e( 22 - 22) =     -3.28445  eV     1   --> A              
     e( 23 - 23) =     -3.19011  eV     1   --> A              
     e( 24 - 24) =     -3.16350  eV     1   --> A              
     e( 25 - 25) =     -3.12974  eV     1   --> A              
     e( 26 - 26) =     -0.16698  eV     1   --> A              
     e( 27 - 27) =      0.14386  eV     1   --> A              
     e( 28 - 28) =      2.32496  eV     1   --> A              
     e( 29 - 29) =      2.35250  eV     1   --> A              
     e( 30 - 30) =      2.63782  eV     1   --> A              
     e( 31 - 31) =      3.37704  eV     1   --> A              
     e( 32 - 32) =      3.56354  eV     1   --> A              
     e( 33 - 33) =      4.02116  eV     1   --> A              
     e( 34 - 34) =      4.05801  eV     1   --> A              
     e( 35 - 35) =      4.21415  eV     1   --> A              

 **************************************************************************

 **************************************************************************

                    xk=(   0.05500,   0.03175,   0.00000  )

     Band symmetry, C_1 (1)     point group:

     e(  1 -  1) =    -77.90143  eV     1   --> A              
     e(  2 -  2) =    -49.11344  eV     1   --> A              
     e(  3 -  3) =    -49.08456  eV     1   --> A              
     e(  4 -  4) =    -49.07601  eV     1   --> A              
     e(  5 -  5) =    -25.05397  eV     1   --> A              
     e(  6 -  6) =    -24.98354  eV     1   --> A              
     e(  7 -  7) =    -22.19139  eV     1   --> A              
     e(  8 -  8) =    -20.82477  eV     1   --> A              
     e(  9 -  9) =    -14.43103  eV     1   --> A              
     e( 10 - 10) =    -11.88518  eV     1   --> A              
     e( 11 - 11) =     -9.90431  eV     1   --> A              
     e( 12 - 12) =     -9.40965  eV     1   --> A              
     e( 13 - 13) =     -9.35492  eV     1   --> A              
     e( 14 - 14) =     -9.24147  eV     1   --> A              
     e( 15 - 15) =     -9.18297  eV     1   --> A              
     e( 16 - 16) =     -9.02727  eV     1   --> A              
     e( 17 - 17) =     -8.88200  eV     1   --> A              
     e( 18 - 18) =     -7.97649  eV     1   --> A              
     e( 19 - 19) =     -7.67857  eV     1   --> A              
     e( 20 - 20) =     -7.56707  eV     1   --> A              
     e( 21 - 21) =     -5.64778  eV     1   --> A              
     e( 22 - 22) =     -3.27588  eV     1   --> A              
     e( 23 - 23) =     -3.17625  eV     1   --> A              
     e( 24 - 24) =     -3.17055  eV     1   --> A              
     e( 25 - 25) =     -3.12618  eV     1   --> A              
     e( 26 - 26) =     -0.19372  eV     1   --> A              
     e( 27 - 27) =      0.12128  eV     1   --> A              
     e( 28 - 28) =      2.31699  eV     1   --> A              
     e( 29 - 29) =      2.34396  eV     1   --> A              
     e( 30 - 30) =      2.61101  eV     1   --> A              
     e( 31 - 31) =      3.41395  eV     1   --> A              
     e( 32 - 32) =      3.60312  eV     1   --> A              
     e( 33 - 33) =      3.99506  eV     1   --> A              
     e( 34 - 34) =      4.03182  eV     1   --> A              
     e( 35 - 35) =      4.18278  eV     1   --> A              

 **************************************************************************

 **************************************************************************

                    xk=(   0.05000,   0.02887,   0.00000  )

     Band symmetry, C_1 (1)     point group:

     e(  1 -  1) =    -77.90169  eV     1   --> A              
     e(  2 -  2) =    -49.11379  eV     1   --> A              
     e(  3 -  3) =    -49.08266  eV     1   --> A              
     e(  4 -  4) =    -49.07558  eV     1   --> A              
     e(  5 -  5) =    -25.06380  eV     1   --> A              
     e(  6 -  6) =    -24.99322  eV     1   --> A              
     e(  7 -  7) =    -22.19942  eV     1   --> A              
     e(  8 -  8) =    -20.82930  eV     1   --> A              
     e(  9 -  9) =    -14.43953  eV     1   --> A              
     e( 10 - 10) =    -11.88912  eV     1   --> A              
     e( 11 - 11) =     -9.89879  eV     1   --> A              
     e( 12 - 12) =     -9.36601  eV     1   --> A              
     e( 13 - 13) =     -9.32731  eV     1   --> A              
     e( 14 - 14) =     -9.23399  eV     1   --> A              
     e( 15 - 15) =     -9.17312  eV     1   --> A              
     e( 16 - 16) =     -9.00788  eV     1   --> A              
     e( 17 - 17) =     -8.88708  eV     1   --> A              
     e( 18 - 18) =     -7.96522  eV     1   --> A              
     e( 19 - 19) =     -7.66805  eV     1   --> A              
     e( 20 - 20) =     -7.57301  eV     1   --> A              
     e( 21 - 21) =     -5.64181  eV     1   --> A              
     e( 22 - 22) =     -3.26771  eV     1   --> A              
     e( 23 - 23) =     -3.17866  eV     1   --> A              
     e( 24 - 24) =     -3.16305  eV     1   --> A              
     e( 25 - 25) =     -3.12133  eV     1   --> A              
     e( 26 - 26) =     -0.21889  eV     1   --> A              
     e( 27 - 27) =      0.10001  eV     1   --> A              
     e( 28 - 28) =      2.30877  eV     1   --> A              
     e( 29 - 29) =      2.33532  eV     1   --> A              
     e( 30 - 30) =      2.58618  eV     1   --> A              
     e( 31 - 31) =      3.45152  eV     1   --> A              
     e( 32 - 32) =      3.64247  eV     1   --> A              
     e( 33 - 33) =      3.97109  eV     1   --> A              
     e( 34 - 34) =      4.00779  eV     1   --> A              
     e( 35 - 35) =      4.15148  eV     1   --> A              

 **************************************************************************

 **************************************************************************

                    xk=(   0.04500,   0.02598,   0.00000  )

     Band symmetry, C_1 (1)     point group:

     e(  1 -  1) =    -77.90193  eV     1   --> A              
     e(  2 -  2) =    -49.11411  eV     1   --> A              
     e(  3 -  3) =    -49.08094  eV     1   --> A              
     e(  4 -  4) =    -49.07520  eV     1   --> A              
     e(  5 -  5) =    -25.07271  eV     1   --> A              
     e(  6 -  6) =    -25.00199  eV     1   --> A              
     e(  7 -  7) =    -22.20669  eV     1   --> A              
     e(  8 -  8) =    -20.83341  eV     1   --> A              
     e(  9 -  9) =    -14.44725  eV     1   --> A              
     e( 10 - 10) =    -11.89271  eV     1   --> A              
     e( 11 - 11) =     -9.89489  eV     1   --> A              
     e( 12 - 12) =     -9.32814  eV     1   --> A              
     e( 13 - 13) =     -9.29884  eV     1   --> A              
     e( 14 - 14) =     -9.22732  eV     1   --> A              
     e( 15 - 15) =     -9.16415  eV     1   --> A              
     e( 16 - 16) =     -8.98995  eV     1   --> A              
     e( 17 - 17) =     -8.89155  eV     1   --> A              
     e( 18 - 18) =     -7.95475  eV     1   --> A              
     e( 19 - 19) =     -7.65845  eV     1   --> A              
     e( 20 - 20) =     -7.57919  eV     1   --> A              
     e( 21 - 21) =     -5.63656  eV     1   --> A              
     e( 22 - 22) =     -3.26000  eV     1   --> A              
     e( 23 - 23) =     -3.18668  eV     1   --> A              
     e( 24 - 24) =     -3.15066  eV     1   --> A              
     e( 25 - 25) =     -3.11632  eV     1   --> A              
     e( 26 - 26) =     -0.24228  eV     1   --> A              
     e( 27 - 27) =      0.08022  eV     1   --> A              
     e( 28 - 28) =      2.30058  eV     1   --> A              
     e( 29 - 29) =      2.32683  eV     1   --> A              
     e( 30 - 30) =      2.56353  eV     1   --> A              
     e( 31 - 31) =      3.48941  eV     1   --> A              
     e( 32 - 32) =      3.68089  eV     1   --> A              
     e( 33 - 33) =      3.94929  eV     1   --> A              
     e( 34 - 34) =      3.98596  eV     1   --> A              
     e( 35 - 35) =      4.12024  eV     1   --> A              

 **************************************************************************

 **************************************************************************

                    xk=(   0.04000,   0.02309,   0.00000  )

     Band symmetry, C_1 (1)     point group:

     e(  1 -  1) =    -77.90214  eV     1   --> A              
     e(  2 -  2) =    -49.11440  eV     1   --> A              
     e(  3 -  3) =    -49.07939  eV     1   --> A              
     e(  4 -  4) =    -49.07485  eV     1   --> A              
     e(  5 -  5) =    -25.08069  eV     1   --> A              
     e(  6 -  6) =    -25.00984  eV     1   --> A              
     e(  7 -  7) =    -22.21322  eV     1   --> A              
     e(  8 -  8) =    -20.83709  eV     1   --> A              
     e(  9 -  9) =    -14.45418  eV     1   --> A              
     e( 10 - 10) =    -11.89594  eV     1   --> A              
     e( 11 - 11) =     -9.89219  eV     1   --> A              
     e( 12 - 12) =     -9.29754  eV     1   --> A              
     e( 13 - 13) =     -9.26860  eV     1   --> A              
     e( 14 - 14) =     -9.22144  eV     1   --> A              
     e( 15 - 15) =     -9.15608  eV     1   --> A              
     e( 16 - 16) =     -8.97359  eV     1   --> A              
     e( 17 - 17) =     -8.89544  eV     1   --> A              
     e( 18 - 18) =     -7.94513  eV     1   --> A              
     e( 19 - 19) =     -7.64980  eV     1   --> A              
     e( 20 - 20) =     -7.58546  eV     1   --> A              
     e( 21 - 21) =     -5.63198  eV     1   --> A              
     e( 22 - 22) =     -3.25285  eV     1   --> A              
     e( 23 - 23) =     -3.19419  eV     1   --> A              
     e( 24 - 24) =     -3.13919  eV     1   --> A              
     e( 25 - 25) =     -3.11156  eV     1   --> A              
     e( 26 - 26) =     -0.26373  eV     1   --> A              
     e( 27 - 27) =      0.06207  eV     1   --> A              
     e( 28 - 28) =      2.29265  eV     1   --> A              
     e( 29 - 29) =      2.31867  eV     1   --> A              
     e( 30 - 30) =      2.54317  eV     1   --> A              
     e( 31 - 31) =      3.52736  eV     1   --> A              
     e( 32 - 32) =      3.71773  eV     1   --> A              
     e( 33 - 33) =      3.92970  eV     1   --> A              
     e( 34 - 34) =      3.96634  eV     1   --> A              
     e( 35 - 35) =      4.08902  eV     1   --> A              

 **************************************************************************

 **************************************************************************

                    xk=(   0.03500,   0.02021,   0.00000  )

     Band symmetry, C_1 (1)     point group:

     e(  1 -  1) =    -77.90233  eV     1   --> A              
     e(  2 -  2) =    -49.11465  eV     1   --> A              
     e(  3 -  3) =    -49.07802  eV     1   --> A              
     e(  4 -  4) =    -49.07455  eV     1   --> A              
     e(  5 -  5) =    -25.08773  eV     1   --> A              
     e(  6 -  6) =    -25.01677  eV     1   --> A              
     e(  7 -  7) =    -22.21898  eV     1   --> A              
     e(  8 -  8) =    -20.84035  eV     1   --> A              
     e(  9 -  9) =    -14.46032  eV     1   --> A              
     e( 10 - 10) =    -11.89880  eV     1   --> A              
     e( 11 - 11) =     -9.89038  eV     1   --> A              
     e( 12 - 12) =     -9.27334  eV     1   --> A              
     e( 13 - 13) =     -9.23801  eV     1   --> A              
     e( 14 - 14) =     -9.21632  eV     1   --> A              
     e( 15 - 15) =     -9.14892  eV     1   --> A              
     e( 16 - 16) =     -8.95887  eV     1   --> A              
     e( 17 - 17) =     -8.89877  eV     1   --> A              
     e( 18 - 18) =     -7.93639  eV     1   --> A              
     e( 19 - 19) =     -7.64212  eV     1   --> A              
     e( 20 - 20) =     -7.59163  eV     1   --> A              
     e( 21 - 21) =     -5.62803  eV     1   --> A              
     e( 22 - 22) =     -3.24633  eV     1   --> A              
     e( 23 - 23) =     -3.20100  eV     1   --> A              
     e( 24 - 24) =     -3.12876  eV     1   --> A              
     e( 25 - 25) =     -3.10721  eV     1   --> A              
     e( 26 - 26) =     -0.28307  eV     1   --> A              
     e( 27 - 27) =      0.04571  eV     1   --> A              
     e( 28 - 28) =      2.28516  eV     1   --> A              
     e( 29 - 29) =      2.31104  eV     1   --> A              
     e( 30 - 30) =      2.52519  eV     1   --> A              
     e( 31 - 31) =      3.56513  eV     1   --> A              
     e( 32 - 32) =      3.75233  eV     1   --> A              
     e( 33 - 33) =      3.91234  eV     1   --> A              
     e( 34 - 34) =      3.94897  eV     1   --> A              
     e( 35 - 35) =      4.05781  eV     1   --> A              

 **************************************************************************

 **************************************************************************

                    xk=(   0.03000,   0.01732,   0.00000  )

     Band symmetry, C_1 (1)     point group:

     e(  1 -  1) =    -77.90250  eV     1   --> A              
     e(  2 -  2) =    -49.11487  eV     1   --> A              
     e(  3 -  3) =    -49.07684  eV     1   --> A              
     e(  4 -  4) =    -49.07428  eV     1   --> A              
     e(  5 -  5) =    -25.09384  eV     1   --> A              
     e(  6 -  6) =    -25.02277  eV     1   --> A              
     e(  7 -  7) =    -22.22399  eV     1   --> A              
     e(  8 -  8) =    -20.84318  eV     1   --> A              
     e(  9 -  9) =    -14.46565  eV     1   --> A              
     e( 10 - 10) =    -11.90129  eV     1   --> A              
     e( 11 - 11) =     -9.88920  eV     1   --> A              
     e( 12 - 12) =     -9.25354  eV     1   --> A              
     e( 13 - 13) =     -9.21195  eV     1   --> A              
     e( 14 - 14) =     -9.20950  eV     1   --> A              
     e( 15 - 15) =     -9.14268  eV     1   --> A              
     e( 16 - 16) =     -8.94588  eV     1   --> A              
     e( 17 - 17) =     -8.90157  eV     1   --> A              
     e( 18 - 18) =     -7.92860  eV     1   --> A              
     e( 19 - 19) =     -7.63542  eV     1   --> A              
     e( 20 - 20) =     -7.59753  eV     1   --> A              
     e( 21 - 21) =     -5.62469  eV     1   --> A              
     e( 22 - 22) =     -3.24051  eV     1   --> A              
     e( 23 - 23) =     -3.20700  eV     1   --> A              
     e( 24 - 24) =     -3.11948  eV     1   --> A              
     e( 25 - 25) =     -3.10337  eV     1   --> A              
     e( 26 - 26) =     -0.30015  eV     1   --> A              
     e( 27 - 27) =      0.03126  eV     1   --> A              
     e( 28 - 28) =      2.27831  eV     1   --> A              
     e( 29 - 29) =      2.30409  eV     1   --> A              
     e( 30 - 30) =      2.50963  eV     1   --> A              
     e( 31 - 31) =      3.60250  eV     1   --> A              
     e( 32 - 32) =      3.78405  eV     1   --> A              
     e( 33 - 33) =      3.89725  eV     1   --> A              
     e( 34 - 34) =      3.93386  eV     1   --> A              
     e( 35 - 35) =      4.02661  eV     1   --> A              

 **************************************************************************

 **************************************************************************

                    xk=(   0.02500,   0.01443,   0.00000  )

     Band symmetry, C_1 (1)     point group:

     e(  1 -  1) =    -77.90264  eV     1   --> A              
     e(  2 -  2) =    -49.11506  eV     1   --> A              
     e(  3 -  3) =    -49.07583  eV     1   --> A              
     e(  4 -  4) =    -49.07406  eV     1   --> A              
     e(  5 -  5) =    -25.09901  eV     1   --> A              
     e(  6 -  6) =    -25.02786  eV     1   --> A              
     e(  7 -  7) =    -22.22823  eV     1   --> A              
     e(  8 -  8) =    -20.84557  eV     1   --> A              
     e(  9 -  9) =    -14.47017  eV     1   --> A              
     e( 10 - 10) =    -11.90341  eV     1   --> A              
     e( 11 - 11) =     -9.88848  eV     1   --> A              
     e( 12 - 12) =     -9.23713  eV     1   --> A              
     e( 13 - 13) =     -9.20831  eV     1   --> A              
     e( 14 - 14) =     -9.18444  eV     1   --> A              
     e( 15 - 15) =     -9.13739  eV     1   --> A              
     e( 16 - 16) =     -8.93472  eV     1   --> A              
     e( 17 - 17) =     -8.90387  eV     1   --> A              
     e( 18 - 18) =     -7.92183  eV     1   --> A              
     e( 19 - 19) =     -7.62972  eV     1   --> A              
     e( 20 - 20) =     -7.60295  eV     1   --> A              
     e( 21 - 21) =     -5.62193  eV     1   --> A              
     e( 22 - 22) =     -3.23546  eV     1   --> A              
     e( 23 - 23) =     -3.21215  eV     1   --> A              
     e( 24 - 24) =     -3.11146  eV     1   --> A              
     e( 25 - 25) =     -3.10007  eV     1   --> A              
     e( 26 - 26) =     -0.31485  eV     1   --> A              
     e( 27 - 27) =      0.01883  eV     1   --> A              
     e( 28 - 28) =      2.27224  eV     1   --> A              
     e( 29 - 29) =      2.29796  eV     1   --> A              
     e( 30 - 30) =      2.49650  eV     1   --> A              
     e( 31 - 31) =      3.63927  eV     1   --> A              
     e( 32 - 32) =      3.81223  eV     1   --> A              
     e( 33 - 33) =      3.88444  eV     1   --> A              
     e( 34 - 34) =      3.92105  eV     1   --> A              
     e( 35 - 35) =      3.99548  eV     1   --> A              

 **************************************************************************

 **************************************************************************

                    xk=(   0.02000,   0.01155,   0.00000  )

     Band symmetry, C_1 (1)     point group:

     e(  1 -  1) =    -77.90275  eV     1   --> A              
     e(  2 -  2) =    -49.11522  eV     1   --> A              
     e(  3 -  3) =    -49.07500  eV     1   --> A              
     e(  4 -  4) =    -49.07387  eV     1   --> A              
     e(  5 -  5) =    -25.10324  eV     1   --> A              
     e(  6 -  6) =    -25.03202  eV     1   --> A              
     e(  7 -  7) =    -22.23170  eV     1   --> A              
     e(  8 -  8) =    -20.84754  eV     1   --> A              
     e(  9 -  9) =    -14.47387  eV     1   --> A              
     e( 10 - 10) =    -11.90514  eV     1   --> A              
     e( 11 - 11) =     -9.88806  eV     1   --> A              
     e( 12 - 12) =     -9.22380  eV     1   --> A              
     e( 13 - 13) =     -9.20537  eV     1   --> A              
     e( 14 - 14) =     -9.16344  eV     1   --> A              
     e( 15 - 15) =     -9.13304  eV     1   --> A              
     e( 16 - 16) =     -8.92547  eV     1   --> A              
     e( 17 - 17) =     -8.90571  eV     1   --> A              
     e( 18 - 18) =     -7.91615  eV     1   --> A              
     e( 19 - 19) =     -7.62505  eV     1   --> A              
     e( 20 - 20) =     -7.60771  eV     1   --> A              
     e( 21 - 21) =     -5.61971  eV     1   --> A              
     e( 22 - 22) =     -3.23124  eV     1   --> A              
     e( 23 - 23) =     -3.21640  eV     1   --> A              
     e( 24 - 24) =     -3.10476  eV     1   --> A              
     e( 25 - 25) =     -3.09735  eV     1   --> A              
     e( 26 - 26) =     -0.32704  eV     1   --> A              
     e( 27 - 27) =      0.00853  eV     1   --> A              
     e( 28 - 28) =      2.26709  eV     1   --> A              
     e( 29 - 29) =      2.29278  eV     1   --> A              
     e( 30 - 30) =      2.48581  eV     1   --> A              
     e( 31 - 31) =      3.67519  eV     1   --> A              
     e( 32 - 32) =      3.83614  eV     1   --> A              
     e( 33 - 33) =      3.87393  eV     1   --> A              
     e( 34 - 34) =      3.91055  eV     1   --> A              
     e( 35 - 35) =      3.96462  eV     1   --> A              

 **************************************************************************

 **************************************************************************

                    xk=(   0.01500,   0.00866,   0.00000  )

     Band symmetry, C_1 (1)     point group:

     e(  1 -  1) =    -77.90284  eV     1   --> A              
     e(  2 -  2) =    -49.11534  eV     1   --> A              
     e(  3 -  3) =    -49.07436  eV     1   --> A              
     e(  4 -  4) =    -49.07373  eV     1   --> A              
     e(  5 -  5) =    -25.10653  eV     1   --> A              
     e(  6 -  6) =    -25.03526  eV     1   --> A              
     e(  7 -  7) =    -22.23441  eV     1   --> A              
     e(  8 -  8) =    -20.84906  eV     1   --> A              
     e(  9 -  9) =    -14.47676  eV     1   --> A              
     e( 10 - 10) =    -11.90649  eV     1   --> A              
     e( 11 - 11) =     -9.88784  eV     1   --> A              
     e( 12 - 12) =     -9.21346  eV     1   --> A              
     e( 13 - 13) =     -9.20311  eV     1   --> A              
     e( 14 - 14) =     -9.14683  eV     1   --> A              
     e( 15 - 15) =     -9.12966  eV     1   --> A              
     e( 16 - 16) =     -8.91820  eV     1   --> A              
     e( 17 - 17) =     -8.90711  eV     1   --> A              
     e( 18 - 18) =     -7.91163  eV     1   --> A              
     e( 19 - 19) =     -7.62140  eV     1   --> A              
     e( 20 - 20) =     -7.61164  eV     1   --> A              
     e( 21 - 21) =     -5.61801  eV     1   --> A              
     e( 22 - 22) =     -3.22792  eV     1   --> A              
     e( 23 - 23) =     -3.21972  eV     1   --> A              
     e( 24 - 24) =     -3.09948  eV     1   --> A              
     e( 25 - 25) =     -3.09522  eV     1   --> A              
     e( 26 - 26) =     -0.33662  eV     1   --> A              
     e( 27 - 27) =      0.00043  eV     1   --> A              
     e( 28 - 28) =      2.26296  eV     1   --> A              
     e( 29 - 29) =      2.28864  eV     1   --> A              
     e( 30 - 30) =      2.47752  eV     1   --> A              
     e( 31 - 31) =      3.70989  eV     1   --> A              
     e( 32 - 32) =      3.85486  eV     1   --> A              
     e( 33 - 33) =      3.86575  eV     1   --> A              
     e( 34 - 34) =      3.90236  eV     1   --> A              
     e( 35 - 35) =      3.93461  eV     1   --> A              

 **************************************************************************

 **************************************************************************

                    xk=(   0.01000,   0.00577,   0.00000  )

     Band symmetry, C_1 (1)     point group:

     e(  1 -  1) =    -77.90290  eV     1   --> A              
     e(  2 -  2) =    -49.11542  eV     1   --> A              
     e(  3 -  3) =    -49.07390  eV     1   --> A              
     e(  4 -  4) =    -49.07362  eV     1   --> A              
     e(  5 -  5) =    -25.10888  eV     1   --> A              
     e(  6 -  6) =    -25.03758  eV     1   --> A              
     e(  7 -  7) =    -22.23634  eV     1   --> A              
     e(  8 -  8) =    -20.85016  eV     1   --> A              
     e(  9 -  9) =    -14.47883  eV     1   --> A              
     e( 10 - 10) =    -11.90746  eV     1   --> A              
     e( 11 - 11) =     -9.88773  eV     1   --> A              
     e( 12 - 12) =     -9.20607  eV     1   --> A              
     e( 13 - 13) =     -9.20151  eV     1   --> A              
     e( 14 - 14) =     -9.13484  eV     1   --> A              
     e( 15 - 15) =     -9.12723  eV     1   --> A              
     e( 16 - 16) =     -8.91296  eV     1   --> A              
     e( 17 - 17) =     -8.90809  eV     1   --> A              
     e( 18 - 18) =     -7.90834  eV     1   --> A              
     e( 19 - 19) =     -7.61879  eV     1   --> A              
     e( 20 - 20) =     -7.61456  eV     1   --> A              
     e( 21 - 21) =     -5.61681  eV     1   --> A              
     e( 22 - 22) =     -3.22554  eV     1   --> A              
     e( 23 - 23) =     -3.22207  eV     1   --> A              
     e( 24 - 24) =     -3.09566  eV     1   --> A              
     e( 25 - 25) =     -3.09369  eV     1   --> A              
     e( 26 - 26) =     -0.34353  eV     1   --> A              
     e( 27 - 27) =     -0.00540  eV     1   --> A              
     e( 28 - 28) =      2.25995  eV     1   --> A              
     e( 29 - 29) =      2.28562  eV     1   --> A              
     e( 30 - 30) =      2.47163  eV     1   --> A              
     e( 31 - 31) =      3.74253  eV     1   --> A              
     e( 32 - 32) =      3.85989  eV     1   --> A              
     e( 33 - 33) =      3.86630  eV     1   --> A              
     e( 34 - 34) =      3.89651  eV     1   --> A              
     e( 35 - 35) =      3.90775  eV     1   --> A              

 **************************************************************************

 **************************************************************************

                    xk=(   0.00500,   0.00289,   0.00000  )

     Band symmetry, C_1 (1)     point group:

     e(  1 -  1) =    -77.90294  eV     1   --> A              
     e(  2 -  2) =    -49.11547  eV     1   --> A              
     e(  3 -  4) =    -49.07362  eV     2   -->   2 A              
     e(  5 -  5) =    -25.11029  eV     1   --> A              
     e(  6 -  6) =    -25.03897  eV     1   --> A              
     e(  7 -  7) =    -22.23750  eV     1   --> A              
     e(  8 -  8) =    -20.85081  eV     1   --> A              
     e(  9 -  9) =    -14.48007  eV     1   --> A              
     e( 10 - 10) =    -11.90804  eV     1   --> A              
     e( 11 - 11) =     -9.88769  eV     1   --> A              
     e( 12 - 12) =     -9.20164  eV     1   --> A              
     e( 13 - 13) =     -9.20055  eV     1   --> A              
     e( 14 - 14) =     -9.12760  eV     1   --> A              
     e( 15 - 15) =     -9.12577  eV     1   --> A              
     e( 16 - 16) =     -8.90981  eV     1   --> A              
     e( 17 - 17) =     -8.90866  eV     1   --> A              
     e( 18 - 18) =     -7.90634  eV     1   --> A              
     e( 19 - 19) =     -7.61730  eV     1   --> A              
     e( 20 - 20) =     -7.61631  eV     1   --> A              
     e( 21 - 21) =     -5.61609  eV     1   --> A              
     e( 22 - 22) =     -3.22430  eV     1   --> A              
     e( 23 - 23) =     -3.22330  eV     1   --> A              
     e( 24 - 24) =     -3.09336  eV     1   --> A              
     e( 25 - 25) =     -3.09276  eV     1   --> A              
     e( 26 - 26) =     -0.34770  eV     1   --> A              
     e( 27 - 27) =     -0.00892  eV     1   --> A              
     e( 28 - 28) =      2.25811  eV     1   --> A              
     e( 29 - 29) =      2.28379  eV     1   --> A              
     e( 30 - 30) =      2.46810  eV     1   --> A              
     e( 31 - 31) =      3.77042  eV     1   --> A              
     e( 32 - 32) =      3.85637  eV     1   --> A              
     e( 33 - 33) =      3.86341  eV     1   --> A              
     e( 34 - 34) =      3.89298  eV     1   --> A              
     e( 35 - 35) =      3.89330  eV     1   --> A              

 **************************************************************************

 **************************************************************************

                    xk=(   0.00000,   0.00000,   0.00000  )

     Band symmetry, C_1 (1)     point group:

     e(  1 -  1) =    -77.90295  eV     1   --> A              
     e(  2 -  2) =    -49.11549  eV     1   --> A              
     e(  3 -  4) =    -49.07355  eV     2   -->   2 A              
     e(  5 -  5) =    -25.11076  eV     1   --> A              
     e(  6 -  6) =    -25.03943  eV     1   --> A              
     e(  7 -  7) =    -22.23789  eV     1   --> A              
     e(  8 -  8) =    -20.85103  eV     1   --> A              
     e(  9 -  9) =    -14.48048  eV     1   --> A              
     e( 10 - 10) =    -11.90823  eV     1   --> A              
     e( 11 - 11) =     -9.88768  eV     1   --> A              
     e( 12 - 12) =     -9.20028  eV     1   --> A              
     e( 13 - 13) =     -9.20013  eV     1   --> A              
     e( 14 - 14) =     -9.12535  eV     1   --> A              
     e( 15 - 15) =     -9.12512  eV     1   --> A              
     e( 16 - 16) =     -8.90893  eV     1   --> A              
     e( 17 - 17) =     -8.90869  eV     1   --> A              
     e( 18 - 18) =     -7.90567  eV     1   --> A              
     e( 19 - 19) =     -7.61718  eV     1   --> A              
     e( 20 - 20) =     -7.61652  eV     1   --> A              
     e( 21 - 21) =     -5.61586  eV     1   --> A              
     e( 22 - 22) =     -3.22432  eV     1   --> A              
     e( 23 - 23) =     -3.22328  eV     1   --> A              
     e( 24 - 24) =     -3.09263  eV     1   --> A              
     e( 25 - 25) =     -3.09242  eV     1   --> A              
     e( 26 - 26) =     -0.34909  eV     1   --> A              
     e( 27 - 27) =     -0.01010  eV     1   --> A              
     e( 28 - 28) =      2.25750  eV     1   --> A              
     e( 29 - 29) =      2.28317  eV     1   --> A              
     e( 30 - 30) =      2.46692  eV     1   --> A              
     e( 31 - 31) =      3.78372  eV     1   --> A              
     e( 32 - 32) =      3.85500  eV     1   --> A              
     e( 33 - 33) =      3.85527  eV     1   --> A              
     e( 34 - 34) =      3.89179  eV     1   --> A              
     e( 35 - 35) =      3.89190  eV     1   --> A              

 **************************************************************************
 
     BANDS        :     58.87s CPU   1m23.73s WALL

 
   This run was terminated on:   2:34:48  13Mar2026            

=------------------------------------------------------------------------------=
   JOB DONE.
=------------------------------------------------------------------------------=
